global_signal	global_signal_derivative1	global_signal_derivative1_power2	global_signal_power2	csf	csf_derivative1	csf_power2	csf_derivative1_power2	white_matter	white_matter_derivative1	white_matter_power2	white_matter_derivative1_power2	csf_wm	tcompcor	std_dvars	dvars	framewise_displacement	rmsd	t_comp_cor_00	t_comp_cor_01	t_comp_cor_02	t_comp_cor_03	t_comp_cor_04	c_comp_cor_00	c_comp_cor_01	c_comp_cor_02	c_comp_cor_03	c_comp_cor_04	c_comp_cor_05	c_comp_cor_06	w_comp_cor_00	w_comp_cor_01	w_comp_cor_02	w_comp_cor_03	w_comp_cor_04	w_comp_cor_05	w_comp_cor_06	w_comp_cor_07	w_comp_cor_08	a_comp_cor_00	a_comp_cor_01	a_comp_cor_02	a_comp_cor_03	a_comp_cor_04	a_comp_cor_05	a_comp_cor_06	a_comp_cor_07	a_comp_cor_08	a_comp_cor_09	edge_comp_00	edge_comp_01	edge_comp_02	edge_comp_03	edge_comp_04	edge_comp_05	edge_comp_06	edge_comp_07	edge_comp_08	edge_comp_09	edge_comp_10	edge_comp_11	edge_comp_12	edge_comp_13	edge_comp_14	edge_comp_15	edge_comp_16	edge_comp_17	edge_comp_18	edge_comp_19	edge_comp_20	edge_comp_21	edge_comp_22	edge_comp_23	cosine00	cosine01	cosine02	cosine03	trans_x	trans_x_derivative1	trans_x_power2	trans_x_derivative1_power2	trans_y	trans_y_derivative1	trans_y_derivative1_power2	trans_y_power2	trans_z	trans_z_derivative1	trans_z_power2	trans_z_derivative1_power2	rot_x	rot_x_derivative1	rot_x_power2	rot_x_derivative1_power2	rot_y	rot_y_derivative1	rot_y_derivative1_power2	rot_y_power2	rot_z	rot_z_derivative1	rot_z_derivative1_power2	rot_z_power2	motion_outlier00	motion_outlier01	motion_outlier02	motion_outlier03	motion_outlier04	motion_outlier05	motion_outlier06	motion_outlier07	motion_outlier08	motion_outlier09	motion_outlier10	motion_outlier11	motion_outlier12	motion_outlier13	motion_outlier14	motion_outlier15	motion_outlier16	motion_outlier17	motion_outlier18	motion_outlier19	motion_outlier20	motion_outlier21	motion_outlier22	motion_outlier23	motion_outlier24	motion_outlier25	motion_outlier26	motion_outlier27	motion_outlier28	motion_outlier29	motion_outlier30	motion_outlier31	motion_outlier32	motion_outlier33	motion_outlier34	motion_outlier35	motion_outlier36	motion_outlier37	motion_outlier38	motion_outlier39	motion_outlier40	motion_outlier41	motion_outlier42	motion_outlier43	motion_outlier44	motion_outlier45	motion_outlier46	motion_outlier47	motion_outlier48	motion_outlier49
921.2382048556216	n/a	n/a	848679.8300856082	1105.3204536271408	n/a	1221733.305206508	n/a	861.2616020485207	n/a	741771.5471631844	n/a	898.6484174063431	729.6907706596002	n/a	n/a	n/a	n/a	-0.0797224742	-0.0420496564	0.0867422877	-0.0576189927	0.1522605494	0.1154789255	-0.1477371614	0.1326146661	-0.1200449506	0.0490388116	-0.0773599466	0.0361888982	0.0226298855	-0.0871904284	0.0182176951	-0.1475830174	0.1660858996	-0.0293031603	0.054564934	-0.0056559963	0.0181218956	-0.092404675	0.0514431096	-0.0740399967	0.0011330534	-0.1331975986	0.142652314	-0.0513026243	0.1118040822	-0.0509673398	0.1599880767	-0.0885655694	0.0512859499	-0.0938038246	0.0004269349	-0.2248791864	0.0704751208	-0.2220194357	0.0946623517	-0.057325771	0.2915214029	-0.2488064509	0.011992349	-0.0798016333	0.0222328254	-0.1255905274	0.0249460074	0.1252600309	-0.0420221291	0.104864207	-0.232858565	0.0145349964	-0.0965864293	0.0147164041	-0.1810534549	0.1290883846	0.1290552057	0.1289999139	0.1289225186	0.5355902526026881	n/a	0.2868569186830113	n/a	-1.1484338505157865	n/a	n/a	1.3189003090105158	-2.768119989057368	n/a	7.662488273818963	n/a	0.0059153427050838	n/a	3.499127931858813e-05	n/a	0.001235248601122	n/a	n/a	1.525839106573858e-06	0.0019398626187296	n/a	n/a	3.7630669795444615e-06	0.0	0.0	0.0	0.0	0.0	0.0	0.0	0.0	0.0	0.0	0.0	0.0	0.0	0.0	0.0	0.0	0.0	0.0	0.0	0.0	0.0	0.0	0.0	0.0	0.0	0.0	0.0	0.0	0.0	0.0	0.0	0.0	0.0	0.0	0.0	0.0	0.0	0.0	0.0	0.0	0.0	0.0	0.0	0.0	0.0	0.0	0.0	0.0	0.0	0.0
927.0959430707412	5.857738215119639	34.313096996873014	859506.887658227	1097.6952830485382	-7.625170578602592	1204934.9344270104	58.14322635278659	861.1230500774619	-0.1385519710587459	741532.907374711	0.0191966486842635	898.8782094633906	725.8440284399367	1.429174	55.04755	0.6028740549402105	0.3242280237366953	-0.0872420229	-0.0008766379	0.1090302581	-0.0689297611	0.1049178777	0.0709218118	-0.0338533826	-0.0181049635	-0.0169624653	-0.0216832071	-0.1274536957	0.0446425575	0.0276197412	-0.0846052719	0.0011465763	-0.1783149662	0.0785718891	-0.0117033814	0.0291425923	-0.0871736778	0.0741086317	-0.0838363076	0.0687041379	-0.0330332293	0.0433294554	-0.1350191383	0.1115885297	-0.0369940082	0.0600051534	0.086223857	0.0278507437	-0.1099952132	0.0829742707	-0.1036407422	0.0103453653	-0.2026103194	0.0570418258	-0.0905932951	0.003256095	0.0701273575	0.06058154	-0.1902619738	-0.204130484	0.0717080432	0.006407862	0.0497499424	0.0340881221	0.3587534313	-0.0249498739	0.0690235077	-0.1210568088	0.1062446683	0.0333415666	0.0206629877	0.0461950918	0.1289999139	0.1287014744	0.1282045865	0.1275100165	0.5096560387965212	-0.0259342138061668	0.2597492778817611	0.0006725834457439	-0.9428319940301576	0.2056018564856289	0.0422721233903371	0.8889321689668831	-2.5350702147235182	0.2330497743338497	6.426580993578344	0.0543121973170583	0.0038899376583476	-0.0020254050467362	1.513161498583081e-05	4.102265603344469e-06	0.0005719264340029	-0.0006633221671191	4.399962973915794e-07	3.270998459112735e-07	0.0020168996111656	7.703699243599986e-05	5.9346982035843e-09	4.0678840415199474e-06	1.0	0.0	0.0	0.0	0.0	0.0	0.0	0.0	0.0	0.0	0.0	0.0	0.0	0.0	0.0	0.0	0.0	0.0	0.0	0.0	0.0	0.0	0.0	0.0	0.0	0.0	0.0	0.0	0.0	0.0	0.0	0.0	0.0	0.0	0.0	0.0	0.0	0.0	0.0	0.0	0.0	0.0	0.0	0.0	0.0	0.0	0.0	0.0	0.0	0.0
923.7723938879668	-3.3235491827744	11.04597917032038	853355.4357095049	1098.3858793167049	0.6905962681667006	1206451.539882331	0.4769232056057734	855.5158492665232	-5.607200810938707	731907.3683462205	31.440700934191693	892.5807173510937	736.0078478643807	0.960752	37.005318	0.8068237814680538	0.4637344591547812	-0.1043737723	0.0570622387	0.1325129905	-0.0677397502	0.1014354638	0.1183310941	-0.0350283675	0.0048950582	0.0611282184	0.0236657112	-0.0677479725	0.0303752053	-0.0425363111	-0.0417124553	-0.0962321433	-0.2215497222	0.0773601558	-0.0350811745	-0.011101883	-0.0463015239	0.0075617314	-0.0959226803	0.0227194523	0.0736702296	0.10091771	-0.1624993866	0.1321310476	-0.0447367651	0.0834280833	0.013281765	0.0069452214	-0.1098735083	0.1110007286	-0.1272620347	0.0165004308	-0.1572539698	0.0261878904	-0.0131221312	0.0433102804	-0.0280869944	0.1175454449	-0.1561302607	-0.0691972198	-0.0580611894	0.050724074	-0.1694449346	-0.0712338377	-0.0557279253	0.0557035724	0.0401686051	-0.0936128645	-0.0036972501	-0.0823044265	0.0734979161	0.0222075405	0.1288230331	0.1279949812	0.1266188352	0.124700488	0.4768538288568607	-0.0328022099396605	0.2273895740954481	0.0010759849769255	-0.7953288193832151	0.1475031746469425	0.0217571865309264	0.6325479309414987	-2.1224690157347226	0.4126011989887956	4.504874722753922	0.1702397494069917	0.001091770610464	-0.0027981670478835	1.1919630658729354e-06	7.82973882786162e-06	-0.0006837737861578	-0.0012557002201607	1.5767830429116304e-06	4.6754659063657283e-07	0.0022413763009744	0.0002244766898088	5.0389784267516345e-08	5.023767722569684e-06	0.0	1.0	0.0	0.0	0.0	0.0	0.0	0.0	0.0	0.0	0.0	0.0	0.0	0.0	0.0	0.0	0.0	0.0	0.0	0.0	0.0	0.0	0.0	0.0	0.0	0.0	0.0	0.0	0.0	0.0	0.0	0.0	0.0	0.0	0.0	0.0	0.0	0.0	0.0	0.0	0.0	0.0	0.0	0.0	0.0	0.0	0.0	0.0	0.0	0.0
929.318740947206	5.546347059239224	30.76196570153159	863633.3222757003	1089.2434976236268	-9.14238169307805	1186451.397115352	83.58314302192868	860.6422525099766	5.12640324345341	740705.0868054464	26.280010214489643	895.2963618575633	739.9336747520729	1.040375	40.07214	1.0281578087147394	0.6405296914004852	-0.0824917976	0.1218064299	0.1609856445	-0.1620286936	0.018550957	0.0663364697	0.0129182892	-0.0974110171	0.203558635	0.026859649	-0.003365456	0.1535151818	0.0504153281	-0.0349721738	-0.0510502673	-0.1962658928	0.0155124145	0.0997181542	0.0065938288	0.0211167449	-0.044273796	-0.0260879466	0.0988681062	0.097149941	0.1756173462	-0.1449853787	-0.0791726808	0.0138357406	0.0042894425	0.0243427814	-0.119222513	-0.0790965197	0.1519303	-0.1709784201	-0.0408122728	-0.0392755884	-0.1000193951	0.2214871127	-0.0235677293	0.0498787462	-0.0667390058	0.1130238038	-0.0795975572	0.0534750415	0.0233191281	-0.0308866313	-0.0168562588	-0.1164190279	-0.0019528719	0.0079786539	0.08486448	0.0297895953	0.0761336834	0.119068322	0.1471320234	0.1285578634	0.1269376627	0.1242524367	0.1205247148	0.413914728206791	-0.0629391006500696	0.1713254022265016	0.0039613303906396	-0.5283502239468731	0.2669785954363419	0.0712775704211619	0.279153959144711	-1.5473894318149348	0.5750795839197878	2.3944140536925467	0.3307165278413562	-0.0011427028946952	-0.0022344735051592	1.3057699055447896e-06	4.992871845258441e-06	-0.0007631988471679	-7.942506101010001e-05	6.308340316458109e-09	5.824724803184117e-07	0.0020920642929729	-0.0001493120080015	2.229407573344001e-08	4.3767330059322006e-06	0.0	0.0	1.0	0.0	0.0	0.0	0.0	0.0	0.0	0.0	0.0	0.0	0.0	0.0	0.0	0.0	0.0	0.0	0.0	0.0	0.0	0.0	0.0	0.0	0.0	0.0	0.0	0.0	0.0	0.0	0.0	0.0	0.0	0.0	0.0	0.0	0.0	0.0	0.0	0.0	0.0	0.0	0.0	0.0	0.0	0.0	0.0	0.0	0.0	0.0
928.7420373070968	-0.5767036401092582	0.3325870885152688	862561.7718613368	1100.0029924550952	10.759494831468372	1210006.583410164	115.76672902839464	861.1552171118466	0.5129646018699532	741588.3079589516	0.2631326827715995	897.6618505816278	744.2483864211354	0.73462	28.295382	0.2311415836438025	0.1147644708043246	-0.0999855369	0.1166918286	0.1661186389	-0.1483775544	0.0498435131	0.0895683154	-0.0435674569	0.0278898944	0.156346104	0.0226703854	-0.003768994	0.0123207711	0.0540589279	-0.072568307	-0.0522232492	-0.2065500958	0.0473120941	0.0714632047	-0.0009362798	0.0184885652	-0.070389179	-0.0522842012	0.1176854745	0.0583507284	0.1625369703	-0.1184044139	0.0265453774	-0.0220870755	0.0530999137	-0.0285185318	0.0227461282	-0.0938905055	0.1509065577	-0.1601675738	-0.0305706659	-0.0729279014	-0.0677124515	0.1488776475	0.0109141476	0.0013882002	0.0026026683	-0.0240066353	-0.067806553	0.0170567472	-0.0064978138	-0.0905687948	-0.044950535	-0.1135619652	0.0562245981	-0.0053039447	0.0087563854	-0.0408629166	-0.0769205903	0.0564184338	0.1066213691	0.1282045865	0.1255324169	0.1211199807	0.1150284477	0.4353524880991841	0.0214377598923931	0.1895317888941502	0.0004595775492038	-0.6219250346024978	-0.0935748106556246	0.008756245189236	0.3867907486653181	-1.5759259014120346	-0.0285364695970997	2.4835424467413336	0.0008143300970661	-0.0007628037652109	0.0003798991294843	5.818695842199258e-07	1.44323348582929e-07	-0.0018469151824331	-0.0010837163352652	1.1744410953206352e-06	3.4110956911018917e-06	0.0023802996981971	0.0002882354052242	8.307964882475883e-08	5.665826653237207e-06	0.0	0.0	0.0	0.0	0.0	0.0	0.0	0.0	0.0	0.0	0.0	0.0	0.0	0.0	0.0	0.0	0.0	0.0	0.0	0.0	0.0	0.0	0.0	0.0	0.0	0.0	0.0	0.0	0.0	0.0	0.0	0.0	0.0	0.0	0.0	0.0	0.0	0.0	0.0	0.0	0.0	0.0	0.0	0.0	0.0	0.0	0.0	0.0	0.0	0.0
928.3743810201902	-0.3676562869065947	0.1351711453019442	861878.9913346212	1096.3326958402276	-3.670296614867538	1201945.3799683012	13.471077241108114	861.815155217677	0.6599381058304061	742725.3617628687	0.4355183035270243	899.1575677775747	728.4832325822832	0.85917	33.092674	0.3319656661466281	0.1870612621783197	-0.0931286154	0.1283170871	0.1775320738	-0.176389012	0.0089914144	0.0655789821	-0.0449700483	-0.0376690953	0.2151391526	0.0142983316	0.0633122702	0.0549304277	0.0699242753	-0.0526663066	-0.0307945902	-0.1702414367	-0.0096750197	0.0971774687	0.0242901192	0.0253541908	-0.0437427803	-0.0191048033	0.135580853	0.0644228043	0.1823017199	-0.0790094078	-0.0526637764	0.0019770227	0.0207432377	0.0091755901	-0.0137290843	-0.0783168424	0.1553203594	-0.1708914994	-0.0486599681	-0.0049576563	-0.097247878	0.2097930209	-0.0321157108	0.0478636797	-0.105935719	0.1035381413	-0.0512595805	0.0126446364	0.062633004	-0.0359026231	-0.0255026613	-0.1139578447	0.0643526057	0.0185955857	0.1032966528	-0.023380658	0.1268161601	0.0345921297	0.2149359401	0.1277634447	0.1237830955	0.1172407796	0.1082719048	0.42105376609436	-0.014298722004824	0.177286273942244	0.0002044534509712	-0.4952288271011156	0.1266962075013822	0.0160519289952333	0.2452515911919466	-1.455230502095219	0.1206953993168156	2.1176958142283038	0.0145673794162455	4.690784504722306e-05	0.0008097116102581	2.2003459269742887e-09	6.556328917868026e-07	-0.0024409480461136	-0.0005940328636804	3.528750431324554e-07	5.9582273638258015e-06	0.0023820619707306	1.7622725334998784e-06	3.1056044823280797e-12	5.67421923240095e-06	0.0	0.0	0.0	0.0	0.0	0.0	0.0	0.0	0.0	0.0	0.0	0.0	0.0	0.0	0.0	0.0	0.0	0.0	0.0	0.0	0.0	0.0	0.0	0.0	0.0	0.0	0.0	0.0	0.0	0.0	0.0	0.0	0.0	0.0	0.0	0.0	0.0	0.0	0.0	0.0	0.0	0.0	0.0	0.0	0.0	0.0	0.0	0.0	0.0	0.0
916.802806490571	-11.57157452961917	133.9013370945311	840527.3859889874	1081.844526599068	-14.48816924115954	1170387.5797323617	209.90704796048135	857.5763031759379	-4.238852041739051	735437.1157689082	17.96786663175532	892.4417900900239	702.2036746717607	1.250006	48.146523	1.1193136511602182	0.6458194475570237	-0.0212604682	0.0805728873	0.1125081069	-0.1504413401	-0.1504043125	-0.0060071085	0.0747848723	0.0145393947	0.1603063004	0.04374824	0.0368863451	0.1628599905	-0.0141916602	0.0066350615	-0.0200068001	-0.1104416008	-0.1563186208	0.1226321255	0.0100645773	0.2145782066	-0.0518801594	0.0392594666	0.0093475262	0.089697158	0.2192137203	0.0642946099	-0.0914460579	0.1156825092	-0.0996446723	-0.1084770782	-0.1049194409	-0.0078363917	0.1015946732	-0.1433971956	-0.1030451535	0.106140341	-0.1160776912	0.1271993836	0.037157267	-0.0878117584	-0.0718198816	0.136848071	0.134936639	-0.1102838802	0.0861908341	0.0588031657	-0.0661376179	-0.1043906588	-0.2627589798	0.1086918059	0.155562002	-0.2877712062	0.2331004526	-0.210280768	-0.0387658957	0.1272347401	0.1216944932	0.1126387502	0.1003291122	0.3839165250076775	-0.0371372410866825	0.1473918981739706	0.0013791746755303	-0.1449459596803421	0.3502828674207735	0.1226980872085192	0.0210093312276553	-0.9433960493307508	0.5118344527644682	0.8899961058928685	0.2619745070367025	0.0006252166783752	0.0005783088333279	3.908958949185183e-07	3.3444110670516584e-07	-0.0048368419754258	-0.0023958939293121	5.740307720515052e-06	2.3395040295240952e-05	0.0038090410058563	0.0014269790351256	2.036269166688273e-06	1.4508793384294772e-05	0.0	0.0	0.0	1.0	0.0	0.0	0.0	0.0	0.0	0.0	0.0	0.0	0.0	0.0	0.0	0.0	0.0	0.0	0.0	0.0	0.0	0.0	0.0	0.0	0.0	0.0	0.0	0.0	0.0	0.0	0.0	0.0	0.0	0.0	0.0	0.0	0.0	0.0	0.0	0.0	0.0	0.0	0.0	0.0	0.0	0.0	0.0	0.0	0.0	0.0
921.0606902009736	4.257883710402552	18.129573691311407	848352.7950334938	1066.3802156406718	-15.464310958396254	1137166.764309846	239.1449134179745	854.0669271210094	-3.509376054928566	729430.3160019235	12.315720294905988	887.3727103466496	712.767112276125	1.601404	61.681313	2.405327108641472	1.2193959235717342	0.0794592693	-0.0544649101	-0.0922462147	-0.1260345437	-0.1428560637	-0.1272038206	0.0621920108	0.0961917097	-0.1583308965	0.0720708212	0.2482780063	-0.0216050637	-0.0515455146	0.1164540805	0.0227445698	-0.0278900726	-0.3101890774	-0.2301289359	-0.1027770589	-0.0431361281	-0.010820536	0.1104582914	-0.0906287861	0.0271356647	0.0963089296	0.2696092748	0.1844497079	-0.0737412743	-0.1578174054	-0.096942511	-0.0087352342	0.0822392563	-0.0225520032	-0.0100824495	-0.1723532942	0.0622827671	0.055575276	-0.0986987881	-0.0047365303	-0.0419209557	-0.0484620587	-0.0102398338	0.0513471165	-0.0072147261	-0.0605511287	0.1346956249	-0.0025776638	0.1076749925	-0.2676266247	-0.1627646529	0.175825489	-0.16716133	-0.1563338219	-0.3343874529	-0.2415101366	0.1266188352	0.1192723348	0.1073422654	0.0912870929	0.235074019074986	-0.1488425059326914	0.0552597944440668	0.0221540915723232	0.2036952597570689	0.348641219437411	0.1215506998908049	0.0414917588474997	0.1353883927072487	1.0787844420379995	0.0183300168798521	1.163775872383238	-0.007520255460063	-0.0081454721384382	5.655424218460736e-05	6.634871635807297e-05	0.0005167719465861	0.0053536139220119	2.866118202595964e-05	2.670532447783871e-07	0.000726948241639	-0.0030820927642173	9.499295807240636e-06	5.284537460220339e-07	0.0	0.0	0.0	0.0	1.0	0.0	0.0	0.0	0.0	0.0	0.0	0.0	0.0	0.0	0.0	0.0	0.0	0.0	0.0	0.0	0.0	0.0	0.0	0.0	0.0	0.0	0.0	0.0	0.0	0.0	0.0	0.0	0.0	0.0	0.0	0.0	0.0	0.0	0.0	0.0	0.0	0.0	0.0	0.0	0.0	0.0	0.0	0.0	0.0	0.0
919.1183200601272	-1.9423701408463785	3.77280176405158	844778.4862701504	1086.5853355441031	20.205119903431296	1180667.6914194913	408.2468703120354	856.6588923136393	2.591965192629914	733864.4577800314	6.718283559805027	890.8849351820647	724.0855221162961	1.612258	62.0994	1.4721075084450312	0.7902688675869132	0.0059847646	-0.0280144243	-0.0934997897	0.1511938406	-0.0310121858	-0.014777317	0.0517015379	0.0233672556	-0.0120179312	-0.0902912624	0.1735913611	-0.196592411	-0.0863635015	0.0089632387	0.0026996848	0.1654616225	-0.0152138319	0.0439767863	-0.0774919955	0.0368922124	0.1654254127	-0.0185766794	-0.108619606	-0.002001118	-0.1316067359	0.0409678964	-0.0890127389	-0.0020664376	-0.1925796031	0.1654970207	0.089523911	0.0343781804	-0.0892991117	0.0957951244	0.0873531671	0.0781235403	0.0804503195	-0.0571774625	-0.0441779314	0.0261867338	-0.1052786728	0.0643403903	0.0537228931	0.0415439293	-0.0162456606	0.1663361255	-0.0450249778	0.139906916	-0.0780095414	-0.0255139408	0.0695006183	-0.0407717131	-0.1291641282	0.0370233145	0.0598451156	0.1259161521	0.1165232592	0.1013839798	0.0812449131	-0.0604801619124373	-0.2955541809874233	0.0036578499849546	0.0873522738991465	0.3600805249965333	0.1563852652394644	0.0244563511840176	0.129657984481779	0.8348999448276473	0.6995115521203986	0.6970579178732085	0.4893164115498891	-0.0112579650815639	-0.0037377096215009	0.0001267417777777	1.39704732146604e-05	0.0013950702521119	0.0008782983055257	7.714079134894913e-07	1.94622100832756e-06	-0.0010701740332892	-0.0017971222749282	3.2296484710431086e-06	1.145272461526474e-06	0.0	0.0	0.0	0.0	0.0	1.0	0.0	0.0	0.0	0.0	0.0	0.0	0.0	0.0	0.0	0.0	0.0	0.0	0.0	0.0	0.0	0.0	0.0	0.0	0.0	0.0	0.0	0.0	0.0	0.0	0.0	0.0	0.0	0.0	0.0	0.0	0.0	0.0	0.0	0.0	0.0	0.0	0.0	0.0	0.0	0.0	0.0	0.0	0.0	0.0
922.793062993336	3.6747429332087904	13.503735625167945	851547.037108623	1090.2969874752662	3.7116519311630327	1188747.5208976408	13.77636005810627	856.6797656777464	0.0208733641071603	733900.2209216786	0.00043569732915	890.7601079174826	731.8590070067486	1.180487	45.468864	1.0885238481694977	0.58909935504785	-0.0035662501	0.0050506032	-0.0461850689	0.2564745237	0.0261539592	0.052249093	0.0158011234	-0.010021015	-0.0759072618	-0.0177647316	-0.1373646957	-0.1384130251	-0.0828212904	-0.0261519442	-0.0675966039	0.1951448043	0.0144548242	0.1098673905	-0.104998734	-0.0156151934	0.1015211874	-0.0796071847	-0.1002345764	0.0488957205	-0.1632895885	0.0877379446	-0.15299741	-0.104058491	0.0439158363	-0.0097403919	-0.0573051565	-0.0025368328	-0.0960169496	0.1296812101	0.228477598	0.0530649054	0.0334395513	0.0536992491	-0.0246184011	0.0115669111	-0.0418657613	0.0498126782	0.0809062255	-0.0324101899	0.0433943935	-0.039280684	0.0491311115	-0.1231341072	0.0483517823	-0.0050212004	-0.1250792546	0.0185270101	0.01848868	-0.0591476565	-0.0596919315	0.1251271724	0.1134548014	0.0948006283	0.0703125971	-0.1634595587197367	-0.1029793968072994	0.026719027336851	0.0106047561667952	0.555171298418685	0.1950907734221516	0.0380604098744533	0.3082151705878885	1.340797941044464	0.5058979962168166	1.7977391187090737	0.2559327825761902	-0.016467926737058	-0.005209961655494	0.0002711926110171	2.714370045171881e-05	0.0012436106151954	-0.0001514596369164	2.2940021614877964e-08	1.5465673622266814e-06	-0.0013998663753432	-0.0003296923420539	1.0869704040905165e-07	1.9596258688165085e-06	0.0	0.0	0.0	0.0	0.0	0.0	1.0	0.0	0.0	0.0	0.0	0.0	0.0	0.0	0.0	0.0	0.0	0.0	0.0	0.0	0.0	0.0	0.0	0.0	0.0	0.0	0.0	0.0	0.0	0.0	0.0	0.0	0.0	0.0	0.0	0.0	0.0	0.0	0.0	0.0	0.0	0.0	0.0	0.0	0.0	0.0	0.0	0.0	0.0	0.0
921.8044487795852	-0.9886142137507932	0.9773580636300988	849723.4417898349	1078.4576982389892	-11.839289236276954	1163071.0068909389	140.16876962022334	860.8401707778743	4.160405100127832	741045.7996248797	17.308970597169676	894.7226819461779	722.158654623293	0.859398	33.101463	0.8187307764113269	0.3701367342694871	0.0150708662	-0.0367104834	-0.0425186864	0.2042805513	0.0410757847	0.0114461366	0.0698460239	-0.0069925031	-0.0856972743	0.0001898143	0.0118155098	-0.1537729936	0.0239645158	-0.0471777008	0.0260317661	0.1591234296	-0.0271584779	0.0011113277	-0.1114601531	-0.0322312993	0.1318375748	-0.0252822829	-0.0061222984	-0.0384371183	-0.1520068707	0.0923457449	-0.0679164614	-0.0947783202	-0.0952073953	0.1168870092	0.0117865477	0.012556947	-0.1003801405	0.1094660981	0.1488884201	0.0328313576	0.1334824278	-0.0700664685	-0.0675676176	0.0713823182	-0.0822881834	0.0671403967	-0.0016282288	0.0252907369	0.0765172319	-0.0214421759	0.0782592078	-0.0726697079	0.027718467	0.0034661729	0.007279858	0.0221993501	-0.0046782428	8.73908e-05	0.0499859761	0.1242524367	0.1100753719	0.0876327994	0.0586099215	-0.0963723492188677	0.067087209500869	0.0092876296939633	0.0045006936786134	0.3590313146015376	-0.1961399838171473	0.0384708932517908	0.1289034848645082	1.1243711744379183	-0.2164267666065455	1.2642105379069035	0.0468405453037641	-0.011598188203566	0.0048697385334919	0.0001345179696053	2.3714353384576806e-05	0.0005247178088185	-0.0007188928063769	5.168068670604552e-07	2.753287788912879e-07	-0.0002069613854768	0.0011929049898663	1.4230223148481555e-06	4.28330150784766e-08	0.0	0.0	0.0	0.0	0.0	0.0	0.0	1.0	0.0	0.0	0.0	0.0	0.0	0.0	0.0	0.0	0.0	0.0	0.0	0.0	0.0	0.0	0.0	0.0	0.0	0.0	0.0	0.0	0.0	0.0	0.0	0.0	0.0	0.0	0.0	0.0	0.0	0.0	0.0	0.0	0.0	0.0	0.0	0.0	0.0	0.0	0.0	0.0	0.0	0.0
917.3088116033442	-4.495637176240962	20.210753620399807	841455.4558451397	1092.325549662894	13.867851423904767	1193175.1064463437	192.31730311549748	856.646546823007	-4.193623954867235	733843.3061837824	17.586481874836306	892.788945008671	715.3193628040627	0.701256	27.010284	0.1289465674022762	0.0736043282482706	0.0103016521	-0.0448593022	-0.0796166011	0.2466452323	0.0164206505	0.0129681748	0.0161477184	-0.015912631	-0.1418796416	-0.0041066483	-0.0481364114	-0.1527503771	-0.0583262905	0.0102903223	-0.0341300158	0.1514241663	-0.0047396086	-0.0212012521	-0.0818200984	-0.0226201114	0.082332988	-0.0271267163	-0.077312188	0.0080324518	-0.1461453518	0.0897710651	-0.0489984855	-0.0889915	-0.0264418029	0.004516985	-0.0143261405	0.0110234276	-0.1027489682	0.1248039385	0.1538408194	0.0386677309	0.108607551	-0.0539896108	-0.0616116232	0.0661030679	-0.0645147112	0.0552214342	0.0462384476	-0.0276088016	0.0546445778	-0.0446076345	-0.0382248566	-0.0986416711	0.0056824677	0.0272795054	-0.0411999343	0.0331111638	0.0545112325	0.0056142505	-0.0163392024	0.1232925447	0.1063942335	0.0799246852	0.0462651033	-0.0980895329470854	-0.0017171837282177	0.0096215564737773	2.948719956455658e-06	0.3500877967096869	-0.0089435178918506	7.998651228185289e-05	0.122561465405043	1.0739291037288154	-0.0504420707091028	1.1533237198357769	0.0025444024974221	-0.0104981556127937	0.0011000325907723	0.0001102112712704	1.2100717007612182e-06	0.0003969185949532	-0.0001277992138652	1.6332639064588683e-08	1.5754437101962246e-07	-7.791728865229938e-05	0.0001290440968245	1.6652378925251094e-08	6.071103870925741e-09	0.0	0.0	0.0	0.0	0.0	0.0	0.0	0.0	0.0	0.0	0.0	0.0	0.0	0.0	0.0	0.0	0.0	0.0	0.0	0.0	0.0	0.0	0.0	0.0	0.0	0.0	0.0	0.0	0.0	0.0	0.0	0.0	0.0	0.0	0.0	0.0	0.0	0.0	0.0	0.0	0.0	0.0	0.0	0.0	0.0	0.0	0.0	0.0	0.0	0.0
920.0894817828872	2.7806701795429944	7.732126647399669	846564.654487502	1089.341187389657	-2.9843622732369117	1186664.222543508	8.906418177919784	857.8454044483326	1.1988576253255587	735898.7379331234	1.4372596058012377	893.6140511656691	709.0480449344603	0.704798	27.146736	0.0853734554819503	0.0449433510641909	-0.0007304927	-0.0281708557	-0.0363680276	0.2017101364	0.0256718141	0.0280960485	0.0171480212	-0.0440589487	-0.1018049654	-0.000854803	-0.0279902483	-0.0318075826	-0.031063591	-0.0240499833	-0.0200351008	0.1603393	0.0001121457	-0.0067161466	-0.0616634604	-0.0393990177	0.1104009196	-0.0456518045	-0.0354357802	-0.0117973007	-0.1484243228	0.0595411734	-0.0395075053	-0.0491428661	-0.0163546788	0.0126259951	-0.0267835897	0.0064320055	-0.0947555961	0.110529544	0.1420883351	0.0299069988	0.1157214116	-0.0648953006	-0.075427111	0.0726888213	-0.080065517	0.042525052	-0.0033825845	0.0112769618	0.0606318025	-0.0200368762	0.0164822804	-0.0582582099	0.0409578448	0.0284444806	-0.0088552509	0.0301433709	0.0531209175	0.0212608697	-0.0532337885	0.1222481541	0.1024214758	0.0717238087	0.033413395	-0.1003130455157048	-0.0022235125686193	0.0100627071006358	4.944008142808435e-06	0.3885098713675745	0.0384220746578875	0.0014762558210162	0.1509399201500492	1.070574759171521	-0.0033543445572945	1.14613031497516	1.125162740905159e-05	-0.0108922037999186	-0.0003940481871248	0.0001186401036189	1.5527397377642018e-07	8.860745998462427e-05	-0.0003083111349685	9.505575594561133e-08	7.851281964926792e-09	-0.0002030284405218	-0.0001251111518695	1.5652800322113253e-08	4.122054766071408e-08	0.0	0.0	0.0	0.0	0.0	0.0	0.0	0.0	0.0	0.0	0.0	0.0	0.0	0.0	0.0	0.0	0.0	0.0	0.0	0.0	0.0	0.0	0.0	0.0	0.0	0.0	0.0	0.0	0.0	0.0	0.0	0.0	0.0	0.0	0.0	0.0	0.0	0.0	0.0	0.0	0.0	0.0	0.0	0.0	0.0	0.0	0.0	0.0	0.0	0.0
922.8968196325968	2.8073378497095973	7.881145802412106	851738.5396879619	1097.4166432343195	8.075455844662429	1204323.2888476816	65.21298709909259	857.3242135695469	-0.5211908787856601	735004.8071726421	0.2716399321293686	891.3644300361492	723.1681549563311	0.66722	25.699318	0.1817200484522692	0.0990304417479706	0.004561711	-0.0431831099	-0.067331488	0.2208557877	0.0337342195	0.0438186319	-0.0199435709	-0.0649042433	-0.0783813966	0.0110979203	-0.1011963028	-0.0199091977	-0.0603986825	-0.0174082306	-0.0277778442	0.1553842129	-0.0227370251	0.0304088739	-0.0484203054	-0.0680443222	0.1083239222	-0.0535806724	-0.07866573	0.0108851617	-0.1418133884	0.0685980316	-0.0636974323	-0.0555220913	0.0189532106	0.054534108	-0.0422013877	0.0086676083	-0.0945219049	0.1187479882	0.1403096241	0.0296748418	0.1133832984	-0.0730088366	-0.0793430158	0.0816307302	-0.0734629928	0.063367803	0.007872829	0.016817333	0.0408030092	-0.0030021024	-0.0020142362	-0.0381936383	-0.0148495125	0.0218522007	-0.0002253735	0.0417064009	0.0359518605	0.0762397792	-0.01303744	0.1211199807	0.098167988	0.063080731	0.0201956026	-0.1021456473744564	-0.0018326018587516	0.0104337332775467	3.358429572699822e-06	0.3597595096233164	-0.0287503617442581	0.0008265833004256	0.129426904764409	0.9876618395193476	-0.0829129196521732	0.9754759092427416	0.0068745522452477	-0.0098481775411417	0.0010440262587768	9.69866008818478e-05	1.089990829015689e-06	-0.0001339848384904	-0.000222592298475	4.9547331340394295e-08	1.795193694529857e-08	-0.000105163693832	9.78647466898e-05	9.577508644658722e-09	1.1059402500390637e-08	0.0	0.0	0.0	0.0	0.0	0.0	0.0	0.0	0.0	0.0	0.0	0.0	0.0	0.0	0.0	0.0	0.0	0.0	0.0	0.0	0.0	0.0	0.0	0.0	0.0	0.0	0.0	0.0	0.0	0.0	0.0	0.0	0.0	0.0	0.0	0.0	0.0	0.0	0.0	0.0	0.0	0.0	0.0	0.0	0.0	0.0	0.0	0.0	0.0	0.0
925.380560331774	2.483740699177133	6.168967860748914	856329.1814399479	1090.851222142382	-6.565421091937424	1189956.3888495287	43.10475411445679	861.767542897919	4.443329328372101	742643.2979923168	19.74317552037167	894.513705382385	713.3197341391526	0.783423	30.17514	0.4995724171048882	0.2905917379109018	0.0261393974	-0.0512599166	-0.0897163815	0.1831214824	0.0173343869	-0.0004749457	-0.0179775425	-0.0429355009	-0.0987522049	-0.0092274633	0.1130489856	-0.0955051466	0.0336612094	-0.0271318958	0.0531211913	0.1348208214	-0.0204995075	-0.0107637747	-0.023120741	-0.0717654837	0.0973591922	-0.0059672357	-0.0062558194	-0.0766522718	-0.1429706877	0.0843420853	-0.0349645117	-0.0349489499	-0.0414773657	0.0513577852	0.041913441	0.0280585649	-0.0927883098	0.1076701233	0.0686695538	0.0339387605	0.1198834477	-0.1356559409	-0.0710772231	0.0606784091	-0.0375470358	0.0469402649	0.0268480325	0.0142981204	0.0518397679	-0.0165248663	0.0074209967	-0.032578845	-0.0399603898	-0.0384697266	0.1131017637	0.0379572644	-0.0405147827	0.0759316297	0.0221991533	0.1199087977	0.0936454286	0.0540487397	0.0067565429	-0.082284213364872	0.0198614340095844	0.0067706917690757	0.000394476560917	0.2432981627670472	-0.1164613468562691	0.0135632453115762	0.0591939960058205	0.7234329029407931	-0.2642289365785545	0.5233551650573429	0.0698169309254337	-0.0086240663290744	0.0012241112120673	7.437452004827479e-05	1.4984482595088772e-06	-0.0006700108581216	-0.0005360260196312	2.873238937216676e-07	4.489145500008428e-07	0.0001151130676791	0.0002202767615111	4.852185166181802e-08	1.3251018350493058e-08	0.0	0.0	0.0	0.0	0.0	0.0	0.0	0.0	0.0	0.0	0.0	0.0	0.0	0.0	0.0	0.0	0.0	0.0	0.0	0.0	0.0	0.0	0.0	0.0	0.0	0.0	0.0	0.0	0.0	0.0	0.0	0.0	0.0	0.0	0.0	0.0	0.0	0.0	0.0	0.0	0.0	0.0	0.0	0.0	0.0	0.0	0.0	0.0	0.0	0.0
924.0131820337712	-1.3673782980027909	1.8697234098490088	853800.3605721751	1080.8039201628171	-10.047301979564963	1168137.1138393132	100.94827706857004	859.6059202029381	-2.161622694980906	738922.33804794	4.672612675456516	893.6808825069471	722.2629665196191	0.710745	27.375792	0.3602330834668428	0.2018222671529638	0.0357459808	-0.0542966158	-0.0965105097	0.102343309	-0.0456533013	-0.0505567374	0.0072248603	-0.0221844044	-0.0711585828	-0.0492247358	0.0249041568	-0.0261208128	0.0144344402	0.0208257253	0.0350559961	0.115804391	0.0033922491	-0.0446040336	-0.003684996	0.013937659	0.039948502	0.0229948781	-0.0228819092	-0.0513339427	-0.1090279232	0.0464329874	-0.0066669767	0.009088286	-0.0488920302	0.0090362412	0.0178845219	0.0415002697	-0.0858833019	0.0919615865	-0.0016709253	0.0423360145	0.0788233929	-0.1253223412	-0.0399640112	0.0236126324	-0.009607981	0.0251023232	0.0407985043	0.0094687016	0.0118599913	0.0156721453	-0.0403741989	0.0183128865	-0.0238404749	-0.0836547545	0.103553476	0.0154784778	-0.0595187194	-0.0079912217	-0.0531490222	0.1186154352	0.0888661936	0.0446835199	-0.0067565429	-0.0785649511958581	0.0037192621690139	0.0061724515564075	1.3832911081857988e-05	0.1842678007904226	-0.0590303619766245	0.0034845836350913	0.0339546224081388	0.5564507551910438	-0.1669821477497493	0.309637442952683	0.0278830376671191	-0.0065041361351544	0.0021199301939199	4.230378686462121e-05	4.494104027093688e-06	-0.0006049982983675	6.501255975409998e-05	4.226632925780421e-09	3.6602294102757057e-07	-0.0003099704100759	-0.000425083477755	1.8069596306028563e-07	9.608165512262163e-08	0.0	0.0	0.0	0.0	0.0	0.0	0.0	0.0	0.0	0.0	0.0	0.0	0.0	0.0	0.0	0.0	0.0	0.0	0.0	0.0	0.0	0.0	0.0	0.0	0.0	0.0	0.0	0.0	0.0	0.0	0.0	0.0	0.0	0.0	0.0	0.0	0.0	0.0	0.0	0.0	0.0	0.0	0.0	0.0	0.0	0.0	0.0	0.0	0.0	0.0
925.4977617970586	1.4845797632874564	2.20397707356264	856546.107091365	1080.8875784395043	0.0836582766871743	1168317.9572248156	0.0069987072582678	861.7899788750542	2.184058672116066	742681.9676894663	4.770112283245394	896.2923482708035	718.2590403960345	0.8450419999999998	32.548519	0.7002564058733808	0.4112144072381489	0.0612428845	-0.066547113	-0.1056663933	-0.0422250635	-0.0633087043	-0.0725403079	0.0142042772	-0.0079043233	0.0368323865	-0.1135135469	0.0926023434	-0.0654183705	0.0663499754	0.0409626498	0.0934991123	0.0489339705	-0.010339082	-0.0809456329	0.0660133661	0.0152274866	0.0313019368	0.0771483109	0.0218264109	-0.0842140051	-0.0356522487	0.003837452	0.013078648	0.0763013292	-0.0979680909	0.1478902023	0.0476796036	0.0633600575	-0.0569088848	0.0535685422	-0.1196498914	0.0590892547	-0.0199400746	-0.075502917	0.0071280346	-0.0175902773	0.0116329033	0.014441117	0.023790383	0.0412426388	-0.0757137674	0.0680560112	0.074475786	0.0380529977	0.0073643849	-0.0854152463	0.0491272854	0.0369161859	-0.0726035139	-0.0016409173	0.0432114697	0.1172407796	0.0838433825	0.0350428114	-0.0201956026	-0.0851176310758461	-0.006552679879988	0.0072450111199638	4.293761360959961e-05	0.0733075157338305	-0.1109602850565921	0.0123121848598401	0.0053739918630658	0.1916042031732132	-0.3648465520178306	0.0367121706736419	0.1331130065192995	-0.0032049584511657	0.0032991776839887	1.027175867369844e-05	1.0884573390529042e-05	0.0001539773231962	0.0007589756215637	5.760439941280047e-07	2.3709016058667033e-08	-0.0006097548829029	-0.000299784472827	8.98707301481623e-08	3.718010172239293e-07	0.0	0.0	0.0	0.0	0.0	0.0	0.0	0.0	1.0	0.0	0.0	0.0	0.0	0.0	0.0	0.0	0.0	0.0	0.0	0.0	0.0	0.0	0.0	0.0	0.0	0.0	0.0	0.0	0.0	0.0	0.0	0.0	0.0	0.0	0.0	0.0	0.0	0.0	0.0	0.0	0.0	0.0	0.0	0.0	0.0	0.0	0.0	0.0	0.0	0.0
922.76435617479	-2.733405622268606	7.471506295849625	851494.0570266747	1084.6822632368996	3.794684797395348	1176535.6121807229	14.399632711583374	859.9460848584587	-1.8438940165955275	739507.2688633914	3.3999451444367867	896.3503600320033	714.0186093308218	0.768327	29.593668	0.1828668293369643	0.1008785816613462	0.0597844002	-0.0495156246	-0.1051658869	-0.0830850313	-0.1059162296	-0.0930376027	-0.0065791235	0.0007186885	-0.023943622	-0.0290731045	0.0382945904	-0.0240349581	0.0380844624	0.0441753658	0.0632476637	0.0133296345	-0.0135789768	-0.0631193048	0.0632066343	0.0248126514	-0.0486957911	0.0740485723	0.0035399534	-0.0586614829	0.0076837921	0.029096777	0.0427386739	0.0713628982	0.0030034925	0.00175217	-0.017847334	0.0599306428	-0.0419336058	0.038349029	-0.1323401618	0.0588895477	-0.0546573916	-0.014799748	0.0368009241	-0.0554029561	0.0193458327	0.0204705707	0.0352910683	-0.0304420379	-0.0789085202	0.0494757221	-0.0227680179	0.0444456999	0.0346666049	-0.0186140708	-0.0430124068	0.0360112447	0.0313501389	-0.0112669922	-0.1459733909	0.1157857731	0.0785907625	0.0251860523	-0.033413395	-0.0556969054977258	0.0294207255781203	0.0031021452820225	0.000865579093543	0.0583534700119656	-0.0149540457218649	0.0002236234834516	0.0034051274624373	0.108055791687164	-0.0835484114860491	0.0116760541171397	0.0069803370618421	-0.0022374393888811	0.0009675190622845	5.00613501891663e-06	9.360931358840712e-07	0.0001862933656506	3.23160424544e-05	1.044326599914583e-09	3.470521808542815e-08	-0.0007087927091825	-9.903782627960005e-05	9.808491034188237e-09	5.02387104590268e-07	0.0	0.0	0.0	0.0	0.0	0.0	0.0	0.0	0.0	0.0	0.0	0.0	0.0	0.0	0.0	0.0	0.0	0.0	0.0	0.0	0.0	0.0	0.0	0.0	0.0	0.0	0.0	0.0	0.0	0.0	0.0	0.0	0.0	0.0	0.0	0.0	0.0	0.0	0.0	0.0	0.0	0.0	0.0	0.0	0.0	0.0	0.0	0.0	0.0	0.0
922.8787195331234	0.1143633583334349	0.0130789777293016	851705.1309670975	1079.939545077528	-4.742718159371634	1166269.4210222582	22.493375539233465	859.9839388058509	0.0378539473922501	739572.3750040255	0.0014329213331752	897.5977685159008	708.0644257173777	0.728487	28.059153	0.1674127256337118	0.0904496510168522	0.0718309177	-0.0478082282	-0.0775414977	-0.1293429041	-0.0631308815	-0.0993752236	0.0058607381	0.0492010035	0.0156656348	-0.006373383	-0.0302394536	0.0433067042	0.0442377627	0.0454639295	0.0748286696	0.0155560532	0.0060464426	-0.0547377617	0.0786082003	0.0026496232	-0.0777643333	0.086289141	0.0282265684	-0.0592989859	0.0296886734	-0.0053100375	0.0311881583	0.0936486748	0.0259264967	0.0117642223	0.0102013453	0.0595615689	-0.0273618853	0.0159018685	-0.1463924101	0.0494323882	-0.0728480142	-0.004581448	0.0422394119	-0.0524310135	0.0380745755	-0.0001837646	0.0226086294	0.0025664171	-0.0743705917	0.0414325099	0.0782499473	0.021340205	0.0880283897	-0.045021767	-0.030523924	0.0588015061	-0.0045377158	0.0120071817	-0.0713685624	0.1142514127	0.0731227308	0.0151740128	-0.0462651033	-0.0392144241333056	0.0164824813644202	0.0015377710601067	0.0002716721919284	0.0152631917260492	-0.0430902782859164	0.0018567720827577	0.0002329650216661	0.0338830399145138	-0.0741727517726502	0.0011480603938485	0.0055015971055271	-0.0016439148459852	0.0005935245428958	2.702456020850544e-06	3.522713830197869e-07	0.0002411029085938	5.480954294320001e-05	3.004085997642486e-09	5.8130612532390285e-08	-0.0007338029075579	-2.501019837539999e-05	6.255100227768601e-10	5.38466707140428e-07	0.0	0.0	0.0	0.0	0.0	0.0	0.0	0.0	0.0	0.0	0.0	0.0	0.0	0.0	0.0	0.0	0.0	0.0	0.0	0.0	0.0	0.0	0.0	0.0	0.0	0.0	0.0	0.0	0.0	0.0	0.0	0.0	0.0	0.0	0.0	0.0	0.0	0.0	0.0	0.0	0.0	0.0	0.0	0.0	0.0	0.0	0.0	0.0	0.0	0.0
919.2374553632584	-3.641264169865053	13.258804754743036	844997.4993427185	1088.203941112002	8.264396034473975	1184187.8174516936	68.30024181462917	857.3157284583574	-2.6682103474935275	734990.258262084	7.11934645847153	896.3691703883926	691.0560444251005	0.659775	25.412579	0.0847566695792196	0.0440045475529533	0.0708171969	-0.0421683516	-0.0577153475	-0.1270948677	-0.042994221	-0.086820623	-0.0104815174	0.0641877097	0.0179286048	0.0088619163	-0.0757463969	0.0606810109	-0.0039451473	0.0707897111	0.0348051742	-0.0054044974	0.0049582389	-0.071546024	0.0962881891	0.0128389186	-0.1278626708	0.073216826	-0.0105721539	-0.0221504097	0.0392444283	0.0131934603	0.0570080136	0.0796567348	0.0885632811	-0.0734652506	-0.0027165883	0.0572256239	-0.0204418707	0.0149342669	-0.138396803	0.0524892638	-0.087960984	0.0101747739	0.0426816321	-0.0451694583	0.0207757259	0.0043455341	0.0482206361	-0.0099791436	-0.0914689789	0.0423882376	0.0441134276	-0.0050009217	0.0690708159	-0.0059576644	-0.0777340994	0.0737138189	0.0355328481	-0.0092860398	-0.0166921396	0.1126387502	0.0674542747	0.0050684204	-0.0586099215	-0.0317963169199373	0.0074181072133683	0.001011005769673	5.502831462902684e-05	0.0021229330947534	-0.0131402586312958	0.0001726663968973	4.506844924799249e-06	-0.0025488361140517	-0.0364318760285655	6.49656553629417e-06	0.0013272815909607	-0.0015559229270054	8.799191897980018e-05	2.420896154781051e-06	7.742577805747719e-09	0.0001398553926974	-0.0001012475158964	1.0251059475191773e-08	1.9559530866543964e-08	-0.0010998920268015	-0.0003660891192435	1.340212432285547e-07	1.2097624706215111e-06	0.0	0.0	0.0	0.0	0.0	0.0	0.0	0.0	0.0	0.0	0.0	0.0	0.0	0.0	0.0	0.0	0.0	0.0	0.0	0.0	0.0	0.0	0.0	0.0	0.0	0.0	0.0	0.0	0.0	0.0	0.0	0.0	0.0	0.0	0.0	0.0	0.0	0.0	0.0	0.0	0.0	0.0	0.0	0.0	0.0	0.0	0.0	0.0	0.0	0.0
919.9195558197704	0.6821004565119893	0.4652610327738641	846251.9891796437	1080.5773952434156	-7.6265458685863905	1167647.5071110448	58.16420188565214	858.2687771644121	0.9530487060546876	736625.2938552953	0.908301836112514	896.7765338624986	694.3248895365518	0.607527	23.40015	0.1907382465195204	0.1124525297134819	0.0693582953	-0.0517433871	-0.0384376391	-0.1500273112	-0.0698143428	-0.0920532284	-0.0101894629	0.0407032896	0.0542260014	0.0002101216	-0.0020952392	0.0282420108	0.0240305996	0.0589004202	0.0476873133	-0.035386056	0.0504064712	-0.0823917558	0.0991584074	0.0264054118	-0.1443660264	0.0831527554	0.019280196	-0.0494012835	0.0497160401	-0.0342089946	0.0727007924	0.0837320967	0.0519818444	-0.0615515886	0.0198496864	0.057227006	-0.0112905278	0.0014702555	-0.1436700764	0.0421684908	-0.0779323904	0.0131002886	0.0278804232	-0.0366088256	0.0273785431	-0.0007119113	0.0148168287	0.0418310975	-0.0738640703	0.0312653109	0.0947187539	-0.0036472278	0.0879786817	-0.0326468863	-0.0590326275	0.0669395479	-0.0187384139	-0.0006122102	0.0920490851	0.1109488906	0.0616009311	-0.0050684204	-0.0703125971	-0.0090744812568033	0.022721835663134	8.234621008007439e-05	0.0005162818159024	0.0063395449924144	0.004216611897661	1.7779815895496296e-05	4.018983071084649e-05	0.0259584521795588	0.0285072882936105	0.0006738412395584	0.000812665485855	0.0004470900001038	0.0020030129271092	1.9988946819281585e-07	4.012060786166565e-06	0.0003158717138362	0.0001760163211388	3.098174530723718e-08	9.977493960181825e-08	-0.0005730710617472	0.0005268209650542	2.775403292207439e-07	3.284104418120631e-07	0.0	0.0	0.0	0.0	0.0	0.0	0.0	0.0	0.0	0.0	0.0	0.0	0.0	0.0	0.0	0.0	0.0	0.0	0.0	0.0	0.0	0.0	0.0	0.0	0.0	0.0	0.0	0.0	0.0	0.0	0.0	0.0	0.0	0.0	0.0	0.0	0.0	0.0	0.0	0.0	0.0	0.0	0.0	0.0	0.0	0.0	0.0	0.0	0.0	0.0
918.6892558824431	-1.2302999373272314	1.5136379357873897	843989.9488738371	1088.6748935749438	8.097498331528186	1185213.0239004153	65.56947922910176	857.9908670496058	-0.2779101148063319	736148.3279405342	0.0772340319116685	896.9411593889201	693.051539513721	0.640097	24.654629	0.1195633158555085	0.0710664832814634	0.05566685	-0.052888268	-0.0631173363	-0.0967424125	-0.0627922418	-0.0816605175	-0.0182648142	0.0220135619	0.0278395644	-0.0155270563	-0.0367931581	0.0582141172	0.0206526325	0.0680486247	0.0350547935	-0.0284882342	0.0374193228	-0.0770118737	0.122141888	0.0057984738	-0.1348680087	0.0822357242	0.0075202114	-0.0368893397	0.0495012532	-0.0195144576	0.0710283694	0.1092195035	0.0841194978	-0.0864679043	-0.0045570168	0.0493587416	-0.0134769681	0.0136874548	-0.1295123169	0.047158473	-0.0864279028	0.0194151717	0.0400394584	-0.0419387703	0.0300631068	0.007980071	0.0424891362	-0.023144901	-0.0752877819	0.0266981628	0.020815504	-0.0186713033	0.0702799804	0.0066159391	-0.0793662928	0.0679724738	0.037941848	0.0093892021	-0.0016947546	0.1091829923	0.0555787436	-0.0151740128	-0.0812449131	-0.013545080778158	-0.0044705995213547	0.0001834692132868	1.9986260080336883e-05	0.0274239751056057	0.0210844301131913	0.000444553193198	0.0007520744105928	-0.0042690848002138	-0.0302275369797726	1.82250850314165e-05	0.0009137039918635	-0.0007603904819709	-0.0012074804820747	5.781936850719377e-07	1.4580091145913498e-06	0.0003772206541103	6.134894027409998e-05	3.763692472755086e-09	1.4229542188740257e-07	-0.0005798566242222	-6.785562474999991e-06	4.6043858102128e-11	3.3623370465436565e-07	0.0	0.0	0.0	0.0	0.0	0.0	0.0	0.0	0.0	0.0	0.0	0.0	0.0	0.0	0.0	0.0	0.0	0.0	0.0	0.0	0.0	0.0	0.0	0.0	0.0	0.0	0.0	0.0	0.0	0.0	0.0	0.0	0.0	0.0	0.0	0.0	0.0	0.0	0.0	0.0	0.0	0.0	0.0	0.0	0.0	0.0	0.0	0.0	0.0	0.0
923.8626218436476	5.173365961204468	26.763715368549025	853522.1440398187	1081.703846227654	-6.971047347289868	1170083.2109437	48.59550111815711	860.4969333601587	2.50606631055291	740454.9723222373	6.280368352888275	896.2382706105972	712.4958875358318	0.699612	26.946987	0.1446403585477223	0.0660498392202997	0.0547748872	-0.0328950842	-0.0296392698	-0.1276803554	-0.0632179012	-0.0531279376	-0.0266207904	-0.0223223729	0.0519357267	-0.0622224215	0.038671201	0.0956955423	0.0685826272	0.0444310842	0.061018677	-0.0076265276	0.0591531388	-0.0582003154	0.0968159589	0.0554749372	-0.1263059047	0.0810724017	0.0422131875	-0.0709077896	0.020649687	-0.0554360017	0.0508855333	0.1374057285	0.023823189	-0.0787463087	-0.0250736154	0.0507076997	-0.0017042001	-0.0058654441	-0.1363221954	0.0396486691	-0.083443741	0.0119517945	0.0304617904	-0.0395294186	0.0357910369	-0.0044443175	0.0133138256	0.0232480373	-0.0582759211	0.0071908858	0.0755509963	-0.0278421611	0.09468034	-0.0251138592	-0.0082704165	0.0729948674	0.0365396288	0.0195776886	-0.0326144743	0.1073422654	0.0494042187	-0.0251860523	-0.0912870929	-0.0089622323374385	0.0045828484407195	8.032160847022835e-05	2.1002499830605165e-05	0.0126535315572908	-0.0147704435483149	0.0002181660026139	0.0001601118608713	-0.0357299509880917	-0.0314608661878779	0.0012766293976114	0.0009897861012915	-0.0003049801351941	0.0004554103467768	9.301288286301153e-08	2.073985839513653e-07	-0.0001130534053974	-0.0004902740595076	2.403686534261597e-07	1.2781072471948871e-08	0.0003509829769095	0.0009308396011317	8.664623630350224e-07	1.2318905008025465e-07	0.0	0.0	0.0	0.0	0.0	0.0	0.0	0.0	0.0	0.0	0.0	0.0	0.0	0.0	0.0	0.0	0.0	0.0	0.0	0.0	0.0	0.0	0.0	0.0	0.0	0.0	0.0	0.0	0.0	0.0	0.0	0.0	0.0	0.0	0.0	0.0	0.0	0.0	0.0	0.0	0.0	0.0	0.0	0.0	0.0	0.0	0.0	0.0	0.0	0.0
919.071547406023	-4.791074437624616	22.954394266860028	844692.5092513015	1071.501421132983	-10.202425094670843	1148115.2954900025	104.08947781236937	857.1812673498083	-3.3156660103503555	734759.7250954235	10.993641092192645	893.8927146864485	702.3809790204904	0.624528	24.054956	0.169688285706154	0.0808140199661507	0.0408952678	-0.0265492298	-0.0553510079	-0.091871381	-0.0767362635	-0.0672026061	-0.0082370011	0.0746826981	-0.0138311821	-0.0256793007	-0.0437738403	0.2044788881	-0.0125801533	0.0523635451	0.0374267006	0.0042156376	0.0400406554	-0.0770161318	0.0896353365	0.0483472425	-0.1346837394	0.0588457105	-0.0152401038	-0.0345457614	0.0458569974	0.0006590433	0.0739111979	0.1235849111	0.0603761332	-0.0985813574	-0.0322156531	0.0467212897	-0.0098735996	0.0117803287	-0.1156745732	0.0450585869	-0.0912191435	0.0143987967	0.0332147541	-0.0400100038	0.0343344973	-0.012832372	0.0436562647	-0.0245282079	-0.0832623838	0.0127733924	-0.0418982757	-0.0231863489	0.085823171	0.0128284614	-0.0441577458	0.050991868	0.0481067623	0.0313013848	-0.0463333634	0.1054279714	0.0430942802	-0.0350428114	-0.1003291122	-0.0328240348921298	-0.0238618025546913	0.0010774172665997	0.000569385621159	0.0290463268904801	0.0163927953331893	0.0002687237388358	0.0008436891058286	0.0090017125157046	0.0447316635037963	8.103082821539285e-05	0.0020009217198168	0.0007690024869518	0.0010739826221459	5.913648249380534e-07	1.1534386726713832e-06	0.0001059805431729	0.0002190339485703	4.797587062629683e-08	1.123187553122292e-08	-5.004093866384311e-05	-0.0004010239155733	1.6082018086177584e-07	2.504095542358508e-09	0.0	0.0	0.0	0.0	0.0	0.0	0.0	0.0	0.0	0.0	0.0	0.0	0.0	0.0	0.0	0.0	0.0	0.0	0.0	0.0	0.0	0.0	0.0	0.0	0.0	0.0	0.0	0.0	0.0	0.0	0.0	0.0	0.0	0.0	0.0	0.0	0.0	0.0	0.0	0.0	0.0	0.0	0.0	0.0	0.0	0.0	0.0	0.0	0.0	0.0
923.2940842873388	4.222536881315818	17.829817714072316	852471.9660799955	1074.838135032154	3.3367138991709453	1155277.016519399	11.133659644920574	858.8656854511779	1.6844181013696016	737650.2656455217	2.8372643402215734	896.147979170689	708.5666029990359	0.688025	26.500689	0.1603358490400693	0.0944436780054528	0.0501141265	-0.0209136374	-0.0393182232	-0.122959126	-0.0633260668	-0.0850199124	-0.016701936	0.0122187843	-0.0065495124	-0.05154219	-0.0835055946	0.231735503	0.0304147158	0.0545711839	0.0504257872	-0.0185088496	0.0335392605	-0.0792020789	0.0920661882	0.0025176243	-0.1533562121	0.07229567	0.0137212891	-0.0618866106	0.035935295	-0.0422048998	0.0774094878	0.1054183955	0.0683030903	-0.0814312529	-0.0381074527	0.0461714289	-0.0061121035	0.0093358147	-0.1235488152	0.0346326129	-0.0825557177	-0.0066774621	0.0211307547	-0.0317495772	0.0375770867	-0.0134772686	0.0050427267	0.0477720462	-0.0702510044	0.029545782	0.0724170969	-0.0209174322	0.1417746717	-0.0867819673	0.064169896	0.0909121525	-0.0144768522	0.0715404719	-0.04195119	0.1034414224	0.0366662233	-0.0446835199	-0.1082719048	-0.039633734142157	-0.0068096992500271	0.0015708328820511	4.637200387582095e-05	0.0551009298622915	0.0260546029718114	0.0006788423360187	0.0030361124716891	0.0126248713322425	0.0036231588165378	0.0001593873761556	1.3127279809856312e-05	-0.0009789043631613	-0.0017479068501131	9.5825375221623e-07	3.0551783566722988e-06	0.0003582579415539	0.000252277398381	6.36438857338858e-08	1.2834875268643765e-07	-0.0005268244502036	-0.0004767835115397	2.2732251687618157e-07	2.775440013323255e-07	0.0	0.0	0.0	0.0	0.0	0.0	0.0	0.0	0.0	0.0	0.0	0.0	0.0	0.0	0.0	0.0	0.0	0.0	0.0	0.0	0.0	0.0	0.0	0.0	0.0	0.0	0.0	0.0	0.0	0.0	0.0	0.0	0.0	0.0	0.0	0.0	0.0	0.0	0.0	0.0	0.0	0.0	0.0	0.0	0.0	0.0	0.0	0.0	0.0	0.0
921.765599300708	-1.528484986630815	2.3362663543558027	849651.8200541934	1082.9050146377765	8.06687960562249	1172683.270727643	65.07454657160805	858.327667047948	-0.5380184032298985	736726.3840199731	0.2894638022140496	893.5295709944992	704.5107979939294	0.773408	29.789366	0.2034723244888862	0.0967045929096391	0.0436152609	-0.0254738734	-0.0413412487	-0.0696820032	-0.0246396242	-0.0730531274	-0.0198125755	-0.0514204548	0.004966252	-0.0582881349	-0.0407311573	0.1099937353	0.0086236533	0.0346636248	0.0382708311	-0.0075207052	0.0245385668	-0.0518077802	0.0768105155	0.005110827	-0.105665718	0.0513359807	-0.0108993664	-0.0441221241	0.0217936471	-0.0185611365	0.0235788371	0.0894988658	0.0476607351	-0.0625067229	-0.0516679043	0.0376192839	-0.0008630948	0.009135052	-0.1004839212	0.040971857	-0.0960226002	0.0302591963	0.0333091693	-0.0526462354	0.0326086303	-0.0019712011	0.0574584563	-0.0204932675	-0.0885447055	0.0319699604	-0.0613170159	-0.0047704357	0.0814573577	0.0109762607	-0.0663261987	0.0608548848	0.0032810563	0.1143368267	-0.0262018971	0.1013839798	0.0301376669	-0.0540487397	-0.1150284477	-0.0275430064155557	0.0120907277266012	0.0007586172024073	0.0001461856969588	0.0165403651699733	-0.0385605646923182	0.0014869171493904	0.000273583679956	-0.0625574583295645	-0.0751823296618069	0.0039134355926551	0.0056523826933766	-9.453242811207072e-05	0.0008843719350492	8.936379964763818e-09	7.821137195027182e-07	-8.59647190407653e-05	-0.0004442226605946	1.9733377218580322e-07	7.389932919757715e-09	-0.0007510039027229	-0.0002241794525192	5.025642693185305e-08	5.64006861905027e-07	0.0	0.0	0.0	0.0	0.0	0.0	0.0	0.0	0.0	0.0	0.0	0.0	0.0	0.0	0.0	0.0	0.0	0.0	0.0	0.0	0.0	0.0	0.0	0.0	0.0	0.0	0.0	0.0	0.0	0.0	0.0	0.0	0.0	0.0	0.0	0.0	0.0	0.0	0.0	0.0	0.0	0.0	0.0	0.0	0.0	0.0	0.0	0.0	0.0	0.0
927.9164368466676	6.150837545959575	37.83280251678601	861028.9137702156	1081.2642667012444	-1.6407479365320796	1169132.4144449795	2.692053791234277	861.7667645112967	3.4390974633487303	742641.9564162687	11.82739136241167	897.0660489142099	708.9233137398994	0.941993	36.282787	0.0694254559386653	0.0329369462623903	0.0565861309	-0.0173887328	-0.017471317	-0.1199880913	-0.0465519511	-0.0815116379	-0.0709390827	0.0069138125	0.106215516	-0.0343442933	0.0792656295	0.015401388	0.0938154485	0.0459998773	0.08069888	-0.0594807745	0.0857474103	-0.0478824607	0.1192997046	-0.0195318062	-0.1033086807	0.0904104545	0.0667395246	-0.0856795462	0.0376344999	-0.0898151973	0.0623303614	0.0726163904	0.0418781884	-0.0139491766	0.0497619727	0.0501471594	0.0077097883	-0.0066757196	-0.12608801	0.039418382	-0.0924579277	0.0168295066	0.0075042357	-0.0133308973	0.0374357628	-2.5669e-06	-0.0096559831	0.0896815174	-0.0627605379	0.0418815321	0.1425607366	-0.0357283877	0.1161165746	-0.1337486899	0.1063016856	0.1215778884	-0.1201634848	0.1301899455	0.0595851347	0.0992570537	0.0235265052	-0.063080731	-0.1205247148	-0.0221281117649141	0.0054148946506416	0.0004896533302805	2.932108407754701e-05	0.0059374485283285	-0.0106029166416448	0.0001124218413096	3.525329502655028e-05	-0.0832626320339287	-0.0207051737043642	0.0069326658932174	0.0004287042181278	-0.0004419540651012	-0.0003474216369891	1.953233956594757e-07	1.207017938482063e-07	0.0001066906665985	0.0001926553856392	3.711609761581403e-08	1.1382898339232284e-08	-0.0008649762989348	-0.0001139723962119	1.2989707098282326e-08	7.481839977189446e-07	0.0	0.0	0.0	0.0	0.0	0.0	0.0	0.0	0.0	0.0	0.0	0.0	0.0	0.0	0.0	0.0	0.0	0.0	0.0	0.0	0.0	0.0	0.0	0.0	0.0	0.0	0.0	0.0	0.0	0.0	0.0	0.0	0.0	0.0	0.0	0.0	0.0	0.0	0.0	0.0	0.0	0.0	0.0	0.0	0.0	0.0	0.0	0.0	0.0	0.0
911.3367814778434	-16.579655368824206	274.8849721489813	830534.7292743945	1070.8506913497458	-10.413575351498594	1146721.2031642287	108.44255160133906	852.806015956549	-8.960748554747738	727278.1008516817	80.29501466141367	888.6198152170072	701.7545886443255	1.853211	71.38018	1.5207633151310518	0.7445292583305244	-0.0481413659	0.0188428435	-0.0516242899	0.1028488779	-0.0343606623	0.034111446	0.1296512838	-0.0760882579	-0.1062345928	0.1043992545	0.0175986196	0.0375700376	-0.1665859882	-0.0234121593	-0.1054047609	0.134849844	-0.0779242121	0.0427934847	0.0446552626	0.143874647	-0.0909239655	-0.0768953778	-0.1351152268	0.0887276541	-0.0551312394	0.0839849856	-0.1128093126	0.1407804114	-0.0466269793	-0.1602932974	-0.0144395737	-0.0300792468	-0.023724574	0.0886783304	0.0656590838	0.0553254761	-0.0704143707	0.0120364842	0.0532852433	-0.0928089245	-0.0797613919	-0.026695035	0.1241342775	-0.0721377196	-0.163539765	0.1648015733	-0.591630257	0.2667022306	0.2387157537	0.1571851468	-0.2036959532	-0.2735877751	0.0660803037	-0.0280630906	0.0875637431	0.0970621018	0.016850859	-0.0717238087	-0.124700488	-0.1438698898827795	-0.1217417781178653	0.020698545214883	0.0148210605392995	0.1652317666474942	0.1592943181191657	0.0253746797850499	0.0273015367094519	0.5682492189442669	0.6515118509781956	0.3229071748307694	0.4244676919650346	-0.0038562016260606	-0.0034142475609594	1.4870290980832416e-05	1.1657086407517213e-05	0.0045038516365352	0.0043971609699367	1.933502459553466e-05	2.02846795639208e-05	-0.0048178751263552	-0.0039528988274203	1.5625409139821567e-05	2.321192073315213e-05	0.0	0.0	0.0	0.0	0.0	0.0	0.0	0.0	0.0	1.0	0.0	0.0	0.0	0.0	0.0	0.0	0.0	0.0	0.0	0.0	0.0	0.0	0.0	0.0	0.0	0.0	0.0	0.0	0.0	0.0	0.0	0.0	0.0	0.0	0.0	0.0	0.0	0.0	0.0	0.0	0.0	0.0	0.0	0.0	0.0	0.0	0.0	0.0	0.0	0.0
914.8914570535244	3.554675575681017	12.635718448343171	837026.3781895209	1074.9593723080563	4.108680958310515	1155537.6521129303	16.881259217183413	854.2048329482844	1.3988169917354298	729665.8966322065	1.9566889763677573	888.107379479	746.0288393341174	1.786026	68.792427	4.221172166644768	1.8464389760631423	-0.0932993828	0.1494452144	-0.0371187127	0.2248864291	0.0988770603	0.204828558	0.0979919196	-0.0979204832	-0.00544346	0.1094254788	0.0007362249	-0.0273990077	-0.1713190035	-0.1154347109	-0.1737327319	0.1930002781	0.0121619415	0.3050654772	-0.0069378798	-0.1056857722	-0.2268779471	-0.195635625	-0.0999478181	0.1653292025	-0.0785155211	0.0403135034	-0.2934462084	-0.0541871909	0.1848699858	-0.0799410734	-0.0194164248	-0.1253325354	0.0260884453	0.1005026796	0.3575698447	0.0256960776	-0.2146494645	0.2815591215	0.1285242283	-0.1549647825	0.1230724325	-0.0708496962	0.0423024798	0.0165948754	-0.0882808648	0.0633587687	0.1329277352	0.1517156767	-0.2635195159	-0.1091061907	0.0366258704	-0.0229245436	-0.1732992997	-0.0991802888	0.0002361835	0.0948006283	0.0101290257	-0.0799246852	-0.1275100165	-0.5432616714849559	-0.3993917816021763	0.2951332437046281	0.1595137952113605	0.941401997592564	0.7761702309450699	0.6024402274053231	0.88623772107127	1.9186980886472185	1.3504488697029515	3.6814023553784896	1.8237121496819797	-0.0230938298298089	-0.0192376282037483	0.0005333249762081	0.0003700863389056	0.0122049283709151	0.0077010767343798	5.930658286880737e-05	0.0001489602765391	-0.0117823958761184	-0.0069645207497631	4.850454927388216e-05	0.0001388248525815	0.0	0.0	0.0	0.0	0.0	0.0	0.0	0.0	0.0	0.0	1.0	0.0	0.0	0.0	0.0	0.0	0.0	0.0	0.0	0.0	0.0	0.0	0.0	0.0	0.0	0.0	0.0	0.0	0.0	0.0	0.0	0.0	0.0	0.0	0.0	0.0	0.0	0.0	0.0	0.0	0.0	0.0	0.0	0.0	0.0	0.0	0.0	0.0	0.0	0.0
924.806803114976	9.9153460614516	98.31408751834375	855267.623087742	1080.561818485177	5.602446177120555	1167613.8435679923	31.387403167532725	861.9126029308932	7.707769982608738	742893.3350911075	59.40971810480431	896.140213861154	740.912421827805	1.290595	49.709892	0.8830181514188062	0.4032170221010649	-0.1020915261	0.123808509	0.0254035569	0.2145459571	0.1539474258	0.1596807743	0.0544582843	-0.0957422119	0.0655120316	0.0827780646	0.0060823826	-0.2040949547	-0.0337242563	-0.1535867907	-0.0703505168	0.1499134868	0.0411914422	0.3389025404	0.0134571548	-0.1652999087	-0.0883283138	-0.1670824423	0.0258346066	0.0975800483	-0.0814236163	-0.0060914334	-0.3171497498	-0.0864363745	0.1725708803	0.0214583665	0.0788761778	-0.1157387089	0.0110997157	0.1027207164	0.3651542193	-0.0054943749	-0.1877605394	0.3043947129	0.0770592818	-0.0743893119	0.0520221845	-0.1265373863	-0.0629184047	0.0023218638	-0.0425541181	-0.0446744822	0.2629068175	-0.0157177763	-0.0101952045	0.0133011919	-0.0528788003	0.027181726	0.052217478	-0.1262246463	-0.1597347417	0.0924741833	0.0033794295	-0.0876327994	-0.1289225186	-0.471955269196826	0.0713064022881298	0.2227417761226485	0.0050846030072766	0.8688601578826791	-0.0725418397098849	0.0052623185084946	0.7549179739559141	2.106528629953345	0.1878305413061265	4.437462868813117	0.0352803122473525	-0.0184180668690359	0.0046757629607729	0.0003392251871922	2.1862759265336684e-05	0.0094579204895328	-0.0027470078813822	7.54605230037647e-06	8.945225998632435e-05	-0.0081783793559804	0.003604016520138	1.298893507742762e-05	6.688588889032637e-05	0.0	0.0	0.0	0.0	0.0	0.0	0.0	0.0	0.0	0.0	0.0	1.0	0.0	0.0	0.0	0.0	0.0	0.0	0.0	0.0	0.0	0.0	0.0	0.0	0.0	0.0	0.0	0.0	0.0	0.0	0.0	0.0	0.0	0.0	0.0	0.0	0.0	0.0	0.0	0.0	0.0	0.0	0.0	0.0	0.0	0.0	0.0	0.0	0.0	0.0
917.6690410350112	-7.137762079964773	50.94764751018304	842116.4688741171	1080.1619177406012	-0.3999007445756888	1166749.7685370534	0.1599206055121903	856.1775655864197	-5.735037344473426	733040.0238134881	32.890653342504805	891.0291854979607	727.4112316127045	1.17781	45.365765	2.076616924054884	0.9012366769313772	-0.1018855129	0.0723208313	0.0130850195	0.3221127178	0.1442532821	0.1130595742	0.0626415282	-0.0898028541	-0.0392313163	0.0543418362	-0.0954565749	-0.182421418	-0.1113675774	-0.0883497359	-0.1178293504	0.1734008609	-0.0058072488	0.1962199773	-0.0844905509	-0.1134225087	0.0410215015	-0.1388446155	-0.0689632859	0.1060964764	-0.1361483777	0.0690031473	-0.2148228277	-0.132667604	0.0649432902	0.014133293	0.0439683747	-0.0888784199	-0.0324975379	0.1220846681	0.3251782194	-0.000198417	0.0211343835	0.022461953	-0.024363353	0.0273412227	0.0245542842	0.1023017499	-0.0017668706	0.0129270547	0.0397065424	-0.0532288068	-0.0873894677	-0.0400311882	0.1967944125	0.002929807	0.0378694271	-0.0728045721	-0.005746896	0.064873996	0.1523111902	0.090084361	-0.0033794295	-0.0948006283	-0.1289225186	-0.2148030327860226	0.2571522364108034	0.0461403428940731	0.0661272726910777	0.5229664116390609	-0.3458937462436182	0.1196424836904445	0.2734938677026357	1.4027246139364775	-0.7038040160168675	1.96763634254324	0.4953400929614711	-0.0121523810433753	0.0062656858256605	0.0001476803650233	3.925881886588414e-05	0.0041496620572296	-0.0053082584323032	2.8177607584118025e-05	1.7219695189210992e-05	-0.0043569851062723	0.003821394249708	1.4603054011702128e-05	1.8983319216278645e-05	0.0	0.0	0.0	0.0	0.0	0.0	0.0	0.0	0.0	0.0	0.0	0.0	1.0	0.0	0.0	0.0	0.0	0.0	0.0	0.0	0.0	0.0	0.0	0.0	0.0	0.0	0.0	0.0	0.0	0.0	0.0	0.0	0.0	0.0	0.0	0.0	0.0	0.0	0.0	0.0	0.0	0.0	0.0	0.0	0.0	0.0	0.0	0.0	0.0	0.0
919.7813580587048	2.1123170236935493	4.461883208585575	845997.7466323152	1062.6454910211687	-17.516426719432502	1129215.4395876208	306.8252050172489	856.383304266282	0.2057386798622928	733392.3638260354	0.042328404391479	890.0772412561886	708.3977605924276	1.593605	61.380939	2.7004926080692937	1.2373750711050877	0.0561588887	-0.0315954629	-0.0399509974	0.0180012104	0.0307713296	-0.0372555235	0.011214722	0.1744708558	0.0058952027	-0.0260135329	0.0794505642	-0.1364531286	0.0103747302	0.0646176697	0.0189552355	0.0246525646	-0.063434448	-0.1230889963	-0.102362337	-0.099877549	0.1279288805	0.0532355747	-0.0235294154	0.0032766997	-0.0245471906	0.0865858443	0.1017173564	-0.097131909	-0.0937507165	0.159573463	0.0541601602	0.0501842207	-0.0356895938	0.0406549865	-0.0258431245	-0.0346165191	0.0822084879	-0.0896079431	-0.0370384852	0.0609556573	0.0046470343	-0.017485602	-0.1155388172	0.0736340101	0.071364863	-0.0337248272	0.0249525519	0.0258324051	-0.050834585	-0.0554489919	0.1767242515	0.0044067952	-0.1066973115	0.0969786148	0.1109058397	0.0876327994	-0.0101290257	-0.1013839798	-0.1275100165	-0.010213174316263	0.2045898584697596	0.0001043089296143	0.0418570101886762	0.1077477970989235	-0.4152186145401373	0.1724064978606311	0.0116095877796707	0.3970825834518408	-1.0056420304846367	0.157674578080788	1.011315893477263	-0.0022769412588929	0.0098754397844824	5.184461496448784e-06	9.75243109369378e-05	-0.0010139007319094	-0.005163562789139	2.6662380677380928e-05	1.027994694166417e-06	0.0021048544116015	0.0064618395178738	4.17553699547555e-05	4.430412094038297e-06	0.0	0.0	0.0	0.0	0.0	0.0	0.0	0.0	0.0	0.0	0.0	0.0	0.0	1.0	0.0	0.0	0.0	0.0	0.0	0.0	0.0	0.0	0.0	0.0	0.0	0.0	0.0	0.0	0.0	0.0	0.0	0.0	0.0	0.0	0.0	0.0	0.0	0.0	0.0	0.0	0.0	0.0	0.0	0.0	0.0	0.0	0.0	0.0	0.0	0.0
919.5464831377664	-0.2348749209384095	0.0551662284858241	845565.7346510345	1073.5995625991488	10.95407157798013	1152616.0208130835	119.9916841355121	860.4823909806616	4.0990867143796095	740429.9451877963	16.802511892003423	893.3997254603117	688.7005560275909	0.955206	36.791687	0.3340390457942313	0.1585003899927486	0.0471371732	-0.0316533399	-0.0165334954	0.0278123312	0.0221784547	-0.045455716	0.0077570978	0.0036287472	-0.0727547426	-0.0051408061	0.0435488877	-0.0852343947	0.0613528451	0.0266824733	0.0566609356	0.0367298425	-0.0151613648	0.000249138	-0.0502105895	0.0493815631	0.0052239047	0.0543592571	0.0042983935	-0.0599124623	-0.0620575063	0.0351572289	0.0014445404	-0.0191754265	-0.0730984302	-0.020069169	-0.0108362601	0.0520078758	-0.0294916565	0.0215923616	-0.0164291477	-0.0357657095	0.0628854629	-0.0495689359	-0.0204930297	0.0253173486	-0.0089234044	-0.0461767298	-0.0649047233	-0.0013355521	0.0524977492	-0.05210567	-0.074011712	0.0055413536	-0.0534532044	0.0837674393	0.0357443903	-0.0411181206	0.0995608673	0.0271714423	0.0220078311	0.0851211787	-0.016850859	-0.1073422654	-0.124700488	0.0309887694751012	0.0412019437913642	0.0009603038335809	0.0016976001721867	0.16287180197817	0.0551240048792465	0.0030386559139271	0.0265272238796162	0.2947317403822751	-0.1023508430695656	0.0868667987887648	0.0104756950770508	-0.0004357340819506	0.0018412071769422	1.898641901733322e-07	3.3900438684238337e-06	-0.0013320785758783	-0.0003181778439689	1.0123714039269767e-07	1.7744333323139596e-06	0.0026527144717714	0.0005478600601699	3.001506455293666e-07	7.036894068745419e-06	0.0	0.0	0.0	0.0	0.0	0.0	0.0	0.0	0.0	0.0	0.0	0.0	0.0	0.0	0.0	0.0	0.0	0.0	0.0	0.0	0.0	0.0	0.0	0.0	0.0	0.0	0.0	0.0	0.0	0.0	0.0	0.0	0.0	0.0	0.0	0.0	0.0	0.0	0.0	0.0	0.0	0.0	0.0	0.0	0.0	0.0	0.0	0.0	0.0	0.0
919.3046032877468	-0.2418798500195862	0.0585058618454975	845120.9536260414	1062.030419362164	-11.569143236984928	1127908.6116505738	133.8450752378741	857.1382415206344	-3.344149460027211	734685.9650770854	11.183335611000286	889.4552692571574	696.4423140048119	0.7221109999999998	27.81358	0.1045123185238138	0.0566127669746671	0.0707196866	-0.0400121941	-0.0159404191	-0.0176817376	0.0166262223	-0.0365528754	0.0251454068	0.0532215112	-0.0899740588	0.0031303402	-0.0448283655	0.0663609833	0.0049144338	0.0607546507	0.0188423214	0.0161515349	-0.0230849024	-0.0771650321	-0.05192365	0.0306726974	0.0465061558	0.0531007377	-0.0333722424	-0.0194508137	-0.029541364	0.0368816805	0.0725079762	-0.0296303155	-0.0664038698	-0.0033687712	-0.0017250494	0.0654721398	-0.0280328555	0.0151125105	-0.0411456809	-0.0428023345	0.0576401016	-0.0384414154	-0.0051500619	0.0283762909	0.0182317673	-0.0421836568	-0.0958689352	0.0049312943	0.0647247282	-0.0717802242	0.0076233769	-0.0329891458	-0.0407384083	0.0259413563	0.0564572063	-0.0031639594	0.0362654777	0.025271766	-0.0105680055	0.0825512202	-0.0235265052	-0.1126387502	-0.1205247148	0.024293754120066	-0.0066950153550352	0.0005901864892462	4.482323060415712e-05	0.1136515326955986	-0.0492202692825713	0.0024226349082488	0.0129166708840587	0.2857875198461528	-0.0089442205361223	0.0816745064998151	7.999908099879216e-05	-0.0001338062482358	0.0003019278337148	1.7904112066940533e-08	9.116041677171192e-08	-0.0008851813689925	0.0004468972068857	1.997171135223294e-07	7.835460560114365e-07	0.0026969456981725	4.4231226401099735e-05	1.9564013889453424e-09	7.273516098891153e-06	0.0	0.0	0.0	0.0	0.0	0.0	0.0	0.0	0.0	0.0	0.0	0.0	0.0	0.0	0.0	0.0	0.0	0.0	0.0	0.0	0.0	0.0	0.0	0.0	0.0	0.0	0.0	0.0	0.0	0.0	0.0	0.0	0.0	0.0	0.0	0.0	0.0	0.0	0.0	0.0	0.0	0.0	0.0	0.0	0.0	0.0	0.0	0.0	0.0	0.0
921.1046369516482	1.800033663901445	3.24012119117846	848433.7522138277	1082.0744978059329	20.044078443768967	1170885.2188019615	401.76508065996376	859.3388509868104	2.200609466175933	738463.2608153315	4.842682022623126	894.3983986863813	690.3481483936878	0.685697	26.411013	0.1477275813653378	0.0721173006533053	0.0750454216	-0.0471437439	-0.015053992	-0.0084947675	0.031345452	-0.0763264409	-0.040474267	-0.0334062268	-0.0724288507	-0.000291971	-0.130714856	0.135705005	0.0310542783	0.0701403322	0.0266320357	0.0551946365	0.0128797649	-0.0157469389	-0.0400790241	0.0860956424	0.1279329774	0.0719572838	-0.0076687531	-0.0282385191	-0.0509085859	0.0023449828	0.0167047086	0.0054645085	-0.0141173339	-0.0478674813	-0.0357379391	0.0686057636	-0.02514439	0.0038129956	-0.0338188619	-0.0361625228	0.0556082608	-0.0205271594	-0.0116496733	0.0341967903	0.0116236972	-0.0460514126	-0.088895655	-0.0297000477	0.0666836963	-0.0890409346	-0.0356060659	-0.0168321816	-0.0768318725	0.1163964955	-0.0472999501	-0.0360785904	0.1540961998	-0.0421054962	-0.0201541475	0.0799246852	-0.0301376669	-0.1172407796	-0.1150284477	0.0436785040276532	0.0193847499075872	0.0019078117140937	0.0003757685289797	0.1078086003234375	-0.0058429323721611	3.413985870564817e-05	0.0116226943036986	0.2328977729034633	-0.0528897469426895	0.0542413726233931	0.0027973253316617	-0.0002599081245463	-0.0001261018763105	6.755223320517501e-08	1.5901683209028644e-08	-0.0015914301372514	-0.0007062487682588	4.987873226672133e-07	2.532649881752009e-06	0.0032567980964611	0.0005598523982886	3.134347078694972e-07	1.0606733841112644e-05	0.0	0.0	0.0	0.0	0.0	0.0	0.0	0.0	0.0	0.0	0.0	0.0	0.0	0.0	0.0	0.0	0.0	0.0	0.0	0.0	0.0	0.0	0.0	0.0	0.0	0.0	0.0	0.0	0.0	0.0	0.0	0.0	0.0	0.0	0.0	0.0	0.0	0.0	0.0	0.0	0.0	0.0	0.0	0.0	0.0	0.0	0.0	0.0	0.0	0.0
920.7540836520824	-0.3505532995658313	0.1228876158364915	847788.0825619859	1076.6846750584232	-5.389822747509697	1159249.8895056625	29.050189249572984	858.2205657958984	-1.1182851909119336	736542.539555032	1.2505617682129395	893.3519203610265	685.122114715758	0.615419	23.704117	0.0821442771919225	0.0406405724485111	0.0956498981	-0.0436655197	-0.0113003966	-0.0545170104	0.0535185599	-0.0964100174	-0.0215722296	0.0088941746	-0.041141685	-0.017999324	-0.1205377682	0.1069432164	0.0241260929	0.0717666337	0.0309757488	-0.001909765	-0.0342081779	-0.039217352	-0.0493620125	-0.0003467654	0.0689171302	0.075839562	-0.0137576943	-0.0203675189	-0.0150462056	0.0276706646	0.0489255149	-0.0403915548	0.0027222198	0.0396352963	-0.0147439939	0.0831327911	-0.0256180602	-0.0042859029	-0.0481350425	-0.0429297369	0.0561163433	-0.0046161207	0.0039018183	0.0332867042	0.0218877643	-0.0482076463	-0.0970166537	-0.018081916	0.077322659	-0.0821019992	0.0081736453	-0.0321130633	-0.0746909939	0.0394266964	0.0067617805	-0.0054515539	0.0329451664	-0.0334003832	-0.0042486063	0.0772433738	-0.0366662233	-0.1211199807	-0.1082719048	0.0574311851606239	0.0137526811329707	0.0032983410289538	0.0001891362383451	0.0945735674513059	-0.0132350328721315	0.0001751660951264	0.0089441596604667	0.1994383602997231	-0.0334594126037402	0.0397756595590421	0.0011195322917873	-0.000201917347143	5.799077740330002e-05	4.077061507726677e-08	3.362930263839093e-09	-0.0018018557637342	-0.0002104256264828	4.4278944280678897e-08	3.2466841933021573e-06	0.0034223247042366	0.0001655266077755	2.739905788166425e-08	1.1712306381228131e-05	0.0	0.0	0.0	0.0	0.0	0.0	0.0	0.0	0.0	0.0	0.0	0.0	0.0	0.0	0.0	0.0	0.0	0.0	0.0	0.0	0.0	0.0	0.0	0.0	0.0	0.0	0.0	0.0	0.0	0.0	0.0	0.0	0.0	0.0	0.0	0.0	0.0	0.0	0.0	0.0	0.0	0.0	0.0	0.0	0.0	0.0	0.0	0.0	0.0	0.0
924.8336478798276	4.079564227745209	16.642844288298363	855317.276250709	1102.1051790329043	25.420503974481107	1214635.82565115	646.2020223166098	860.7766036045405	2.5560378086420315	740936.3613129682	6.533329279207559	896.3539897652716	694.3158557184831	0.669537	25.788589	0.0980741552288324	0.0461800297447323	0.090736487	-0.0452514763	0.0044622484	-0.0260648789	0.0350510056	-0.0728666804	-0.0796521303	-0.1001484462	-0.0169020908	-0.0125730413	-0.0240824792	-0.0126760504	0.0530078132	0.0578772735	0.061550873	0.0478232916	0.0025508514	-0.008172784	-0.0230915655	0.0790477857	0.0979267398	0.0726497605	0.0044758888	-0.0613304494	-0.0641234044	-0.0130273161	-0.0005380678	0.0042874481	-0.0395323195	0.0077345316	-0.0149706298	0.0854583224	-0.0222163438	-0.0158154114	-0.044679072	-0.034781026	0.0545182975	0.0192428732	0.0052233944	0.0245911737	-0.0051470603	-0.0046632476	-0.1004825535	-0.0144215963	0.076539516	-0.0708008485	-0.0071629	0.0153358477	-0.0667141979	0.125848482	-0.0990337506	-0.0546054498	0.0880219453	-0.0509471395	0.0683794069	0.0745091236	-0.0430942802	-0.1242524367	-0.1003291122	0.0643488667793832	0.0069176816187593	0.0041407766557908	4.785431897852033e-05	0.0741330709359857	-0.0204404965153202	0.0004178138977928	0.0054957122063998	0.1742631533305001	-0.0251752069692229	0.0303676466086893	0.0006337910459432	0.0004609283219584	0.0006628456691014	2.1245491798338645e-07	4.393643810464826e-07	-0.0019371925687421	-0.0001353368050078	1.8316050789746335e-08	3.752715048389616e-06	0.0035349576326379	0.0001126329284012	1.268617656025236e-08	1.2495925464544946e-05	0.0	0.0	0.0	0.0	0.0	0.0	0.0	0.0	0.0	0.0	0.0	0.0	0.0	0.0	0.0	0.0	0.0	0.0	0.0	0.0	0.0	0.0	0.0	0.0	0.0	0.0	0.0	0.0	0.0	0.0	0.0	0.0	0.0	0.0	0.0	0.0	0.0	0.0	0.0	0.0	0.0	0.0	0.0	0.0	0.0	0.0	0.0	0.0	0.0	0.0
922.496049739896	-2.337598139931629	5.464365063811811	850998.9617857126	1082.5756145627215	-19.529564470182777	1171969.9612458542	381.4038883950255	858.8498460746106	-1.926757529929887	737623.0581023823	3.712394579141519	893.2918134724683	698.7585500812644	0.612501	23.591734	0.132442511837097	0.0630249187219988	0.1095536017	-0.0455485705	0.0065974238	-0.0463046006	0.0337437125	-0.0836318497	-0.030110625	0.0197601021	-0.0357574051	0.0077409826	0.0439832278	-0.014661336	0.0328044729	0.0822920708	0.0715823135	-0.0020468968	-0.0123903527	-0.0755364457	-0.0618727313	0.0087886071	0.0593284464	0.0901993287	-0.0237149884	-0.0494666513	-0.0112069637	0.0141818296	0.0507629448	-0.0594949947	-0.0658063879	0.0403014116	-0.00575219	0.0997715437	-0.0202032287	-0.0231218018	-0.0547739363	-0.0372219046	0.054348832	0.0310639854	0.0137561752	0.0224522597	0.0127206095	-0.017606663	-0.0959135091	-0.0125783074	0.0952578461	-0.0790847156	0.0193503609	-0.027832627	-0.0881931678	0.0415870994	-0.0570245413	-0.0464930031	-0.0473041596	-0.020037701	0.0768851016	0.0717238087	-0.0494042187	-0.1266188352	-0.0912870929	0.0753810977208075	0.0110322309414243	0.0056823098935939	0.0001217101195449	0.0361386220433246	-0.0379944488926611	0.001443578146657	0.0013060000031902	0.1317572889864635	-0.0425058643440366	0.0173599832010624	0.0018067485036336	0.0003008493155309	-0.0001600790064274	9.051031065541105e-08	2.5625288298815574e-08	-0.0022274213375967	-0.0002902287688546	8.423273827085685e-08	4.961405815181072e-06	0.0039028492105353	0.0003678915778974	1.3534421308783878e-07	1.5232231960176016e-05	0.0	0.0	0.0	0.0	0.0	0.0	0.0	0.0	0.0	0.0	0.0	0.0	0.0	0.0	0.0	0.0	0.0	0.0	0.0	0.0	0.0	0.0	0.0	0.0	0.0	0.0	0.0	0.0	0.0	0.0	0.0	0.0	0.0	0.0	0.0	0.0	0.0	0.0	0.0	0.0	0.0	0.0	0.0	0.0	0.0	0.0	0.0	0.0	0.0	0.0
923.0772370509352	0.5811873110392298	0.3377786905130104	852071.5855615884	1087.153534468605	4.577919905883391	1181902.80750758	20.9573506646834	860.0505757272979	1.2007296526873006	739686.9928088565	1.4417516988425656	895.9832774715305	690.4824811460293	0.529382	20.390219	0.090969292669651	0.0431474281507732	0.112263693	-0.0416815381	0.0183536554	-0.033381371	0.0169105187	-0.1176897602	-0.0323952565	-0.081668632	-0.0209292805	0.0294707492	0.0551714166	-0.0514882829	0.0548553843	0.0644434546	0.0569632406	0.0310615707	0.0114097246	-0.0229154495	-0.0625093401	0.099162214	0.0954185722	0.0975526187	0.004345426	-0.0605927472	-0.0550531416	-0.0025781868	-0.0099778086	-0.0380418698	-0.0793397838	-0.0075293528	-0.0123810982	0.1026028316	-0.0214831821	-0.0304055216	-0.0452184118	-0.0358987199	0.054303602	0.0321296099	0.0014360363	0.0405209311	-0.009902642	-0.0039094785	-0.1011273463	0.003896115	0.0861918151	-0.0587199159	0.0214278319	0.0084448087	-0.0996196353	0.1094829781	-0.0900994039	-0.0585607019	0.0763170238	-0.0929449634	0.1219614321	0.0688893378	-0.0555787436	-0.1282045865	-0.0812449131	0.0847180439269408	0.0093369462061332	0.007177146966807	8.717856445622683e-05	0.0278376693040769	-0.0083009527392477	6.890581637922393e-05	0.0007749358322831	0.1038016285083784	-0.027955660478085	0.0107747780809913	0.0007815189527659	0.0007448857657015	0.0004440364501705	5.548548039447098e-07	1.971683690801077e-07	-0.0022438945852871	-1.6473247690399796e-05	2.7136788946926223e-10	5.0350629098807655e-06	0.004349854177598	0.0004470049670626	1.9981344057872539e-07	1.8921231366366774e-05	0.0	0.0	0.0	0.0	0.0	0.0	0.0	0.0	0.0	0.0	0.0	0.0	0.0	0.0	0.0	0.0	0.0	0.0	0.0	0.0	0.0	0.0	0.0	0.0	0.0	0.0	0.0	0.0	0.0	0.0	0.0	0.0	0.0	0.0	0.0	0.0	0.0	0.0	0.0	0.0	0.0	0.0	0.0	0.0	0.0	0.0	0.0	0.0	0.0	0.0
920.8363859097255	-2.240851141209646	5.021413837060573	847939.649615285	1082.647246514866	-4.50628795373882	1172125.0603862212	20.3066311220116	856.6100618338879	-3.440513893409957	733780.7980350573	11.83713585074694	893.0463584637284	698.7169716889582	0.639169	24.618885	0.0762858856937263	0.0347506743904941	0.1268142797	-0.0420751922	0.0249048801	-0.0443065007	0.0233205519	-0.1161871472	-0.0106632476	0.0372683394	-0.0332349315	-0.0111726518	-0.0357784073	-0.0309321397	0.0018987712	0.1253277864	0.0278070034	-0.0122563275	-0.0166379777	-0.0637895889	-0.0756925767	0.0023113546	0.0652736618	0.1131304039	-0.0497257092	-0.0049443846	-0.0083507874	0.0032395163	0.0480917882	-0.0624168641	-0.05454213	0.0299212384	-0.012786667	0.1143780534	-0.0166506165	-0.041183784	-0.0520113854	-0.0381488215	0.0552262341	0.0479567574	0.0173406141	0.0168523797	-0.0006733295	-0.0249152231	-0.0923982631	-0.0199867059	0.1072853741	-0.0824949072	0.0018716155	-0.0440306892	-0.0963542026	0.01730446	-0.0349377718	-0.0606025843	-0.0918200592	-0.0206990995	0.0595260557	0.0660076536	-0.0616009311	-0.1289999139	-0.0703125971	0.104048853879334	0.0193308099523932	0.0108261639936029	0.0003736802134155	0.022577339226828	-0.0052603300772489	2.767107252160944e-05	0.0005097362465632	0.0822610586250292	-0.0215405698833492	0.0067668817661104	0.0004639961508994	0.0005160648178583	-0.0002288209478432	2.663228962311204e-07	5.235902617186045e-08	-0.0024778522483108	-0.0002339576630237	5.4736188087511204e-08	6.139751764458886e-06	0.0044901590823458	0.0001403049047478	1.9685466296289253e-08	2.0161528584772475e-05	0.0	0.0	0.0	0.0	0.0	0.0	0.0	0.0	0.0	0.0	0.0	0.0	0.0	0.0	0.0	0.0	0.0	0.0	0.0	0.0	0.0	0.0	0.0	0.0	0.0	0.0	0.0	0.0	0.0	0.0	0.0	0.0	0.0	0.0	0.0	0.0	0.0	0.0	0.0	0.0	0.0	0.0	0.0	0.0	0.0	0.0	0.0	0.0	0.0	0.0
927.7645526970402	6.928166787314694	47.99949503285041	860747.0652411391	1093.3853067456375	10.738060230771453	1195491.429007252	115.30593751967548	862.7813206425419	6.171258808653988	744391.6072496887	38.08443528338944	898.7314375282281	707.6885172999658	0.87409	33.667351	0.0607777253636492	0.0310704826369806	0.1215558502	-0.0459031804	-0.0023401293	-0.0075455859	-0.0125844034	-0.102673428	-0.0558852307	-0.1044126984	-0.0418181832	-0.014935471	0.0375295952	0.0498221092	0.0930061011	0.0531959532	0.0763465706	0.027329085	0.0284116129	0.025034317	-0.0214873717	0.13764411	0.087254952	0.105823435	0.0325578839	-0.0954368017	-0.0575746319	-0.0115351441	-0.0153347525	0.034031077	-0.0583908822	-0.0720580105	-0.0334262013	0.1176908985	-0.0369848102	-0.028368334	-0.0513267426	-0.0318851125	0.0606968311	0.026122938	0.004571657	0.0333664232	-0.011833028	0.0146225729	-0.0997458402	-0.0152931867	0.0517233713	-0.0330675175	0.0201893459	0.0208416568	-0.0932721219	0.1144621911	-0.0508817068	-0.0306404645	0.1770611464	-0.0916792076	-0.0028118011	0.063080731	-0.0674542747	-0.1289999139	-0.0586099215	0.1033574794182499	-0.0006913744610841	0.0106827685516939	4.779986454393435e-07	0.0334180007609177	0.0108406615340897	0.0001175199424966	0.0011167627748566	0.0850713222863746	0.0028102636613454	0.0072371298755522	7.897581846278466e-06	0.0003912379027145	-0.0001248269151437	1.5306709652044058e-07	1.5581758744317436e-08	-0.0020712068325965	0.0004066454157143	1.6536049412145585e-07	4.289897743394425e-06	0.0040929228990613	-0.0003972361832845	1.5779658531043688e-07	1.6752017857660356e-05	0.0	0.0	0.0	0.0	0.0	0.0	0.0	0.0	0.0	0.0	0.0	0.0	0.0	0.0	0.0	0.0	0.0	0.0	0.0	0.0	0.0	0.0	0.0	0.0	0.0	0.0	0.0	0.0	0.0	0.0	0.0	0.0	0.0	0.0	0.0	0.0	0.0	0.0	0.0	0.0	0.0	0.0	0.0	0.0	0.0	0.0	0.0	0.0	0.0	0.0
915.2439952919912	-12.52055740504909	156.7643577331296	837671.5709180463	1042.0742751208977	-51.31103162473983	1085918.7948687444	2632.8219663950504	853.9986229413821	-8.782697701159805	729313.6479857769	77.13577890995772	884.9232878588199	711.2859858852746	1.428424	55.018665	0.5185802391589921	0.3255225193062773	0.1061047542	0.0083015139	0.0490382524	-0.0974849618	0.0329563668	-0.0925839033	0.0968623806	0.2802016753	0.0681399672	-0.035856826	-0.0941196881	0.0901185902	-0.0486598717	0.1593019445	-0.0233279806	-0.1038751429	0.0080335273	-0.01681903	-0.0729549464	-0.0432246517	0.0109970013	0.0925271415	-0.0901401695	0.1049675431	0.108522067	-0.0316664639	0.0737639883	-0.0784098741	-0.0192371406	0.1463208569	-0.0366293092	0.1072481829	0.0150441154	-0.0690463959	-0.0324343655	-0.0253353722	0.0201453328	0.1079307004	0.0336351978	-0.0008683971	-0.00613921	-0.0726444059	-0.0716058876	-0.0074939178	0.1182752191	-0.0812843111	-0.1608303441	-0.0969224109	-0.1287354304	-0.1862962374	0.154640967	-0.1276554802	-0.3444249165	0.1187810496	-0.0454289257	0.0601105761	-0.0731227308	-0.1282045865	-0.0462651033	0.1621202906335241	0.0587628112152742	0.0262829886350983	0.0034530679819219	-0.0823563699021576	-0.1157743706630753	0.0134037049024311	0.006782571663461	-0.212348330819708	-0.2974196531060826	0.0450918136019161	0.0884584500537425	0.0001760189388551	-0.0002152189638594	3.098266683567543e-08	4.631920240471372e-08	-0.0025421327641821	-0.0004709259315855	2.217712330397652e-07	6.4624389907281234e-06	0.0043392460871075	0.0002463231880461	6.067511296924352e-08	1.8829056604477743e-05	0.0	0.0	0.0	0.0	0.0	0.0	0.0	0.0	0.0	0.0	0.0	0.0	0.0	0.0	1.0	0.0	0.0	0.0	0.0	0.0	0.0	0.0	0.0	0.0	0.0	0.0	0.0	0.0	0.0	0.0	0.0	0.0	0.0	0.0	0.0	0.0	0.0	0.0	0.0	0.0	0.0	0.0	0.0	0.0	0.0	0.0	0.0	0.0	0.0	0.0
905.6091331963504	-9.634862095640756	92.83056760201498	820127.9021286451	1084.0857240102175	42.01144888931981	1175241.8570027575	1764.9618377799306	850.4785099735966	-3.520112967785508	723313.6959269091	12.391195305971696	886.771846410982	704.1040006644394	2.164044	83.35253899999998	4.102044785683779	2.255712146674511	-0.1931314455	0.0992017802	0.1430988581	-0.0594571929	0.1790200694	0.1443943546	0.0410930744	-0.0971278162	-0.0955864766	0.0835540654	0.0042080498	-0.0491866178	-0.0938384327	-0.0379265461	-0.1809594962	-0.1942538783	0.1128798365	0.0308269205	-0.1943052156	-0.0699498433	-0.1856072986	-0.1313001181	-0.0102769847	0.1419296536	0.0702100422	-0.1946288926	0.0904713448	-0.1968760475	0.0050530193	-0.1288595256	-0.0904387612	-0.1632577153	0.1373461824	-0.1087725089	0.0888625668	-0.1879786529	0.0974966722	-0.2350169018	0.0834510828	-0.0650316721	0.3419711265	0.2263164057	0.0498216311	0.0059865978	0.1002618067	-0.0219586964	-0.016303511	0.0739211635	0.3495046242	-0.2116424154	0.2886156104	-0.1818464533	-0.0524181104	-0.2759083749	0.1123778806	0.0570992244	-0.0785907625	-0.1266188352	-0.033413395	0.6453602766318625	0.4832399859983384	0.416489886654354	0.2335208840676743	-1.0949656321726309	-1.0126092622704732	1.025377518035952	1.1989497356392091	-2.127516422947366	-1.915168092127658	4.526326129910755	3.667868821103893	0.0101853580376878	0.0100093390988327	0.0001037415183558	0.0001001868691954	-0.004627797880494	-0.0020856651163119	4.349998977400332e-06	2.141651322270476e-05	0.0060647907777091	0.0017255446906016	2.977504479263372e-06	3.678168717738535e-05	0.0	0.0	0.0	0.0	0.0	0.0	0.0	0.0	0.0	0.0	0.0	0.0	0.0	0.0	0.0	1.0	0.0	0.0	0.0	0.0	0.0	0.0	0.0	0.0	0.0	0.0	0.0	0.0	0.0	0.0	0.0	0.0	0.0	0.0	0.0	0.0	0.0	0.0	0.0	0.0	0.0	0.0	0.0	0.0	0.0	0.0	0.0	0.0	0.0	0.0
925.720915637168	20.111782440817592	404.4837929467788	856959.2136481167	1098.327628722878	14.241904712660473	1206323.5800160202	202.8318498445005	863.7710406456465	13.292530672049908	746100.4106580631	176.69137166738753	901.4140721158652	720.874796120572	1.639816	63.160851	2.121067853190272	1.2780297276473809	-0.1273822694	0.0621270586	0.0788096373	-0.0236427271	-0.0489888992	0.1322759342	-0.0369723018	-0.0999314714	0.0787478288	0.0435495106	0.0065002178	0.0452632453	0.0979779423	-0.14179212	-0.0267415307	-0.1892559671	0.0353555591	0.047475527	0.050790021	-0.0893632743	0.1165419961	-0.0962306106	0.1539030747	-0.0219767879	0.0683989731	-0.1060115601	0.063332868	-0.0278167356	0.0452571066	0.0467222598	0.0878253616	-0.1290594356	0.1155438836	-0.0807977458	0.023985668	-0.0465465133	0.0855615867	-0.1792575229	-0.0503903269	-0.1219698552	0.0129753189	-0.0971939939	0.3270364293	-0.0322785848	-0.0005247218	0.1332078685	0.2624106055	0.0211626979	-0.0921452642	0.0865376796	0.1826387055	0.0020624849	0.2701318339	-0.0303615348	0.0506267512	0.0540487397	-0.0838433825	-0.1242524367	-0.0201956026	0.742100447511234	0.0967401708793715	0.5507130741963738	0.00935866066177	-0.360893978868404	0.7340716533042269	0.538861192184801	0.130244463983468	-2.167774221016785	-0.0402577980694189	4.699245073304929	0.0016206903053981	0.0295935402697134	0.0194081822320256	0.0008757776256951	0.0003766775375515	-0.0023542595869847	0.0022735382935093	5.16897637205318e-06	5.5425382029093705e-06	0.0093830348709193	0.0033182440932102	1.1010743862124386e-05	8.804134338888758e-05	0.0	0.0	0.0	0.0	0.0	0.0	0.0	0.0	0.0	0.0	0.0	0.0	0.0	0.0	0.0	0.0	1.0	0.0	0.0	0.0	0.0	0.0	0.0	0.0	0.0	0.0	0.0	0.0	0.0	0.0	0.0	0.0	0.0	0.0	0.0	0.0	0.0	0.0	0.0	0.0	0.0	0.0	0.0	0.0	0.0	0.0	0.0	0.0	0.0	0.0
923.3136510345151	-2.4072646026528446	5.794922867185358	852508.0981866864	1081.2799262833908	-17.04770243948724	1169166.2789834149	290.6241584652992	856.4595392486195	-7.311501397026973	733522.9423699577	53.45805267872738	892.3580773968878	745.224182342602	1.693973	65.246819	1.6115044648989127	0.9902136732861292	-0.093557774	0.2152936262	0.1249243225	-0.0253174925	-0.067971666	0.1050874878	-0.0302263055	0.0511798602	0.2004507946	0.0680087156	0.0780410356	-0.1168705828	-0.0227742003	-0.0102264598	-0.1383297525	-0.2124762203	0.0120733399	0.0774257618	-0.046750369	-0.018067915	0.0689918941	-0.0583439441	0.0481469098	0.1740654391	0.1528061026	-0.1239508456	-0.002823818	-0.1299396683	0.0018107039	0.0885534115	0.0734800803	-0.0975026573	0.1948532085	-0.1113779708	0.0576905933	0.0554566188	0.0852615429	0.0579226546	-0.1554604028	0.0972222893	-0.2157311621	-0.2040877374	-0.0273326017	-0.025460634	-0.1662678144	-0.0481650857	-0.1470531241	-0.0761110566	0.0311590539	-0.0887253774	0.0949660331	0.1303686151	-0.1095726462	-0.052820612	-0.0425838975	0.0509612127	-0.0888661936	-0.1211199807	-0.0067565429	0.6385049544226007	-0.1035954930886333	0.4076885768222074	0.010732026188277	-0.3216303758341041	0.0392636030342999	0.001541630523235	0.103446098659187	-1.5622552655872255	0.6055189554295595	2.4406415148550127	0.3666532053845048	0.0145724614596672	-0.0150210788100461	0.0002123566329934	0.0002256328086176	-0.0027209792036873	-0.0003667196167026	1.34483277274502e-07	7.403727826898775e-06	0.0075083050307397	-0.0018747298401796	3.514611973659832e-06	5.6374644434631085e-05	0.0	0.0	0.0	0.0	0.0	0.0	0.0	0.0	0.0	0.0	0.0	0.0	0.0	0.0	0.0	0.0	0.0	1.0	0.0	0.0	0.0	0.0	0.0	0.0	0.0	0.0	0.0	0.0	0.0	0.0	0.0	0.0	0.0	0.0	0.0	0.0	0.0	0.0	0.0	0.0	0.0	0.0	0.0	0.0	0.0	0.0	0.0	0.0	0.0	0.0
919.3956498014732	-3.9180012330419913	15.350733662118564	845288.3608738731	1093.5491508250673	12.269224541676522	1195849.7452702257	150.53387085407746	859.7116005979939	3.252061349374344	739104.0362027646	10.57590302009448	899.756837647885	696.3402223916673	1.594956	61.432987	0.5161591814357424	0.3374620859316191	-0.062280333	0.1341462867	0.124499761	0.011666267	-0.112221044	0.0526042985	-0.1154373971	-0.0448122847	0.0588573335	0.1364155599	0.0959912051	0.1157779434	0.0600412129	-0.009714142	-0.0469356096	-0.186782919	0.0178235654	0.0828817662	-0.106256935	-0.0109047732	0.0386466386	-0.0040776445	0.1263728151	0.058435727	0.1595259712	-0.0577073163	-0.0304348491	-0.1610606142	0.0634177224	-0.1298173943	0.0145964613	-0.028299871	0.1386022077	-0.1491153788	0.0434398728	0.0641955221	0.0931511552	-0.0387528823	-0.0059833646	-0.0386072658	0.0831971899	0.2063507333	0.2365235097	-0.2558908012	0.0477544643	-0.0495602384	-0.0773092276	-0.1646175261	0.0087329247	-0.0123934216	-0.1030220402	0.1312100341	-0.1279878319	0.1356271771	-0.2923817416	0.0478387595	-0.0936454286	-0.1172407796	0.0067565429	0.5835055070906918	-0.0549994473319088	0.3404786768051654	0.0030249392068154	-0.349860992156934	-0.0282306163228299	0.0007969676979668	0.1224027138330342	-1.2371331024995769	0.3251221630876486	1.5304983133002286	0.1057044209307915	0.0157415771259131	0.0011691156662458	0.000247797250411	1.3668314410615918e-06	-0.0026251174661804	9.58617375069002e-05	9.189472717841838e-09	6.891241711245404e-06	0.0066171433406254	-0.0008911616901142	7.94169157927375e-07	4.378658599038308e-05	0.0	0.0	0.0	0.0	0.0	0.0	0.0	0.0	0.0	0.0	0.0	0.0	0.0	0.0	0.0	0.0	0.0	0.0	1.0	0.0	0.0	0.0	0.0	0.0	0.0	0.0	0.0	0.0	0.0	0.0	0.0	0.0	0.0	0.0	0.0	0.0	0.0	0.0	0.0	0.0	0.0	0.0	0.0	0.0	0.0	0.0	0.0	0.0	0.0	0.0
895.125839496707	-24.26981030476611	589.0236922293313	801250.2685346846	994.9779819671764	-98.57116885789084	989981.1845994748	9716.275330010823	849.415316923165	-10.296283674828828	721506.3806236809	106.01345751254664	868.5853294379292	691.2421503305719	1.736795	66.896172	1.44215481416941	0.7375511493931197	-0.0919174522	0.1058042553	0.1661465947	0.0018897029	0.0395936579	0.0862339179	0.5575714557	-0.0519413941	0.2641366211	-0.1079516025	0.0130058576	-0.0659093356	-0.1121003609	0.0091079556	-0.1090775145	-0.2343744464	0.0562534281	-0.0048548208	-0.0206083199	0.1456591877	0.0650593059	-0.0716657763	-0.1537818588	0.2125418168	0.1088473767	-0.2638853095	-0.0248268495	0.2077109582	-0.3447283843	0.2695117177	-0.2726792162	-0.062770066	0.1268016025	-0.1668750524	0.053704875	-0.0603828261	0.062417833	0.0474987327	-0.0052360297	0.0853606108	-0.0510756746	0.5220507304	-0.1802463714	0.1411087209	0.0065373741	0.2600549105	0.0174615445	0.2804112287	-0.06130326	-0.0370985066	-0.0706381706	0.1548981266	0.0380734403	0.235556933	-0.2112365769	0.0446835199	-0.098167988	-0.1126387502	0.0201956026	0.4824886084329307	-0.1010168986577611	0.2327952572675459	0.0102044138144323	-0.5105354299510765	-0.1606744377941424	0.0258162749604637	0.2606464252353305	-1.6723142526434884	-0.4351811501439115	2.796634959594549	0.1893826334405777	0.0056020363982217	-0.0101395407276914	3.138281180700076e-05	0.0001028102861685	0.0004202233316308	0.0030453407978112	9.274100574813356e-06	1.765876484468893e-07	0.0048963783146561	-0.0017207650259693	2.9610322745991272e-06	2.3974520600234503e-05	0.0	0.0	0.0	0.0	0.0	0.0	0.0	0.0	0.0	0.0	0.0	0.0	0.0	0.0	0.0	0.0	0.0	0.0	0.0	1.0	0.0	0.0	0.0	0.0	0.0	0.0	0.0	0.0	0.0	0.0	0.0	0.0	0.0	0.0	0.0	0.0	0.0	0.0	0.0	0.0	0.0	0.0	0.0	0.0	0.0	0.0	0.0	0.0	0.0	0.0
925.7930983267368	30.66725883002971	940.4807641480352	857092.8609094189	1121.2291896770091	126.25120770983268	1257154.8957837624	15939.367448191311	860.5252634684244	11.10994654525939	740503.7290674013	123.43091223852106	899.9534435356389	727.6278320694424	1.90771	73.47931699999998	1.1429074728340107	0.5882351429701377	-0.1194148819	0.1596120288	0.1159056341	-0.0520455354	-0.0726285899	0.1108267856	-0.1933773161	-0.0613306419	0.1248115148	0.024810989	0.1589343102	-0.2025015291	0.114314259	-0.0610073178	-0.0890635216	-0.1606008311	0.129296774	0.0007246755	-0.1052831429	0.0801806202	0.0860024219	-0.0336972474	0.1599023345	0.0451220773	0.0174515367	-0.1792460231	0.0871327776	-0.0644690077	-0.1018150168	-0.0497462687	0.0914588393	-0.1032937628	0.1561954139	-0.0854078725	0.0442868888	-0.0198344455	0.1355238498	0.0100456772	-0.113568076	0.0982529692	-0.2428365835	-0.0938061204	-0.2016587314	0.1251213513	-0.1735907201	0.1125249559	-0.0610420219	0.0397728317	0.0934346861	-0.0647324426	0.0635689871	0.0947611185	0.149615441	-0.2682177252	-0.1663215197	0.0414976565	-0.1024214758	-0.1073422654	0.033413395	0.6170775768856629	0.1345889684527322	0.3807847358950812	0.0181141904291705	-0.4921405106739769	0.0183949192770995	0.000338373055211	0.2422022822464427	-1.7414357065167323	-0.0691214538732438	3.0325983199314304	0.0047777753855509	0.0143790631257648	0.0087770267275431	0.0002067574563747	7.703619817600595e-05	-0.0049459588271811	-0.0053661821588119	2.8795910961551145e-05	2.446250872017064e-05	0.0091692120529198	0.0042728337382637	1.825710815484455e-05	8.407444967140974e-05	0.0	0.0	0.0	0.0	0.0	0.0	0.0	0.0	0.0	0.0	0.0	0.0	0.0	0.0	0.0	0.0	0.0	0.0	0.0	0.0	1.0	0.0	0.0	0.0	0.0	0.0	0.0	0.0	0.0	0.0	0.0	0.0	0.0	0.0	0.0	0.0	0.0	0.0	0.0	0.0	0.0	0.0	0.0	0.0	0.0	0.0	0.0	0.0	0.0	0.0
927.647941128208	1.85484280147125	3.4404418181697145	860530.7026794032	1111.7903869495642	-9.438802727444909	1236077.8645134617	89.09099692762145	864.1460475215206	3.620784053096145	746748.3914470661	13.110077159155344	906.3698185973744	736.7863494591151	1.593396	61.372871	0.9568857974475063	0.4958880835804017	-0.053220487	0.1269108355	0.1278668154	0.0558677683	-0.1972014044	0.0773962666	-0.2015173931	0.0566936754	0.0529288579	0.2141799188	0.1368020576	0.0422396148	0.12683556	-0.0705909755	-0.0158540646	-0.0777064869	-0.1168166575	0.1174309201	-0.0306496158	0.0752545448	0.0622846111	-0.001940515	0.1836137305	0.0345925688	0.1139521441	0.0830278704	-0.0854771418	-0.0820761594	-0.0840693424	-0.0977996787	0.1454328044	-0.0196737952	0.1407134825	-0.1213145699	0.0494951518	0.1625298773	0.0730816017	0.0004971406	-0.0386527388	0.0164393671	0.0507314733	0.1324378803	0.18418287	-0.1404497327	-0.0497678643	-0.1378949471	-0.0683198422	-0.1601703222	-0.070832563	0.0320817031	-0.1526591465	-0.0017476886	-0.0671482223	0.0213398845	-0.0229398966	0.0382833527	-0.1063942335	-0.1013839798	0.0462651033	0.7079132004293882	0.0908356235437253	0.5011410993421792	0.0082511105045773	-0.1716565385570305	0.3204839721169464	0.1027099763838556	0.0294659672293812	-1.3928365641609377	0.3485991423557946	1.939993694463646	0.1215213620511955	0.0129687905271404	-0.0014102725986244	0.0001681895277368	1.98886880243082e-06	-0.0060120177224458	-0.0010660588952647	1.1364815681729926e-06	3.614435709500238e-05	0.0106322217476515	0.0014630096947317	2.1403973668789435e-06	0.0001130441392912	0.0	0.0	0.0	0.0	0.0	0.0	0.0	0.0	0.0	0.0	0.0	0.0	0.0	0.0	0.0	0.0	0.0	0.0	0.0	0.0	0.0	1.0	0.0	0.0	0.0	0.0	0.0	0.0	0.0	0.0	0.0	0.0	0.0	0.0	0.0	0.0	0.0	0.0	0.0	0.0	0.0	0.0	0.0	0.0	0.0	0.0	0.0	0.0	0.0	0.0
929.6407818300474	1.992840701839441	3.971414062907916	864231.9832415818	1096.5184759281608	-15.271911021403412	1202352.7680518166	233.231266245663	860.8122658435209	-3.333781677999696	740997.7570266565	11.114100276566466	899.0001429181549	750.3243726155187	1.25838	48.469051	0.7563107140893538	0.518292852277637	-0.0393422971	0.0714245497	0.1279097417	0.1211955193	-0.2042891569	0.0516908403	-0.0754936481	-0.0454810768	0.1401397458	0.0360783305	0.1152205039	-0.0535368709	-0.0202979648	-0.0398306159	0.0137230738	-0.0980070092	-0.0620824573	0.2367898763	0.0208504161	-0.0263246371	0.1203031046	-0.0264965697	0.0500047915	0.0432930014	0.140600152	-0.0046931981	-0.1791917218	-0.097373373	0.0382994557	0.0313959075	0.1456690393	-0.0412258482	0.1032347404	-0.0866732805	0.0579216791	0.1207725596	0.1123973445	-0.0386445721	-0.0622547541	0.0080756701	-0.1722404718	-0.1874408797	0.025203549	-0.0348281065	-0.1563946014	0.0685384283	0.0459018811	0.1166038462	-0.0459518067	0.003789922	-0.0648331976	0.0356118716	-0.0253341574	-0.0220944574	0.0230547383	0.0350428114	-0.1100753719	-0.0948006283	0.0586099215	0.7027030995401589	-0.0052101008892293	0.4937916461033464	2.714515127594849e-05	-0.1388895944634356	0.0327669440935949	0.0010736726252327	0.0192903194502176	-1.4434931191126523	-0.0506565549517146	2.083672384925574	0.002566086559576	0.0227093257039713	0.0097405351768309	0.000515713473929	9.487802553108016e-05	-0.0034350906787692	0.0025769270436766	6.6405529884318205e-06	1.1799847971367044e-05	0.0116683018102403	0.0010360800625887	1.073461896094009e-06	0.0001361492671348	0.0	0.0	0.0	0.0	0.0	0.0	0.0	0.0	0.0	0.0	0.0	0.0	0.0	0.0	0.0	0.0	0.0	0.0	0.0	0.0	0.0	0.0	1.0	0.0	0.0	0.0	0.0	0.0	0.0	0.0	0.0	0.0	0.0	0.0	0.0	0.0	0.0	0.0	0.0	0.0	0.0	0.0	0.0	0.0	0.0	0.0	0.0	0.0	0.0	0.0
921.5905277605464	-8.05025406950108	64.80659058351868	849329.1008579624	1070.7684236218315	-25.75005230632928	1146545.017025582	663.0651937786939	863.1383579395435	2.3260920960226485	745007.8249465716	5.410704439179039	898.1577065881121	732.1791339380949	1.31404	50.612915	0.5564040441176656	0.2491439939284764	-0.0288027036	0.0496501296	0.0699862174	0.0869297572	-0.0761416153	0.058682609	0.0372492892	0.0512966758	0.0660425199	0.0885378655	0.1596458315	0.0197807396	0.0630849957	-0.0658928382	0.0260969263	-0.0857222271	-0.0492464489	0.1465099837	-0.0134688899	-0.0647929479	0.1457854012	-0.019836133	0.105078696	0.0242581345	0.0819289938	-0.0204425526	-0.1354019084	-0.0875066688	-0.0672044615	0.1017216104	0.1091320268	-0.0192536129	0.0844606011	-0.0889267454	0.0241660183	0.0991899809	0.1722392667	-0.0567336107	-0.0902967829	0.0165868717	-0.0313437508	-0.0529293688	0.2183089267	-0.0314557368	-0.2473956015	-0.042121635	0.1946046539	0.0621477955	-0.0886905811	0.1069430748	-0.1072033044	-0.0331377372	-0.1745328326	0.1246989774	0.2170754905	0.0317782535	-0.1134548014	-0.0876327994	0.0703125971	0.6405935971380075	-0.0621095024021514	0.4103601566942118	0.0038575902886428	-0.1872810642033044	-0.0483914697398688	0.0023417343435846	0.0350741970091222	-1.5631761388746028	-0.1196830197619505	2.443519641146912	0.0143240252193394	0.0259354557392561	0.0032261300352848	0.0006726478644029	1.0407915004566704e-05	-0.005496349828701	-0.0020612591499318	4.248789283177568e-06	3.020986143946152e-05	0.010431289951183	-0.0012370118590572	1.5301983394483949e-06	0.0001088118100456	0.0	0.0	0.0	0.0	0.0	0.0	0.0	0.0	0.0	0.0	0.0	0.0	0.0	0.0	0.0	0.0	0.0	0.0	0.0	0.0	0.0	0.0	0.0	1.0	0.0	0.0	0.0	0.0	0.0	0.0	0.0	0.0	0.0	0.0	0.0	0.0	0.0	0.0	0.0	0.0	0.0	0.0	0.0	0.0	0.0	0.0	0.0	0.0	0.0	0.0
886.7522051238652	-34.83832263668114	1213.7087241374895	786329.4732920375	1042.4700942393474	-28.2983293824841	1086743.897383394	800.7954458395628	845.9134297312041	-17.224928208339406	715569.5305996088	296.6981517824466	876.2334239720667	688.3333815937247	2.345084	90.325676	2.9252746353818257	1.5172094880539102	-0.1246660749	-0.0746041731	0.1467352148	-0.0190521244	0.1992041722	0.1429225731	0.0685467949	0.6807721283	0.0141065643	-0.1608860757	-0.253425752	-0.1103518494	-0.2979764783	-0.0310835961	-0.1684076051	-0.1417260659	-0.5261900276	-0.2818154062	0.0773040745	-0.4245763416	0.0083489047	-0.1610094874	-0.2160118651	0.2150368608	0.231303241	0.4529833129	0.3851947125	-0.1106289571	0.2355457127	0.3390369778	-0.140588326	-0.0993015852	-0.0355974892	-0.0625986775	0.0370092369	-0.0886260283	-0.0167927512	-0.2187429266	0.1711690369	-0.3724687843	-0.2728467648	-0.2136227741	0.039893971	0.2458809245	0.1846267401	0.3218848808	0.1036701485	-0.3521724834	0.1172333871	0.0547090254	-0.045104234	-0.1160763875	0.056828752	0.1820620792	0.0104281795	0.0284919163	-0.1165232592	-0.0799246852	0.0812449131	1.004324518558434	0.3637309214204265	1.00866773857763	0.1323001831973524	-0.4365631413196809	-0.2492820771163764	0.062141553971455	0.1905873763589076	-2.7739043566213155	-1.210728217746713	7.694545379682714	1.4658628172481314	0.0394087798616653	0.0134733241224092	0.0015530519301851	0.0001815304629074	-0.0057497237300796	-0.0002533739013785	6.419833389981237e-08	3.305932297224047e-05	0.0187352603093614	0.0083039703581784	6.895592370950552e-05	0.0003510099788595	0.0	0.0	0.0	0.0	0.0	0.0	0.0	0.0	0.0	0.0	0.0	0.0	0.0	0.0	0.0	0.0	0.0	0.0	0.0	0.0	0.0	0.0	0.0	0.0	1.0	0.0	0.0	0.0	0.0	0.0	0.0	0.0	0.0	0.0	0.0	0.0	0.0	0.0	0.0	0.0	0.0	0.0	0.0	0.0	0.0	0.0	0.0	0.0	0.0	0.0
922.8908193109144	36.13861418704914	1305.9994353603895	851727.4643683708	1118.646713523365	76.17661928401753	1251370.4696766254	5802.877325542152	857.5834996729722	11.67006994176802	735449.4589113427	136.19053244575744	896.4201910114878	727.4498740049596	2.526623	97.318001	4.900504030603195	2.43700758024654	-0.0735439345	-0.1535754547	0.0799301506	-0.0291506912	0.0787837573	-0.0747299722	-0.098325071	-0.1514946729	0.087879633	-0.3555838437	-0.3076140388	0.0222549338	-0.1349481049	-0.070929653	0.1073591452	0.053792055	-0.005709006	0.0777494566	0.3852862344	-0.0596781735	-0.0935419572	-0.0576698583	-0.1035358164	-0.13344799	0.0670079464	-5.48509e-05	-0.1329954692	0.3375106415	0.4140114976	0.056019779	-0.2475773141	-0.0659738859	-0.1601835554	-0.0522962775	0.0178736633	-0.1191037727	-0.3929194485	-0.2043004662	-0.1282433401	0.2752878054	-0.021971316	0.0044453924	0.050562738	-0.0874385796	-0.0216218018	-0.008063265	0.0307541514	-0.0541506495	-0.0586467076	0.034645917	-0.0222423017	0.0193473745	0.1037643603	-0.0052340601	-0.0723753877	0.0251860523	-0.1192723348	-0.0717238087	0.0912870929	1.6224072991990113	0.6180827806405773	2.63220544449423	0.382026323724388	-1.5707893946223948	-1.134226253302714	1.286469193681112	2.467379322258189	-4.579989904625535	-1.8060855480042195	20.97630752647181	3.261945006709701	0.0546501163903941	0.0152413365287287	0.0029866352214836	0.0002322983391819	-0.0090692296774141	-0.0033195059473345	1.1019119734389118e-05	8.225092694168867e-05	0.0270166068064118	0.0082813464970504	6.858069980420892e-05	0.0007298970433322	0.0	0.0	0.0	0.0	0.0	0.0	0.0	0.0	0.0	0.0	0.0	0.0	0.0	0.0	0.0	0.0	0.0	0.0	0.0	0.0	0.0	0.0	0.0	0.0	0.0	1.0	0.0	0.0	0.0	0.0	0.0	0.0	0.0	0.0	0.0	0.0	0.0	0.0	0.0	0.0	0.0	0.0	0.0	0.0	0.0	0.0	0.0	0.0	0.0	0.0
933.0525995744488	10.16178026353441	103.26177812435748	870587.1535726367	1082.622945194161	-36.023768329203904	1172072.4414608795	1297.7118846361543	870.2040424111449	12.62054273817273	757255.0754286976	159.27809900604444	903.2130231461688	733.0466050556079	1.394466	53.710682	1.118906179360827	0.6596738124028322	-0.0723302438	-0.1359596017	0.0289420588	-0.0362166396	0.1688197028	-0.0047815864	0.0125224731	-0.0148308568	0.0836489591	-0.2216655134	0.0513715481	0.0098728618	0.1043350505	-0.1978729378	0.2402409847	0.0673339902	-0.0491244481	0.0506184653	0.434216988	-0.0591560257	0.1585991241	-0.054185014	0.1050052744	-0.2536456086	0.033956329	0.074610548	-0.103940895	0.3482196998	0.1290392972	0.2890678932	0.1286282187	-0.0516066991	-0.1813013627	-0.0575853813	0.0243753846	-0.1473919945	-0.4269609414	-0.1716174587	-0.1301701197	0.3505523367	-0.0984292002	-0.0005150501	0.0451304449	-0.080581018	-0.1589101237	-0.1209671726	0.1136356589	0.0498756713	0.0362818692	-0.0557170895	0.0657495321	-0.3395970177	-0.0339687591	0.1424591308	-0.0452010923	0.0218629269	-0.1216944932	-0.063080731	0.1003291122	1.8082028655303333	0.185795566331322	3.2695976029121083	0.0345199924683766	-1.7020372835668385	-0.1312478889444437	0.017226008352373	2.8969309146515827	-5.171703651702131	-0.5917137470765965	26.74651866102916	0.3501251584794264	0.0568167096656695	0.0021665932752754	0.0032281384972329	4.69412642046859e-06	-0.0105643723908013	-0.0014951427133871	2.235451733394838e-06	0.0001116059640115	0.0275578503579185	0.0005412435515066	2.929445820475839e-07	0.0007594351163494	0.0	0.0	0.0	0.0	0.0	0.0	0.0	0.0	0.0	0.0	0.0	0.0	0.0	0.0	0.0	0.0	0.0	0.0	0.0	0.0	0.0	0.0	0.0	0.0	0.0	0.0	1.0	0.0	0.0	0.0	0.0	0.0	0.0	0.0	0.0	0.0	0.0	0.0	0.0	0.0	0.0	0.0	0.0	0.0	0.0	0.0	0.0	0.0	0.0	0.0
906.1170398852606	-26.935559689188157	725.5243757698178	821048.089970427	1082.881983861132	0.2590386669710369	1172633.390971021	0.0671010309861318	850.5511360639407	-19.65290634720418	723437.2350596602	386.2367278919783	887.9521670227858	718.9349018410647	1.87016	72.033012	3.450794441249874	1.8463713628112497	-0.0520127374	-0.0894671942	0.003087014	0.0141754443	0.1714799113	-0.0397636027	0.0056085044	0.067442915	-0.2832748598	0.0876268461	0.0892167532	-0.0469765099	-0.1924768434	0.0080960837	-0.0056894789	0.0682948747	0.0141341604	-0.1388360344	0.1286599105	0.1773220656	-0.2862965979	-0.0335721676	-0.1980835256	-0.0600270284	-0.0424231677	0.1049746445	0.117698312	0.1515862865	0.0482955776	-0.2536865966	0.1192792787	-0.0448894983	-0.1140217802	-0.0093206498	0.060759727	-0.1465081921	-0.270815823	-0.1684938545	0.1443517179	0.0307596001	0.021293133	0.0491250607	0.0435349815	0.0629434847	0.1223153301	0.1669558632	-0.3118058209	-0.1484595429	-0.2568810357	-0.1357623411	-0.1313224059	0.4862186219	-0.0663680132	-0.2493501183	0.2282549391	0.0185248178	-0.1237830955	-0.0540487397	0.1082719048	1.4632213033801804	-0.3449815621501528	2.141016582665594	0.1190122782235597	-0.9676831189043044	0.7343541646625341	0.5392760391572082	0.936410618612362	-3.873880273073184	1.2978233786289477	15.006948370105563	1.6843455221158563	0.0387695979409539	-0.0180471117247155	0.0015030817245032	0.0003256982416043	-0.0103901331415172	0.000174239249284	3.0359315991086734e-08	0.0001079548666984	0.0243064946157534	-0.003251355742165	1.0571314162109953e-05	0.0005908056805056	0.0	0.0	0.0	0.0	0.0	0.0	0.0	0.0	0.0	0.0	0.0	0.0	0.0	0.0	0.0	0.0	0.0	0.0	0.0	0.0	0.0	0.0	0.0	0.0	0.0	0.0	0.0	1.0	0.0	0.0	0.0	0.0	0.0	0.0	0.0	0.0	0.0	0.0	0.0	0.0	0.0	0.0	0.0	0.0	0.0	0.0	0.0	0.0	0.0	0.0
925.0966055483374	18.979565663076755	360.2239127590422	855803.7295970562	1090.8068475848202	7.924863723688077	1189859.5787379332	62.80346503902725	859.1418622805749	8.590726216634152	738124.7395229343	73.80057692916535	895.2715818804129	742.5937147356472	1.833078	70.604713	3.3855451885872228	1.8826195962763768	-0.0866709539	-0.0347234928	-0.1553682133	-0.0856656398	0.0049403079	0.1013162302	-0.0145172468	-0.0722497087	-0.2249999849	0.1187570943	0.0105232641	0.0941350615	0.0508353227	-0.0820812535	0.0070367414	0.0305517152	0.0987266871	-0.1740180844	-0.0389116369	0.0137031167	-0.1035109527	-0.0724725122	0.0528639361	-0.0754548466	-0.1177038772	-0.0496928782	0.135575644	0.0081598615	-0.0996959376	-0.1003479458	0.0031327295	-0.0976128215	-0.0267806119	0.1255476348	-0.1049513901	-0.0307027742	0.0278895989	0.1469083007	-0.0257852638	0.0139983797	0.0422251738	0.0024759116	0.077404262	0.0690784393	0.0901854413	-0.0201972196	0.0463204992	0.1200752715	0.0241565229	0.0781902	0.0321583253	-0.0358445752	0.0170057798	0.1056483829	-0.0566127621	0.0151740128	-0.1255324169	-0.0446835199	0.1150284477	1.3211469049320217	-0.1420743984481587	1.7454291444114605	0.0201851346944061	-0.3865639255689501	0.5811191933353543	0.3376995168627329	0.1494316685512768	-2.338769426879324	1.5351108461938598	5.469842432105442	2.3565653101020283	0.0216897159282477	-0.0170798820127062	0.000470443777048	0.0002917223695679	-0.0135412620806318	-0.0031511289391146	9.929613590925505e-06	0.0001833657787363	0.0266202986761296	0.0023138040603761	5.353689229813389e-06	0.0007086403016063	0.0	0.0	0.0	0.0	0.0	0.0	0.0	0.0	0.0	0.0	0.0	0.0	0.0	0.0	0.0	0.0	0.0	0.0	0.0	0.0	0.0	0.0	0.0	0.0	0.0	0.0	0.0	0.0	1.0	0.0	0.0	0.0	0.0	0.0	0.0	0.0	0.0	0.0	0.0	0.0	0.0	0.0	0.0	0.0	0.0	0.0	0.0	0.0	0.0	0.0
923.6000569932776	-1.4965485550598032	2.239657577651585	853037.0652779855	1088.932093191355	-1.874754393465082	1185773.103582106	3.514704035816628	859.1220960263853	-0.0197662541895624	738090.7758807696	0.0003907048046863	894.1409746996618	724.6966322306655	0.984313	37.912807	0.6572165293869618	0.3481092273913629	-0.0688914834	-0.0575880098	-0.1308443493	-0.0615739734	-0.0010349315	0.0526683439	0.0127468772	-0.0354952548	-0.100490902	-0.0441410855	-0.0661494756	-0.0778202247	0.0152133286	-0.0772508032	-0.0283147951	0.0819636054	0.0665919848	-0.1305532072	-0.0333641462	0.0124472876	0.0256959838	-0.084783976	0.0172963015	-0.0343032659	-0.1307525732	0.0134907423	0.0864377355	0.0005500228	-0.0199199898	-0.0380811347	-0.0109499764	-0.0866948075	-0.0483372716	0.1209496248	-0.1026962467	-0.0496925155	0.0172966159	0.1220133854	0.0056595109	-0.0386200985	-0.0075203101	-0.0162099517	0.0804623587	0.0116524189	0.1770062018	0.00970646	-0.0095483809	0.0311173557	0.0331708671	0.0049802554	-0.0168354892	0.0308375968	0.0132806988	-0.0330033523	-0.0660921625	0.0118128082	-0.1269376627	-0.0350428114	0.1205247148	1.3297171145672309	0.0085702096352091	1.768147604773002	7.34484931914319e-05	-0.6615006313566312	-0.2749367057876811	0.0755901921893819	0.4375830852852216	-2.2811333800171525	0.0576360468621715	5.203569497428479	0.0033219138978984	0.0242634616261101	0.0025737456978624	0.0005887155700817	6.624166917265223e-06	-0.0159409553374612	-0.0023996932568294	5.758527726872498e-06	0.0002541140570709	0.0279683310634758	0.0013480323873461	1.8171913173342933e-06	0.0007822275424761	0.0	0.0	0.0	0.0	0.0	0.0	0.0	0.0	0.0	0.0	0.0	0.0	0.0	0.0	0.0	0.0	0.0	0.0	0.0	0.0	0.0	0.0	0.0	0.0	0.0	0.0	0.0	0.0	0.0	1.0	0.0	0.0	0.0	0.0	0.0	0.0	0.0	0.0	0.0	0.0	0.0	0.0	0.0	0.0	0.0	0.0	0.0	0.0	0.0	0.0
923.5402161222064	-0.0598408710711737	0.0035809298505568	852926.5307950517	1091.965418253403	3.0333250620478798	1192388.4746613293	9.20106093204777	861.0368869922779	1.914790965892621	741384.5207613527	3.666424443063996	899.3534501455363	729.7594054611988	0.723302	27.859428	0.2182587143069013	0.1548188103514256	-0.0643346454	-0.0535885337	-0.1748240102	-0.0764437816	0.0210075657	0.0644593815	-0.0270705024	-0.0509103825	-0.14132084	0.0153718984	0.0055778519	-0.0210696791	0.0415160653	-0.0847583096	0.0269017905	0.0799756525	0.0816789091	-0.1204726498	0.0068049905	-0.0938282666	-0.0365529417	-0.0730182898	0.0613962688	-0.0845894066	-0.1327614845	0.0017290594	0.0774139536	-0.0418978424	0.0248080685	-0.038612165	0.0813464852	-0.0840277564	-0.0526810868	0.139905759	-0.1208370587	-0.0414936728	0.0292406836	0.153749347	-0.0235289388	0.005293947	0.0366371042	0.0040905407	0.09274151	0.0775073224	0.1189286203	-0.0123771489	0.0288428299	0.1171177326	0.0244608085	0.0605641742	0.0002416854	-0.0190555455	-0.019717335	0.0373335532	-0.0254356653	0.0084435077	-0.1279949812	-0.0251860523	0.124700488	1.3511231685681366	0.0214060540009057	1.8255338166416013	0.0004582191478896	-0.5130504392451343	0.1484501921114969	0.0220374595379403	0.2632207532096252	-2.275847040784754	0.0052863392323985	5.179479753048722	2.7945382479995752e-05	0.0242491242026689	-1.4337423441201924e-05	0.0005880200245964	2.055617109323264e-10	-0.0153725053785878	0.0005684499588734	3.231353557431715e-07	0.0002363139216147	0.0282478662604032	0.0002795351969273	7.813992632123967e-08	0.0007979419482656	0.0	0.0	0.0	0.0	0.0	0.0	0.0	0.0	0.0	0.0	0.0	0.0	0.0	0.0	0.0	0.0	0.0	0.0	0.0	0.0	0.0	0.0	0.0	0.0	0.0	0.0	0.0	0.0	0.0	0.0	0.0	0.0	0.0	0.0	0.0	0.0	0.0	0.0	0.0	0.0	0.0	0.0	0.0	0.0	0.0	0.0	0.0	0.0	0.0	0.0
922.7275147342008	-0.8127013880056211	0.660483546066263	851426.0664475547	1084.1044430128873	-7.8609752405157	1175282.4433602826	61.79493173200086	859.8274461722668	-1.209440820011082	739303.2371911224	1.4627470971090784	893.6402687550853	712.359176299285	0.745278	28.705915	0.3043528640587654	0.1613675851777671	-0.0702217194	-0.0701296237	-0.1445815672	-0.0445848443	-0.0042455965	0.0755588811	-0.0178087169	-0.0096391992	-0.059084101	-0.0276510468	-0.034895361	-0.0101420401	0.0225297245	-0.1015401687	-0.0040720663	0.0716456011	0.0839552788	-0.108160076	0.0033231783	-0.0215299043	0.0155077144	-0.091275036	0.0438068123	-0.0530263186	-0.1087237144	-0.0153606132	0.0714540978	0.0157715698	-0.0164336906	-0.0285710427	0.0053296056	-0.07978623	-0.0542431952	0.128775612	-0.1011002485	-0.041382652	0.0251114848	0.1146199355	0.0132011522	-0.0334112999	0.0235707821	0.0291912518	0.0632565334	0.0566826737	0.1302756694	-0.0085170952	-0.0315921966	0.0384920781	0.0314575611	0.0096384506	-0.0464752926	-0.0054123368	-0.0083043144	0.0290455849	-0.0848839914	0.0050684204	-0.1287014744	-0.0151740128	0.1275100165	1.327088082014157	-0.0240350865539795	1.7611627774240142	0.0005776853856572	-0.6393966600538903	-0.126346220808756	0.0159633675126549	0.4088280888880701	-2.221331500456884	0.0545155403278698	4.934313634922032	0.0029719441372396	0.0226742386392334	-0.0015748855634354	0.0005141210978689	2.4802645379175453e-06	-0.0150651076877994	0.0003073976907883	9.449334030204055e-08	0.0002269574696449	0.0283547033335425	0.0001068370731393	1.14141601969726e-08	0.0008039892011332	0.0	0.0	0.0	0.0	0.0	0.0	0.0	0.0	0.0	0.0	0.0	0.0	0.0	0.0	0.0	0.0	0.0	0.0	0.0	0.0	0.0	0.0	0.0	0.0	0.0	0.0	0.0	0.0	0.0	0.0	0.0	0.0	0.0	0.0	0.0	0.0	0.0	0.0	0.0	0.0	0.0	0.0	0.0	0.0	0.0	0.0	0.0	0.0	0.0	0.0
930.9700579388352	8.242543204634444	67.93951848026545	866705.2487786382	1107.8885697943674	23.784126781480158	1227417.0830810089	565.6846867575215	863.3606918711721	3.5332456989052616	745391.684268269	12.483825168832531	900.5506975084727	741.0098458382171	0.759136	29.239658	0.3463913864088733	0.1750150119263551	-0.0778988124	-0.0354713397	-0.1684832209	-0.0544119789	-0.0022137822	0.086552068	-0.0868817994	-0.0722140795	-0.0537681705	-0.0029902801	-0.0106249953	-0.0513639663	0.0563324893	-0.1031037427	0.0544475727	0.0862462555	0.0711457227	-0.0497135069	0.028661636	-0.0700742749	0.0269905778	-0.0784288339	0.076750909	-0.0965685069	-0.1104465186	-0.0078161643	0.0245714747	-0.0013653499	0.0273396118	-0.0102683364	0.0787102971	-0.0865871251	-0.0390585496	0.1470854909	-0.1124655723	-0.0260472359	0.036485211	0.1428503469	-0.0304144174	0.0166147565	0.0210617468	-0.0135076192	0.0239663984	0.0598261972	0.0518483301	-0.0304807393	-0.0254465289	0.0622898694	0.0141459049	-0.0172284938	0.033665226	-0.0103014443	-0.0139466946	0.0331012698	-0.0478469028	0.0016898595	-0.1290552057	-0.0050684204	0.1289225186	1.321522863822466	-0.0055652181916909	1.7464226796055322	3.097165352112822e-05	-0.531722498954494	0.1076741610993963	0.0115937249684587	0.2827288158944118	-2.151470358216258	0.0698611422406259	4.628824702283194	0.0048805791951649	0.0205248926600512	-0.0021493459791822	0.0004212712187066	4.619688138226695e-06	-0.0151754019648107	-0.0001102942770112	1.2164827541445309e-08	0.0002302928247935	0.0273485262921928	-0.0010061770413497	1.0123922385392396e-06	0.0007479418903547	0.0	0.0	0.0	0.0	0.0	0.0	0.0	0.0	0.0	0.0	0.0	0.0	0.0	0.0	0.0	0.0	0.0	0.0	0.0	0.0	0.0	0.0	0.0	0.0	0.0	0.0	0.0	0.0	0.0	0.0	0.0	0.0	0.0	0.0	0.0	0.0	0.0	0.0	0.0	0.0	0.0	0.0	0.0	0.0	0.0	0.0	0.0	0.0	0.0	0.0
926.1828907750776	-4.787167163757658	22.916969453759545	857814.7471644792	1090.3819354861064	-17.506634308261027	1188932.7652344275	306.4822448031821	861.8204162032516	-1.5402756679204683	742734.4297847459	2.3724491331878457	896.5207622693055	735.7784885320107	0.653843	25.184082	0.2321581755921353	0.1118932944350064	-0.0694075685	-0.0394960956	-0.1671938848	-0.0463912659	-0.0146285603	0.0805012939	-0.0265920739	-0.0325465456	-0.0613338526	-0.0576810664	-0.0069902758	0.037644399	0.0549101297	-0.1008861928	0.0039760487	0.0943652501	0.0292864369	-0.0836130577	-0.0319357169	-0.0093253814	-0.0518616576	-0.0813712626	0.0583478716	-0.0563837296	-0.1107488764	0.0429353221	0.0490058201	0.0145404678	-0.0226562155	-0.0359908714	-0.0006926626	-0.0792839055	-0.0506334882	0.1375102287	-0.1052555797	-0.0313401511	0.0300276763	0.1072035043	-0.0122982353	-0.0185405333	0.0218743166	0.0189595503	0.0500158018	0.0274135266	0.0885873776	-0.0245836943	-0.0183384603	0.0047653471	0.0154272795	-0.0222715858	0.0112940338	0.0436835509	0.0109607845	-0.0307415774	-0.0450217861	-0.0016898595	-0.1290552057	0.0050684204	0.1289225186	1.3365013441301985	0.0149784803077324	1.7862358428618272	0.0002243548723291	-0.6160253152961843	-0.0843028163416903	0.0071069648431407	0.3794871890857633	-2.1826046541560657	-0.0311342959398075	4.76376307634372	0.0009693443836675	0.0214249866949072	0.000900094034856	0.0004590300548769	8.101692715833553e-07	-0.0158608306689851	-0.0006854287041743	4.6981250850619646e-07	0.0002515659495102	0.0277978552132205	0.0004493289210277	2.0189647927191787e-07	0.0007727207544551	0.0	0.0	0.0	0.0	0.0	0.0	0.0	0.0	0.0	0.0	0.0	0.0	0.0	0.0	0.0	0.0	0.0	0.0	0.0	0.0	0.0	0.0	0.0	0.0	0.0	0.0	0.0	0.0	0.0	0.0	0.0	0.0	0.0	0.0	0.0	0.0	0.0	0.0	0.0	0.0	0.0	0.0	0.0	0.0	0.0	0.0	0.0	0.0	0.0	0.0
927.1758226802278	0.9929319051502716	0.985913768265348	859655.0061627573	1096.006214658246	5.6242791721397225	1201229.6225694974	31.63251620616468	859.7021256435064	-2.118290559745219	739087.7448359632	4.4871548955057134	896.9740365172316	728.3578898051356	0.709232	27.317526	0.1184666132600493	0.0664137895176337	-0.0689184664	-0.0565925853	-0.1883619003	-0.097360598	0.0154317019	0.0698161064	-0.0896047002	0.0314267715	-0.1224896481	-0.0203627857	-0.0785797843	0.0609792753	0.0609676317	-0.0976236052	-0.0167446736	0.0852756226	0.1208444568	-0.1891250409	-0.05696191	0.0446665182	-0.0114036274	-0.0863296914	0.0776957398	-0.0710486113	-0.1432220978	-0.0126862675	0.1406928308	-0.0052143266	-0.0625539451	-0.0739642662	0.0164927943	-0.0846305419	-0.05818477	0.1545248399	-0.1370980889	-0.0533598878	0.0315333995	0.1587038617	-0.0469047203	0.0101205367	-0.0107159518	-0.0175782779	0.0392289459	0.0700264342	0.0842022422	-0.0151294308	0.0084227627	0.0713277423	0.0372990461	0.0017499862	-0.0027932553	-0.037190099	-0.0412262786	-0.0068050152	-0.0536615181	-0.0050684204	-0.1287014744	0.0151740128	0.1275100165	1.346736615435404	0.0102352713052054	1.813699511354407	0.0001047607786911	-0.6085539283750876	0.0074713869210967	5.582162252473517e-05	0.3703378837407512	-2.191751754167143	-0.0091471000110772	4.803775751894748	8.366943861264877e-05	0.0226317761946661	0.0012067894997588	0.0005121972937254	1.4563408967283294e-06	-0.016201744755018	-0.0003409140860329	1.1622241405564805e-07	0.0002624965331067	0.0280824087278821	0.0002845535146616	8.097070270627021e-08	0.0007886216799598	0.0	0.0	0.0	0.0	0.0	0.0	0.0	0.0	0.0	0.0	0.0	0.0	0.0	0.0	0.0	0.0	0.0	0.0	0.0	0.0	0.0	0.0	0.0	0.0	0.0	0.0	0.0	0.0	0.0	0.0	0.0	0.0	0.0	0.0	0.0	0.0	0.0	0.0	0.0	0.0	0.0	0.0	0.0	0.0	0.0	0.0	0.0	0.0	0.0	0.0
921.701923908612	-5.473898771615836	29.96356776189736	849534.4365368368	1097.2232603381294	1.217045679883313	1203898.8830270346	1.4812001869226354	855.2371331674082	-4.464992476098246	731430.5539484071	19.936157811613946	891.154396454423	719.7504310880713	1.060481	40.846573	0.907445012872336	0.4285697261202273	-0.0700205207	-0.0365214224	-0.140651119	0.0063654074	-0.0668775346	0.0769607484	-0.0507023567	0.0359107088	-0.0272707815	-0.0054597641	-0.0794295811	0.0543986332	-0.0433247092	-0.0526456853	-0.0960789194	0.131471507	-0.0341374524	-0.1243017629	-0.1657935147	0.1274607959	-0.037328606	-0.0846944401	-0.013339114	0.0623038663	-0.0745770426	0.0977856881	0.0535461022	-0.0107303688	-0.1277803831	-0.1032216762	-0.0808288631	-0.0714503603	-0.0412504106	0.1085936376	-0.0684850184	0.0683370052	0.0224511481	0.0053872996	0.0372558474	-0.063253369	0.0731199516	0.0612953525	0.0360374666	-0.1007333695	0.0067248108	-0.0799182211	-0.0149404299	-0.0417676847	0.0425241917	0.0291184671	-0.0375760003	-0.0385609959	-0.0407795609	-0.1108946319	0.0813951369	-0.0084435077	-0.1279949812	0.0251860523	0.124700488	1.30595673853621	-0.0407798768991938	1.705523002928135	0.0016629983599134	-0.4146653305011654	0.1938885978739222	0.0375927883855155	0.1719473363196407	-1.920843404323513	0.27090834984363	3.689639383933143	0.0733913340149986	0.0204649309967105	-0.0021668451979555	0.0004188134007001	4.69521811190323e-06	-0.0119614888504648	0.0042402559045532	1.7979770136098274e-05	0.0001430772155197	0.0264521460652791	-0.001630262662603	2.657756349077425e-06	0.0006997160314588	0.0	0.0	0.0	0.0	0.0	0.0	0.0	0.0	0.0	0.0	0.0	0.0	0.0	0.0	0.0	0.0	0.0	0.0	0.0	0.0	0.0	0.0	0.0	0.0	0.0	0.0	0.0	0.0	0.0	0.0	1.0	0.0	0.0	0.0	0.0	0.0	0.0	0.0	0.0	0.0	0.0	0.0	0.0	0.0	0.0	0.0	0.0	0.0	0.0	0.0
928.945853448739	7.243929540126942	52.47451518232373	862940.398639606	1098.3303012098288	1.1070408716993825	1206329.450555673	1.2255394916129283	862.7545017195337	7.517368552125504	744345.3302373209	56.51082994848549	898.3030947409998	744.6345927587425	0.975552	37.575382	1.2494346884801448	0.5881134945754956	-0.0329754429	0.0127891576	-0.0724971086	0.0275127167	-0.1535968217	0.0484004763	-0.0392563375	-0.087769234	0.0895210471	-0.0209607788	0.0627016945	0.054531236	0.0621726721	-0.0652912671	0.0113285723	0.0561673414	-0.0551339319	0.0854418826	-0.0204617002	0.0500112837	0.0016826601	-0.0241691022	0.0762333718	0.0100809728	0.0063084441	0.0470987934	-0.1392096689	0.0345307311	-0.0903664271	0.0152283435	-0.0506687739	-0.0353266015	0.0151451825	0.0452820018	-0.029657773	0.1637712503	0.0541771011	-0.0631245772	0.0017355391	-0.0141040305	0.0325150328	0.0337896824	-0.0425332657	-0.0285852425	-0.1901173923	-0.0242355649	0.1068475464	0.0115625251	-0.0316455608	0.0375450911	-0.0346457813	-0.0099897332	0.046404895	-0.0343481739	0.1362283085	-0.0118128082	-0.1269376627	0.0350428114	0.1205247148	1.078954230801898	-0.227002507734312	1.1641422321653154	0.0515301385176664	-0.1238340391208794	0.2908312913802859	0.0845828400459248	0.0153348692449914	-1.5721534994484614	0.3486899048750516	2.471666625828043	0.1215846497617725	0.0205765989587874	0.0001116679620769	0.0004233964247107	1.2469733754408e-08	-0.0102123727766703	0.0017491160737945	3.059407039606288e-06	0.0001042925577296	0.0206547104113406	-0.0057974356539385	3.361026016155733e-05	0.0004266170621763	0.0	0.0	0.0	0.0	0.0	0.0	0.0	0.0	0.0	0.0	0.0	0.0	0.0	0.0	0.0	0.0	0.0	0.0	0.0	0.0	0.0	0.0	0.0	0.0	0.0	0.0	0.0	0.0	0.0	0.0	0.0	1.0	0.0	0.0	0.0	0.0	0.0	0.0	0.0	0.0	0.0	0.0	0.0	0.0	0.0	0.0	0.0	0.0	0.0	0.0
925.1804008331118	-3.7654526156271686	14.178633400533483	855958.7740857174	1080.02686546359	-18.303435746238847	1166458.0301231074	335.015760116694	859.1812623577354	-3.5732393617983007	738192.4415866317	12.768039536704729	894.5596040084314	731.2531311162464	0.854831	32.925556	0.4471864214376388	0.2379330191185502	-0.0119116951	0.0263066388	-0.0535933729	0.0413944814	-0.110115226	0.0370615636	0.0565886212	0.0101438311	0.0805907708	-0.0101952195	0.0337636933	0.0456855923	0.0183378748	-0.02945664	-0.0404893675	0.0516244592	-0.0063526833	0.0095768451	-0.0272859483	0.0922056771	-0.0021979909	-0.0233070733	0.0303242434	0.0301033382	-0.0237220108	0.0080904652	-0.0370494736	0.0387620036	-0.0757270871	0.0066975053	0.0407861618	-0.0218992633	0.0158865055	0.0453842815	-0.0109249787	0.1683688159	0.0291605201	-0.0446476893	0.0208632371	-0.0372526914	0.0194319152	-0.0745736898	-0.0819598192	-0.0958089019	-0.0742644272	-0.0784934429	-0.0239200735	-0.084989571	0.0505561949	-0.0863354555	-0.0142587825	7.93215e-05	-0.0669529101	-0.0808482717	0.0306506763	-0.0151740128	-0.1255324169	0.0446835199	0.1150284477	1.0609225317164288	-0.0180316990854692	1.125556618303597	0.0003251421719089	-0.2785903152666833	-0.1547562761458039	0.0239495050065163	0.07761256376039	-1.4204215522749806	0.1517319471734808	2.017597386167265	0.0230225837930559	0.0188322495685691	-0.0017443493902183	0.0003546536238128	3.0427547951549595e-06	-0.0106785457498106	-0.0004661729731403	2.173172408864669e-07	0.0001140313393307	0.0208975180286397	0.000242807617299	5.895553901846543e-08	0.0004367062597573	0.0	0.0	0.0	0.0	0.0	0.0	0.0	0.0	0.0	0.0	0.0	0.0	0.0	0.0	0.0	0.0	0.0	0.0	0.0	0.0	0.0	0.0	0.0	0.0	0.0	0.0	0.0	0.0	0.0	0.0	0.0	0.0	0.0	0.0	0.0	0.0	0.0	0.0	0.0	0.0	0.0	0.0	0.0	0.0	0.0	0.0	0.0	0.0	0.0	0.0
926.1744623362624	0.9940615031506468	0.9881582720461234	857799.1346838648	1083.7080945677112	3.6812291041212575	1174423.2342315794	13.551447717029395	858.3007255836769	-0.8805367740584416	736680.1355374663	0.775345010469247	892.4179342460127	733.8942780732682	0.906644	34.921234	0.7799191617395183	0.439948949539617	0.0492416773	0.005627457	-0.0170673353	0.1208474371	-0.1562379226	-0.0389100971	0.0628149145	-0.0897041102	0.1117033375	-0.0587672182	0.0123129908	0.1986855404	0.021044449	0.0186190916	-0.0187206315	0.0627228949	-0.0726852798	0.0487691166	-0.028224772	0.1623366758	-0.0756315955	0.0513714697	0.0009081351	0.0359063844	0.0331546866	0.0709468936	-0.1232470262	0.1295154385	-0.0792279103	-0.0651394525	-0.2193552815	0.0439582965	0.0036013208	-0.0112055506	0.0405528314	0.2236076259	-0.0323885695	-0.0797686674	0.0663190787	-0.0315682961	0.104617669	0.0343171196	-0.1265819401	-0.0255925173	-0.0450244331	-0.0447015267	0.0277848966	-0.0062703704	-0.0603964819	0.0428556832	-0.017895793	0.0122765725	0.0781365244	0.0425227758	0.0272307443	-0.0185248178	-0.1237830955	0.0540487397	0.1082719048	1.0307345272860573	-0.0301880044303715	1.062413665739612	0.0009113156114881	-0.0839580826571477	0.1946322326095356	0.0378817059705723	0.0070489596434644	-1.0464425389861844	0.3739790132887961	1.0950419873998525	0.1398603023804615	0.0163560451246316	-0.0024762044439375	0.0002675202121189	6.1315884481758266e-06	-0.0112713593185456	-0.0005928135687349	3.514279272763259e-07	0.0001270435408877	0.0214508982441835	0.0005533802155438	3.0622966295530335e-07	0.0004601410354823	0.0	0.0	0.0	0.0	0.0	0.0	0.0	0.0	0.0	0.0	0.0	0.0	0.0	0.0	0.0	0.0	0.0	0.0	0.0	0.0	0.0	0.0	0.0	0.0	0.0	0.0	0.0	0.0	0.0	0.0	0.0	0.0	1.0	0.0	0.0	0.0	0.0	0.0	0.0	0.0	0.0	0.0	0.0	0.0	0.0	0.0	0.0	0.0	0.0	0.0
925.1002100739432	-1.0742522623191917	1.1540179230979015	855810.3986788539	1084.0900105971955	0.3819160294842731	1175251.1510766274	0.1458598535770322	858.4918337221499	0.1911081384729414	737008.2285676195	0.0365223205905929	896.6293323917507	734.4037109211318	0.767889	29.576824	0.2191246214302682	0.1138954298403054	0.0606914114	0.0158766207	0.0115755317	0.0877395568	-0.1260268561	-0.0483292568	-0.0195720615	0.0222555585	0.0111298076	0.0419743626	0.0333431832	0.0601045555	0.0075377449	0.0441552757	0.0064029604	0.0401781208	-0.0987327026	0.0737378443	-0.0221307976	0.0704493982	-0.1014085702	0.0600692441	0.0214245351	0.0192103149	0.0683476281	0.1043874605	-0.0821941916	-0.0172720677	0.0192150757	-0.1214060673	-0.0052185444	0.0383040002	0.0043258774	0.0026736373	0.0360739677	0.2077959732	-0.0370435106	-0.0443750943	0.052045211	-0.0288936483	0.0370537542	-0.0770323385	-0.1878033508	-0.026477587	0.0230095145	-0.0186152753	-0.0254177551	0.0230545504	0.0570840727	-0.0295149445	0.0412816363	-0.0015987177	0.0356896156	-0.0027671646	-0.0193381352	-0.0218629269	-0.1216944932	0.063080731	0.1003291122	1.0201142597769175	-0.0106202675091398	1.0406331030002085	0.0001127900819656	-0.1105443898275098	-0.0265863071703621	0.0007068317289568	0.0122200621223364	-0.969052763655398	0.0773897753307863	0.9390632587481648	0.0059891773257495	0.0148316949902683	-0.0015243501343632	0.0002199791762843	2.323643332133408e-06	-0.0109343767197873	0.0003369825987582	1.1355727186589705e-07	0.0001195605942502	0.0216801309394615	0.000229232695278	5.2547628584416955e-08	0.0004700280775521	0.0	0.0	0.0	0.0	0.0	0.0	0.0	0.0	0.0	0.0	0.0	0.0	0.0	0.0	0.0	0.0	0.0	0.0	0.0	0.0	0.0	0.0	0.0	0.0	0.0	0.0	0.0	0.0	0.0	0.0	0.0	0.0	0.0	0.0	0.0	0.0	0.0	0.0	0.0	0.0	0.0	0.0	0.0	0.0	0.0	0.0	0.0	0.0	0.0	0.0
923.0416577101856	-2.058552363757599	4.237637834331998	852005.9018683675	1093.524830114373	9.434819517177402	1195796.554076668	89.01581932171163	858.7485199916509	0.2566862695010741	737449.020587851	0.065887840950378	897.6465782306938	725.9001888961701	0.630529	24.286112	0.0844776449527381	0.043071060343444	0.0628382593	0.0080895653	-0.0162475742	0.0802891657	-0.1098618897	-0.0508907746	0.0032130336	-0.0176269833	0.060797354	0.0189510787	0.0132841513	0.0694562382	-0.002920689	0.0354602008	0.0138751132	0.0619922081	-0.0615005681	0.1040922429	-0.0349883604	0.0532399677	-0.0842243623	0.047201378	0.0015455413	0.0186096766	0.0327448062	0.0739672912	-0.1315636616	0.0227008376	-0.002820024	-0.0890053469	-0.0555009095	0.0393711035	-0.0003092914	0.0017022006	0.0356492973	0.2008984275	-0.0449158566	-0.0613191765	0.0628162933	-0.0324622142	0.0942513436	0.0054794213	-0.1514725058	-0.0118078494	-0.0239569382	-0.0295134466	0.0047172551	0.0075678703	-0.019360825	0.027525184	0.0189423231	0.0196241882	0.0627553782	0.0650668282	-0.0038633319	-0.0251860523	-0.1192723348	0.0717238087	0.0912870929	1.0227800800174407	0.0026658202405231	1.0460790920804823	7.106597554783161e-06	-0.1456542742948983	-0.0351098844673885	0.0012327039873133	0.0212151676203734	-0.9511532579990316	0.0178995056563664	0.9046925202021724	0.0003203923027422	0.014697937990707	-0.0001337569995613	0.0002160293811786	1.7890934931641755e-08	-0.010771201414635	0.0001631753051523	2.662618021154648e-08	0.0001160187799146	0.0219592473265171	0.0002791163870555	7.790595752297083e-08	0.0004822085431471	0.0	0.0	0.0	0.0	0.0	0.0	0.0	0.0	0.0	0.0	0.0	0.0	0.0	0.0	0.0	0.0	0.0	0.0	0.0	0.0	0.0	0.0	0.0	0.0	0.0	0.0	0.0	0.0	0.0	0.0	0.0	0.0	0.0	0.0	0.0	0.0	0.0	0.0	0.0	0.0	0.0	0.0	0.0	0.0	0.0	0.0	0.0	0.0	0.0	0.0
923.0208412184096	-0.0208164917760314	0.0004333263298615	851967.4733235405	1080.8043797921923	-12.720450322180568	1168138.1073779855	161.8098563990637	858.5083924281744	-0.2401275634765625	737036.6598696082	0.0576612467411905	895.1778555833862	715.487174583135	0.670998	25.844851	0.1503447477641127	0.0693028627682972	0.0594355858	0.0023100594	0.0075643841	0.06489279	-0.1360939247	-0.0518692208	-0.0055507301	0.0574405397	0.0687396458	0.0265347096	0.0703270577	0.0360945929	0.0153517366	0.0317973236	0.0078223642	0.0374301862	-0.1247761652	0.0787003133	-0.0288588985	0.081617799	-0.074461759	0.0473781166	0.027630197	0.0251455563	0.0656384185	0.1019387486	-0.0821589215	0.0073111115	-0.0431180528	-0.0623210926	0.0241173878	0.038043096	0.004699905	0.0082722881	0.0327883535	0.2058274144	-0.0609368813	-0.0475664715	0.0488269241	-0.0185520929	0.0329904701	-0.0606171591	-0.1815950324	0.0155984147	0.0257622673	-0.0093647442	-0.0211883103	0.0258282152	0.0577251326	-0.026440668	0.0351431678	0.0022772629	0.0054464356	-0.0214093202	0.0438088017	-0.0284919163	-0.1165232592	0.0799246852	0.0812449131	1.0231998584080344	0.0004197783905937	1.0469379502462215	1.7621389720944186e-07	-0.183712260228944	-0.0380579859340456	0.001448410293356	0.0337501945584272	-0.9106476032333432	0.0405056547656884	0.8292790572746324	0.0016407080679971	0.0141535059871008	-0.0005444320036061	0.0002003217317268	2.9640620655066093e-07	-0.0103424141003876	0.0004287873142473	1.8385856085949762e-07	0.0001069655294238	0.0224132545821392	0.000454007255622	2.0612258815751013e-07	0.0005023539809637	0.0	0.0	0.0	0.0	0.0	0.0	0.0	0.0	0.0	0.0	0.0	0.0	0.0	0.0	0.0	0.0	0.0	0.0	0.0	0.0	0.0	0.0	0.0	0.0	0.0	0.0	0.0	0.0	0.0	0.0	0.0	0.0	0.0	0.0	0.0	0.0	0.0	0.0	0.0	0.0	0.0	0.0	0.0	0.0	0.0	0.0	0.0	0.0	0.0	0.0
924.7888430008076	1.7680017823979597	3.1258303025623624	855234.4041387723	1096.58376302261	15.77938323041758	1202495.9493248274	248.98893513238352	859.1843189192407	0.6759264910663205	738197.6938767195	0.4568766213252286	896.132642956403	718.579261077317	0.69636	26.821714	0.0911433294711136	0.051550326307319	0.0452202945	-0.0020117856	-0.0129561908	0.0948307303	-0.0940248769	-0.0223214382	-0.0504869681	0.0374619097	0.0600546023	0.0294422466	0.0454801877	-0.0030946154	0.0068799623	0.0139849138	0.0167686422	0.0477383268	-0.0634073528	0.0907158429	-0.0239274255	0.037779349	-0.1171990535	0.0328015706	0.0121359822	0.0040961897	0.0395288378	0.0609196661	-0.0935329355	0.0280375894	0.0139230925	-0.0598573189	-0.0335347914	0.0319739403	0.0013611902	0.008673616	0.037890168	0.1842345763	-0.058176535	-0.059018305	0.0680532762	-0.0577606879	0.087829251	0.0003399745	-0.1346606533	-0.0271884068	-0.0064073649	-0.0237123831	-0.0227650768	0.0068525139	-0.02740416	0.0365414039	0.0505508363	-0.0302720906	0.0334925197	0.10930759	0.0039165257	-0.0317782535	-0.1134548014	0.0876327994	0.0703125971	1.020348522396418	-0.0028513360116164	1.0411111071565533	8.130117051140905e-06	-0.1404403959398905	0.0432718642890535	0.0018724542390502	0.0197235048117532	-0.9305970974122316	-0.0199494941788884	0.8660109577120705	0.0003979823179935	0.0138213501617828	-0.000332155825318	0.0001910297202946	1.1032749229268197e-07	-0.0101939003967124	0.0001485137036752	2.205632017932537e-08	0.000103915605298	0.0224339977529771	2.0743170837903e-05	4.302791364104296e-10	0.0005032842551805	0.0	0.0	0.0	0.0	0.0	0.0	0.0	0.0	0.0	0.0	0.0	0.0	0.0	0.0	0.0	0.0	0.0	0.0	0.0	0.0	0.0	0.0	0.0	0.0	0.0	0.0	0.0	0.0	0.0	0.0	0.0	0.0	0.0	0.0	0.0	0.0	0.0	0.0	0.0	0.0	0.0	0.0	0.0	0.0	0.0	0.0	0.0	0.0	0.0	0.0
927.9396858041848	3.150842803377259	9.927810371594264	861072.0604903692	1082.686194873793	-13.897568148816845	1172209.396570293	193.14240045100848	861.1900033833068	2.005684464066121	741648.22192734	4.022770169396203	896.521459890906	727.721162552771	0.8150389999999998	31.392881	0.1754499499618627	0.0841037900308006	0.0604741753	0.0268083112	0.0256754989	0.0585269547	-0.1307984593	-0.0727300124	-0.0173140985	0.018031463	0.0837602848	0.0146555755	0.0441718921	0.0795488528	0.0568079238	0.0185243858	0.0130904853	0.0439220329	-0.1085835847	0.1069420445	0.0093188849	0.0350967994	-0.1049758692	0.0648023092	0.0514112621	0.019502031	0.0544562223	0.0928928514	-0.1064077315	0.0392119445	0.0152383617	-0.0579508712	0.0098075242	0.0327303957	0.0133570407	0.0112579314	0.0352140926	0.2127490245	-0.072853904	-0.0555885219	0.0348424955	-0.0160971349	0.0377564623	-0.0943056442	-0.1787462699	0.0381415457	0.0704621011	-0.0270922962	-0.0442359666	0.0191814261	0.1195951572	-0.0673867609	0.1204413068	-0.0122594398	0.031223107	-0.055432298	-0.0350866211	-0.0350428114	-0.1100753719	0.0948006283	0.0586099215	1.0139488359613864	-0.0063996864350315	1.0280922419474503	4.0955986466726525e-05	-0.1492840071146162	-0.0088436111747257	7.820945860973341e-05	0.0222857147801967	-0.892248648567076	0.0383484488451556	0.7961076508697734	0.0014706035288295	0.0127544193011515	-0.0010669308606312	0.0001626752117095	1.1383414613674456e-06	-0.0107533975097966	-0.0005594971130842	3.1303701954955496e-07	0.0001156355580036	0.0232447338494006	0.0008107360964234	6.572930180440099e-07	0.0005403176517294	0.0	0.0	0.0	0.0	0.0	0.0	0.0	0.0	0.0	0.0	0.0	0.0	0.0	0.0	0.0	0.0	0.0	0.0	0.0	0.0	0.0	0.0	0.0	0.0	0.0	0.0	0.0	0.0	0.0	0.0	0.0	0.0	0.0	0.0	0.0	0.0	0.0	0.0	0.0	0.0	0.0	0.0	0.0	0.0	0.0	0.0	0.0	0.0	0.0	0.0
916.5138592798072	-11.425826524377612	130.549511765171	839997.6542519663	1080.497662273557	-2.188532600236158	1167475.1981786217	4.789674942296439	849.582484304169	-11.607519079137774	721790.3976364436	134.73449917254743	883.1713174952939	736.167244434925	1.813528	69.85173	3.02370232822784	1.342974440066634	0.0990396101	-0.0859784185	-0.0300639427	0.0446522272	0.1509006281	-0.0567622721	0.0900177187	-0.062733086	-0.2693789666	0.078939079	-0.0076006295	0.0890770847	-0.2211395156	0.1451994728	0.0641141634	-0.0174187136	0.2236994933	0.011521083	-0.1374452903	0.0011238433	-0.1464931953	0.0426548895	-0.2843636728	-0.0730626204	-0.0398132092	-0.190872829	0.029869815	-0.0885759195	0.0121410094	-0.2333828378	-0.1124919169	0.1038650146	-0.1037596438	-0.0195880436	0.0961152189	-0.1771412134	0.0545351871	0.0358066871	0.1145419293	-0.1905800929	0.0883873543	0.0004696323	-0.0064748329	-0.0386252148	-0.2174305767	0.1300696606	-0.1505292842	0.0759300526	-0.2849857983	0.0163737408	0.2121953247	-0.0858623126	0.023717094	0.3730751968	0.1724275355	-0.0382833527	-0.1063942335	0.1013839798	0.0462651033	0.5443926502049408	-0.4695561857564456	0.296363357597159	0.2204830115821416	0.4780563060626974	0.6273403131773136	0.39355586853741	0.2285378317663114	-0.0365928598024751	0.8556557887646009	0.0013390373885235	0.7321468288463714	0.0155364271607206	0.002782007859569	0.0002413805689203	7.739567730704242e-06	-0.0018659053076111	0.0088874922021855	7.898751764390809e-05	3.4816026169712736e-06	0.0134912331005656	-0.009753500748835	9.513077685752488e-05	0.0001820133705737	0.0	0.0	0.0	0.0	0.0	0.0	0.0	0.0	0.0	0.0	0.0	0.0	0.0	0.0	0.0	0.0	0.0	0.0	0.0	0.0	0.0	0.0	0.0	0.0	0.0	0.0	0.0	0.0	0.0	0.0	0.0	0.0	0.0	1.0	0.0	0.0	0.0	0.0	0.0	0.0	0.0	0.0	0.0	0.0	0.0	0.0	0.0	0.0	0.0	0.0
913.7281546746176	-2.785704605189608	7.760150147374588	834899.1406450819	1063.8854488722625	-16.61221340129441	1131852.2483221355	275.96563409014567	843.9581966635621	-5.624287640606895	712265.4377156119	31.632611464283467	874.7383055455476	724.5099236098462	1.588426	61.181458	2.0061266435306977	0.9310828794880376	0.0888932529	-0.1382714072	-0.0778095167	-0.0479008531	0.3851228046	-0.058531889	0.3023118006	-0.2634768474	-0.2032357697	-0.1335111298	-0.1924494246	-0.1031802569	-0.3527051217	0.1917663798	0.0283303591	0.0187834334	0.4797858976	-0.0164125678	-0.0378477461	-0.2388001842	0.0712975692	-0.0112748823	-0.428357317	-0.0416310781	-0.1509183122	-0.4035934439	0.0480071459	-0.1192005211	0.1802104477	0.0470947208	-0.0791118229	0.1014913652	-0.1840738291	0.0501224707	0.0518349298	-0.3659276621	0.1794175133	0.0957526218	0.0633701336	-0.1192449549	0.1046354571	0.0683675872	-0.1482540175	-0.1822651566	-0.4143114009	-0.0267112607	-0.0371068387	-0.2296587697	0.0500529537	-0.0604188027	0.1595606972	0.0691097741	0.2652626788	-0.0185855816	-0.1706853829	-0.0414976565	-0.1024214758	0.1073422654	0.033413395	0.1163056973491905	-0.4280869528557502	0.0135270152358814	0.1832584392053213	0.617221212413213	0.1391649063505156	0.0193668711595477	0.3809620250528366	0.6663350363643517	0.7029278961668267	0.4440023806866818	0.4941076272095211	0.0116361010838316	-0.0039003260768889	0.0001353988484331	1.5212543506060334e-05	0.0014398449776222	0.0033057502852333	1.0927984948320043e-05	2.073153559583873e-06	0.0059783716995358	-0.0075128614010298	5.644308643108344e-05	3.5740928177810564e-05	0.0	0.0	0.0	0.0	0.0	0.0	0.0	0.0	0.0	0.0	0.0	0.0	0.0	0.0	0.0	0.0	0.0	0.0	0.0	0.0	0.0	0.0	0.0	0.0	0.0	0.0	0.0	0.0	0.0	0.0	0.0	0.0	0.0	0.0	1.0	0.0	0.0	0.0	0.0	0.0	0.0	0.0	0.0	0.0	0.0	0.0	0.0	0.0	0.0	0.0
925.6089226583344	11.88076798371685	141.15264788291137	856751.8777047226	1075.0144006321004	11.128951759837946	1155655.9615663942	123.85356727280012	857.705834282769	13.747637619206898	735659.2981627008	188.9975401090327	894.9210523182801	721.9691072652678	1.758282	67.723785	1.6151595751327723	0.9275669361515508	0.1686348987	-0.0522592083	0.095637405	-0.0435403552	0.1609779799	-0.1801564474	0.15867398	-0.1267469016	0.0801648198	-0.1687447101	-0.0074242278	-0.0749238712	-0.0253390354	0.1576881128	0.1226336629	0.0119215789	0.0896602416	0.0235504264	0.0570451024	-0.020893104	0.215371393	0.142845438	-0.1017081909	-0.0567297106	-0.0492164033	-0.1901245944	-0.0768978187	0.0261453792	-0.1012509701	0.3480352238	0.107231335	0.1754043712	-0.0859194899	-0.0620679053	-0.0039296831	-0.1547321814	0.0617978819	0.0982222006	-0.0260995134	0.0007839585	-0.0442980177	0.0655201258	0.0500378318	0.0414840814	-0.1079837581	0.0166444909	0.1043476595	-0.0339987998	0.1399202172	-0.039138286	-0.1218583538	-0.0436767173	-0.1154912231	-0.1984069831	0.2373942718	-0.0446835199	-0.098167988	0.1126387502	0.0201956026	0.2722340047759672	0.1559283074267767	0.0741113533563613	0.0243136370569793	0.199184181682142	-0.418037030731071	0.1747549590624504	0.0396743382323845	-0.1391520938911981	-0.8054871302555497	0.0193633052343048	0.6488095170073209	0.0103552066558513	-0.0012808944279803	0.0001072303048853	1.6406905356309795e-06	-0.0002168591102444	-0.0016567040878666	2.744668434753903e-06	4.7027873695992836e-08	0.0077549153180764	0.0017765436185406	3.156107228577329e-06	6.013871159053599e-05	0.0	0.0	0.0	0.0	0.0	0.0	0.0	0.0	0.0	0.0	0.0	0.0	0.0	0.0	0.0	0.0	0.0	0.0	0.0	0.0	0.0	0.0	0.0	0.0	0.0	0.0	0.0	0.0	0.0	0.0	0.0	0.0	0.0	0.0	0.0	1.0	0.0	0.0	0.0	0.0	0.0	0.0	0.0	0.0	0.0	0.0	0.0	0.0	0.0	0.0
920.2673251461762	-5.341597512158273	28.532663981895453	846891.9497316979	1067.7826700668668	-7.231730565233647	1140159.8304951272	52.29792696813457	856.8564580281576	-0.8493762546114567	734202.9896645598	0.7214400218977861	890.2609278248773	725.1917105300776	0.965857	37.201946	0.3396471702861386	0.1594619984166952	0.1631820034	-0.0653051627	0.0349751079	-0.0246925694	0.1148355071	-0.1435702647	0.071238161	0.1107354753	-0.1213465951	0.0288283425	0.0439482835	-0.1618063984	-0.0077194701	0.149304822	0.1029671898	0.0053018348	-0.0044555462	-0.0786779279	-0.0374666079	-0.1115038259	0.0475479531	0.1315234297	-0.1020852418	-0.0694168149	-0.0320573263	0.0211459386	0.0669775982	-0.1178979098	0.0117899674	0.0653041714	0.032580511	0.159289239	-0.0779443913	-0.045947529	-0.0065047075	-0.1482743868	0.0586714308	0.0961530513	-0.0222807329	-0.0133144085	-0.0510041511	0.0580365827	0.0438057302	-0.0466352329	-0.0868501232	0.0337112344	0.0766867193	-0.0295145626	0.0152186614	0.012359711	-0.1430078912	0.0248223689	-0.0813046485	-0.0869361183	0.0818267485	-0.0478387595	-0.0936454286	0.1172407796	0.0067565429	0.3253058773470769	0.0530718725711096	0.1058239138365514	0.0028166236582041	0.0782574767787025	-0.1209267049034395	0.0146232679588035	0.0061242326717691	-0.2037262656558525	-0.0645741717646544	0.0415043913180789	0.004169823659091	0.0097970497872104	-0.0005581568686409	9.598218453307932e-05	3.1153909001101617e-07	-0.0006092942534769	-0.0003924351432325	1.5400534164391278e-07	3.712394873199729e-07	0.0088258117271417	0.0010708964090653	1.146819118948956e-06	7.789495264295196e-05	0.0	0.0	0.0	0.0	0.0	0.0	0.0	0.0	0.0	0.0	0.0	0.0	0.0	0.0	0.0	0.0	0.0	0.0	0.0	0.0	0.0	0.0	0.0	0.0	0.0	0.0	0.0	0.0	0.0	0.0	0.0	0.0	0.0	0.0	0.0	0.0	0.0	0.0	0.0	0.0	0.0	0.0	0.0	0.0	0.0	0.0	0.0	0.0	0.0	0.0
922.1433293684252	1.87600422224898	3.5193918418960006	850348.3198986838	1090.6361163276772	22.85344626081041	1189487.1382383187	522.2800059957495	858.3876042307159	1.5311462025582614	736829.2790969481	2.3444086936085844	896.1487587291587	696.3527477364432	0.90222	34.750828	0.3612898930710309	0.1685347370864167	0.1375208856	-0.0271766771	0.1218455258	-0.0107029685	0.051625842	-0.1489542178	-0.0058581007	0.0173189933	0.0262185066	0.0042499123	0.0648568517	-0.1375632488	0.0284443621	0.1421407945	0.0747360529	-0.0206560684	-0.0168114995	0.0478590346	-0.00179946	-0.0136891244	0.0820613226	0.144238718	-0.0319776357	-0.032128661	0.0082422712	-0.0270693431	-0.02406716	-0.0614622821	0.0029875468	0.0665066727	0.0562287646	0.1466400024	-0.0268437432	-0.0737483133	0.0123574958	-0.0844614874	0.0272930597	0.0652683254	-0.0569106718	0.022401614	-0.0792130925	0.0320357024	0.0645930058	0.0583750706	0.0007335755	0.0397073649	0.0800778903	0.0245150628	0.0903663389	-0.0114503733	-0.0796392401	-0.0182384499	-0.0948696645	-0.1097487453	0.0850947235	-0.0509612127	-0.0888661936	0.1211199807	-0.0067565429	0.389333976036724	0.0640280986896471	0.1515809448965643	0.0040995974218111	0.0735637822428145	-0.0046936945358879	2.2030768396224857e-05	0.0054116300578682	-0.3159348573306033	-0.1122085916747507	0.0998148340765086	0.0125907680456309	0.0103638676129133	0.0005668178257029	0.0001074097518979	3.212824475345641e-07	-0.001980230428038	-0.0013709361745611	1.879465994720223e-06	3.92131254812756e-06	0.0104952478902926	0.0016694361631508	2.7870171028359946e-06	0.0001101502282786	0.0	0.0	0.0	0.0	0.0	0.0	0.0	0.0	0.0	0.0	0.0	0.0	0.0	0.0	0.0	0.0	0.0	0.0	0.0	0.0	0.0	0.0	0.0	0.0	0.0	0.0	0.0	0.0	0.0	0.0	0.0	0.0	0.0	0.0	0.0	0.0	0.0	0.0	0.0	0.0	0.0	0.0	0.0	0.0	0.0	0.0	0.0	0.0	0.0	0.0
925.023642349862	2.880312981436873	8.296202871033769	855668.7389062055	1085.2130892557868	-5.423027071890374	1177687.4490920885	29.40922262245588	858.8575597692419	0.469955538526051	737636.3079727769	0.2208582081913106	893.8497130755082	713.4566221453151	0.7520569999999999	28.967007	0.2864020901557081	0.1325386210735514	0.1225259211	-0.0013017936	0.0807711592	-0.0009812348	0.0495387796	-0.0967388822	-0.0434194418	0.0471894057	-0.0176599687	0.0220807922	-0.0033749713	-0.01400659	0.0330662967	0.1107834823	0.0700756056	-0.0222923782	-0.0236331665	0.0375749044	0.0124307117	-0.0624979434	0.0008616838	0.1193571437	-0.0244730236	-0.037923511	0.021885418	0.0026583558	0.0089319628	-0.0545070721	0.0740875102	0.0014909732	0.0362074768	0.1327397457	-0.0136925436	-0.0630933633	0.0279099218	-0.0774012368	0.0170849557	0.0606139873	-0.025467444	-0.013059998	-0.0374966049	-0.0016851308	0.0903808827	-0.0454204912	0.0271719052	0.009479931	-0.0099261264	-0.006702277	0.0360726764	-0.0365522861	-0.0037396716	0.0077082284	-0.0682453586	0.0044918533	-0.070456176	-0.0540487397	-0.0838433825	0.1242524367	-0.0201956026	0.4295997697172424	0.0402657936805184	0.1845559621411077	0.001621334140722	0.0165487939342057	-0.0570149883086087	0.0032507088918307	0.0002738625806768	-0.4154041401222841	-0.0994692827916808	0.1725605996307342	0.0098941382190913	0.0106292584352863	0.000265390822373	0.0001129811348841	7.043228859981741e-08	-0.0025678861286382	-0.0005876557006002	3.453392224479121e-07	6.594039169652482e-06	0.0114352418748174	0.0009399939845248	8.835886909428105e-07	0.0001307647567355	0.0	0.0	0.0	0.0	0.0	0.0	0.0	0.0	0.0	0.0	0.0	0.0	0.0	0.0	0.0	0.0	0.0	0.0	0.0	0.0	0.0	0.0	0.0	0.0	0.0	0.0	0.0	0.0	0.0	0.0	0.0	0.0	0.0	0.0	0.0	0.0	0.0	0.0	0.0	0.0	0.0	0.0	0.0	0.0	0.0	0.0	0.0	0.0	0.0	0.0
927.2424869678232	2.2188446179611674	4.923271438655239	859778.6296382737	1082.460415769352	-2.7526734864347877	1171720.5517075586	7.577211322921047	860.1547050947024	1.2971453254605194	739866.1166965545	1.682585995364077	895.1267636089544	719.4225127597532	0.698983	26.922743	0.2755883985146977	0.1254005806006575	0.1038647231	0.0133453292	0.0980756502	-0.0021145523	0.0031531577	-0.1139763892	0.0008951262	-0.0057453964	0.0076514089	-0.0187926436	-0.0062661614	0.0695401431	0.0526118396	0.0896458906	0.0540801469	-0.0320078709	0.0224127274	0.0803377852	0.0466539383	-0.0045148107	0.0369054182	0.1098555602	0.0045605767	-0.0169990276	0.0182769551	-0.0570099218	-0.04125962	0.0120167145	0.0321032869	0.0495045576	0.0006361265	0.1203197148	0.014788718	-0.07454823	0.0305611063	-0.0310831441	0.00766545	0.0483646763	-0.0494584398	0.0344971106	-0.0366600169	0.0296241268	0.0785324215	0.0356065732	0.0103632943	-0.0106013962	0.0437592482	0.012036324	0.0907469534	0.001795652	-0.0738341124	0.0134473453	-0.0390979539	-0.0746165904	0.016458502	-0.0570992244	-0.0785907625	0.1266188352	-0.033413395	0.4623138035896801	0.0327140338724377	0.2137340529895573	0.001070208012207	-0.0011880963023287	-0.0177368902365344	0.0003145972752628	1.41157282360713e-06	-0.4943282803651598	-0.0789241402428757	0.244360448768776	0.0062290199130771	0.0111223437994704	0.000493085364184	0.0001237065315936	2.431331763725651e-07	-0.0040599793589439	-0.0014920932303056	2.2263422079240978e-06	1.6483432395050518e-05	0.0123743299635846	0.0009390880887671	8.818864384644317e-07	0.0001531240420476	0.0	0.0	0.0	0.0	0.0	0.0	0.0	0.0	0.0	0.0	0.0	0.0	0.0	0.0	0.0	0.0	0.0	0.0	0.0	0.0	0.0	0.0	0.0	0.0	0.0	0.0	0.0	0.0	0.0	0.0	0.0	0.0	0.0	0.0	0.0	0.0	0.0	0.0	0.0	0.0	0.0	0.0	0.0	0.0	0.0	0.0	0.0	0.0	0.0	0.0
926.2640971883552	-0.9783897794679888	0.9572465605674196	857965.1777401587	1077.32148396188	-5.13893180747209	1160621.5798058272	26.408620121848365	858.457245061427	-1.6974600332754337	736948.8415984549	2.881370564567436	893.5940940163352	715.7985975017707	0.7562999999999999	29.130428	0.1800402443889131	0.0875611343815866	0.0940105428	0.0354161121	0.0819227569	-0.0001456413	0.0521313765	-0.0750556687	-0.0197405348	0.0409862654	-0.0252227589	0.0475826228	-0.033506096	0.0821565558	0.0444793343	0.0954633386	0.0158633347	-0.0533795126	-0.0064076374	-0.0323314766	0.0017019788	-0.0128590376	0.0418485621	0.1003699653	-0.0015764244	0.0018526186	0.027113461	0.0090990274	0.0801293391	-0.0225790592	0.0290339801	-0.0086214133	0.0091191361	0.1043113399	0.0196424018	-0.0570753498	0.0368478369	-0.0332202439	-0.0049393044	0.0328438862	-0.0331857619	0.0115145221	-0.0313315801	-0.0042008682	0.042196198	-0.0311724124	0.0430892752	0.0182226099	0.017072827	0.0331802036	0.0438528142	0.0166567934	-0.0230419972	0.0534494776	0.0265550065	-0.0113105346	-0.1119912172	-0.0601105761	-0.0731227308	0.1282045865	-0.0462651033	0.4933555225437231	0.031041718954043	0.24339967162439	0.0009635883156217	-0.0345848386186276	-0.0333967423162989	0.0011153423973412	0.0011961110622765	-0.4910645609384687	0.0032637194266911	0.241144403009691	1.0651864496161048e-05	0.0115185629949936	0.0003962191955231	0.0001326772934696	1.5698965090105166e-07	-0.0045422379337962	-0.0004822585748523	2.325733330185719e-07	2.0631925447217174e-05	0.0137426134670467	0.0013682835034621	1.872199745846523e-06	0.0001888594249046	0.0	0.0	0.0	0.0	0.0	0.0	0.0	0.0	0.0	0.0	0.0	0.0	0.0	0.0	0.0	0.0	0.0	0.0	0.0	0.0	0.0	0.0	0.0	0.0	0.0	0.0	0.0	0.0	0.0	0.0	0.0	0.0	0.0	0.0	0.0	0.0	0.0	0.0	0.0	0.0	0.0	0.0	0.0	0.0	0.0	0.0	0.0	0.0	0.0	0.0
923.316172008487	-2.947925179868207	8.690262866101001	852512.753492406	1080.578126998968	3.256643037087997	1167649.0885485976	10.605723871013732	858.1595017233012	-0.2977433381257697	736437.7303979846	0.0886510953982764	896.1124640361251	716.9227832457732	0.701801	27.031298	0.19362379389862	0.0993390073848998	0.093580362	0.0295103563	0.0753966349	-0.0077813658	0.016927168	-0.1089101904	-0.0024651414	0.0368883254	0.0288789731	0.0428802238	0.0294429433	-0.0221495746	0.0494459253	0.0915852718	0.013833213	-0.0251124884	-0.0239702621	0.0298643827	-0.0197908575	-0.0101052641	0.0136600632	0.1019754957	0.0182532614	0.0181743473	0.016802771	-0.007784969	-0.0101713175	-0.0582007516	-0.0047543873	0.0407847855	0.0364153316	0.0998475315	0.0285846991	-0.0545202718	0.0432150677	-0.01849366	-0.0219630697	0.0198529464	-0.0359571601	0.0270715929	-0.0319761789	-0.0241497876	0.047827757	0.0730972952	0.0367342595	0.0261394471	0.0321074935	0.0566883268	0.0587419266	0.0163479273	-0.0237416774	-0.0010289066	-0.0098454935	-0.0309664295	-0.0211289219	-0.063080731	-0.0674542747	0.1289999139	-0.0586099215	0.5338155221784433	0.0404599996347201	0.2849590117186441	0.0016370115704415	-0.0010546170114622	0.0335302216071654	0.0011242757610256	1.1122170408654622e-06	-0.4412689341931042	0.0497956267453644	0.1947182722839181	0.0024796044429636	0.0115062265532176	-1.2336441775999407e-05	0.0001323932494939	1.521877956926234e-10	-0.0045349432827084	7.294651087800565e-06	5.321193449274996e-11	2.056571057738204e-05	0.0151197412924103	0.0013771278253635	1.896481047390676e-06	0.0002286065767494	0.0	0.0	0.0	0.0	0.0	0.0	0.0	0.0	0.0	0.0	0.0	0.0	0.0	0.0	0.0	0.0	0.0	0.0	0.0	0.0	0.0	0.0	0.0	0.0	0.0	0.0	0.0	0.0	0.0	0.0	0.0	0.0	0.0	0.0	0.0	0.0	0.0	0.0	0.0	0.0	0.0	0.0	0.0	0.0	0.0	0.0	0.0	0.0	0.0	0.0
926.5688665412188	3.2526945327317662	10.580021723263124	858529.8644434789	1093.2438946186714	12.665767619703502	1195182.213121001	160.42166939632972	858.0815576623987	-0.0779440609024959	736303.9596003285	0.0060752766299719	896.3390680701988	726.7237549828403	0.655439	25.245573	0.1554133602513554	0.0837129487775971	0.0759073867	0.0384143628	0.0749344421	0.0137030347	-0.0102697704	-0.0610735072	-0.0534295487	0.038802218	0.0025257653	0.066204127	0.001390943	-0.0362364081	0.0049993829	0.0903509043	0.0300843239	-0.0527830468	-0.0656682026	0.0839334008	0.0493431503	-0.0738926057	0.0210878141	0.0837519662	-0.0135180803	0.0090510954	0.0613572998	0.0177944371	-0.0260180438	-0.0552456012	0.0977016727	-0.0025977265	0.0512122292	0.0886401265	0.042794479	-0.0460020521	0.0489344726	-0.0147567913	-0.0263242365	0.0010683145	-0.0143044351	0.0058780967	-0.0063627757	-0.0276722598	0.0725156915	-0.0196817877	0.0679215133	0.0169768336	-0.0206980423	0.0471229007	0.0379056519	-0.0038726584	0.0346047499	0.0133758118	0.0018475181	0.0497645381	-0.0855429002	-0.0660076536	-0.0616009311	0.1289999139	-0.0703125971	0.5545542971564714	0.0207387749780281	0.307530468494708	0.0004300967875892	-0.0165224152010949	-0.0154677981896327	0.0002392527808352	0.0002729902040773	-0.5084224041342438	-0.0671534699411395	0.2584933410256443	0.0045095885251355	0.0115595137832642	5.3287230046600645e-05	0.0001336223589054	2.8395288860393387e-09	-0.0053555875087267	-0.0008206442260183	6.734569456971749e-07	2.868231756362946e-05	0.0149526064056241	-0.0001671348867861	2.7934070381035683e-08	0.0002235804383215	0.0	0.0	0.0	0.0	0.0	0.0	0.0	0.0	0.0	0.0	0.0	0.0	0.0	0.0	0.0	0.0	0.0	0.0	0.0	0.0	0.0	0.0	0.0	0.0	0.0	0.0	0.0	0.0	0.0	0.0	0.0	0.0	0.0	0.0	0.0	0.0	0.0	0.0	0.0	0.0	0.0	0.0	0.0	0.0	0.0	0.0	0.0	0.0	0.0	0.0
927.2834434116209	0.7145768704020838	0.5106201037136365	859854.5844253127	1080.623531691372	-12.62036292729954	1167747.2172451334	159.27356041675657	858.9779625409915	0.8964048785927616	737843.140131073	0.8035417063649037	895.0677624641007	726.779836881999	0.636295	24.508188	0.1114293743267697	0.0503983697395985	0.0773117122	0.0559507134	0.065107495	0.0071151575	-0.0015875052	-0.0716703506	0.0016811168	-0.0021198213	0.0695248691	0.0396926811	0.0435971779	-0.0556249955	0.032834296	0.0776261682	0.0063882384	-0.0159109588	-0.0335807273	0.0612934598	0.0188705119	-0.0324889384	-0.0069141472	0.0830615301	0.0117421804	0.0249012007	0.0264947237	0.0024967277	-0.0468731461	-0.0412186385	0.0171801472	0.0456589547	0.0396952717	0.0848170933	0.0546765884	-0.0440042569	0.046114305	0.0034649856	-0.0280846793	-0.0054517375	-0.0347350193	0.0256667019	0.0032027316	-0.0301714588	0.0664695485	0.0702549471	0.050186835	0.0024110952	0.0068158922	0.0445760141	0.0378510111	0.0084348323	0.0113947355	0.0044144833	-0.0223885888	-0.0115834722	0.0207100807	-0.0688893378	-0.0555787436	0.1282045865	-0.0812449131	0.5681101940356825	0.0135558968792111	0.3227491925672608	0.0001837623401998	-0.0463947710129559	-0.029872355811861	0.0008923576417504	0.0021524747773446	-0.5021314696828512	0.0062909344513926	0.25213601284586	3.957585627171852e-05	0.0111942692240327	-0.0003652445592315	0.0001253116634601	1.3340358804821297e-07	-0.0058422438462433	-0.0004866563375166	2.368343908450709e-07	3.413181315896771e-05	0.0153349092525621	0.0003823028469379	1.461554667768998e-07	0.0002351594417843	0.0	0.0	0.0	0.0	0.0	0.0	0.0	0.0	0.0	0.0	0.0	0.0	0.0	0.0	0.0	0.0	0.0	0.0	0.0	0.0	0.0	0.0	0.0	0.0	0.0	0.0	0.0	0.0	0.0	0.0	0.0	0.0	0.0	0.0	0.0	0.0	0.0	0.0	0.0	0.0	0.0	0.0	0.0	0.0	0.0	0.0	0.0	0.0	0.0	0.0
923.9117232126548	-3.371720198966045	11.368497100115627	853612.8722897773	1081.3442606696915	0.7207289783195847	1169305.4100832818	0.5194502601895924	856.7162020647967	-2.2617604761948087	733962.6508803295	5.115560451676968	892.6819295857927	711.5792577945859	0.60518	23.309738	0.1622264329495428	0.0746587505130395	0.0704792635	0.0509407634	0.0575197161	0.0143192746	-0.0016339524	-0.0683377095	-0.0152117402	0.0344994735	0.0536740373	0.0738369031	0.0715927781	-0.1153825596	0.0111030191	0.0851334887	-0.0238640509	-0.037212445	-0.0636532737	0.0235934232	0.0163712401	-0.0193134395	-0.0830961596	0.0772740681	-0.0080521049	0.0482130573	0.0283811555	0.0412260408	0.000227233	-0.0413868352	0.0301952508	-0.0131422514	0.058709814	0.0758208864	0.0586084234	-0.0289707873	0.0543303747	0.0009587388	-0.0359027792	-0.0117144675	-0.0115049998	0.0249097782	-0.0176623274	-0.0462968377	0.0451816268	0.0079660914	0.0784687503	0.0225416844	0.0064306547	0.0533608874	0.0092917385	0.0216083746	-0.0061750789	0.013054176	-0.0047374395	0.0582784422	0.0232847744	-0.0717238087	-0.0494042187	0.1266188352	-0.0912870929	0.5956067563649725	0.0274965623292899	0.3547474082276037	0.0007560609399285	-0.0306421350846761	0.0157526359282798	0.0002481455386889	0.0009389404425475	-0.5234451744323891	-0.0213137047495379	0.2739948506365542	0.0004542740101504	0.011409236966716	0.0002149677426833	0.0001301706881626	4.621113039435358e-08	-0.0064432114529973	-0.000600967606754	3.611620643676308e-07	4.151497382803558e-05	0.0164722445019735	0.0011373352494114	1.2935314695536937e-06	0.0002713348389327	0.0	0.0	0.0	0.0	0.0	0.0	0.0	0.0	0.0	0.0	0.0	0.0	0.0	0.0	0.0	0.0	0.0	0.0	0.0	0.0	0.0	0.0	0.0	0.0	0.0	0.0	0.0	0.0	0.0	0.0	0.0	0.0	0.0	0.0	0.0	0.0	0.0	0.0	0.0	0.0	0.0	0.0	0.0	0.0	0.0	0.0	0.0	0.0	0.0	0.0
923.7332337415564	-0.1784894710983735	0.0318584912929771	853283.087118633	1092.8176213560146	11.473360686323076	1194250.3535462175	131.63800543846392	857.49228856593	0.7760865011333635	735293.0249500362	0.6023102572414263	895.4381380948154	708.2572409342242	0.571257	22.003122	0.0772129900881388	0.0384336413447466	0.0609435646	0.0739859449	0.0662109362	0.0142535992	-0.006605899	-0.0692332065	-0.0434733059	-0.0064642697	0.0895789607	0.0560841931	0.0558178698	-0.0794161665	0.0320245511	0.0851493933	-0.0464389228	-0.0143555587	-0.0233328492	0.0484393481	0.0429343603	0.0398775225	0.0115282364	0.0844868866	0.0165529628	0.0700238077	0.0177867801	-0.0075713962	-0.0333638042	-0.003892223	0.0087571628	0.0056346518	0.0315665475	0.0687550853	0.0751127482	-0.0310313631	0.0558793777	0.0187398412	-0.035620411	-0.0225809377	-0.0237294221	0.0309002544	0.0033235252	-0.0393432254	0.046105253	0.0803747689	0.0646172151	0.0027660171	-0.000902966	0.0405454436	0.0354093276	0.0076602498	0.0117053009	-0.0028794653	0.0065820483	0.032517477	0.0053888347	-0.0745091236	-0.0430942802	0.1242524367	-0.1003291122	0.5930053662348485	-0.002601390130124	0.3516553643833267	6.767230609106871e-06	-0.0248885473162516	0.0057535877684245	3.310377220896404e-05	0.0006194397875132	-0.5349607627082946	-0.0115155882759054	0.2861830176374403	0.0001326087733401	0.0120126796453062	0.0006034426785901	0.0001443044722607	3.64143066344114e-07	-0.0066547984149547	-0.0002115869619573	4.476904247036212e-08	4.428634194368359e-05	0.0168040633396996	0.000331818837726	1.101037410698985e-07	0.0002823765447246	0.0	0.0	0.0	0.0	0.0	0.0	0.0	0.0	0.0	0.0	0.0	0.0	0.0	0.0	0.0	0.0	0.0	0.0	0.0	0.0	0.0	0.0	0.0	0.0	0.0	0.0	0.0	0.0	0.0	0.0	0.0	0.0	0.0	0.0	0.0	0.0	0.0	0.0	0.0	0.0	0.0	0.0	0.0	0.0	0.0	0.0	0.0	0.0	0.0	0.0
924.6013684808732	0.8681347393168153	0.7536579256086748	854887.6905967036	1085.7458042994338	-7.071817056580812	1178843.9515538244	50.01059648174731	857.9300250771605	0.4377365112304687	736043.9279288972	0.1916132532642223	894.1856272765629	708.7890577373119	0.654443	25.207195	0.0803489443859722	0.0438537993909534	0.0597695288	0.0797325495	0.0643448442	0.0106328004	-0.0106622843	-0.0587549318	-0.0352954273	0.0345255407	0.0320268259	0.074630123	-0.0513063902	0.0549479245	0.0436688404	0.0655460307	-0.0661825116	-0.0224125653	-0.0627420947	0.0213070542	0.0018927359	-0.0053844831	0.011889309	0.0739613606	0.0191714918	0.0772130508	0.0210265978	0.0496733195	0.0286412384	0.0006437628	0.0492765815	-0.0490973617	-0.0328992971	0.0707707024	0.0801378671	-0.0237442878	0.0556587944	0.0096817231	-0.0417816007	-0.0217820885	-0.0077093508	0.0316677625	-0.004576894	-0.0507433072	0.0430704643	-0.0062272511	0.1051008823	0.0081147476	-0.0377363701	0.0435178644	0.0154687645	0.0001731876	0.03511331	0.0373220189	0.0776624091	0.0520068901	-0.122842268	-0.0772433738	-0.0366662233	0.1211199807	-0.1082719048	0.586256542151105	-0.0067488240837434	0.3436967332149703	4.5546626513315525e-05	-0.0582949719246528	-0.0334064246084012	0.0011159892051167	0.003398303751696	-0.525624507759332	0.0093362549489626	0.27628112315724	8.7165656472029e-05	0.0115426583007457	-0.0004700213445604	0.0001332329606477	2.209200643424595e-07	-0.0066610155097028	-6.217094748100192e-06	3.8652267106854985e-11	4.436912762050125e-05	0.0169449737152883	0.0001409103755887	1.9855733948548523e-08	0.0002871321342118	0.0	0.0	0.0	0.0	0.0	0.0	0.0	0.0	0.0	0.0	0.0	0.0	0.0	0.0	0.0	0.0	0.0	0.0	0.0	0.0	0.0	0.0	0.0	0.0	0.0	0.0	0.0	0.0	0.0	0.0	0.0	0.0	0.0	0.0	0.0	0.0	0.0	0.0	0.0	0.0	0.0	0.0	0.0	0.0	0.0	0.0	0.0	0.0	0.0	0.0
923.9102153853396	-0.6911530955336502	0.477692601465747	853610.0860933847	1076.7682709673086	-8.977533332125176	1159429.9093619273	80.59610472941857	858.8270835405515	0.8970584633909766	737583.9594227694	0.8047138867413801	894.7422535989733	721.268807503265	0.69188	26.649178	0.0817068753446616	0.0384217370970456	0.0533590188	0.0920286905	0.0590889805	-0.001544632	-0.0427038861	-0.0549346216	-0.0075180015	-0.0036170526	0.0364229215	0.0633231774	-0.0290467812	0.0834463387	0.0699957563	0.0651432853	-0.0579156416	0.0084950389	-0.0161284202	0.0316112294	0.0053320957	0.0376699449	-0.05820201	0.0818495086	0.0508151081	0.0752642103	0.0020502681	-0.0046452178	-0.0308484952	0.0129985482	0.0040029223	-0.0234128799	-0.0248641338	0.0645055454	0.0975384956	-0.0236266956	0.0538498224	0.0210499667	-0.0370904943	-0.0330168439	-0.0128146487	0.0294025231	0.0178567504	-0.057276062	0.0580268083	0.0652942963	0.0833088171	-0.0214550278	-0.0396987301	0.0153682825	0.0376648665	-0.0034352901	0.0338906082	-0.0046331638	0.0133890726	0.0332394173	-0.0693916428	-0.0799246852	-0.0301376669	0.1172407796	-0.1150284477	0.5967629705492925	0.0105064283981874	0.3561260430188157	0.0001103850376862	-0.0338705042528744	0.0244244676717784	0.0005965546210497	0.0011472110583439	-0.5467136361243377	-0.0210891283650056	0.2988957999242946	0.0004447513351956	0.0117160639498194	0.0001734056490737	0.0001372661544762	3.006951913067146e-08	-0.0065840353877995	7.698012190329988e-05	5.92593916824691e-09	4.3349521987796114e-05	0.0166816224680715	-0.0002633512472168	6.935387941064468e-08	0.0002782765281672	0.0	0.0	0.0	0.0	0.0	0.0	0.0	0.0	0.0	0.0	0.0	0.0	0.0	0.0	0.0	0.0	0.0	0.0	0.0	0.0	0.0	0.0	0.0	0.0	0.0	0.0	0.0	0.0	0.0	0.0	0.0	0.0	0.0	0.0	0.0	0.0	0.0	0.0	0.0	0.0	0.0	0.0	0.0	0.0	0.0	0.0	0.0	0.0	0.0	0.0
925.3745367436997	1.4643213583600527	2.14423704054943	856318.0332536168	1085.9608628718613	9.192591904552728	1179310.9956893977	84.50374592364835	858.3164094524619	-0.5106740880895586	736707.0587353663	0.2607880242461022	894.6665783820695	715.8972688431677	0.803477	30.947556	0.2047969338448429	0.0886467524529976	0.0705040519	0.0886227127	0.0417900421	0.0245577458	0.0022798548	-0.0613569375	-0.0369119065	0.0256615084	0.0460421197	0.0684542984	-0.0531567439	0.0344942425	0.0430377999	0.0588795268	-0.0791930679	-0.0405211752	-0.0414398901	0.0618683968	0.0147410801	-0.0503373763	-0.0384575714	0.0718445403	0.0263794307	0.0917654008	0.0366351831	0.0354230671	-0.0145014221	-0.0305933901	0.082001159	-0.0351463274	-0.0295703681	0.0588479208	0.1044081068	-0.0120878037	0.0541647177	0.0256268109	-0.0424984753	-0.0352501138	0.0083387935	0.0370574249	0.0394577093	-0.0192419637	0.0324859806	-0.0398084273	0.1049525291	0.0006153096	-0.0165898446	0.0244879715	-0.0314577431	0.0031453393	0.0090648155	0.0381905821	0.0813048204	0.0310347008	-0.0564746461	-0.0825512202	-0.0235265052	0.1126387502	-0.1205247148	0.6322837277459428	0.0355207571966502	0.3997827123723055	0.0012617241918233	-0.0590615183622276	-0.0251910141093532	0.0006345871918576	0.0034882629512517	-0.5782004893206221	-0.0314868531962844	0.3343158058506068	0.0009914219242043	0.0111129438581052	-0.0006031200917142	0.0001234975211933	3.637538450293461e-07	-0.0076891848291742	-0.0011051494413746	1.2213552877708103e-06	5.912356333720267e-05	0.0172253191218337	0.0005436966537622	2.95606051312214e-07	0.000296711618849	0.0	0.0	0.0	0.0	0.0	0.0	0.0	0.0	0.0	0.0	0.0	0.0	0.0	0.0	0.0	0.0	0.0	0.0	0.0	0.0	0.0	0.0	0.0	0.0	0.0	0.0	0.0	0.0	0.0	0.0	0.0	0.0	0.0	0.0	0.0	0.0	0.0	0.0	0.0	0.0	0.0	0.0	0.0	0.0	0.0	0.0	0.0	0.0	0.0	0.0
926.2123123095068	0.8377755658071919	0.7018678986635606	857869.2474737235	1077.1955295879247	-8.76533328393657	1160350.2089642095	76.83106757848626	861.2597250290859	2.943315576623945	741768.3139571766	8.663106583597147	897.0558917995901	718.7883465167877	0.985647	37.964199	1.1906414536397334	0.4970045100452936	0.0910156037	0.0743877273	0.028338328	-0.0503248859	0.0239983179	-0.0761484401	0.0226586227	-0.0340242908	0.0221404526	0.0755477591	0.0840678751	-0.1170686791	0.0939460915	0.0828176245	-0.0151173758	-0.010233738	-0.0489057649	0.0825687962	-0.0201988808	0.0383443027	0.0392718894	0.1091900946	0.0474759218	0.0480810257	-0.0193744273	0.0097121808	-0.051341598	-0.0180866661	-0.0579469754	0.0499345827	0.0335644097	0.0985804336	0.076280144	-0.0190457408	0.0109933095	-0.0666321408	0.0023888283	0.0012984887	-0.0170802806	0.0298744047	-0.0465509479	-0.0190235277	0.0663595929	0.0747653042	0.0434548287	0.0407790216	-0.0260720818	0.0070178964	-0.1019619243	0.0178551842	0.0133549704	-0.0859271932	-0.0332087879	-0.111783174	0.0211896513	-0.0851211787	-0.016850859	0.1073422654	-0.124700488	0.5014093467842855	-0.1308743809616572	0.2514113330426439	0.017128103592097	0.1100447512771154	0.169106269639343	0.0285969304313341	0.0121098472836421	-0.291873880638434	0.286326608682188	0.0851903621989388	0.0819829268394428	0.0073789756804251	-0.00373396817768	5.444928209230507e-05	1.3942518351927644e-05	-0.0044902028695206	0.0031989819596535	1.0233485578189184e-05	2.0161921809451032e-05	0.0120715853720365	-0.0051537337497971	2.65609715637987e-05	0.0001457231733943	0.0	0.0	0.0	0.0	0.0	0.0	0.0	0.0	0.0	0.0	0.0	0.0	0.0	0.0	0.0	0.0	0.0	0.0	0.0	0.0	0.0	0.0	0.0	0.0	0.0	0.0	0.0	0.0	0.0	0.0	0.0	0.0	0.0	0.0	0.0	0.0	1.0	0.0	0.0	0.0	0.0	0.0	0.0	0.0	0.0	0.0	0.0	0.0	0.0	0.0
925.8317416329364	-0.3805706765704144	0.144834039865263	857164.4138150763	1082.9746812045837	5.7791516166589645	1172834.1601301697	33.39859340833192	858.8822756166811	-2.377449412404758	737678.7633684885	5.6522657085437285	896.3543949514391	726.7904888370182	1.040934	40.093689	0.7090214609253709	0.2973655348891376	0.0982199517	0.1007689249	0.037951143	0.0228912965	-0.0069282003	-0.0859845436	-0.0385328574	0.0761082414	-0.0148984232	0.1249590656	-0.0505152074	-0.0389508657	0.0618510634	0.1038931332	-0.06282025	-0.0301434281	-0.0989580164	0.039003469	0.0052314777	-0.0929266888	0.0587514205	0.1122403417	0.0386836071	0.0937444636	0.0275767345	0.0721549262	0.0029217031	-0.0644512078	0.0453610774	0.0024792455	0.1081080499	0.0901097871	0.1034388267	-0.014510686	0.0516831323	-0.0215726007	-0.023756028	-0.033554611	0.0270652961	0.0348584713	0.0345098345	-0.0562985506	0.0962951935	-0.0670053089	0.1676121706	-0.0108943239	-0.0202579403	0.0091508545	-0.060977572	-0.0292537056	0.051801395	0.0169211191	0.0743315409	0.0676249542	-0.0899179022	-0.0876327994	-0.0101290257	0.1013839798	-0.1275100165	0.5733418309063012	0.0719324841220157	0.3287208550669896	0.005174282271964	-0.0432057764596436	-0.153250527736759	0.0234857242515951	0.0018667391194806	-0.4363246685958302	-0.1444507879573962	0.190379216425261	0.0208660301415126	0.0089696102388765	0.0015906345584513	8.045390783735814e-05	2.5301182985398783e-06	-0.0066759267721101	-0.0021857239025895	4.777388978351075e-06	4.456799826657639e-05	0.0150829801331796	0.0030113947611431	9.068498407440113e-06	0.0002274962896978	0.0	0.0	0.0	0.0	0.0	0.0	0.0	0.0	0.0	0.0	0.0	0.0	0.0	0.0	0.0	0.0	0.0	0.0	0.0	0.0	0.0	0.0	0.0	0.0	0.0	0.0	0.0	0.0	0.0	0.0	0.0	0.0	0.0	0.0	0.0	0.0	0.0	1.0	0.0	0.0	0.0	0.0	0.0	0.0	0.0	0.0	0.0	0.0	0.0	0.0
900.7764893775906	-25.055252255345863	627.7656655790139	811398.2838154165	1062.6995095332118	-20.275171671371936	1129330.2475621288	411.0825863036031	854.7569626231252	-4.125312993555895	730609.4651527107	17.018207294801098	888.6020958977049	699.9745735695876	2.123509	81.79125999999998	2.6274057911513027	1.2642828591209962	-0.1366642616	0.1490742649	-0.1027131194	0.0860711576	0.025713567	0.1091985504	0.1710140643	-0.0469174858	0.1687306819	0.0092791612	-0.1327730889	-0.0414981063	0.0325754671	-0.1374095852	-0.2401786066	0.0200948282	-0.0469679723	-0.0794475762	-0.0204999303	0.2672611673	-0.0745699058	-0.122816298	0.0741304683	0.1887644163	-0.0708365012	0.0011147484	-0.0103964215	0.2446013277	-0.2603297462	-0.007659617	-0.2598032304	-0.1156103895	0.1392228577	0.0902648039	-0.020397877	0.0408544044	-0.0264599079	-0.1896211323	0.084701422	-0.0144532613	0.1245109908	0.3410457615	-0.1612341006	0.256565857	-0.1003239599	0.0150539918	0.1496532838	-0.1157978888	-0.1333010097	0.1203102662	-0.2642036918	-0.2091186212	-0.0488911461	-0.1021316793	0.0172978241	-0.090084361	-0.0033794295	0.0948006283	-0.1289225186	0.996447110895545	0.4231052799892438	0.9929068448120788	0.1790180779547764	-0.2535316795468674	-0.2103259030872238	0.0442369855094562	0.0642783125338554	-1.478311123664355	-1.0419864550685247	2.185403778349768	1.0857357725462706	0.0145051531681565	0.00553554292928	0.0002103994684316	3.0642235521901816e-05	-0.0111722608465738	-0.0044963340744637	2.021702010918334e-05	0.0001248194124238	0.0240908661895621	0.0090078860563825	8.114201120477028e-05	0.0005803698337633	0.0	0.0	0.0	0.0	0.0	0.0	0.0	0.0	0.0	0.0	0.0	0.0	0.0	0.0	0.0	0.0	0.0	0.0	0.0	0.0	0.0	0.0	0.0	0.0	0.0	0.0	0.0	0.0	0.0	0.0	0.0	0.0	0.0	0.0	0.0	0.0	0.0	0.0	1.0	0.0	0.0	0.0	0.0	0.0	0.0	0.0	0.0	0.0	0.0	0.0
921.7938244654996	21.017335087909032	441.7283741974522	849703.8548227323	1122.7443931612906	60.04488362807888	1260554.972375115	3605.388049909535	866.0136117817443	11.256649158619098	749979.5757912617	126.71215028024004	908.293610508002	699.3622629440725	1.774793	68.359772	1.5533573201898965	0.8750019559448076	-0.2007140857	0.1341658732	-0.1894679246	-0.098430998	0.1437972421	0.2008779855	-0.1725128105	0.0226395902	-0.0160015275	0.0466641844	-0.1815783447	-0.1140603292	0.2011389313	-0.2498621681	-0.1908302781	0.0896318748	0.0358465335	-0.1731161235	0.0209482446	0.0832534781	0.1540692595	-0.171550361	0.2565814267	0.051359004	-0.2220150008	0.0463791138	0.1615582123	0.0835220094	-0.0532344895	0.0968378124	-0.0422351156	-0.1891862884	0.1159205219	0.1689659869	-0.081053415	-0.1519120785	-0.013558422	-0.0623251987	0.0073285403	-0.0089704471	-0.1883051414	-0.0032964325	-0.1921159019	0.085581082	-0.1122154392	0.0397656042	-0.0651092297	-0.2418643609	-0.0574190016	0.0317840416	-0.1287635017	-0.2192258465	-0.2673644792	0.0443927653	-0.2465701483	-0.0924741833	0.0033794295	0.0876327994	-0.1289225186	1.1248514131423375	0.1284043022467924	1.2652907016483137	0.0164876648354856	-0.5761718184154034	-0.322640138868536	0.1040966592091082	0.3319739643361126	-2.2352821604991675	-0.7569710368348126	4.996486337045826	0.5730051506067712	0.0105659688704397	-0.0039391842977168	0.0001116396981711	1.5517172931378606e-05	-0.0116712105616103	-0.0004989497150364	2.489508181350036e-07	0.0001362171559734	0.0216221633575203	-0.0024687028320417	6.094493672931202e-06	0.0004675179482592	0.0	0.0	0.0	0.0	0.0	0.0	0.0	0.0	0.0	0.0	0.0	0.0	0.0	0.0	0.0	0.0	0.0	0.0	0.0	0.0	0.0	0.0	0.0	0.0	0.0	0.0	0.0	0.0	0.0	0.0	0.0	0.0	0.0	0.0	0.0	0.0	0.0	0.0	0.0	1.0	0.0	0.0	0.0	0.0	0.0	0.0	0.0	0.0	0.0	0.0
932.1082581736632	10.31443370816362	106.38754272010192	868825.8049555405	1095.9416538555029	-26.80273930578778	1201088.108655535	718.3868342940212	863.6045357974959	-2.409075984248375	745812.7942500084	5.803647097882276	899.8350144577363	759.9897239057611	1.452748	55.955536	0.9629292083595102	0.5736543004161527	-0.1529275139	0.1451111124	-0.2339954149	-0.1001397763	-0.0105001661	0.108652076	-0.0339734015	-0.0889413389	0.0367756867	-0.0045790728	-0.1826564662	-0.0904890566	0.1247640987	-0.1418798746	-0.0996082247	0.0065411001	0.1213514564	-0.0379205098	0.1286714826	-0.2195784453	0.0263715098	-0.1109411989	0.1512379535	0.0417816327	-0.1403403199	-0.072035148	0.0669727394	0.0578591301	0.1611864087	0.0984215366	-0.0042441801	-0.1595400164	0.1530116336	0.2154442321	-0.1003877763	-0.060010774	0.022520038	0.0008956666	-0.0658429844	0.1076486674	0.0375385737	-0.0782591373	0.1321477922	0.067187249	-0.1089185826	-0.0583012494	-0.07869692	-0.0095878507	-0.1207210073	-0.0803932334	0.0584478913	0.0988817211	0.1410506299	0.0090083707	0.1137373058	-0.0948006283	0.0101290257	0.0799246852	-0.1275100165	1.1135709216794822	-0.0112804914628552	1.2400401976100917	0.0001272494876435	-0.4807002403174181	0.0954715780979853	0.0091148222245197	0.2310727210412235	-2.124721890019913	0.1105602704792545	4.514443109929792	0.0122235734084459	0.020617418459568	0.0100514495891283	0.0004250779439369	0.0001010316388427	-0.0157977799826607	-0.0041265694210504	1.7028575186748244e-05	0.0002495698523805	0.0208878450013107	-0.0007343183562096	5.392234482663707e-07	0.0004363020687987	0.0	0.0	0.0	0.0	0.0	0.0	0.0	0.0	0.0	0.0	0.0	0.0	0.0	0.0	0.0	0.0	0.0	0.0	0.0	0.0	0.0	0.0	0.0	0.0	0.0	0.0	0.0	0.0	0.0	0.0	0.0	0.0	0.0	0.0	0.0	0.0	0.0	0.0	0.0	0.0	1.0	0.0	0.0	0.0	0.0	0.0	0.0	0.0	0.0	0.0
922.430096936035	-9.67816123762816	93.66680494152824	850877.283733423	1090.4975735193775	-5.444080336125353	1189184.9578516502	29.638010706186737	859.0994504763756	-4.505085321120305	738051.8658088106	20.29579375057364	895.8699550106793	724.4251474373673	1.038932	40.016579	0.6091444210499549	0.3253713438177736	-0.1538387035	0.1956312601	-0.1990784494	-0.0801988662	-0.0237093688	0.1613571811	-0.0472453851	-0.0539858934	0.0876412786	0.0950097913	-0.1273573347	0.0526244117	0.0720664647	-0.0945874707	-0.202545124	0.0037630456	0.0799600033	-0.0919877325	0.0333911208	-0.0973856059	0.0035021402	-0.1074936143	0.1229302092	0.147359417	-0.0881518965	-0.0446042021	0.0927598888	0.0354007493	0.0527433711	0.027530905	-0.028104081	-0.1454009922	0.1747820204	0.1883731526	-0.0817841066	-0.001403662	0.0230394479	-0.0505960311	-0.0118620283	0.0772651203	0.0138213792	0.000370865	-0.0353411921	-0.1183289016	-0.0787113297	-0.0141138325	-0.066252989	-0.1031183403	-0.0534358654	-0.0667547872	0.0182540681	0.0710311766	0.0275463612	0.0295442521	0.0444830294	-0.0970621018	0.016850859	0.0717238087	-0.124700488	1.1031752483081618	-0.0103956733713204	1.2169956284797745	0.0001080700248431	-0.4083258223195543	0.0723744179978638	0.0052380563805295	0.1667299771729402	-1.8574891063690373	0.2672327836508756	3.450265780279645	0.0714133606577957	0.0176908094305524	-0.0029266090290155	0.0003129647383081	8.565040408715628e-06	-0.0142824877508778	0.0015152922317829	2.296110547701607e-06	0.0002039894563539	0.0216287746611101	0.0007409296597994	5.489767607704553e-07	0.000467803893341	0.0	0.0	0.0	0.0	0.0	0.0	0.0	0.0	0.0	0.0	0.0	0.0	0.0	0.0	0.0	0.0	0.0	0.0	0.0	0.0	0.0	0.0	0.0	0.0	0.0	0.0	0.0	0.0	0.0	0.0	0.0	0.0	0.0	0.0	0.0	0.0	0.0	0.0	0.0	0.0	0.0	1.0	0.0	0.0	0.0	0.0	0.0	0.0	0.0	0.0
932.0292745189992	9.599177582964105	92.14421026928056	868678.5685604119	1108.7147462003616	18.21717268098405	1229248.3884421322	331.8653804887916	861.3883875152211	2.288937038845461	741989.9541460727	5.239232767798627	899.5269865892886	744.1821217951814	1.020677	39.31345	0.5514554653634345	0.254428451457404	-0.1400468373	0.1378627734	-0.2284457393	-0.0875668267	-0.069006136	0.12281486	-0.1258040486	-0.0822867336	0.043648252	0.0489267252	-0.1343613579	-0.0472513952	0.1271252623	-0.1058088066	-0.1640308414	0.0225018977	0.087914819	-0.089848603	0.0304303014	-0.1950485366	-0.0345448295	-0.0927502518	0.1619540445	0.0955021145	-0.1307444368	-0.0442290357	0.0788664778	0.0140670765	0.0940655325	0.0079957149	-0.0742285783	-0.1432615172	0.1646911974	0.231349326	-0.1131044974	-0.0083376045	0.0369329098	-0.0123323805	-0.0477245772	0.1182326893	0.098622726	-0.0412739374	0.138305137	0.1966877815	-0.0850794075	-0.1104458614	-0.0512907499	-0.0529387899	-0.107429527	-0.0672575998	0.0191592057	0.0280937768	0.125913484	0.0498935332	0.125829058	-0.0992570537	0.0235265052	0.063080731	-0.1205247148	1.1773253840318605	0.0741501357236986	1.3860950598857678	0.0054982426278429	-0.4238550023101055	-0.0155291799905512	0.0002411554311789	0.1796530629832995	-1.972568202951152	-0.1150790965821146	3.891025315293937	0.0132431984701556	0.0212760694836957	0.0035852600531432	0.000452671132675	1.2854089648665088e-05	-0.0157798845188756	-0.0014973967679978	2.242197080810259e-06	0.000249004755429	0.0234800589013104	0.0018512842402002	3.4272533380139978e-06	0.000551313166009	0.0	0.0	0.0	0.0	0.0	0.0	0.0	0.0	0.0	0.0	0.0	0.0	0.0	0.0	0.0	0.0	0.0	0.0	0.0	0.0	0.0	0.0	0.0	0.0	0.0	0.0	0.0	0.0	0.0	0.0	0.0	0.0	0.0	0.0	0.0	0.0	0.0	0.0	0.0	0.0	0.0	0.0	1.0	0.0	0.0	0.0	0.0	0.0	0.0	0.0
910.2417115670588	-21.787562951940345	474.69789938476345	828539.9734765287	1070.1591666275758	-38.55557957278575	1145240.6419170275	1486.5327161934135	854.8805595680519	-6.507827947169176	730820.7711273856	42.351824589956166	890.1974945472388	710.1739123757036	2.112659	81.373337	0.7898356568803184	0.3807779177826558	-0.1530165001	0.1257035773	-0.1453327104	-0.0225257853	0.0567099859	0.1929164051	0.063096738	-0.0105029848	-0.0662626076	0.1918754053	-0.1466237259	0.171474496	-0.0194336052	-0.0770268066	-0.2966475052	0.0467405135	0.0369821005	-0.1798648082	0.0741502732	0.0917252857	0.0255222855	-0.1465599644	0.0437429006	0.1945182476	-0.0990259347	0.0127551328	0.1838935508	0.0947561715	0.0402152701	-0.1448425384	-0.000253053	-0.1565310042	0.1108259289	0.194835104	-0.1026448914	-0.0782492593	-0.0163380379	-0.0248933142	0.074162563	0.0101253082	-0.2043417452	0.0446315143	-0.1932439244	-0.6824403328	0.1847803129	0.2763737179	0.2023446254	0.0954969573	0.062862929	0.0198844336	0.0134511464	0.0298986746	-0.0940179011	0.000343507	0.1767905737	-0.1013839798	0.0301376669	0.0540487397	-0.1150284477	1.30791298126762	0.1305875972357595	1.7106363665683535	0.0170531205518089	-0.116573063046232	0.3072819392638735	0.0944221901977668	0.0135892790279807	-2.0971430408720124	-0.1245748379208604	4.398008933877911	0.0155188902430086	0.0238508283567903	0.0025747588730946	0.000568862013305	6.629383254579375e-06	-0.0169780242805044	-0.0011981397616287	1.4355388883959154e-06	0.0002882533084693	0.0242549859157835	0.0007749270144731	6.005118777601944e-07	0.0005883043417748	0.0	0.0	0.0	0.0	0.0	0.0	0.0	0.0	0.0	0.0	0.0	0.0	0.0	0.0	0.0	0.0	0.0	0.0	0.0	0.0	0.0	0.0	0.0	0.0	0.0	0.0	0.0	0.0	0.0	0.0	0.0	0.0	0.0	0.0	0.0	0.0	0.0	0.0	0.0	0.0	0.0	0.0	0.0	1.0	0.0	0.0	0.0	0.0	0.0	0.0
885.8670061515974	-24.37470541546145	594.1262640905256	784760.3525879942	1023.6510769373464	-46.50808969022944	1047861.527314989	2163.002406634426	841.9216024139781	-12.9589571540738	708831.9846113207	167.93457052112055	875.0049532211048	694.0222255720428	2.85742	110.059349	8.253742369113349	4.281746634212315	-0.1941416263	-0.1800796354	0.027870768	-0.0418245178	0.2163877448	0.2604384676	0.356154671	0.1950800457	-0.0499316204	0.1172454145	0.1625809264	0.1286590951	-0.4946034537	-0.0681883255	-0.0887648933	-0.0960043557	0.0130430871	-0.014143582	0.3237307376	0.3449014472	0.3497043158	-0.2679557541	-0.3535776232	0.1345744694	0.1755337469	-0.0169897895	0.0349945893	0.3166951837	-0.1738001986	-0.085732952	0.5917140815	-0.1675496463	-0.1455281443	-0.0910648989	-0.031412271	-0.0373102643	-0.0697208725	-0.1414558955	0.0691594703	-0.4269036295	-0.4377020604	0.1747207695	0.0226656256	0.0005626193	0.0100985007	-0.5720182628	0.0075351624	0.2699651187	-0.0586554954	-0.1805470675	-0.0171555818	0.0924728314	0.0666034926	0.0015692927	0.0184567365	-0.1034414224	0.0366662233	0.0446835199	-0.1082719048	1.937157126414164	0.629244145146544	3.7525777324171816	0.395948194201205	1.5275152257921718	1.644088288838404	2.70302630149559	2.3333027650269096	-3.1435066564737326	-1.0463636156017202	9.881634099294663	1.0948768160551046	0.0996463606983139	0.0757955323415236	0.0099293972004184	0.0057449627229349	-0.0212429947863339	-0.0042649705058295	1.818997341559554e-05	0.0004512648274922	0.042875409458964	0.0186204235431805	0.0003467201729274	0.0018383007362738	0.0	0.0	0.0	0.0	0.0	0.0	0.0	0.0	0.0	0.0	0.0	0.0	0.0	0.0	0.0	0.0	0.0	0.0	0.0	0.0	0.0	0.0	0.0	0.0	0.0	0.0	0.0	0.0	0.0	0.0	0.0	0.0	0.0	0.0	0.0	0.0	0.0	0.0	0.0	0.0	0.0	0.0	0.0	0.0	1.0	0.0	0.0	0.0	0.0	0.0
927.7283677849334	41.86136163333606	1752.3735977969402	860679.9243928967	1124.4012015396852	100.7501246023388	1264278.0620238876	10150.587607386797	863.9647542694469	22.04315185546875	746435.0966198657	485.9005437232554	901.8392706228796	730.0881017541715	2.619731	100.904274	1.6210567519093209	0.724197046833994	-0.173091314	-0.1849916116	0.0316330203	-0.0121660238	-0.0385654284	0.079104751	-0.2436326719	0.0392490181	0.0750764629	-0.3287784144	-0.0042031978	-0.2410472876	-0.0064501271	-0.211045171	0.2191602776	0.0045426321	-0.0541195496	0.008592105	0.0509142488	-0.101909705	-0.0882624728	-0.1519910528	0.051808508	-0.2313962499	0.0701835865	0.0727424571	-0.0126070418	0.0167565815	0.0882902952	0.1797944727	0.0335960995	-0.1584334279	-0.1671566114	-0.0950639167	-0.0275012559	0.0424112596	-0.0512646307	-0.0030866091	-0.0677999847	-0.0506306152	0.0358638493	0.0613515968	-0.0077381804	0.0446984659	-0.0757451727	-0.0224426027	-0.0555377524	-0.0256993925	0.0245871086	0.6416329248	0.336324137	0.240503947	-0.2856588716	-0.1159531527	-0.0380107826	-0.1054279714	0.0430942802	0.0350428114	-0.1003291122	1.705396026228243	-0.231761100185921	2.908375606275082	0.0537132075593885	1.2466124136601169	-0.2809028121320549	0.0789063898636965	1.5540425098915025	-3.0078155208048827	0.1356911356688499	9.046954207194748	0.0184120842991022	0.1043656613107397	0.0047193006124258	0.010892191260828	2.2271798270442533e-05	-0.0090411187814627	0.0122018760048712	0.0001488857780382	8.174182882051756e-05	0.0403425519978111	-0.0025328574611529	6.415366918517915e-06	0.001627521501696	0.0	0.0	0.0	0.0	0.0	0.0	0.0	0.0	0.0	0.0	0.0	0.0	0.0	0.0	0.0	0.0	0.0	0.0	0.0	0.0	0.0	0.0	0.0	0.0	0.0	0.0	0.0	0.0	0.0	0.0	0.0	0.0	0.0	0.0	0.0	0.0	0.0	0.0	0.0	0.0	0.0	0.0	0.0	0.0	0.0	1.0	0.0	0.0	0.0	0.0
921.152331060348	-6.576036724585379	43.24425900309559	848521.617017913	1077.0093620999933	-47.39183943969192	1159949.1660510343	2245.986445477539	860.9013625721873	-3.06339169725959	741151.1560786486	9.38436869083899	896.5545638135757	715.24601530773	1.302279	50.159908	1.3376006039688366	0.5247282406837361	-0.1417803289	-0.2137918538	0.1037363503	-0.0013742957	-0.0940856495	0.1225786605	0.0476997979	0.027961527	-0.0976014521	-0.1610293957	0.1991351252	0.0758081388	-0.0963833407	-0.1930996975	0.1827849857	-0.0541117071	-0.0052746807	-0.0196335369	-0.0414271985	0.0719885438	0.0410006434	-0.1661591282	-0.0286571857	-0.1923784901	0.1170928865	0.0243703848	-0.0197663917	-0.0395371106	-0.0837992753	-0.0067754902	-0.0395442987	-0.1634681808	-0.1865274558	-0.1342729928	-0.0315418852	0.0571573882	0.050145882	0.0302576882	0.0600707552	0.0478794021	-0.0216517891	-0.0117875816	-0.0096614898	0.0233325878	-0.0036795481	-0.0264049331	0.0209514327	0.0062898499	0.0491075923	0.1329892394	0.096073424	0.05055622	-0.0552402367	-0.0466864	-0.0326817371	-0.1073422654	0.0494042187	0.0251860523	-0.0912870929	1.849743643730335	0.1443476175020919	3.4215515475207763	0.0208362346785302	1.579343815761348	0.3327314021012311	0.1107101859442511	2.4943268883836147	-2.9462633203366693	0.0615522004682134	8.680467552761256	0.0037886733824791	0.1117590081662522	0.0073933468555125	0.0124900759063044	5.4661577725916617e-05	-0.0147394216726335	-0.0056983028911708	3.247065583952551e-05	0.0002172505512436	0.0432302899290738	0.0028877379312627	8.339030359653379e-06	0.0018688579673517	0.0	0.0	0.0	0.0	0.0	0.0	0.0	0.0	0.0	0.0	0.0	0.0	0.0	0.0	0.0	0.0	0.0	0.0	0.0	0.0	0.0	0.0	0.0	0.0	0.0	0.0	0.0	0.0	0.0	0.0	0.0	0.0	0.0	0.0	0.0	0.0	0.0	0.0	0.0	0.0	0.0	0.0	0.0	0.0	0.0	0.0	1.0	0.0	0.0	0.0
924.3504664744707	3.198135414122703	10.228070127065791	854423.7848715717	1097.120184885883	20.11082278588969	1203672.700084034	404.44519312546015	860.9154333420742	0.0140707698868709	741175.3833665713	0.0001979865652092	899.54761288972	719.7632266102587	0.840105	32.358334	0.7177458241076893	0.3238856403418587	-0.1466273818	-0.2149415858	0.1025605478	0.0420009779	-0.1089395207	0.1132201861	-0.0440602336	-0.0138207455	-0.0935738916	-0.1786852833	0.1002444051	0.0450340771	-0.0836820969	-0.1755231172	0.1931618488	-0.0337129291	-0.047139558	-0.0065401258	-0.1579194205	-0.0187335489	-0.0668833963	-0.155087702	-0.0176068993	-0.209952668	0.1065266405	0.0374063855	-0.0448488735	-0.1273697423	-0.0345924176	-0.036162322	-0.1215715209	-0.154567294	-0.1863154331	-0.1396926083	-0.0252471043	0.0700898933	0.0697403018	0.0491366461	0.1650811605	0.132824376	0.018007001	-0.0297106401	0.0290621872	0.0120957291	-0.0067881482	0.0487716059	-0.0023844141	-0.0123729711	0.0411394765	0.0700019025	0.0427305737	-0.0325959406	-0.0063262192	-0.0112342539	-0.010929527	-0.1091829923	0.0555787436	0.0151740128	-0.0812449131	1.9204680056058123	0.0707243618754773	3.6881973605555674	0.0050019353626934	1.731121491025462	0.151777675264114	0.0230364627085788	2.996781616690219	-2.966964677137142	-0.0207013568004725	8.802879395379504	0.0004285461733804	0.1172789136291277	0.0055199054628755	0.0137543435820283	3.0469356319082867e-05	-0.0170601185193144	-0.0023206968466808	5.385633854194671e-06	0.000291047643893	0.0448805362228699	0.001650246293796	2.723312830187762e-06	0.0020142625316523	0.0	0.0	0.0	0.0	0.0	0.0	0.0	0.0	0.0	0.0	0.0	0.0	0.0	0.0	0.0	0.0	0.0	0.0	0.0	0.0	0.0	0.0	0.0	0.0	0.0	0.0	0.0	0.0	0.0	0.0	0.0	0.0	0.0	0.0	0.0	0.0	0.0	0.0	0.0	0.0	0.0	0.0	0.0	0.0	0.0	0.0	0.0	1.0	0.0	0.0
922.7854394617242	-1.5650270127465546	2.4493095506264044	851532.9672825674	1093.0189952600472	-4.1011896258357865	1194690.523999283	16.819756347063077	860.5818776260188	-0.3335557160553435	740601.168098324	0.1112594157131929	899.7830786305198	708.4398118065708	0.65457	25.212093	0.1258379124718284	0.0578360277748343	-0.1298399991	-0.2052999385	0.1098206517	0.0196713411	-0.0708871732	0.10587548	-0.0231474932	-0.0194847709	-0.0943409695	-0.1657932931	0.1722357766	0.0518653653	-0.1012126101	-0.162864007	0.197729023	-0.0574940301	-0.0382737503	-0.0264144874	-0.1079389698	0.0544554162	0.0281720464	-0.1432197363	-0.0265937067	-0.2012539098	0.120106854	0.0308127221	-0.0278585137	-0.0879698162	-0.0941387634	-0.0349923925	-0.0244426352	-0.1454792511	-0.1818145502	-0.1382229074	-0.0225707394	0.0673531316	0.0883587795	0.0512494314	0.1368589103	0.1325229602	0.0073025804	-0.049075247	0.0274782684	0.0228609907	0.0044600828	0.0353292883	0.0125590462	-0.0252006949	0.0284269034	-0.0459129956	-0.0010651853	-0.0395498904	0.0374705777	-0.009639844	-0.0270027373	-0.1109488906	0.0616009311	0.0050684204	-0.0703125971	1.927338220856683	0.0068702152508706	3.714632617575004	4.719985759329519e-05	1.7007034910511578	-0.0304179999743041	0.0009252547224367	2.892392364473596	-2.9474533283049738	0.019511348832168	8.687481122536067	0.0003806927332505	0.1167343200413627	-0.000544593587765	0.0136269014755192	2.965821758347692e-07	-0.0168525048173724	0.0002076137019419	4.310344923406157e-08	0.0002840069186195	0.0455090959014526	0.0006285596785826	3.9508726953998426e-07	0.0020710778097676	0.0	0.0	0.0	0.0	0.0	0.0	0.0	0.0	0.0	0.0	0.0	0.0	0.0	0.0	0.0	0.0	0.0	0.0	0.0	0.0	0.0	0.0	0.0	0.0	0.0	0.0	0.0	0.0	0.0	0.0	0.0	0.0	0.0	0.0	0.0	0.0	0.0	0.0	0.0	0.0	0.0	0.0	0.0	0.0	0.0	0.0	0.0	0.0	0.0	0.0
924.6106797113904	1.8252402496661944	3.3315019690015117	854904.9090363594	1097.9753216739305	4.956326413883289	1205549.8070049712	24.565171520957183	860.9921788345149	0.4103012084960937	741307.5320142052	0.168347081693355	899.2724274570502	721.451077460106	0.626051	24.11364	0.2386976847336893	0.0984488171411274	-0.1220778477	-0.1884387659	0.0959126983	0.034544121	-0.1091046442	0.0976421776	-0.0680342186	0.022652637	-0.0764740094	-0.1715958799	0.1170040348	0.0441102764	-0.0727330072	-0.1396961892	0.1913047367	-0.0304168325	-0.0435045799	0.007794138	-0.1993781266	-0.0359642474	-0.0591486519	-0.1215063432	-0.0200686758	-0.1850168272	0.1107739184	0.0342086156	-0.0526767411	-0.1352583088	-0.0582257793	-0.0181785496	-0.0930804074	-0.1299726976	-0.1690781244	-0.1331923195	-0.0190739156	0.0698069366	0.0905192552	0.0597942323	0.1419983571	0.1522296179	0.0598458576	-0.0440081952	0.0416042695	0.0028562489	0.0037233203	0.0781226938	-0.0013025045	-0.0372930663	0.0115636089	-0.0660998027	-0.0271322334	-0.0568167946	0.0576284889	0.0279212458	-0.0058786101	-0.1126387502	0.0674542747	-0.0050684204	-0.0586099215	1.967923391085023	0.0405851702283399	3.872722473179576	0.0016471560424633	1.7175558475987458	0.0168523565475879	0.000284001921207	2.949998089620646	-2.8827852155909426	0.0646681127140311	8.310450599229718	0.0041819648019946	0.117485079887724	0.0007507598463613	0.0138027439962248	5.63640346908449e-07	-0.0177470452396939	-0.0008945404223214	8.002025671671274e-07	0.0003149576147397	0.0461956365376444	0.0006865406361918	4.713380451426415e-07	0.0021340368351181	0.0	0.0	0.0	0.0	0.0	0.0	0.0	0.0	0.0	0.0	0.0	0.0	0.0	0.0	0.0	0.0	0.0	0.0	0.0	0.0	0.0	0.0	0.0	0.0	0.0	0.0	0.0	0.0	0.0	0.0	0.0	0.0	0.0	0.0	0.0	0.0	0.0	0.0	0.0	0.0	0.0	0.0	0.0	0.0	0.0	0.0	0.0	0.0	0.0	0.0
923.785373899884	-0.8253058115063823	0.6811296825062082	853379.4170313485	1094.0319618991368	-3.943359774793634	1196905.9336568743	15.550086313460504	860.3906995043343	-0.6014793301806094	740272.1557935576	0.3617773846345145	897.6829694998759	725.7663404285126	0.653266	25.161858	0.4577540459189302	0.2233353553898709	-0.1132199568	-0.1920268658	0.0937284841	0.0249820604	-0.1310481932	0.0914700643	-0.0406853511	0.0091272854	-0.0751986623	-0.1832307628	0.1429156423	0.1007973541	-0.0831603386	-0.1340566109	0.178300507	-0.0879653886	-0.0050434089	-0.0270267984	-0.1181175516	0.022907646	-0.0124895376	-0.1190506356	-0.02739433	-0.1851544812	0.1309756494	-0.006828658	-0.0040509673	-0.0778678977	-0.0848222082	-0.0384103681	-0.0361192211	-0.1211717659	-0.1635693462	-0.1401670587	-0.0165127461	0.0727500151	0.1121022564	0.0537556051	0.1191478949	0.1115226175	0.0262805014	-0.0529499843	0.0189493001	0.0024107819	0.0196462682	0.0402268014	-0.0002670988	-0.0179258694	-0.0160878212	-0.1968474487	-0.0941780635	-0.0525708509	0.0845758593	0.0312160291	-0.006943239	-0.1142514127	0.0731227308	-0.0151740128	-0.0462651033	2.051701606594364	0.0837782155093411	4.209479482501894	0.0070187893939296	1.7252049245196162	0.0076490769208703	5.850837774139154e-05	2.9763320315867343	-2.8712566224910887	0.0115285930998538	8.244114592198935	0.0001329084588619	0.1148368573068525	-0.0026482225808714	0.0131875037961144	7.013082837837684e-06	-0.0205132273811978	-0.0027661821415039	7.65176363997511e-06	0.0004207924975927	0.0478771950230463	0.0016815584854018	2.8276389398271283e-06	0.0022922258032748	0.0	0.0	0.0	0.0	0.0	0.0	0.0	0.0	0.0	0.0	0.0	0.0	0.0	0.0	0.0	0.0	0.0	0.0	0.0	0.0	0.0	0.0	0.0	0.0	0.0	0.0	0.0	0.0	0.0	0.0	0.0	0.0	0.0	0.0	0.0	0.0	0.0	0.0	0.0	0.0	0.0	0.0	0.0	0.0	0.0	0.0	0.0	0.0	0.0	0.0
922.6584685563016	-1.1269053435823937	1.2699156533945524	851298.6495986598	1092.2024548126622	-1.8295070864746776	1192906.2022988054	3.3470961794610634	860.781122089904	0.390422585569695	740944.1401463542	0.1524297953229258	897.728130747971	716.9687739134687	0.625314	24.085247	0.275007851180983	0.2077153228891746	-0.0976625452	-0.1787805296	0.0796266377	0.0312507155	-0.1027864719	0.0749170406	-0.0227726956	0.0018683897	-0.0345694729	-0.2394060091	0.1294682873	0.0974747096	-0.043852587	-0.1278992599	0.1597619286	-0.0513543704	-0.0169708797	-0.0770314847	-0.1780960333	0.0481633477	-0.0363863072	-0.0981854693	-0.0085495676	-0.1813597733	0.0988839601	0.0053193279	0.0249896089	-0.0686785644	-0.114954423	-0.0142948333	-0.1478023049	-0.110589104	-0.1557641186	-0.1334333758	-0.018576054	0.0795732661	0.1056689155	0.0545517294	0.0842950386	0.0702119147	0.0360378874	-0.0207581891	0.01108818	-0.0178539887	0.0083589186	0.0462462749	-0.0068892132	-0.0080975199	-0.0621888138	-0.1179491679	-0.0879304289	-0.0264919249	-0.0057101563	0.0127109871	0.0286469026	-0.1157857731	0.0785907625	-0.0251860523	-0.033413395	2.0432209099672605	-0.0084806966271036	4.17475168692744	7.19222152809664e-05	1.6987243781679098	-0.0264805463517063	0.0007012193350848	2.885664512981952	-2.841689619887376	0.0295670026037129	8.075199895775658	0.0008742076429679	0.1109819825055584	-0.0038548748012941	0.012317000440864	1.4860059733652291e-05	-0.0206256823164634	-0.0001124549352655	1.2646112465590066e-08	0.0004254187710196	0.0476349326476368	-0.0002422623754094	5.8691058539051177e-08	0.0022690868083448	0.0	0.0	0.0	0.0	0.0	0.0	0.0	0.0	0.0	0.0	0.0	0.0	0.0	0.0	0.0	0.0	0.0	0.0	0.0	0.0	0.0	0.0	0.0	0.0	0.0	0.0	0.0	0.0	0.0	0.0	0.0	0.0	0.0	0.0	0.0	0.0	0.0	0.0	0.0	0.0	0.0	0.0	0.0	0.0	0.0	0.0	0.0	0.0	0.0	0.0
922.4380269388878	-0.2204416174138259	0.0485945066880236	850891.9135429083	1083.884628229266	-8.317826583396254	1174805.887311694	69.1862390714534	859.8875533680857	-0.8935687218182693	739406.6044373525	0.7984650606119356	894.9256350726862	711.0745609906347	0.620337	23.893551	0.4088096379292761	0.1861446122274885	-0.0756504549	-0.1776204035	0.0883295664	0.034890718	-0.1293102264	0.07937522	0.0170255701	-0.0100725044	-0.0707026137	-0.1782751476	0.1426910506	0.1483117731	-0.0774595961	-0.0884526035	0.1215868388	-0.0530115443	-0.0068784236	-0.0101019607	-0.1434953098	0.0293296335	0.012137717	-0.0914742362	-0.049555597	-0.1414537117	0.0924512972	-0.0129641917	-0.0233768944	-0.0873089517	-0.0856252716	-0.0248773719	-0.0798372016	-0.0944936173	-0.1449594556	-0.1253886318	-0.0200356346	0.0760530112	0.0919759661	0.0583996835	-0.0110803575	0.0448911442	0.0432007337	-0.0354693787	-0.0128437383	-0.0239336582	0.0257662184	0.0521530244	0.0052618109	-0.0061504648	-0.0618448185	-0.1890813632	-0.1301684298	-0.0281094929	0.0463098303	0.0340326144	0.0341400708	-0.1172407796	0.0838433825	-0.0350428114	-0.0201956026	2.0191719433982485	-0.024048966569012	4.07705533700666	0.0005783527930374	1.5358375216706437	-0.162886856497266	0.0265321280195609	2.358796892971425	-2.807114771745418	0.0345748481419576	7.879893341751331	0.0011954201240394	0.1083276747955998	-0.0026543077099586	0.0117348851266212	7.04534941914567e-06	-0.0200372599579472	0.0005884223585162	3.462408720017686e-07	0.0004014917866223	0.0471316833816908	-0.000503249265946	2.5325982367519344e-07	0.0022213955783919	0.0	0.0	0.0	0.0	0.0	0.0	0.0	0.0	0.0	0.0	0.0	0.0	0.0	0.0	0.0	0.0	0.0	0.0	0.0	0.0	0.0	0.0	0.0	0.0	0.0	0.0	0.0	0.0	0.0	0.0	0.0	0.0	0.0	0.0	0.0	0.0	0.0	0.0	0.0	0.0	0.0	0.0	0.0	0.0	0.0	0.0	0.0	0.0	0.0	0.0
924.9883041841967	2.550277245308962	6.503914027940668	855603.3628775561	1102.652709561144	18.768081331878196	1215842.9979025328	352.24087687999474	861.2963821976273	1.4088288295415623	741831.4579867213	1.9847986709474483	898.6573047284415	721.3691462515648	0.8297949999999998	31.961237	1.077600952185481	0.5288161443092465	-0.0413442222	-0.1054144955	0.0423044978	0.0172935125	-0.0606747782	0.0554468385	-0.0306743395	-0.0371226215	-0.0545157092	-0.1102551194	0.0647367718	0.1042571796	-0.029159658	-0.0443730481	0.1180228473	-0.0227306658	0.0044189146	0.0322960475	-0.0552148786	-0.01386558	0.0053383495	-0.0446523045	-0.0247072074	-0.1146475384	0.050327918	-0.0071093333	-0.0346082215	-0.0481375576	-0.0129586069	0.0010523738	-0.0410553412	-0.0575964363	-0.0913528982	-0.0752148664	-0.0095627181	0.0335712126	0.0077015202	0.023878282	-0.242152717	-0.0863185108	0.11549788	-0.008329892	-0.0455458896	-0.0267578103	0.0272231901	0.0827385377	-0.0378417144	-0.015535277	-0.0418104476	-0.0702096498	-0.0484291076	0.0059518722	0.0020209618	0.0218402466	0.0486188801	-0.1186154352	0.0888661936	-0.0446835199	-0.0067565429	1.9228928245457129	-0.0962791188525356	3.6975168146893895	0.0092696687270206	1.2045966072746808	-0.3312409143959629	0.1097205433698736	1.4510529862576715	-2.7705682658707502	0.0365465058746679	7.676048515850056	0.0013356470916471	0.0989316458275592	-0.0093960289680405	0.0097874705461496	8.828536036825797e-05	-0.018725380644851	0.0013118793130962	1.721027332129758e-06	0.0003506398802945	0.0455689034015813	-0.0015627799801095	2.4422812662310514e-06	0.0020765249572226	0.0	0.0	0.0	0.0	0.0	0.0	0.0	0.0	0.0	0.0	0.0	0.0	0.0	0.0	0.0	0.0	0.0	0.0	0.0	0.0	0.0	0.0	0.0	0.0	0.0	0.0	0.0	0.0	0.0	0.0	0.0	0.0	0.0	0.0	0.0	0.0	0.0	0.0	0.0	0.0	0.0	0.0	0.0	0.0	0.0	0.0	0.0	0.0	1.0	0.0
924.6434733718684	-0.3448308123283823	0.118908289131052	854965.5528491931	1089.9175745535106	-12.735135007633517	1187920.3193206072	162.18366366265272	860.8520729159131	-0.4443092817141405	741066.2914436247	0.1974107378173354	895.2529195868011	726.27529076541	0.76702	29.543346	0.8361111951555138	0.4989483681601936	-0.010210845	-0.0417258055	0.0121947098	-0.0022448015	-0.0264777728	0.007096319	0.0059439938	-0.0006530834	-0.0124505412	-0.0042050756	0.0221603581	0.0651591357	-0.0166836632	-0.030732026	0.0654226338	-0.0278943163	-0.0033454102	0.0143785857	0.0452501915	0.0283856136	-0.0305517944	-0.0227954998	-0.0166353956	-0.0412497183	0.0332180068	-0.0094716109	-0.0145537762	0.0418402137	-0.0142283538	0.0062224054	0.0010836077	-0.0192445617	-0.0431356618	-0.025348435	-0.0016174361	-9.8842e-05	-0.0479684222	0.003055994	-0.3262184119	-0.1515109458	0.0938810688	-0.0022976987	-0.0764932958	-0.0196469089	0.0247949195	0.0395319798	-0.0098984309	-0.0078269909	-0.0019849198	-0.0404377933	-0.0360573465	-0.0161634734	0.0137782583	-0.0023970623	0.0153996936	-0.1199087977	0.0936454286	-0.0540487397	0.0067565429	1.8636805898603088	-0.059212234685404	3.4733053410220687	0.0035060887364393	1.1618061073712056	-0.0427904999034751	0.0018310268819893	1.3497934311250332	-2.54033707840901	0.2302311874617402	6.453312471939625	0.0530063996800429	0.0910171900614608	-0.0079144557660983	0.008284128886684	6.263861007352812e-05	-0.0185219764968518	0.0002034041479992	4.137324742328065e-08	0.0003430636133499	0.043609217853581	-0.0019596855480002	3.840367447041211e-06	0.001901763881801	0.0	0.0	0.0	0.0	0.0	0.0	0.0	0.0	0.0	0.0	0.0	0.0	0.0	0.0	0.0	0.0	0.0	0.0	0.0	0.0	0.0	0.0	0.0	0.0	0.0	0.0	0.0	0.0	0.0	0.0	0.0	0.0	0.0	0.0	0.0	0.0	0.0	0.0	0.0	0.0	0.0	0.0	0.0	0.0	0.0	0.0	0.0	0.0	0.0	1.0
923.9565708288776	-0.6869025429907651	0.4718351035671799	853695.7447778587	1091.1609830231646	1.243408469654014	1190632.2908720789	1.5460646224073369	860.6302777514046	-0.2217951645085349	740684.4749824598	0.049193094999368	897.5460743512712	725.4476249249245	0.604458	23.28191	0.1732447337923326	0.0787950302246842	0.0052588641	-0.0408890853	0.0117949729	-0.0027813323	-0.0040027891	-0.0032361544	-0.0157046144	0.0339846067	0.0130492978	0.0281079977	0.0122893962	-0.0269293774	-0.008427451	-0.0090093223	0.0468730188	-0.020415053	0.003224306	0.0093804884	-0.0147174914	-0.032299794	-0.0894214265	-0.006472732	-0.0079168404	-0.030465853	0.0253612965	-0.0056393018	-0.0053792374	-0.0111725598	0.0052821576	-0.0088957507	-0.0191724371	-0.0118844858	-0.0450711106	-0.0256615594	0.0016714417	0.0104158548	-0.0369859059	0.0127899575	-0.3115580391	-0.1461571869	0.1020682804	-0.0147163762	-0.0571619532	-0.0158277968	0.0304193106	0.0596438719	-0.0199660338	-0.0136398332	-0.0167435816	-0.0272583291	-0.0427730488	-0.0178456639	-0.0075432662	0.0109284948	0.0356997364	-0.1211199807	0.098167988	-0.063080731	0.0201956026	1.866047070995165	0.0023664811348562	3.482131671169635	5.600232961630613e-06	1.2191516441894663	0.0573455368182607	0.0032885105929744	1.486330731529879	-2.4953287537905737	0.0450083246184362	6.226665589494018	0.0020257492849585	0.0918004449030356	0.0007832548415747	0.0084273216843952	6.134881468503542e-07	-0.0184197873343801	0.0001021891624716	1.0442624926667162e-08	0.0003392885654437	0.0440942616739501	0.000485043820369	2.352675076782484e-07	0.0019443039125707	0.0	0.0	0.0	0.0	0.0	0.0	0.0	0.0	0.0	0.0	0.0	0.0	0.0	0.0	0.0	0.0	0.0	0.0	0.0	0.0	0.0	0.0	0.0	0.0	0.0	0.0	0.0	0.0	0.0	0.0	0.0	0.0	0.0	0.0	0.0	0.0	0.0	0.0	0.0	0.0	0.0	0.0	0.0	0.0	0.0	0.0	0.0	0.0	0.0	0.0
921.4454378352468	-2.511132993630781	6.305788911701089	849061.6949073897	1086.161073509783	-4.999909513381681	1179745.877607924	24.99909514200464	860.4282430013021	-0.2020347501024844	740336.7613543078	0.0408180402489733	896.5810222305877	715.5444326343923	0.53293	20.526894	0.3314676407957415	0.1439973526086981	0.0219740842	-0.0117553084	0.0059004065	-0.0285321643	0.0310502035	-0.0356673043	0.016183156	0.0197670759	0.0124716205	0.0524854312	0.0246305963	-0.0382785338	-0.0117275563	0.002520413	0.0263325264	-0.0153658494	0.01808446	0.0254342213	-0.0074533634	-0.0345274535	-0.0684765439	0.0097392998	-0.0124644457	-0.009609856	0.0162783428	-0.0231441359	-0.0199753828	-0.0116439788	0.0207541491	-0.0048622272	0.0124292252	0.0077175457	-0.0238295714	-0.0100679109	0.0042464975	-0.0005247233	-0.0461494391	0.0086414697	-0.2910103672	-0.1428053226	0.0818654153	-0.0069904139	-0.0572804095	-0.0039396265	0.0157913312	0.0413425833	-0.0101881946	-0.0144358003	0.0035925624	-0.024183085	-0.0362330581	-0.0095387348	0.0120569799	0.0036908663	-0.0109508452	-0.1222481541	0.1024214758	-0.0717238087	0.033413395	1.843594376687193	-0.0224526943079721	3.39884022575264	0.0005041234816872	1.1092867510481454	-0.1098648931413208	0.0120702947449538	1.2305170960509502	-2.4506064929059903	0.0447222608845834	6.005472183072998	0.0020000806186287	0.0898491697414922	-0.0019512751615434	0.0080728733032354	3.807474756056245e-06	-0.0175821050471287	0.0008376822872513	7.017116143747355e-07	0.0003091304178882	0.0437946632735076	-0.0002995984004424	8.975920154770265e-08	0.0019179725312399	0.0	0.0	0.0	0.0	0.0	0.0	0.0	0.0	0.0	0.0	0.0	0.0	0.0	0.0	0.0	0.0	0.0	0.0	0.0	0.0	0.0	0.0	0.0	0.0	0.0	0.0	0.0	0.0	0.0	0.0	0.0	0.0	0.0	0.0	0.0	0.0	0.0	0.0	0.0	0.0	0.0	0.0	0.0	0.0	0.0	0.0	0.0	0.0	0.0	0.0
923.5399252217796	2.094487386532819	4.386877412345078	852925.9934786503	1095.6272421091403	9.466168599357388	1200399.0536516807	89.60834795145982	860.2959196302626	-0.132323371039547	740109.0693324792	0.0175094745232696	898.1252221884395	715.4988448241896	0.606528	23.361652	0.2111181101137177	0.1073256686766287	0.0312249219	-0.0098345347	0.0062196154	-0.0003683334	0.0057119321	-0.0410582094	-0.0005017688	0.0308135777	0.0096856989	0.03703423	-0.0510840705	0.0017501187	0.002579997	0.0276517505	0.0050210665	0.0145037019	0.0035887254	0.0134316786	-0.0197706799	0.0050840082	-0.0654776406	0.02433772	-0.0109136469	0.0012748743	-0.0029017433	0.0007137335	-0.0116278437	0.0018808539	0.0174718747	-0.0221131709	-0.0505107858	0.0227071142	-0.0133601333	-0.0052496267	0.0073596242	0.0041764904	-0.0493203698	0.0022482772	-0.2382212478	-0.1275634544	0.0677292755	-0.0029388635	-0.0416069506	-0.0023289198	0.0238751548	0.0423261713	-0.0140591383	-0.0176634563	-0.007212825	0.005785849	-0.0253073773	-0.0231846506	0.0093057444	0.0024814769	-0.0076801793	-0.1232925447	0.1063942335	-0.0799246852	0.0462651033	1.8581926596515643	0.0145982829643713	3.4528799603829543	0.0002131098655078	1.048874021826549	-0.0604127292215963	0.0036496978520019	1.1001367136626	-2.4557604518136458	-0.0051539589076554	6.030759396691962	2.656329242180111e-05	0.0880154462629172	-0.0018337234785749	0.0077467187808604	3.3625417958771785e-06	-0.01792209993144	-0.0003399948843112	1.155965213578526e-07	0.0003212016659525	0.0442400076910232	0.0004453444175155	1.9833165021230802e-07	0.0019571782805017	0.0	0.0	0.0	0.0	0.0	0.0	0.0	0.0	0.0	0.0	0.0	0.0	0.0	0.0	0.0	0.0	0.0	0.0	0.0	0.0	0.0	0.0	0.0	0.0	0.0	0.0	0.0	0.0	0.0	0.0	0.0	0.0	0.0	0.0	0.0	0.0	0.0	0.0	0.0	0.0	0.0	0.0	0.0	0.0	0.0	0.0	0.0	0.0	0.0	0.0
924.0195179155326	0.4795926937529202	0.2300091519011823	853812.0694888532	1097.8624295563675	2.23518744722719	1205301.91423141	4.996062924242003	862.0150687135296	1.7191490832669842	743069.978689191	2.955473570497712	899.7831066700597	731.7301774417118	0.606796	23.371983	0.1235754216594217	0.0834050414348124	0.0408191091	0.01056444	-0.0003479363	0.001295623	0.0168301557	-0.0269698262	0.0086708544	0.0084950852	-0.007970277	0.0290080385	0.0069031262	-0.0193225327	0.0256733033	0.0257836322	0.0131688429	0.001419538	0.0024668658	0.0576507754	0.0331240023	0.0138484294	-0.0607510789	0.0362242732	0.0125656289	0.0029378191	-0.0033876367	-0.0056444595	-0.032435027	0.0201424462	0.0035116506	0.0033285108	0.037160083	0.0369311558	0.0007844198	0.0039942935	0.0098314963	-0.0054941402	-0.0399733455	0.000153327	-0.2208407508	-0.1136986191	0.0610578791	-0.0084254835	-0.0384317902	-0.0064677718	0.0210551027	0.035944291	0.0004135291	-0.019560048	0.0059182305	-0.0416767653	-0.0243155538	-0.0259289911	0.0199629541	-0.0089520219	-0.001824758	-0.1242524367	0.1100753719	-0.0876327994	0.0586099215	1.845874341518538	-0.0123183181330264	3.407252084676496	0.0001517409616264	1.0361576403818449	-0.0127163814447042	0.0001617063570472	1.0736226557216726	-2.445609420381359	0.0101510314322865	5.981005437058048	0.0001030434391392	0.0864582389676948	-0.0015572072952223	0.007475027085395	2.4248945602938413e-06	-0.0179001542980985	2.194563334149968e-05	4.816108227595423e-10	0.0003204155238957	0.0444286485754474	0.0001886408844241	3.5585383276343404e-08	0.0019739048142406	0.0	0.0	0.0	0.0	0.0	0.0	0.0	0.0	0.0	0.0	0.0	0.0	0.0	0.0	0.0	0.0	0.0	0.0	0.0	0.0	0.0	0.0	0.0	0.0	0.0	0.0	0.0	0.0	0.0	0.0	0.0	0.0	0.0	0.0	0.0	0.0	0.0	0.0	0.0	0.0	0.0	0.0	0.0	0.0	0.0	0.0	0.0	0.0	0.0	0.0
922.3861714869196	-1.633346428612981	2.66782055586278	850796.249350297	1091.0441598683983	-6.8182696879691775	1190377.3587829391	46.4888015378793	860.9575340365186	-1.057534677010949	741247.8754142431	1.1183795930806524	897.901305909927	733.7804872151353	0.590831	22.757067	0.3443996908872649	0.2101990953356979	0.049128166	0.0419492217	-0.025933045	-0.0029102735	0.0129838166	-0.0555380475	0.0229729109	0.012886326	0.0229755214	0.0495530334	-0.0026680939	-0.0607891593	0.0205817113	0.067722875	-0.0177966522	0.0226966345	0.0134668016	0.0210775764	0.0296003549	-0.0251754416	-0.0457383352	0.0635361107	-0.0046291754	0.0382029683	-0.0355526982	-0.0051592666	-0.0077869952	0.0027295596	0.0385155684	0.009980203	0.0389800192	0.0586398968	0.0262669747	0.0260206016	0.0153162776	-0.0139684637	-0.0405703987	-0.008556703	-0.0896497839	-0.0606243554	0.0369883569	0.0003444758	-0.0076646768	0.0151435554	-0.0064409796	0.0158387507	-0.0107278879	0.0020229729	0.0224143089	-0.0011872402	0.0099684534	-0.0110058219	0.0159680421	-0.0171984749	-0.014722684	-0.1251271724	0.1134548014	-0.0948006283	0.0703125971	1.843861413843726	-0.0020129276748119	3.399824913461784	4.051877824023971e-06	0.9246028817930068	-0.1115547585888381	0.0124444641638139	0.8548904890199328	-2.408124521531775	0.0374848988495841	5.79906371120264	0.0014051176417635	0.0826973977875342	-0.0037608411801606	0.0068388596008296	1.4143926382391846e-05	-0.0179832458199882	-8.309152188970201e-05	6.904201009946828e-09	0.0003233971302221	0.0444516579888777	2.300941343030133e-05	5.294331064065312e-10	0.0019759498979601	0.0	0.0	0.0	0.0	0.0	0.0	0.0	0.0	0.0	0.0	0.0	0.0	0.0	0.0	0.0	0.0	0.0	0.0	0.0	0.0	0.0	0.0	0.0	0.0	0.0	0.0	0.0	0.0	0.0	0.0	0.0	0.0	0.0	0.0	0.0	0.0	0.0	0.0	0.0	0.0	0.0	0.0	0.0	0.0	0.0	0.0	0.0	0.0	0.0	0.0
922.7856469023434	0.399475415423808	0.159580607528024	851533.3501289764	1100.821405069276	9.777245200877587	1211807.765858695	95.5945237180838	860.4538334976008	-0.5037005389177693	740380.799580717	0.2537142329060513	897.8292601569395	721.8649035375365	0.583841	22.487831	0.2744519584027708	0.17113846874389	0.0626310897	0.060248334	-0.0210653074	-0.0141497698	0.0390762681	-0.0702149574	0.0052273857	-0.0157662029	0.031179864	0.0778445285	-0.0178493993	-0.0665363755	-0.0029713988	0.0810515949	-0.0417967285	0.0298786845	-0.0183830697	0.025246773	0.0451955501	-0.043679536	0.0182791422	0.0642538451	-0.0198578928	0.0563749518	-0.0275194268	0.0003415503	-0.0088083175	-0.0058841353	0.0539213039	-0.0068341104	0.0510052199	0.0717818668	0.0437523629	0.0383020132	0.0192484955	-0.0256225028	-0.0267361898	-0.0115774842	-0.0077701093	-0.0269423867	-0.007268035	0.0030882899	-0.0059184991	0.0174619291	-0.0094563508	-0.0212218314	0.0047904573	0.0086537161	0.0472330557	0.0152760146	0.004777183	-0.0005056922	0.0222412849	-0.0109549912	-0.0440904101	-0.1259161521	0.1165232592	-0.1013839798	0.0812449131	1.8297731587124413	-0.0140882551312846	3.3480698123445047	0.0001984789326441	0.8515574224422267	-0.0730454593507801	0.0053356391317664	0.7251500437164489	-2.403279113041833	0.0048454084899418	5.77575049518314	2.347798343440066e-05	0.0794396132110486	-0.0032577845764855	0.006310652147121	1.0613160346787427e-05	-0.0181159613722066	-0.0001327155522183	1.7613417800634333e-08	0.0003281880564392	0.0441927014089664	-0.0002589565799112	6.705851027935606e-08	0.001952994857822	0.0	0.0	0.0	0.0	0.0	0.0	0.0	0.0	0.0	0.0	0.0	0.0	0.0	0.0	0.0	0.0	0.0	0.0	0.0	0.0	0.0	0.0	0.0	0.0	0.0	0.0	0.0	0.0	0.0	0.0	0.0	0.0	0.0	0.0	0.0	0.0	0.0	0.0	0.0	0.0	0.0	0.0	0.0	0.0	0.0	0.0	0.0	0.0	0.0	0.0
924.5478608521192	1.762213949775855	3.105398004784621	854788.7470062296	1099.270465567643	-1.5509395016329108	1208395.5564693026	2.4054133377253417	861.222215063778	0.7683815661771405	741703.7037193603	0.5904102312408354	897.3891617454266	719.9787171174005	0.605599	23.325874	0.2230697784616625	0.1365694773623385	0.08201582	0.0729104385	-0.0184398263	-0.007857153	0.0620688256	-0.069072978	-0.0117426919	-0.0016045041	0.0285840527	0.0617680463	-0.0703922295	-0.0344164475	0.027186241	0.0810315108	-0.0483355022	0.0395972036	0.0284347164	0.0479737856	0.0182827598	-0.016998292	0.0030396533	0.0739424021	-0.0048807286	0.055755521	-0.0450156093	-0.0189997704	-0.0142911479	0.004347898	0.0540123739	-0.0047386794	0.0094590792	0.0834736013	0.0565928077	0.0449631532	0.022742196	-0.0249895088	-0.0234257285	-0.0106668507	0.085622339	0.0150173313	-0.0280599353	0.0108151767	0.0214175059	0.0221947339	-0.0276211748	-0.0185685819	-0.0004981969	0.0212943449	0.0329663383	0.0461603175	0.0384638161	-0.0052645843	0.0071491793	0.0095890809	-0.0174353906	-0.1266188352	0.1192723348	-0.1073422654	0.0912870929	1.819890402431625	-0.0098827562808163	3.312001076862742	9.766887170601526e-05	0.7734856921476876	-0.078071730294539	0.0060951950711832	0.5982801159571873	-2.3982269158907314	0.0050521971511017	5.75149234010277	2.552469605360036e-05	0.0769941585882996	-0.002445454622749	0.0059281004567202	5.9802483119244775e-06	-0.0182073222848815	-9.13609126748996e-05	8.34681636479063e-09	0.0003315065847855	0.0442571477682466	6.44463592801986e-05	4.153333224472441e-09	0.0019586951285804	0.0	0.0	0.0	0.0	0.0	0.0	0.0	0.0	0.0	0.0	0.0	0.0	0.0	0.0	0.0	0.0	0.0	0.0	0.0	0.0	0.0	0.0	0.0	0.0	0.0	0.0	0.0	0.0	0.0	0.0	0.0	0.0	0.0	0.0	0.0	0.0	0.0	0.0	0.0	0.0	0.0	0.0	0.0	0.0	0.0	0.0	0.0	0.0	0.0	0.0
925.0424030045084	0.4945421523891582	0.2445719404897013	855703.4473563554	1094.9307236317463	-4.339741935896655	1198873.2895527396	18.83336007018004	861.9746836909542	0.7524686271761993	743000.3553241205	0.5662090348844341	898.7292181757416	734.7621722579429	0.624187	24.041834	0.3059144391447426	0.1556603156518355	0.087754221	0.0779975116	-0.0296433387	0.0204335988	0.041927018	-0.05968988	0.0030958129	-0.0009567643	0.0007054826	0.0530868299	-0.063894185	0.0402886509	0.0523565928	0.0869180547	-0.0513458217	0.0516375663	0.0146191432	0.0074542525	0.0818936603	-0.0310673789	0.0249397205	0.0841980852	0.0128514609	0.058149462	-0.0598224988	0.0043353452	0.0087983108	0.0420834971	0.0616254381	0.0233794669	0.0088046541	0.0948812001	0.0750464435	0.0544301326	0.0225037596	-0.0255555	-0.0161012399	-0.0131045097	0.1630116594	0.0578927471	-0.0525133519	0.0108077208	0.0285603575	0.0206679173	-0.024974918	-0.0343396308	0.0052924621	0.0156121089	0.046439111	0.0411963995	0.0353040705	0.0138981524	-0.0081433207	0.0103837712	0.0072837167	-0.1272347401	0.1216944932	-0.1126387502	0.1003291122	1.80429082220418	-0.0155995802274448	3.255465371090236	0.0002433469032724	0.7251020860354487	-0.0483836061122389	0.0023409733404242	0.5257730351729593	-2.386436010140713	0.0117909057500185	5.695076830496325	0.0001390254584058	0.0742377233437475	-0.0027564352445521	0.0055112395672627	7.597935257409008e-06	-0.0174818933458171	0.0007254289390643	5.262471456321e-07	0.0003056165949545	0.0431362050107623	-0.0011209427574843	1.2565126655565155e-06	0.0018607321827305	0.0	0.0	0.0	0.0	0.0	0.0	0.0	0.0	0.0	0.0	0.0	0.0	0.0	0.0	0.0	0.0	0.0	0.0	0.0	0.0	0.0	0.0	0.0	0.0	0.0	0.0	0.0	0.0	0.0	0.0	0.0	0.0	0.0	0.0	0.0	0.0	0.0	0.0	0.0	0.0	0.0	0.0	0.0	0.0	0.0	0.0	0.0	0.0	0.0	0.0
923.9534999551278	-1.088903049380633	1.1857098509504416	853690.0700793302	1092.0404551810052	-2.8902684507411323	1192552.355751937	8.353651717349544	860.5357666957525	-1.43891699520168	740521.8057626466	2.070482119080232	896.0657865788594	726.8234005588172	0.608138	23.423685	0.1028232911584151	0.0609291766751665	0.0831389633	0.0880751976	-0.0313394026	-0.0040206378	0.0340108149	-0.0821033575	0.0495942177	-0.0315923616	0.0498817631	0.0339401848	-0.0409883151	-0.048346491	0.0349441907	0.0951005692	-0.0798283315	0.0169260825	0.0038665092	-0.0313122875	0.0229435191	-0.0126574864	0.0214660539	0.09209705	-0.0070813168	0.0796360097	-0.0496520173	-0.0120280697	0.0249552916	0.0294787565	-0.002742461	0.0204244799	0.0005692566	0.098539719	0.0696954912	0.050687847	0.0221199225	-0.0219521876	-0.0159945349	-0.0132112135	0.1276676608	0.0289020595	-0.029981777	0.0163842387	0.021739532	0.0227160502	-0.0210890239	-0.0377441749	0.0125575314	0.0138677057	0.0412714221	0.0346019781	0.0449611088	0.022789449	-0.0018607764	-0.0067991112	-0.0285557452	-0.1277634447	0.1237830955	-0.1172407796	0.1082719048	1.8074619587515883	0.0031711365474083	3.2669187323341284	1.005610700230866e-05	0.7615030913105585	0.0364010052751098	0.0013250331850385	0.5798869580755368	-2.382361236075326	0.004074774065387	5.675645059154355	1.6603783683950762e-05	0.0753328149770699	0.0010950916333224	0.0056750330123694	1.1992256853727235e-06	-0.0175296012075871	-4.770786177000011e-05	2.276040074665438e-09	0.000307286918497	0.0431769330210801	4.072801031779899e-05	1.658770824446741e-09	0.0018642475451068	0.0	0.0	0.0	0.0	0.0	0.0	0.0	0.0	0.0	0.0	0.0	0.0	0.0	0.0	0.0	0.0	0.0	0.0	0.0	0.0	0.0	0.0	0.0	0.0	0.0	0.0	0.0	0.0	0.0	0.0	0.0	0.0	0.0	0.0	0.0	0.0	0.0	0.0	0.0	0.0	0.0	0.0	0.0	0.0	0.0	0.0	0.0	0.0	0.0	0.0
924.451905965788	0.4984060106602328	0.2484085514622481	854611.3264437781	1102.818568067259	10.778112886253894	1216208.7940739198	116.16771738883224	861.8294203016493	1.2936536058967931	742749.9496974769	1.6735396520497754	899.2210926887533	712.9889472124829	0.616484	23.745142	0.072990244188868	0.0446570249454729	0.0999514442	0.0738133151	-0.0181274251	-0.0013959315	0.05144361	-0.0815807996	-0.0048875355	-0.0341441471	-0.0027742622	0.0919984705	-0.0240247513	-0.0687072289	0.0415593892	0.0923389654	-0.0493207008	0.0377795228	0.0133272654	0.0241431276	0.0330759667	0.0095931764	0.0263571606	0.0936691537	0.0003192074	0.0585137549	-0.0572996244	-0.0119833899	-0.0180732908	0.0114190691	0.0031979935	-0.006950411	0.0328331979	0.1007165289	0.0664429042	0.0532048309	0.0222980482	-0.0204336197	-0.011874451	-0.002941834	0.1190923882	0.0384050943	-0.0382802964	0.0031259264	0.0208008368	0.0098329734	-0.0226623068	-0.0335163877	0.0078881928	0.0060930938	0.0225181325	0.0344506799	0.021819752	0.0068657065	-0.0069904229	0.0048192135	-0.0160662015	-0.1282045865	0.1255324169	-0.1211199807	0.1150284477	1.810054589248565	0.0025926304969767	3.276297616059792	6.721732893854053e-06	0.7621380244496834	0.0006349331391248	4.031400911589774e-07	0.5808543683120662	-2.394878832535497	-0.0125175964601709	5.735444622526584	0.0001566902211396	0.0760938466247448	0.0007610316476749	0.0057902734941501	5.791691687627869e-07	-0.0174680224481835	6.157875940359867e-05	3.791943609686291e-09	0.0003051318082502	0.0434992242958535	0.0003222912747734	1.0387166579506375e-07	0.0018921825143409	0.0	0.0	0.0	0.0	0.0	0.0	0.0	0.0	0.0	0.0	0.0	0.0	0.0	0.0	0.0	0.0	0.0	0.0	0.0	0.0	0.0	0.0	0.0	0.0	0.0	0.0	0.0	0.0	0.0	0.0	0.0	0.0	0.0	0.0	0.0	0.0	0.0	0.0	0.0	0.0	0.0	0.0	0.0	0.0	0.0	0.0	0.0	0.0	0.0	0.0
926.5756392456104	2.1237332798224315	4.510243043825343	858542.4152434116	1097.6324915990035	-5.186076468255578	1204797.0866138365	26.89538913459425	862.2220440146364	0.3926237129870742	743426.8531847775	0.1541533799997564	899.8661010418965	744.7872596349705	0.641024	24.690327	0.0873374814543476	0.0355649630577545	0.0984650052	0.0835415856	-0.0367478338	0.0240795621	0.0125794362	-0.0745687974	0.0105734993	0.0081768917	0.0263443469	0.0531988054	-0.0828966861	-0.0292430098	0.055285323	0.0986085547	-0.0588188207	0.0351737341	-0.0154795976	0.009023437	0.030158712	-0.019841116	0.0026914034	0.1005829735	0.0128488261	0.0647602714	-0.0481997265	0.0109392297	0.0061166533	0.0096026076	0.0391965036	0.0154086163	-0.000990066	0.1056031201	0.0705144904	0.0527670655	0.0198135335	-0.0194874917	-0.0040449788	-0.0081847367	0.1229223312	0.0478037691	-0.0280850557	0.0060119749	0.0237929341	0.0137401378	-0.021529091	-0.0247115682	0.0144988339	0.0111924104	0.0057407868	0.0186829913	0.0241105288	0.0158953044	-0.0158353146	-0.0117581619	0.0041859392	-0.1285578634	0.1269376627	-0.1242524367	0.1205247148	1.8033670881754489	-0.0066875010731162	3.252132854714397	4.472267060293059e-05	0.7389717276249286	-0.0231662968247547	0.0005366773085726	0.5460792142289717	-2.3849855426325206	0.0098932899029762	5.688156038566139	9.787718510433123e-05	0.0756165224423241	-0.0004773241824207	0.0057178584662705	2.2783837512359427e-07	-0.0173136355221179	0.0001543869260656	2.383532293998569e-08	0.0002997619749927	0.0431791275312698	-0.0003200967645837	1.0246193869695317e-07	0.0018644370543616	0.0	0.0	0.0	0.0	0.0	0.0	0.0	0.0	0.0	0.0	0.0	0.0	0.0	0.0	0.0	0.0	0.0	0.0	0.0	0.0	0.0	0.0	0.0	0.0	0.0	0.0	0.0	0.0	0.0	0.0	0.0	0.0	0.0	0.0	0.0	0.0	0.0	0.0	0.0	0.0	0.0	0.0	0.0	0.0	0.0	0.0	0.0	0.0	0.0	0.0
925.267186004073	-1.3084532415374497	1.7120498852898596	856119.3654958957	1102.4106928396434	4.7782012406398735	1215309.3356871826	22.831207096052427	861.6917150050034	-0.5303290096329647	742512.611708264	0.2812488584582812	898.5663928093368	723.1731892748868	0.578124	22.26762	0.0625813085787384	0.0305354738870095	0.0939157145	0.094003098	-0.0247087625	0.002321685	0.0521551693	-0.0909153778	0.0240681279	-0.0410928353	0.0432493444	0.0770755173	-0.0206644864	-0.0515010713	0.0469260986	0.1082149177	-0.0660615677	0.0313057788	0.0258501617	0.0189062892	0.0251478134	-0.0124007515	0.0488250708	0.1038212243	0.0031065449	0.0741275127	-0.0596549647	-0.0184318393	-0.0080325286	0.010404431	0.0219116059	0.010199619	0.0370982145	0.1075458228	0.0715437373	0.053155889	0.0258283948	-0.0195331558	-0.0013681174	-0.0032460616	0.1337474605	0.0432991003	-0.0400276377	0.0006604134	0.0172775221	0.01758915	-0.0203499311	-0.0345284893	0.0100993463	0.0048195488	0.0290357047	0.0221930224	0.0266316852	0.020202278	-0.0025856007	-0.0106899007	-0.0155947562	-0.1288230331	0.1279949812	-0.1266188352	0.124700488	1.7981228708404302	-0.0052442173350186	3.2332458586394304	2.750181545691037e-05	0.7448272680184118	0.0058555403934832	3.428735329971384e-05	0.554767659183771	-2.3741106972650243	0.0108748453674962	5.63640160286822	0.0001182622617669	0.0752952920229171	-0.000321230419407	0.0056693810008163	1.0318898235239773e-07	-0.01772111178383	-0.0004074762617121	1.6603690385886805e-07	0.0003140378028549	0.0432625549598055	8.342742853570395e-05	6.960135832079991e-09	0.0018716486616501	0.0	0.0	0.0	0.0	0.0	0.0	0.0	0.0	0.0	0.0	0.0	0.0	0.0	0.0	0.0	0.0	0.0	0.0	0.0	0.0	0.0	0.0	0.0	0.0	0.0	0.0	0.0	0.0	0.0	0.0	0.0	0.0	0.0	0.0	0.0	0.0	0.0	0.0	0.0	0.0	0.0	0.0	0.0	0.0	0.0	0.0	0.0	0.0	0.0	0.0
925.0657995532036	-0.2013864508693359	0.0405565025937474	855746.7335030079	1100.1745095065587	-2.236183333084682	1210383.951367997	5.000515899165718	861.3200729746877	-0.3716420303156837	741872.2681091214	0.1381177986971636	899.1081815283591	720.3776963498794	0.578291	22.274059	0.0555638987188475	0.028543891471139	0.1061311472	0.0887109956	-0.0199958501	-0.0033203244	0.0364892152	-0.0965087832	0.0129254277	-0.0231916101	0.0288550502	0.0717926433	-0.0473628826	-0.0300163552	0.0386072319	0.1097444595	-0.0562917821	0.0342290509	-0.0072883377	0.014868987	0.0392249371	0.0183826105	0.0076092891	0.1069485753	-0.003765991	0.0753669447	-0.0449600146	0.0053840611	-0.0111419878	0.0174912063	0.0123544532	0.0066223188	0.004249527	0.1091125707	0.0737135919	0.0535170261	0.019274394	-0.0195039952	-0.0020932985	-0.0064498949	0.1322055368	0.0552943388	-0.0384963773	0.0135849595	0.0225405542	0.0030953338	-0.0254323446	-0.0346860974	0.0216671672	0.0283471456	0.0075325538	0.0158508302	0.0197348824	0.0050422134	-0.0210752976	0.0021212717	-0.0159367904	-0.1289999139	0.1287014744	-0.1282045865	0.1275100165	1.8001498317477456	0.0020269609073153	3.2405394167414365	4.108570519784692e-06	0.7334852160738876	-0.0113420519445242	0.0001286421423122	0.5380005621989576	-2.3603771015444863	0.013733595720538	5.57138006149555	0.0001886116514151	0.0754108809510084	0.0001155889280912	0.0056868009658071	1.3360800297295274e-08	-0.0181007010631368	-0.0003795892793068	1.440880209646581e-07	0.000327635378977	0.0431885073642742	-7.404759553129858e-05	5.483046403966789e-09	0.0018652471683539	0.0	0.0	0.0	0.0	0.0	0.0	0.0	0.0	0.0	0.0	0.0	0.0	0.0	0.0	0.0	0.0	0.0	0.0	0.0	0.0	0.0	0.0	0.0	0.0	0.0	0.0	0.0	0.0	0.0	0.0	0.0	0.0	0.0	0.0	0.0	0.0	0.0	0.0	0.0	0.0	0.0	0.0	0.0	0.0	0.0	0.0	0.0	0.0	0.0	0.0
923.9241582695474	-1.141641283656213	1.303344820548206	853635.8502340917	1094.135566278316	-6.038943228242715	1197132.6373951712	36.46883531393855	860.9062516012309	-0.4138213734568126	741159.5740460819	0.1712481291296827	898.255889326939	728.39035726645	0.573842	22.102692	0.091006697564017	0.05380648294186	0.1008657554	0.0712545254	-0.0249298069	0.0249746688	0.0253901309	-0.0812095608	0.0323692236	0.010144777	-0.0085443854	0.0492431896	-0.0803836586	0.0280245835	0.0301301948	0.1149487193	-0.0934009698	0.0513616079	-0.0014071653	8.1619e-05	0.0124839416	0.0249873196	0.0226590545	0.095108694	-0.0136379504	0.0914005029	-0.0629901148	0.0133978667	-6.58455e-05	0.0101133992	0.0194289531	-0.0227053665	0.0036005883	0.1113025519	0.0690268643	0.0543993169	0.0270322778	-0.0167949105	-0.004906285	0.00790367	0.1436538379	0.0525737885	-0.0561007837	-0.0028786469	0.034028969	0.0082461208	-0.008753669	-0.0087910643	-0.0016726358	0.0046172047	-0.0060061326	0.031000194	0.005100739	0.0102626123	-0.0293027287	-0.0003590085	0.0496080145	-0.1290883846	0.1290552057	-0.1289999139	0.1289225186	1.8028739661848192	0.0027241344370736	3.2503545379469805	7.420908431250541e-06	0.7156362381440573	-0.0178489779298303	0.0003185860131395	0.5121352253449779	-2.3656124724479497	-0.0052353709034633	5.596122369801302	2.7409108496830933e-05	0.0752248728905255	-0.0001860080604828	0.0056587815013957	3.4598998564609396e-08	-0.0170750911996431	0.0010256098634937	1.0518755920955667e-06	0.0002915587394761	0.0432808537261706	9.234636189639488e-05	8.527850555499934e-09	0.0018732322992661	0.0	0.0	0.0	0.0	0.0	0.0	0.0	0.0	0.0	0.0	0.0	0.0	0.0	0.0	0.0	0.0	0.0	0.0	0.0	0.0	0.0	0.0	0.0	0.0	0.0	0.0	0.0	0.0	0.0	0.0	0.0	0.0	0.0	0.0	0.0	0.0	0.0	0.0	0.0	0.0	0.0	0.0	0.0	0.0	0.0	0.0	0.0	0.0	0.0	0.0
