#!ascii label  , from subject sub-v1s10x0051073_ses-1 vox2ras=TkReg
5340
83010  42.446  19.197  4.424 0.8999999762
82431  44.534  18.894  2.390 0.8999999762
82432  43.975  19.094  2.935 0.8999999762
83018  44.068  19.586  3.198 0.8999999762
122829  43.643  19.632  3.677 0.8999999762
81796  44.044  18.373  2.875 0.8999999762
82425  42.882  18.894  3.881 0.8999999762
83005  41.877  19.816  5.826 0.8000000119
83601  42.617  20.066  5.449 0.8000000119
118144  43.240  20.340  6.008 0.6999999881
83583  43.525  20.337  6.792 0.6000000238
82977  42.352  19.908  8.757 0.6000000238
83551  43.485  20.418  9.724 0.5000000000
84196  44.764  21.084  9.975 0.4000000060
83040  47.136  19.633  0.142 0.8999999762
82444  46.567  19.327  0.597 0.8999999762
83033  45.583  19.905  1.625 0.8999999762
83640  45.217  20.087  2.254 0.8999999762
83627  44.620  20.073  2.976 0.8999999762
83612  43.554  20.048  4.271 0.8999999762
83599  44.303  20.447  5.401 0.6000000238
83572  42.845  20.224  7.312 0.6000000238
83562  43.109  20.259  8.286 0.6000000238
84163  45.164  21.652  11.169 0.3000000119
110960  47.178  22.633  11.745 0.3000000119
83561  43.957  20.412  8.247 0.6000000238
83560  44.543  20.526  8.609 0.6000000238
83550  44.248  20.688  9.428 0.5000000000
84181  45.302  21.466  10.533 0.3000000119
84162  45.778  21.872  11.046 0.3000000119
83548  46.169  20.664  9.106 0.4000000060
84195  45.697  21.089  9.759 0.3000000119
83048  47.662  19.938  -0.369 0.8999999762
83650  46.158  20.258  1.357 0.8999999762
102998  46.018  20.541  2.187 0.8999999762
101995  44.816  20.390  3.658 0.8999999762
85942  47.904  24.962  10.362 0.3000000119
85943  46.751  24.978  10.267 0.3000000119
109311  46.051  20.651  3.118 0.8999999762
102275  45.841  20.499  5.068 0.6999999881
101839  45.024  20.406  6.356 0.6000000238
85935  50.400  24.795  11.009 0.3000000119
85950  48.614  24.410  9.987 0.4000000060
85366  44.876  23.793  9.155 0.4000000060
83598  45.102  20.477  5.329 0.6000000238
101861  45.860  20.441  6.008 0.6000000238
101863  44.411  20.378  7.039 0.6000000238
83570  44.599  20.410  7.832 0.6000000238
84729  50.266  23.725  11.102 0.3000000119
85949  50.050  24.536  10.322 0.3000000119
85364  46.695  23.750  9.365 0.4000000060
85365  45.765  23.780  9.267 0.4000000060
101864  45.949  20.384  6.871 0.6000000238
83567  47.658  20.113  7.639 0.6000000238
83558  46.439  20.432  8.429 0.6000000238
122984  45.851  20.553  8.683 0.6000000238
84180  46.158  21.525  10.396 0.3000000119
84179  47.192  21.535  10.360 0.3000000119
84744  49.735  22.717  10.899 0.3000000119
84743  50.697  22.992  10.425 0.3000000119
85361  50.592  23.868  10.199 0.4000000060
117072  46.880  20.294  7.878 0.6000000238
83557  47.443  20.248  8.459 0.5000000000
83547  47.086  20.527  9.097 0.5000000000
84193  47.722  20.878  9.716 0.3000000119
122697  49.275  21.927  10.588 0.3000000119
83667  48.253  20.410  -0.689 0.8999999762
84264  48.463  21.281  0.453 0.8999999762
84252  48.135  21.229  1.323 0.8999999762
84243  47.857  21.034  2.141 0.8999999762
82456  48.751  19.004  -1.514 0.8999999762
83047  48.202  19.470  -0.890 0.8999999762
122570  47.802  20.466  -0.263 0.8999999762
83658  47.366  20.418  0.203 0.8999999762
84253  47.275  20.958  1.398 0.8999999762
84244  46.987  20.860  2.170 0.8999999762
83639  47.731  20.779  2.952 0.6999999881
83626  46.689  20.632  3.846 0.6999999881
83608  47.462  20.500  4.564 0.6999999881
83609  46.598  20.521  4.789 0.6000000238
84763  43.399  22.668  7.719 0.4000000060
83597  46.562  20.444  5.683 0.6000000238
83582  46.598  20.383  6.481 0.6000000238
83580  49.030  19.816  6.670 0.5000000000
101865  47.356  20.246  6.781 0.6000000238
85362  49.424  23.881  9.711 0.4000000060
83556  48.531  19.907  8.505 0.5000000000
84192  48.986  20.660  9.793 0.4000000060
119374  49.802  21.220  10.246 0.4000000060
84178  48.451  21.410  10.296 0.4000000060
84177  50.374  22.016  10.409 0.3000000119
109501  49.460  19.943  9.352 0.4000000060
83060  50.251  20.275  -2.399 0.8999999762
83676  49.457  20.555  -1.632 0.8999999762
83666  49.440  21.179  -1.057 0.8999999762
116747  49.789  19.301  -2.540 0.8999999762
83053  49.318  19.666  -1.972 0.8999999762
84276  48.897  21.288  -0.309 0.8999999762
84251  49.241  21.263  1.320 0.8000000119
83054  48.722  20.008  -1.348 0.8999999762
110321  50.145  21.307  0.939 0.8000000119
115236  48.859  21.001  2.218 0.8000000119
84771  42.578  22.704  7.732 0.3000000119
82471  50.717  18.668  -3.676 0.8999999762
83638  49.767  20.463  3.305 0.6000000238
85373  45.394  23.236  8.679 0.4000000060
104840  50.110  20.109  4.217 0.6000000238
104320  48.310  20.430  4.402 0.6000000238
83595  48.298  20.302  5.174 0.5000000000
85372  46.225  23.270  8.812 0.4000000060
109521  49.344  19.921  5.758 0.6000000238
83581  48.035  20.200  6.141 0.5000000000
83566  48.798  19.768  7.610 0.5000000000
85363  47.868  23.647  9.412 0.4000000060
83545  50.874  19.688  9.437 0.4000000060
111908  50.353  20.438  9.851 0.4000000060
84191  50.870  21.220  10.075 0.4000000060
84752  50.957  23.039  9.809 0.4000000060
84753  50.140  23.297  9.514 0.4000000060
108880  45.183  23.689  3.145 0.4000000060
85416  44.352  23.870  3.274 0.4000000060
122103  45.534  23.208  3.734 0.4000000060
104326  46.010  23.457  3.103 0.4000000060
85408  44.740  23.360  3.768 0.4000000060
84816  44.473  22.979  4.520 0.4000000060
109472  45.914  22.850  4.491 0.5000000000
115229  45.294  22.712  5.209 0.5000000000
84817  43.586  22.993  4.637 0.4000000060
84283  50.495  21.367  -1.044 0.8999999762
84798  44.252  22.665  5.511 0.4000000060
84799  43.200  22.699  5.388 0.4000000060
83695  51.288  20.278  -3.076 0.8999999762
84275  49.885  21.455  -0.398 0.8000000119
84262  51.154  21.192  0.634 0.8999999762
84249  52.227  20.534  1.240 0.8000000119
107677  45.776  22.571  6.077 0.5000000000
117956  45.034  22.587  6.017 0.5000000000
108845  42.781  22.553  6.056 0.4000000060
84784  41.967  22.523  6.425 0.3000000119
83059  50.467  19.489  -3.080 0.8999999762
83694  52.435  20.335  -3.500 0.8999999762
119597  50.281  21.444  0.210 0.8000000119
114456  50.220  20.983  1.707 0.8000000119
84242  49.981  20.742  2.383 0.6999999881
83636  52.602  19.654  3.516 0.6000000238
109682  44.492  22.516  6.506 0.4000000060
84770  43.912  22.476  7.141 0.4000000060
104695  42.923  22.444  6.963 0.3000000119
114561  42.129  22.522  7.236 0.3000000119
83069  51.350  19.633  -3.655 0.8999999762
83068  52.266  19.809  -4.150 0.8999999762
115033  48.551  20.775  2.874 0.6999999881
83637  51.221  20.103  3.477 0.6000000238
83623  51.411  19.743  4.368 0.6000000238
105968  44.769  22.519  7.324 0.4000000060
84762  44.247  22.678  7.879 0.4000000060
82470  51.543  18.991  -4.380 0.8999999762
83083  53.317  19.281  -5.766 0.8999999762
83606  51.511  19.580  5.020 0.6000000238
118264  51.260  19.528  5.607 0.6000000238
82995  51.426  19.239  6.919 0.5000000000
82984  51.382  19.225  7.835 0.5000000000
84759  46.718  22.833  8.378 0.4000000060
83076  52.843  19.430  -4.886 0.8999999762
82495  53.280  18.400  -6.392 0.8999999762
82515  52.965  17.553  -7.695 0.8999999762
83607  49.578  20.113  4.816 0.6000000238
83565  50.068  19.510  7.300 0.5000000000
82975  52.586  19.382  8.613 0.5000000000
119492  52.348  19.748  9.110 0.4000000060
83544  51.505  20.271  9.606 0.4000000060
84190  51.335  21.407  9.734 0.4000000060
84756  50.547  22.539  9.181 0.4000000060
84754  48.775  23.249  9.218 0.4000000060
83555  50.050  19.538  8.519 0.5000000000
84751  51.090  22.470  9.828 0.4000000060
86018  47.232  24.046  1.971 0.6000000238
86019  46.413  24.321  2.131 0.5000000000
85430  45.758  23.995  2.600 0.4000000060
105321  48.523  23.381  2.404 0.6000000238
85428  47.601  23.436  2.558 0.5000000000
85415  46.850  23.224  3.172 0.5000000000
84829  46.343  23.030  3.792 0.5000000000
83686  51.413  20.693  -2.439 0.8999999762
120312  51.600  20.882  -2.001 0.8999999762
104939  51.913  20.959  -1.358 0.8999999762
83701  53.035  20.220  -4.147 0.8999999762
84261  52.558  20.668  0.354 0.8999999762
84781  46.089  22.518  6.818 0.4000000060
83082  53.473  19.672  -6.116 0.8999999762
84241  51.097  20.455  2.441 0.6000000238
83622  53.094  19.257  4.882 0.6000000238
84782  45.298  22.511  6.701 0.5000000000
83605  53.415  19.212  5.412 0.6000000238
83594  53.500  19.333  5.892 0.6000000238
83593  54.180  19.048  6.385 0.5000000000
84768  46.399  22.552  7.615 0.4000000060
84769  45.582  22.543  7.478 0.4000000060
83088  53.516  19.423  -6.728 0.8999999762
83077  49.487  19.679  -4.597 0.6000000238
83579  50.566  19.506  6.356 0.5000000000
83564  53.813  19.238  7.378 0.5000000000
83554  53.012  19.630  8.322 0.5000000000
84198  52.342  20.599  8.531 0.5000000000
84758  47.756  22.929  8.681 0.4000000060
83090  52.512  19.272  -7.314 0.8999999762
83091  51.725  19.174  -6.888 0.8000000119
84199  51.203  21.737  8.579 0.4000000060
84757  49.068  22.686  8.668 0.4000000060
86020  45.600  24.661  2.324 0.4000000060
85431  44.920  24.278  2.781 0.4000000060
109122  53.082  21.181  -0.857 0.8999999762
84867  53.218  21.739  0.095 0.8999999762
84282  52.969  20.884  -2.001 0.8999999762
84272  53.294  20.813  0.019 0.8999999762
83665  53.817  20.613  0.700 0.8999999762
84247  54.636  20.744  1.720 0.6999999881
84822  54.789  21.333  3.089 0.6999999881
84828  47.651  22.966  3.473 0.5000000000
116728  47.066  22.897  3.864 0.5000000000
84288  52.695  20.737  -2.098 0.8999999762
84273  52.843  20.715  -0.358 0.8999999762
83656  54.190  20.276  1.268 0.8999999762
83647  54.414  19.784  1.945 0.8000000119
84824  53.937  21.422  4.711 0.6000000238
84796  47.421  22.599  5.290 0.5000000000
83693  52.991  20.565  -3.281 0.8999999762
84296  53.015  20.976  -3.590 0.8999999762
83648  53.378  19.882  1.852 0.6999999881
83620  54.822  19.768  4.221 0.6000000238
83603  54.505  20.085  5.194 0.6000000238
84797  46.413  22.634  5.435 0.5000000000
83075  53.330  19.929  -5.158 0.8999999762
84896  52.881  21.466  -4.633 0.8999999762
85493  52.411  22.456  -4.698 0.8999999762
83635  54.076  19.537  3.092 0.6000000238
83621  54.130  19.442  4.681 0.6000000238
83604  54.276  19.459  5.647 0.6000000238
84224  54.205  20.041  6.084 0.6000000238
84793  52.953  21.209  6.093 0.6000000238
84217  52.095  21.434  6.396 0.5000000000
84779  48.669  22.362  6.653 0.5000000000
84780  47.715  22.501  6.522 0.4000000060
120102  46.487  22.543  6.246 0.5000000000
84304  53.302  20.383  -5.467 0.8999999762
84906  52.552  22.174  -5.663 0.8999999762
121383  52.051  22.894  -5.544 0.8999999762
84216  54.127  20.047  6.383 0.6000000238
84207  53.397  20.570  6.882 0.5000000000
105581  50.072  22.022  6.454 0.5000000000
84778  49.708  22.065  7.227 0.5000000000
105969  46.983  22.507  6.880 0.4000000060
83713  53.431  19.955  -6.521 0.8999999762
84320  52.684  21.140  -6.542 0.8999999762
83715  52.300  20.966  -6.885 0.8999999762
84202  52.094  21.125  7.719 0.5000000000
84203  50.648  21.753  7.702 0.5000000000
84766  48.766  22.349  7.646 0.4000000060
108780  48.071  22.540  8.022 0.4000000060
83089  53.364  19.530  -7.024 0.8999999762
83708  51.519  21.027  -6.612 0.8999999762
83085  50.261  19.934  -5.248 0.6999999881
84765  49.865  22.159  8.162 0.4000000060
84305  49.624  21.404  -4.991 0.6999999881
85445  49.050  23.999  1.611 0.6000000238
85446  48.234  23.887  1.822 0.6000000238
115802  53.323  22.883  0.604 0.8999999762
84849  53.248  22.938  2.191 0.8000000119
85443  51.862  23.486  1.744 0.6999999881
85426  50.098  23.292  2.046 0.6000000238
85427  49.119  23.556  1.946 0.6000000238
84841  48.438  22.993  3.119 0.6000000238
117536  52.888  21.385  -2.405 0.8999999762
84873  52.721  21.892  -1.731 0.8999999762
85470  52.244  23.288  -1.642 0.8999999762
84859  53.769  22.482  1.393 0.8000000119
84848  53.867  22.514  2.064 0.6999999881
84838  53.510  22.295  3.447 0.6000000238
84839  51.100  22.790  3.049 0.6000000238
106347  52.816  21.635  -3.113 0.8999999762
85479  51.809  23.774  -2.391 0.8999999762
84825  52.601  22.117  4.707 0.6000000238
84826  50.761  22.495  4.061 0.6000000238
84827  49.285  22.682  3.801 0.6000000238
102483  48.363  22.757  3.852 0.5000000000
84813  47.774  22.700  4.420 0.5000000000
84814  46.815  22.754  4.569 0.5000000000
85485  52.297  22.755  -3.744 0.8999999762
102816  51.790  23.506  -3.285 0.8999999762
84811  50.276  22.409  4.733 0.6000000238
84812  48.889  22.571  4.520 0.5000000000
84795  48.423  22.522  5.219 0.5000000000
107776  47.166  22.538  6.048 0.5000000000
84907  51.380  23.346  -5.797 0.8999999762
85486  51.245  23.984  -3.966 0.8999999762
86080  51.262  24.157  -2.981 0.8999999762
119723  51.102  22.078  5.529 0.6000000238
101462  49.628  22.375  5.265 0.5000000000
102796  49.144  22.356  5.874 0.5000000000
84321  51.955  22.013  -6.856 0.8999999762
84921  51.855  22.674  -6.432 0.8999999762
84322  51.097  22.373  -6.827 0.8999999762
84314  49.930  21.961  -6.183 0.8000000119
84315  49.136  22.141  -5.697 0.8000000119
84897  48.206  22.216  -5.663 0.6999999881
83709  50.507  20.977  -5.652 0.6999999881
84307  48.045  21.883  -4.558 0.6000000238
84888  47.235  22.117  -4.355 0.4000000060
84306  48.859  21.646  -4.682 0.6000000238
84298  47.581  21.593  -3.651 0.4000000060
85444  49.761  23.818  1.596 0.6000000238
86032  48.802  24.571  1.570 0.8000000119
115942  52.521  22.667  -0.985 0.8999999762
85463  52.984  24.181  0.323 0.8999999762
86042  52.956  25.071  0.659 0.8000000119
85442  52.786  23.843  1.216 0.8000000119
107318  50.437  24.283  1.436 0.8000000119
86031  49.755  24.478  1.490 0.6999999881
86029  52.634  24.877  1.140 0.8000000119
86030  51.487  24.603  1.380 0.8999999762
86646  50.019  25.583  1.815 0.8000000119
86068  51.404  24.397  -2.190 0.8999999762
87212  49.380  26.722  3.054 0.8999999762
85505  50.491  23.611  -5.962 0.8999999762
85495  50.911  23.898  -5.024 0.8999999762
86081  50.570  24.395  -3.335 0.8999999762
86069  50.817  24.589  -2.458 0.8999999762
86063  50.411  25.040  -1.834 0.8999999762
86678  50.020  25.614  -1.237 0.8999999762
86668  50.947  26.236  -0.371 0.8999999762
85516  50.969  23.142  -6.635 0.8999999762
86094  49.376  24.312  -4.451 0.8999999762
86082  49.655  24.483  -3.513 0.8999999762
86070  49.969  24.692  -2.653 0.8999999762
86669  49.562  26.238  -0.594 0.8999999762
84922  50.580  22.876  -6.780 0.8999999762
85518  49.190  23.209  -6.408 0.8000000119
84909  48.362  22.679  -6.298 0.6999999881
86679  48.928  25.631  -1.448 0.8999999762
85507  47.200  23.077  -6.650 0.6999999881
84925  47.726  22.879  -6.539 0.6999999881
84898  47.357  22.223  -5.707 0.5000000000
84899  46.590  22.205  -5.565 0.4000000060
86109  46.712  23.570  -6.371 0.8000000119
86110  45.928  23.341  -6.784 0.6999999881
84926  45.857  22.147  -7.311 0.6000000238
107048  45.165  21.792  -7.330 0.4000000060
85497  44.015  23.204  -4.065 0.4000000060
86111  44.432  23.460  -6.931 0.6000000238
85509  45.610  22.396  -7.552 0.6999999881
109644  45.266  22.026  -7.759 0.6999999881
85487  44.712  23.135  -3.304 0.4000000060
101767  44.012  23.538  -2.881 0.3000000119
86061  52.671  24.095  -0.642 0.8999999762
86051  52.945  25.197  0.231 0.8999999762
86644  52.875  25.723  0.981 0.8999999762
86645  52.454  26.120  1.529 0.8999999762
87211  50.787  27.059  3.089 0.8999999762
86062  51.309  24.941  -1.651 0.8999999762
86095  48.479  24.335  -4.680 0.8999999762
86083  48.709  24.519  -3.658 0.8999999762
86071  49.003  24.710  -2.782 0.8999999762
86687  49.423  25.118  -2.022 0.8999999762
86096  47.662  24.351  -4.983 0.8999999762
86699  47.272  25.064  -3.200 0.8999999762
86698  48.102  24.832  -2.959 0.8999999762
86680  47.980  25.755  -1.638 0.8999999762
87244  48.472  26.072  -1.023 0.8999999762
86097  46.880  24.306  -5.280 0.8000000119
86108  47.503  23.755  -6.018 0.6999999881
103192  45.070  21.953  -6.305 0.4000000060
86099  45.074  24.147  -5.928 0.6999999881
84913  44.331  21.763  -7.108 0.4000000060
84901  44.236  22.347  -5.670 0.4000000060
102071  43.241  22.947  -8.071 0.4000000060
84914  43.324  22.009  -7.498 0.3000000119
84902  43.607  22.068  -6.563 0.4000000060
85498  43.330  22.868  -5.205 0.4000000060
86717  43.888  24.589  -5.829 0.8000000119
86112  43.479  23.787  -6.992 0.6000000238
85471  52.040  24.505  -1.448 0.8999999762
86052  52.606  25.118  -0.533 0.8999999762
86666  52.692  25.827  0.177 0.8999999762
86658  52.864  25.917  0.807 0.8999999762
87217  52.542  26.592  1.287 0.8999999762
116350  52.624  26.513  0.857 0.8999999762
87227  51.966  27.354  1.461 0.8999999762
87774  52.230  27.499  1.987 0.8999999762
87218  52.263  27.290  1.892 0.8999999762
108638  48.506  26.625  -0.325 0.8999999762
87196  50.397  27.706  4.080 0.8999999762
118972  47.999  27.195  0.288 0.8999999762
88329  46.665  28.570  0.740 0.8000000119
86708  46.239  24.812  -4.407 0.8000000119
86085  47.041  24.727  -4.147 0.8999999762
86690  46.722  25.624  -2.605 0.8999999762
86681  47.032  26.050  -1.778 0.8999999762
87230  47.434  26.877  -0.490 0.8999999762
87788  47.458  27.843  0.769 0.8999999762
88328  47.425  28.428  1.332 0.8000000119
88879  47.430  29.462  1.792 0.8000000119
86691  45.877  25.866  -2.879 0.8000000119
87252  46.185  26.276  -2.195 0.8999999762
87246  46.367  26.618  -1.611 0.8999999762
88340  46.494  27.967  0.002 0.8999999762
88880  46.744  29.335  1.029 0.8000000119
89387  48.047  30.501  2.225 0.6999999881
86709  45.370  24.918  -4.651 0.8000000119
86701  45.614  25.448  -3.684 0.8000000119
87253  45.372  26.601  -2.519 0.8999999762
87247  45.614  27.057  -1.845 1.0000000000
88348  45.476  28.532  -0.911 0.8000000119
88330  46.044  28.662  0.133 0.8000000119
89388  47.113  30.023  1.326 0.6999999881
87267  43.887  26.224  -4.296 0.8999999762
86113  42.652  23.892  -7.545 0.5000000000
86118  42.504  22.958  -8.249 0.4000000060
120694  42.590  22.185  -7.263 0.2000000030
85511  41.970  22.548  -6.730 0.2000000030
85499  41.505  23.427  -5.551 0.2000000030
86718  42.957  25.033  -6.197 0.5000000000
84915  42.831  22.571  -7.977 0.4000000060
85500  40.884  23.850  -5.541 0.3000000119
86677  51.159  25.577  -1.019 0.8999999762
86667  52.131  26.210  -0.099 0.8999999762
87786  51.917  27.661  2.086 0.8999999762
87210  51.450  27.522  2.797 0.8999999762
87764  50.877  27.961  3.557 0.8999999762
87741  50.550  28.672  4.601 0.8000000119
87254  44.615  27.001  -2.848 0.8999999762
108439  44.959  27.260  -2.334 1.0000000000
88349  44.976  28.569  -1.581 0.8000000119
88898  45.651  29.177  -0.374 0.8000000119
88369  43.510  27.877  -4.524 0.8000000119
87815  44.074  27.569  -3.303 0.8999999762
87810  44.485  27.789  -2.621 0.8999999762
88908  44.888  29.721  -2.132 0.6999999881
85527  41.989  22.773  -8.029 0.3000000119
85522  41.567  22.695  -7.481 0.3000000119
85512  41.190  23.132  -6.578 0.2000000030
87268  43.215  26.564  -4.781 0.8000000119
87277  42.504  26.079  -5.925 0.6000000238
86724  42.361  25.051  -6.991 0.6000000238
86125  41.381  23.468  -8.111 0.3000000119
85528  41.302  22.942  -7.785 0.3000000119
85513  40.754  23.730  -6.301 0.3000000119
111005  43.137  27.259  -5.190 0.6999999881
87835  43.165  27.092  -6.595 0.5000000000
87836  42.787  26.659  -6.361 0.5000000000
87284  41.707  23.815  -8.932 0.5000000000
86732  41.183  23.620  -9.297 0.3000000119
105490  40.642  23.858  -8.627 0.3000000119
104597  40.332  24.277  -7.706 0.3000000119
87842  43.270  26.592  -7.622 0.5000000000
87289  43.460  25.475  -9.360 0.5000000000
101610  42.695  24.232  -10.106 0.4000000060
87237  52.058  26.854  0.666 0.8999999762
108273  49.678  26.797  0.196 0.8999999762
87238  50.810  26.808  0.381 0.8999999762
87787  50.413  27.701  1.820 0.8999999762
87776  51.355  27.650  2.817 0.8999999762
87777  50.036  28.085  2.538 0.8999999762
87765  50.883  28.088  3.802 0.8999999762
88866  48.415  29.785  2.832 0.8000000119
119238  45.571  29.892  -0.798 0.6999999881
88897  45.969  29.990  -0.115 0.8000000119
89399  47.639  30.884  0.927 0.6999999881
88362  43.731  28.011  -3.760 0.8000000119
88368  43.964  28.603  -3.968 0.8999999762
88919  44.960  29.768  -3.815 0.6999999881
89421  45.400  30.306  -2.553 0.6999999881
89407  46.118  30.515  -0.836 0.6999999881
117363  48.800  31.572  0.896 0.6999999881
89881  48.853  31.618  1.921 0.6999999881
88376  43.555  27.878  -5.435 0.6999999881
88375  44.135  28.635  -4.987 0.8000000119
104420  45.232  29.666  -4.596 0.8000000119
88914  44.856  29.766  -2.972 0.6999999881
88385  43.564  27.645  -6.152 0.6000000238
88384  44.203  28.217  -6.153 0.6000000238
88374  44.864  28.987  -5.735 0.8000000119
86739  41.310  24.038  -10.051 0.4000000060
103232  40.626  24.248  -9.367 0.3000000119
112976  44.667  25.252  -10.507 0.5000000000
87296  43.458  24.528  -11.110 0.5000000000
87307  42.057  24.556  -10.718 0.3000000119
86745  40.946  25.149  -10.039 0.3000000119
118597  40.208  25.309  -9.018 0.2000000030
102591  45.554  25.348  -11.305 0.5000000000
118562  43.813  24.945  -11.562 0.5000000000
87297  42.439  24.244  -10.650 0.5000000000
87859  44.442  25.822  -11.981 0.5000000000
87305  44.566  24.966  -11.666 0.5000000000
87228  50.688  27.309  1.119 0.8999999762
103096  48.774  27.665  1.289 0.8999999762
88317  48.034  28.887  2.192 0.8000000119
89413  46.189  30.830  -2.249 0.6999999881
113389  47.048  31.108  -0.963 0.6999999881
89880  50.027  32.291  1.380 0.6999999881
89420  46.120  30.699  -3.089 0.6999999881
89907  47.323  31.239  -1.906 0.6999999881
89894  49.470  31.628  -0.549 0.6999999881
89879  50.920  32.546  0.578 0.6000000238
108890  45.178  28.544  -6.635 0.6999999881
88927  45.494  29.502  -5.375 0.8000000119
89427  46.121  30.545  -3.777 0.8000000119
89915  48.432  31.375  -2.701 0.6000000238
86733  40.075  24.869  -8.351 0.2000000030
88392  45.639  27.943  -7.604 0.6000000238
88383  45.744  29.235  -6.208 0.6999999881
87298  41.414  25.419  -10.196 0.3000000119
87299  40.694  25.998  -9.443 0.2000000030
87291  39.842  26.036  -8.127 0.2000000030
87295  46.320  25.912  -10.857 0.5000000000
87850  45.810  26.035  -10.105 0.5000000000
87306  42.911  24.661  -11.144 0.4000000060
87853  41.434  26.711  -9.527 0.3000000119
87844  40.665  27.491  -8.719 0.2000000030
87315  46.433  26.552  -11.953 0.5000000000
109502  45.433  25.772  -11.852 0.5000000000
87860  43.358  25.629  -11.379 0.5000000000
87861  42.292  25.698  -10.636 0.4000000060
88407  41.512  27.937  -8.806 0.2000000030
88395  42.001  28.585  -7.754 0.3000000119
87858  45.574  26.604  -12.120 0.5000000000
88415  44.783  26.967  -11.814 0.5000000000
88416  43.817  27.098  -10.810 0.4000000060
87778  48.355  28.236  1.829 0.8000000119
89932  47.885  31.064  -4.357 0.6999999881
89906  48.829  31.457  -1.946 0.6999999881
115090  49.791  31.832  0.323 0.6000000238
88937  46.748  29.370  -6.601 0.6999999881
89448  46.037  30.002  -4.966 0.6999999881
89924  46.893  30.931  -3.690 0.6999999881
88391  46.712  28.078  -7.864 0.6999999881
87302  47.596  26.825  -10.950 0.6000000238
87849  46.861  26.497  -9.898 0.6000000238
122559  42.035  29.045  -7.074 0.3000000119
88422  47.386  27.254  -11.461 0.6000000238
88405  43.262  28.087  -9.199 0.4000000060
88406  42.398  28.062  -8.923 0.4000000060
88423  46.672  27.095  -12.024 0.6000000238
88414  45.790  27.491  -11.398 0.6000000238
88404  44.737  27.810  -10.413 0.6000000238
88964  46.365  28.380  -9.944 0.6000000238
88403  45.477  28.279  -9.740 0.6000000238
88305  49.394  29.358  3.538 0.6999999881
88865  49.330  30.215  4.219 0.6000000238
89944  48.544  30.979  -5.272 0.6999999881
89923  48.005  31.268  -3.516 0.6999999881
89914  49.996  31.670  -2.460 0.6999999881
89893  50.851  31.958  -0.449 0.8000000119
90331  51.300  32.636  -0.179 0.6000000238
89460  47.384  29.890  -6.194 0.6999999881
89433  47.543  30.654  -5.040 0.6999999881
90770  50.523  33.055  -1.257 0.5000000000
120235  51.108  33.032  -0.459 0.5000000000
117219  47.261  28.844  -7.407 0.6999999881
90771  49.913  33.354  -0.072 0.5000000000
87847  48.549  27.368  -10.092 0.6999999881
87848  47.908  26.915  -10.115 0.6999999881
121809  43.605  28.682  -8.298 0.5000000000
88394  42.891  28.628  -8.034 0.3000000119
88413  47.046  27.655  -11.198 0.6000000238
118476  44.113  28.272  -9.141 0.4000000060
123139  48.696  31.379  -3.972 0.6999999881
89922  49.508  31.572  -3.437 0.6999999881
90350  50.711  32.221  -2.427 0.6000000238
90785  50.582  32.771  -2.211 0.5000000000
90786  49.304  33.199  -1.981 0.5000000000
89459  48.629  30.022  -6.704 0.6999999881
104315  49.144  33.345  -1.082 0.5000000000
103683  48.083  33.583  -0.452 0.4000000060
88400  49.184  27.838  -9.518 0.6999999881
88412  48.001  27.809  -10.759 0.6000000238
88953  49.636  28.516  -9.116 0.6999999881
88948  43.398  29.208  -7.518 0.4000000060
88955  47.941  29.303  -9.556 0.5000000000
88956  45.780  29.048  -8.905 0.5000000000
89930  50.055  31.953  -3.826 0.6999999881
90355  50.315  32.160  -3.272 0.6000000238
89445  49.013  30.709  -6.237 0.6999999881
89943  49.460  31.360  -5.650 0.6999999881
90799  49.516  33.124  -2.808 0.5000000000
90800  47.935  33.388  -2.690 0.5000000000
88936  49.415  29.454  -7.741 0.6999999881
89950  49.712  30.991  -6.600 0.6000000238
89949  49.979  31.499  -6.727 0.6000000238
89465  49.825  29.351  -8.412 0.6999999881
89457  49.897  30.627  -7.454 0.6000000238
88954  48.582  28.604  -9.905 0.5000000000
88962  49.321  28.746  -9.478 0.6000000238
89967  49.951  31.370  -7.917 0.6000000238
89957  50.023  31.274  -7.530 0.6000000238
89476  46.094  29.898  -8.328 0.5000000000
89942  49.854  31.901  -5.059 0.6999999881
90361  50.007  32.139  -4.285 0.6999999881
90798  50.346  32.589  -2.994 0.5000000000
111731  49.851  31.611  -6.029 0.6000000238
90809  48.641  33.272  -3.921 0.5000000000
90374  50.192  32.050  -6.942 0.5000000000
90811  46.802  33.711  -3.075 0.4000000060
89474  48.773  29.611  -9.209 0.5000000000
90390  49.372  31.853  -8.335 0.6000000238
89475  47.275  29.987  -8.686 0.5000000000
89466  47.636  30.790  -8.376 0.6000000238
121112  48.400  32.153  -8.285 0.5000000000
89467  46.408  30.597  -7.909 0.5000000000
90830  49.917  32.737  -5.820 0.4000000060
90839  50.184  32.862  -6.782 0.4000000060
108585  50.095  32.244  -6.178 0.5000000000
90819  48.959  33.268  -4.641 0.4000000060
90820  47.807  33.706  -4.351 0.4000000060
90380  50.123  32.079  -7.639 0.5000000000
90860  50.168  33.533  -8.204 0.5000000000
90821  46.812  34.101  -3.903 0.3000000119
91357  49.648  34.446  -8.989 0.4000000060
90862  49.080  33.745  -8.751 0.5000000000
90389  50.026  32.589  -8.091 0.5000000000
102120  48.774  34.594  -9.002 0.4000000060
90391  48.497  32.892  -8.378 0.5000000000
91358  47.872  34.964  -8.548 0.5000000000
91345  47.100  34.622  -7.944 0.4000000060
92451  47.230  37.359  -7.991 0.3000000119
90818  49.801  32.602  -4.892 0.4000000060
90831  49.244  33.398  -5.456 0.4000000060
90832  48.231  33.920  -5.162 0.4000000060
90847  50.249  33.470  -7.660 0.4000000060
91320  48.812  34.179  -5.917 0.4000000060
91356  50.117  34.479  -8.654 0.4000000060
91321  47.858  34.888  -5.644 0.4000000060
91311  46.539  34.909  -4.418 0.3000000119
91368  49.452  35.133  -9.338 0.4000000060
91310  47.309  34.429  -4.774 0.4000000060
91842  45.953  35.432  -4.033 0.3000000119
92477  49.481  35.882  -9.475 0.4000000060
91901  48.615  35.415  -9.134 0.4000000060
91902  47.751  35.767  -8.572 0.5000000000
91852  46.438  35.770  -4.641 0.3000000119
92962  49.098  37.172  -9.298 0.4000000060
92460  48.569  36.372  -9.122 0.4000000060
93818  48.661  38.813  -8.449 0.3000000119
115812  50.073  33.854  -7.127 0.4000000060
91909  50.658  35.792  -9.212 0.4000000060
91894  50.309  35.751  -8.384 0.4000000060
115701  49.764  35.468  -7.666 0.4000000060
91861  48.714  34.953  -6.434 0.4000000060
92476  50.445  36.238  -9.453 0.4000000060
92475  51.030  36.487  -9.223 0.4000000060
91900  50.943  35.988  -9.048 0.4000000060
91880  48.077  35.752  -6.297 0.3000000119
91851  47.004  35.291  -5.072 0.3000000119
117348  51.196  38.030  -8.968 0.4000000060
92961  50.166  37.695  -9.416 0.4000000060
92976  50.825  37.024  -9.437 0.4000000060
93394  51.125  38.858  -8.302 0.4000000060
93817  50.283  39.859  -8.808 0.3000000119
93816  50.881  39.584  -8.673 0.3000000119
93404  51.093  38.759  -8.796 0.4000000060
91879  48.883  35.679  -7.036 0.4000000060
92449  50.676  36.632  -8.543 0.4000000060
117844  51.094  37.625  -8.736 0.4000000060
91863  46.837  36.026  -5.162 0.3000000119
92397  46.616  36.715  -4.789 0.3000000119
93395  50.755  38.473  -7.707 0.4000000060
94207  50.727  40.805  -8.520 0.3000000119
93803  51.157  39.944  -8.267 0.4000000060
94611  50.693  41.828  -8.315 0.3000000119
92450  49.545  36.430  -7.561 0.4000000060
92948  50.193  37.456  -7.762 0.4000000060
92431  48.453  36.537  -6.701 0.4000000060
92928  47.626  37.435  -5.648 0.3000000119
92924  46.764  37.598  -4.116 0.3000000119
92384  45.996  36.602  -4.147 0.3000000119
92919  47.586  38.438  -3.048 0.3000000119
94199  51.064  41.116  -8.040 0.3000000119
93796  51.141  39.788  -7.451 0.3000000119
93371  47.026  38.596  -2.546 0.3000000119
94607  50.905  41.800  -7.992 0.3000000119
94188  51.143  40.571  -7.474 0.3000000119
93360  47.664  39.461  -1.570 0.3000000119
94609  50.135  42.478  -7.581 0.2000000030
92935  48.989  37.486  -6.862 0.4000000060
92936  48.116  37.211  -6.307 0.4000000060
93385  50.952  39.226  -7.326 0.3000000119
92927  48.369  38.007  -5.939 0.3000000119
93381  48.058  38.400  -4.701 0.3000000119
93375  48.519  38.936  -2.954 0.3000000119
93370  48.276  39.284  -1.891 0.3000000119
94601  50.515  41.631  -7.064 0.3000000119
93387  49.300  38.498  -6.256 0.3000000119
93386  50.284  39.026  -6.582 0.3000000119
93379  49.531  39.196  -5.725 0.3000000119
93793  49.922  39.660  -5.895 0.3000000119
93380  48.861  38.845  -5.225 0.3000000119
93797  50.723  39.730  -6.643 0.3000000119
94189  50.818  40.854  -6.771 0.3000000119
93789  48.586  39.694  -1.892 0.3000000119
93794  48.928  39.460  -4.852 0.3000000119
81797  43.444  18.662  3.380 0.8999999762
82996  41.798  19.926  6.848 0.6999999881
83613  42.811  19.788  4.660 0.8000000119
83552  43.005  20.174  9.203 0.6000000238
83032  46.039  19.713  1.061 0.8999999762
83611  44.363  20.390  4.453 0.8999999762
84745  48.037  22.311  11.030 0.3000000119
103966  46.138  20.381  7.658 0.6000000238
83649  46.881  20.578  0.908 0.8999999762
107098  45.728  20.595  3.940 0.8999999762
85952  46.230  24.378  9.755 0.4000000060
85941  49.208  25.009  10.498 0.3000000119
105263  46.809  20.747  2.986 0.8999999762
85357  50.475  24.068  10.550 0.3000000119
83569  45.287  20.393  7.334 0.6000000238
83657  48.059  20.916  -0.160 0.8999999762
84263  49.413  21.425  0.335 0.8999999762
83624  48.767  20.502  3.755 0.6000000238
83675  50.518  21.041  -1.806 0.8999999762
84761  45.071  22.698  8.068 0.4000000060
84274  51.244  21.321  -0.328 0.8999999762
83685  52.559  20.572  -2.796 0.8999999762
84240  52.264  20.166  2.263 0.8000000119
83577  53.988  18.954  6.807 0.5000000000
82514  53.291  17.944  -7.412 0.8999999762
83674  52.936  20.721  -2.576 0.8999999762
105304  53.033  21.136  -1.124 0.8999999762
120325  53.118  20.521  -4.464 0.8999999762
84260  53.501  20.424  0.447 0.8999999762
106416  52.761  19.947  -7.098 0.8999999762
83084  52.057  20.130  -6.971 0.8999999762
108211  51.192  20.068  -6.134 0.8999999762
101373  52.809  22.819  -0.236 0.8999999762
84287  52.963  20.796  -2.752 0.8999999762
84259  54.248  20.830  1.122 0.8999999762
83619  54.938  19.859  2.872 0.6999999881
84823  54.457  21.486  3.907 0.6000000238
84837  54.147  22.139  2.875 0.6999999881
118091  52.606  22.432  3.749 0.6000000238
84223  54.011  20.688  5.651 0.6000000238
121399  51.777  23.460  -3.928 0.8999999762
84810  52.527  21.630  5.535 0.6000000238
84920  52.468  21.893  -6.378 0.8999999762
119664  51.288  22.653  -6.765 0.8999999762
84313  50.820  21.831  -6.613 0.8000000119
85455  53.049  23.825  0.800 0.8000000119
85441  53.247  23.288  1.293 0.8000000119
86028  52.955  24.576  0.786 0.8000000119
119724  51.036  23.225  2.100 0.6000000238
84850  52.174  22.917  2.661 0.6000000238
84840  49.522  23.017  2.847 0.6000000238
85478  52.396  22.626  -2.617 0.8999999762
85494  51.745  23.338  -4.688 0.8999999762
86093  50.332  24.275  -4.276 0.8999999762
84323  50.246  22.561  -6.690 0.8000000119
84908  49.338  22.701  -6.403 0.8000000119
84910  47.390  22.519  -6.359 0.6999999881
103462  51.031  25.244  1.537 0.8999999762
86106  49.093  24.032  -5.392 0.8999999762
107312  49.604  23.660  -6.027 0.8999999762
107235  48.869  23.601  -6.062 0.8000000119
85506  48.212  23.280  -6.365 0.8000000119
85508  46.344  22.731  -7.032 0.6999999881
84912  45.841  21.954  -6.678 0.4000000060
86098  46.074  24.242  -5.593 0.8000000119
84927  44.533  21.958  -7.594 0.4000000060
121940  43.380  23.467  -4.087 0.3000000119
85520  44.806  22.308  -7.788 0.4000000060
87219  51.833  26.843  2.418 0.8999999762
86084  47.845  24.613  -3.876 0.8999999762
86107  48.291  23.938  -5.677 0.8999999762
86688  48.470  25.255  -2.211 0.8999999762
86700  46.459  25.255  -3.443 0.8999999762
86689  47.575  25.429  -2.388 0.8999999762
87245  47.677  26.322  -1.077 0.8999999762
85521  43.795  22.379  -7.842 0.3000000119
110798  42.384  23.127  -5.400 0.2000000030
87276  42.685  25.986  -5.558 0.6999999881
86711  43.412  25.684  -5.120 0.8000000119
121458  47.177  27.419  -0.049 0.8999999762
87239  46.862  26.687  -1.118 0.8999999762
86702  44.716  25.727  -3.916 0.8000000119
87260  45.047  26.200  -3.173 0.8000000119
87803  46.162  27.201  -1.188 0.8000000119
87797  45.992  27.829  -0.701 0.8999999762
88341  45.857  28.409  -0.338 0.8000000119
88889  46.153  29.284  0.372 0.8000000119
86710  44.410  25.212  -4.856 0.8000000119
87261  44.257  26.665  -3.534 0.8999999762
87804  45.507  27.815  -1.330 0.8000000119
87805  44.937  27.843  -1.965 1.0000000000
88903  45.157  29.391  -1.302 0.8000000119
89400  46.586  30.062  0.601 0.6999999881
87821  43.223  27.163  -4.720 0.8000000119
110940  41.981  23.371  -8.329 0.3000000119
88361  44.189  28.450  -3.139 0.8999999762
88356  44.579  28.533  -2.311 0.8999999762
87262  43.573  27.226  -4.062 0.8000000119
88909  44.538  29.158  -2.635 0.6999999881
88915  44.432  29.203  -3.455 0.8000000119
85523  40.975  23.164  -7.259 0.3000000119
87269  42.900  26.636  -5.264 0.6000000238
87283  42.394  25.554  -7.098 0.6000000238
86725  41.789  23.559  -8.561 0.3000000119
86119  40.588  23.947  -6.946 0.2000000030
87834  43.782  27.445  -6.954 0.6000000238
104074  42.770  25.776  -8.342 0.5000000000
87290  42.327  25.058  -8.400 0.5000000000
86738  41.866  23.826  -10.102 0.4000000060
87841  44.137  26.614  -8.290 0.6000000238
89414  45.511  30.302  -1.594 0.6999999881
103307  46.826  30.733  -0.125 0.6999999881
88920  44.513  29.227  -4.279 0.8000000119
89428  45.465  30.242  -3.400 0.6999999881
107081  46.351  30.849  -1.518 0.6999999881
89895  48.105  31.369  -0.114 0.6999999881
119109  44.796  29.258  -4.995 0.8000000119
89435  45.695  30.177  -4.184 0.6999999881
88393  44.660  27.689  -7.292 0.6000000238
87840  45.173  26.810  -8.628 0.5000000000
87845  40.044  26.756  -8.441 0.2000000030
89916  47.046  31.130  -2.860 0.6999999881
104483  48.370  31.417  -1.151 0.6999999881
89905  50.269  31.695  -1.446 0.8000000119
88382  46.142  28.785  -7.046 0.6000000238
88926  46.360  29.728  -5.773 0.6999999881
89434  46.675  30.544  -4.484 0.6999999881
87839  46.185  27.230  -8.746 0.6000000238
87851  42.793  27.083  -10.137 0.3000000119
89447  46.939  30.234  -5.367 0.6999999881
88402  47.365  27.378  -8.928 0.6999999881
102653  44.931  28.648  -8.862 0.5000000000
89446  47.945  30.456  -5.803 0.6999999881
89931  49.300  31.491  -4.516 0.6999999881
89904  51.193  32.069  -1.145 0.6000000238
89921  50.470  31.957  -2.880 0.6000000238
88945  48.581  28.796  -7.908 0.6999999881
104528  47.953  28.123  -8.291 0.6999999881
90787  47.892  33.482  -1.640 0.5000000000
89458  49.610  30.227  -7.199 0.6999999881
88944  49.635  28.752  -8.491 0.6999999881
89473  49.730  29.555  -8.787 0.6000000238
90369  49.964  32.193  -5.337 0.5000000000
107717  48.548  33.290  -3.301 0.5000000000
122819  49.976  29.890  -7.889 0.6000000238
89464  49.997  30.266  -8.075 0.6000000238
89472  49.785  30.618  -8.234 0.6000000238
90379  50.227  32.606  -7.367 0.5000000000
90808  49.879  32.612  -3.889 0.5000000000
90810  47.618  33.549  -3.559 0.4000000060
89968  49.146  30.646  -8.547 0.6000000238
89959  47.140  31.695  -7.812 0.5000000000
91331  49.655  33.549  -6.273 0.4000000060
91343  50.210  34.527  -8.382 0.4000000060
90861  49.905  33.641  -8.531 0.4000000060
90863  47.952  34.006  -8.384 0.5000000000
90848  47.306  33.277  -7.803 0.5000000000
92461  47.503  36.537  -8.390 0.5000000000
92963  48.151  37.196  -8.631 0.4000000060
91344  50.256  34.687  -7.946 0.4000000060
91893  50.494  35.447  -8.723 0.4000000060
92977  49.824  36.721  -9.521 0.4000000060
93407  48.877  37.898  -8.893 0.4000000060
93406  49.679  38.478  -9.113 0.3000000119
91862  47.373  35.851  -5.645 0.3000000119
92432  47.696  36.589  -6.081 0.3000000119
93405  50.634  38.751  -9.093 0.3000000119
93418  51.063  37.869  -9.198 0.4000000060
119326  47.180  37.570  -4.842 0.3000000119
121371  47.578  38.232  -3.968 0.3000000119
108159  48.711  39.015  -3.980 0.3000000119
72819  50.324  5.979  3.001 0.1000000015
74308  46.724  7.251  12.109 0.1000000015
102475  48.896  5.549  4.217 0.1000000015
72798  49.206  5.842  5.071 0.1000000015
72820  49.515  5.711  3.570 0.1000000015
73606  50.432  6.088  3.896 0.1000000015
73604  52.546  6.676  3.093 0.1000000015
74307  47.473  7.353  12.359 0.1000000015
74318  47.339  7.543  11.454 0.1000000015
74349  48.464  7.712  9.684 0.1000000015
74350  47.405  7.631  9.690 0.1000000015
74360  48.170  7.468  8.813 0.1000000015
74361  47.285  7.384  8.672 0.1000000015
74371  48.947  7.040  8.031 0.1000000015
74372  47.926  7.085  7.941 0.1000000015
74370  49.855  6.879  7.748 0.1000000015
73559  49.352  6.561  7.217 0.1000000015
73572  48.429  6.060  6.205 0.1000000015
73571  49.689  6.351  6.452 0.1000000015
73558  50.179  6.590  7.046 0.1000000015
73570  50.706  6.497  6.209 0.1000000015
73582  49.925  6.209  5.638 0.1000000015
109678  49.617  5.847  4.332 0.1000000015
73595  50.157  6.118  4.794 0.1000000015
73593  52.441  6.663  3.948 0.1000000015
73592  53.994  7.289  3.347 0.1000000015
74396  54.810  7.767  3.665 0.1000000015
74420  54.773  8.267  2.192 0.1000000015
75213  53.482  9.227  0.425 0.1000000015
113313  54.856  8.509  1.515 0.1000000015
118527  52.239  9.057  -0.001 0.1000000015
102959  51.894  8.943  -0.759 0.1000000015
74306  48.202  7.590  12.205 0.1000000015
75063  51.312  7.981  14.223 0.1000000015
75075  50.005  7.878  13.035 0.1000000015
75076  49.068  7.841  12.126 0.1000000015
117688  50.786  8.166  12.868 0.1000000015
122324  49.832  8.037  12.155 0.1000000015
74332  48.856  7.869  10.494 0.1000000015
114453  48.086  7.769  10.331 0.1000000015
75089  50.452  8.166  11.699 0.1000000015
74348  49.386  7.800  9.805 0.1000000015
113208  49.658  7.247  8.414 0.1000000015
119818  50.536  6.896  7.565 0.1000000015
103094  52.510  7.482  7.980 0.1000000015
74377  52.198  7.202  7.114 0.1000000015
74369  51.314  7.169  7.753 0.1000000015
74368  53.857  7.641  7.301 0.1000000015
116692  51.657  6.637  5.587 0.1000000015
74376  53.299  7.261  6.308 0.1000000015
73569  51.904  6.886  6.264 0.1000000015
73580  52.091  6.627  4.802 0.1000000015
113657  54.615  7.634  6.389 0.1000000015
73568  53.109  7.053  5.284 0.1000000015
74375  55.662  7.980  5.888 0.1000000015
74384  54.809  7.595  4.500 0.1000000015
73579  53.657  7.081  4.196 0.1000000015
74383  55.631  8.044  5.010 0.1000000015
76805  42.366  10.435  1.005 0.1000000015
74410  54.813  7.998  2.962 0.1000000015
75200  53.319  9.148  1.309 0.1000000015
75188  54.450  8.876  1.918 0.1000000015
102895  53.913  9.010  2.715 0.1000000015
75214  51.904  8.962  0.710 0.1000000015
75201  51.489  8.798  1.546 0.1000000015
102675  50.791  8.586  -0.068 0.1000000015
108811  52.372  9.293  14.665 0.2000000030
75073  52.800  9.029  13.831 0.2000000030
102126  52.381  8.744  14.716 0.1000000015
75088  51.457  8.398  12.575 0.1000000015
75976  53.926  9.736  12.474 0.1000000015
75072  53.380  9.277  12.796 0.1000000015
109278  51.753  8.407  11.785 0.1000000015
75104  50.997  8.075  10.821 0.1000000015
74331  49.832  7.980  10.659 0.1000000015
119242  54.464  9.487  11.833 0.1000000015
75087  53.212  8.700  11.958 0.1000000015
75103  52.495  8.229  10.978 0.1000000015
74347  51.000  7.632  9.225 0.1000000015
75118  50.396  7.891  9.930 0.1000000015
76726  54.636  10.163  10.883 0.2000000030
119054  55.124  9.455  10.696 0.1000000015
75102  54.287  8.517  11.110 0.1000000015
74346  52.338  7.755  9.363 0.1000000015
74358  50.514  7.247  8.318 0.1000000015
76741  51.154  10.632  9.867 0.2000000030
76740  52.428  10.531  10.354 0.2000000030
75101  55.156  8.797  10.539 0.1000000015
116998  54.688  8.348  10.262 0.1000000015
111967  52.825  7.688  8.740 0.1000000015
74357  51.635  7.482  8.552 0.1000000015
76756  50.577  10.239  9.188 0.2000000030
76003  51.849  10.152  9.314 0.2000000030
76002  53.557  10.047  9.425 0.2000000030
76001  54.933  9.807  9.505 0.2000000030
74345  54.159  8.049  9.378 0.1000000015
76015  54.642  9.804  8.580 0.2000000030
76014  55.413  9.261  8.682 0.2000000030
74355  55.177  8.260  7.854 0.1000000015
74356  54.013  7.878  8.357 0.1000000015
76016  52.883  9.885  8.513 0.2000000030
108384  55.274  9.525  7.860 0.2000000030
75122  55.793  8.857  7.687 0.2000000030
76017  51.230  9.802  8.477 0.2000000030
103472  54.025  9.799  7.551 0.2000000030
76031  55.917  9.163  6.505 0.2000000030
74367  55.597  8.226  6.910 0.1000000015
76024  50.593  9.458  7.713 0.2000000030
76023  52.045  9.676  7.627 0.2000000030
76022  55.307  9.542  7.037 0.2000000030
74382  55.889  8.424  5.652 0.1000000015
76034  52.761  9.545  6.694 0.2000000030
76033  54.316  9.596  6.462 0.2000000030
76044  55.728  9.120  5.681 0.1000000015
77485  41.117  11.187  1.271 0.1000000015
76035  51.225  9.272  6.860 0.2000000030
75129  53.411  9.326  5.726 0.2000000030
76045  54.894  9.351  5.525 0.1000000015
119920  55.424  8.368  4.734 0.1000000015
74395  55.206  8.111  4.209 0.1000000015
75125  49.998  9.041  7.040 0.2000000030
75130  51.871  9.121  5.957 0.2000000030
75143  54.222  9.077  4.667 0.1000000015
76068  42.917  10.302  1.356 0.1000000015
76076  44.026  9.759  0.815 0.1000000015
76077  43.440  10.001  0.832 0.1000000015
75176  53.403  8.951  3.353 0.1000000015
75175  54.404  8.779  3.078 0.1000000015
75220  44.266  9.265  0.359 0.1000000015
105160  50.903  8.598  3.453 0.1000000015
121170  52.034  8.776  3.675 0.1000000015
75230  48.014  7.931  -0.666 0.1000000015
111475  47.116  8.293  -1.319 0.1000000015
75246  45.041  8.498  -1.226 0.1000000015
74450  44.719  8.336  -0.842 0.1000000015
122441  50.204  8.481  4.066 0.1000000015
75190  51.332  8.693  2.753 0.1000000015
75189  52.658  9.001  2.225 0.1000000015
74431  49.116  8.037  1.064 0.1000000015
75229  48.916  8.008  -0.386 0.1000000015
75231  46.389  8.492  -0.779 0.1000000015
108044  45.921  8.626  -0.304 0.1000000015
75232  45.480  8.686  -0.845 0.1000000015
75233  44.832  8.833  -0.374 0.1000000015
112958  51.032  8.673  2.232 0.1000000015
75215  50.402  8.449  0.884 0.1000000015
101508  49.530  8.166  0.209 0.1000000015
76697  53.271  10.730  13.365 0.1000000015
75953  52.826  9.981  14.026 0.2000000030
117606  52.361  12.464  11.698 0.4000000060
77398  52.595  12.273  12.126 0.3000000119
78151  52.882  11.789  12.537 0.3000000119
75965  53.209  9.831  13.498 0.1000000015
77404  51.864  12.973  11.186 0.3000000119
76709  53.753  10.807  12.499 0.1000000015
77415  51.222  12.743  10.474 0.3000000119
76717  53.063  11.574  11.868 0.3000000119
77397  53.335  11.431  12.374 0.3000000119
76729  51.461  11.458  10.538 0.3000000119
76728  52.364  11.558  11.290 0.3000000119
76727  53.490  10.673  11.167 0.3000000119
76716  53.950  10.652  11.811 0.1000000015
107941  50.314  11.157  9.919 0.3000000119
76739  54.171  10.155  10.243 0.2000000030
76742  49.369  11.352  9.323 0.3000000119
76757  49.560  10.451  9.065 0.3000000119
76758  48.676  10.678  8.809 0.3000000119
80408  44.498  15.343  1.240 0.2000000030
76020  48.230  10.145  8.384 0.3000000119
76027  47.517  9.902  7.934 0.3000000119
80424  43.747  15.565  0.714 0.2000000030
123257  43.156  15.537  0.528 0.2000000030
76018  50.006  9.790  8.478 0.2000000030
76019  49.013  9.925  8.465 0.3000000119
78220  45.497  12.097  5.573 0.3000000119
78979  46.085  13.106  4.206 0.3000000119
78992  45.559  13.509  3.628 0.3000000119
79697  44.515  14.878  1.980 0.3000000119
80409  43.680  15.205  1.576 0.2000000030
80410  42.892  15.358  1.123 0.2000000030
78250  39.433  12.169  0.316 0.1000000015
76025  49.474  9.415  7.811 0.2000000030
76026  48.493  9.552  7.897 0.3000000119
78225  45.589  12.588  4.841 0.3000000119
78980  45.102  13.050  4.265 0.3000000119
79009  45.007  13.981  3.072 0.3000000119
79681  44.506  14.428  2.605 0.3000000119
112037  42.971  15.018  1.866 0.2000000030
79699  42.184  14.863  1.717 0.2000000030
80411  42.050  15.177  0.846 0.2000000030
77486  40.483  11.303  1.122 0.1000000015
79665  43.922  14.077  3.163 0.2000000030
79698  43.560  14.659  2.400 0.2000000030
79010  42.769  14.048  3.045 0.2000000030
78995  42.383  13.152  3.560 0.2000000030
79683  41.973  14.275  2.459 0.2000000030
77477  41.153  11.842  2.171 0.1000000015
114531  44.725  12.552  4.722 0.2000000030
78993  44.511  13.499  3.718 0.2000000030
78981  43.970  12.826  4.376 0.2000000030
78228  42.573  11.861  4.326 0.2000000030
77467  41.637  11.701  3.079 0.1000000015
76789  41.592  11.234  1.898 0.1000000015
76797  42.157  10.758  1.666 0.1000000015
76806  41.719  10.678  1.117 0.1000000015
75131  50.535  8.848  6.170 0.2000000030
75145  51.181  8.758  5.144 0.1000000015
78227  43.332  12.035  4.647 0.2000000030
77456  42.911  11.154  4.735 0.2000000030
76078  42.817  10.138  0.782 0.1000000015
76046  43.944  9.515  5.550 0.2000000030
76768  43.521  10.039  5.389 0.2000000030
122964  42.909  10.094  2.339 0.1000000015
75151  43.762  8.841  5.039 0.2000000030
75193  44.210  9.183  1.678 0.1000000015
75163  52.702  8.875  4.249 0.1000000015
75216  48.494  7.889  0.202 0.1000000015
75217  47.545  7.887  0.089 0.1000000015
74415  44.748  8.200  2.648 0.1000000015
75205  44.628  9.183  0.729 0.1000000015
75164  51.102  8.650  4.228 0.1000000015
104581  50.121  8.540  4.707 0.1000000015
75178  49.769  8.386  3.576 0.1000000015
121219  49.133  8.085  1.738 0.1000000015
75218  46.686  8.229  -0.082 0.1000000015
75203  46.107  8.362  0.370 0.1000000015
75219  45.151  8.959  0.012 0.1000000015
75191  49.266  8.233  3.110 0.1000000015
74421  49.066  8.105  2.375 0.1000000015
74433  47.402  7.684  1.669 0.1000000015
74443  47.001  7.833  0.696 0.1000000015
74434  46.390  7.878  1.263 0.1000000015
74435  45.822  7.936  1.720 0.1000000015
77391  51.895  11.915  12.666 0.3000000119
76710  51.321  10.802  13.225 0.3000000119
78159  51.728  13.396  11.387 0.4000000060
78152  52.273  12.632  12.124 0.4000000060
76698  52.675  11.015  13.395 0.2000000030
77416  50.344  12.403  9.763 0.3000000119
77432  49.566  12.191  9.196 0.3000000119
78191  49.349  12.534  8.638 0.3000000119
78218  47.739  12.765  5.634 0.3000000119
78973  48.024  12.981  4.787 0.3000000119
79007  47.002  13.771  2.874 0.3000000119
77441  48.218  11.896  8.142 0.3000000119
78207  47.782  12.235  7.421 0.3000000119
78978  47.129  13.067  4.206 0.3000000119
79680  46.449  14.276  2.331 0.3000000119
79696  45.298  14.987  1.583 0.3000000119
76759  47.791  10.917  8.394 0.3000000119
77445  46.869  11.924  7.122 0.3000000119
78223  47.074  12.703  5.011 0.3000000119
78991  46.547  13.461  3.552 0.3000000119
79008  46.003  13.922  2.980 0.3000000119
80407  45.209  15.406  0.981 0.3000000119
80423  44.634  15.641  0.517 0.2000000030
80440  43.374  15.676  -0.128 0.2000000030
77442  47.282  11.519  7.719 0.3000000119
78214  46.630  12.120  6.477 0.3000000119
80425  42.661  15.436  0.300 0.2000000030
80455  42.485  15.227  -1.809 0.2000000030
79024  39.344  12.845  -0.423 0.1000000015
110361  38.737  12.219  -1.636 0.1000000015
77495  38.364  11.528  0.018 0.1000000015
76762  46.932  10.670  7.821 0.3000000119
77443  46.451  11.234  7.381 0.3000000119
78219  46.265  12.454  5.290 0.3000000119
108111  45.415  14.459  2.349 0.3000000119
80426  41.916  15.158  -0.117 0.2000000030
79711  41.290  14.807  0.470 0.2000000030
79023  40.088  13.695  0.540 0.1000000015
78215  46.088  12.055  6.020 0.3000000119
79701  40.747  14.366  1.117 0.2000000030
122547  40.422  13.910  1.261 0.2000000030
79018  39.746  13.003  0.640 0.1000000015
76028  46.650  9.937  7.518 0.2000000030
106762  41.848  13.548  2.977 0.2000000030
79011  41.229  13.746  2.387 0.2000000030
79012  40.643  13.131  2.031 0.1000000015
78245  40.852  12.466  2.166 0.1000000015
77478  40.721  11.788  1.477 0.1000000015
78246  40.219  12.230  1.114 0.1000000015
76036  48.021  9.142  7.315 0.2000000030
76038  46.405  9.394  6.987 0.2000000030
77446  45.322  11.449  6.224 0.2000000030
77466  42.105  11.378  4.056 0.2000000030
78996  41.744  12.879  3.251 0.2000000030
78238  41.441  12.380  2.916 0.1000000015
75132  49.392  8.702  6.382 0.2000000030
76776  42.998  10.237  4.934 0.2000000030
76777  42.399  10.512  4.249 0.2000000030
75146  49.841  8.591  5.505 0.1000000015
75150  44.591  8.844  5.664 0.2000000030
75169  43.233  9.085  4.315 0.2000000030
76054  42.763  9.763  4.339 0.1000000015
76055  42.428  10.166  3.638 0.1000000015
76062  42.481  10.380  2.583 0.1000000015
75167  45.233  8.143  5.203 0.2000000030
75168  43.898  8.423  4.152 0.2000000030
75180  43.958  8.620  2.997 0.1000000015
75194  43.406  9.577  2.323 0.1000000015
75148  47.672  8.422  6.079 0.2000000030
74385  47.158  8.103  5.391 0.2000000030
74400  45.702  7.766  4.489 0.2000000030
74414  45.394  7.728  3.525 0.2000000030
75192  45.067  8.389  1.682 0.1000000015
105129  49.317  8.424  4.960 0.1000000015
74397  48.099  7.949  3.841 0.1000000015
74398  47.606  7.927  4.622 0.1000000015
114779  46.259  7.613  3.947 0.1000000015
74413  46.357  7.591  3.166 0.1000000015
74424  45.633  7.803  2.490 0.1000000015
74411  48.537  8.005  3.104 0.1000000015
118432  47.395  7.648  2.498 0.1000000015
120179  47.062  7.585  2.971 0.1000000015
74423  46.568  7.643  2.247 0.1000000015
77399  51.355  12.767  12.026 0.3000000119
78166  51.510  13.740  11.132 0.4000000060
78176  51.009  13.759  10.012 0.3000000119
78190  50.519  13.538  9.230 0.4000000060
78206  48.929  12.730  7.879 0.3000000119
78217  48.354  12.874  6.293 0.3000000119
107557  47.557  13.410  3.443 0.3000000119
117442  46.006  14.674  1.801 0.3000000119
102332  44.109  15.917  -0.710 0.2000000030
80454  43.294  15.676  -1.241 0.2000000030
79038  39.644  12.982  -2.298 0.2000000030
79032  39.157  12.527  -1.980 0.1000000015
78258  38.437  12.022  -2.899 0.1000000015
80442  41.797  14.969  -1.230 0.2000000030
79721  40.362  13.846  -1.311 0.2000000030
79031  39.768  13.495  -0.796 0.1000000015
80456  41.701  14.454  -2.406 0.2000000030
79720  41.125  14.647  -0.634 0.2000000030
79712  40.503  14.254  -0.008 0.2000000030
78160  50.931  13.371  11.401 0.4000000060
76711  49.943  10.562  12.883 0.3000000119
78167  50.793  13.837  10.815 0.5000000000
78175  51.373  13.833  10.764 0.4000000060
78929  51.007  14.177  10.181 0.4000000060
112735  50.777  14.186  9.592 0.4000000060
78205  50.226  13.609  8.359 0.3000000119
78971  50.505  13.708  6.078 0.4000000060
78972  49.024  13.115  5.575 0.4000000060
109726  48.260  13.203  3.989 0.4000000060
79006  48.135  13.605  2.776 0.4000000060
79679  47.508  14.100  2.212 0.4000000060
80422  45.498  15.655  0.365 0.3000000119
80439  44.856  15.937  -0.227 0.4000000060
104017  39.559  12.871  -3.532 0.2000000030
78264  38.013  12.246  -3.310 0.1000000015
79728  41.012  14.196  -1.877 0.2000000030
105835  40.877  13.525  -3.225 0.2000000030
79729  40.255  13.225  -2.789 0.2000000030
75938  31.677  9.602  15.416 0.1000000015
108726  32.246  8.954  15.406 0.1000000015
75045  32.926  8.371  15.224 0.1000000015
110134  33.498  7.881  15.007 0.1000000015
76712  48.762  10.378  12.531 0.3000000119
78161  49.727  12.928  11.235 0.5000000000
105799  50.047  12.305  11.793 0.4000000060
77392  50.572  11.629  12.473 0.4000000060
78930  50.660  14.347  9.381 0.5000000000
78942  50.572  14.371  8.773 0.4000000060
78957  50.677  14.324  7.818 0.4000000060
78977  49.194  13.235  4.608 0.5000000000
78989  49.487  13.390  3.810 0.5000000000
79695  46.834  14.580  1.634 0.3000000119
80467  43.259  15.424  -2.492 0.2000000030
80468  42.324  14.565  -3.093 0.2000000030
79734  41.495  13.896  -3.575 0.2000000030
79046  40.084  13.065  -3.833 0.2000000030
103375  39.675  13.193  -4.218 0.2000000030
79735  39.387  13.467  -4.137 0.2000000030
78134  32.283  12.145  14.169 0.1000000015
76693  32.107  10.918  14.754 0.1000000015
76683  31.956  10.282  15.025 0.1000000015
78133  33.332  12.116  14.381 0.1000000015
76682  32.960  10.607  14.918 0.1000000015
77369  33.937  11.043  15.134 0.1000000015
116365  33.768  8.699  14.774 0.1000000015
74290  34.779  7.986  14.705 0.1000000015
72730  34.590  5.600  16.125 0.1000000015
72717  34.062  4.538  16.776 0.1000000015
121754  49.009  13.677  10.277 0.5000000000
77405  48.809  11.854  11.425 0.4000000060
77393  49.311  11.235  12.134 0.3000000119
73469  48.760  6.845  18.038 0.1000000015
72700  47.831  4.907  18.586 0.2000000030
71228  48.203  3.532  18.655 0.1000000015
78924  49.951  14.041  10.272 0.5000000000
120727  47.261  7.162  16.732 0.2000000030
73471  46.356  6.155  16.857 0.2000000030
71961  47.642  3.430  18.833 0.1000000015
79615  50.244  14.615  9.173 0.5000000000
75051  48.469  8.798  15.253 0.2000000030
113480  47.700  8.496  15.169 0.2000000030
74271  47.123  7.570  16.223 0.2000000030
73481  46.588  6.927  16.383 0.2000000030
72712  46.219  5.167  17.514 0.1000000015
119303  46.709  2.010  18.738 0.1000000015
106168  45.722  0.835  18.604 0.1000000015
68859  44.669  -0.405  18.489 0.1000000015
68008  40.920  -0.851  18.034 0.1000000015
68020  39.673  -0.940  16.905 0.1000000015
68885  38.617  0.237  15.877 0.1000000015
79636  50.623  14.683  8.000 0.4000000060
75052  46.843  8.326  14.665 0.2000000030
72724  45.414  5.754  16.448 0.2000000030
71974  45.290  4.646  17.075 0.2000000030
71249  45.429  2.684  18.103 0.1000000015
121036  44.780  2.351  17.831 0.1000000015
78956  50.987  14.695  7.223 0.4000000060
74272  46.017  7.247  15.554 0.2000000030
73482  45.654  6.567  15.943 0.2000000030
72725  44.671  5.456  16.072 0.2000000030
78990  48.549  13.413  3.352 0.5000000000
80453  44.961  16.157  -1.153 0.3000000119
79694  48.032  14.336  1.474 0.5000000000
79710  47.184  14.917  0.865 0.5000000000
80421  46.437  15.513  0.244 0.3000000119
80438  45.775  16.008  -0.507 0.5000000000
80420  47.564  15.218  -0.041 0.5000000000
80437  46.669  15.785  -0.478 0.5000000000
80466  44.169  15.805  -2.629 0.3000000119
80451  46.366  16.138  -1.284 0.5000000000
121126  45.649  16.215  -1.193 0.5000000000
80465  44.970  16.080  -2.778 0.5000000000
102914  43.635  15.268  -3.441 0.4000000060
80480  42.859  14.610  -3.962 0.2000000030
120572  40.636  13.533  -4.511 0.2000000030
79045  39.885  13.291  -4.608 0.2000000030
79051  39.691  13.367  -4.497 0.2000000030
80478  44.314  15.483  -3.638 0.3000000119
79741  41.632  13.984  -4.762 0.2000000030
121169  40.907  13.579  -5.602 0.2000000030
79054  40.440  13.672  -5.178 0.2000000030
79742  39.900  13.557  -4.881 0.2000000030
79740  42.401  14.215  -5.597 0.4000000060
79746  41.518  13.749  -6.247 0.3000000119
80492  40.959  14.226  -6.050 0.3000000119
79748  40.462  13.941  -5.424 0.2000000030
77371  30.540  11.254  15.334 0.1000000015
75918  30.208  9.629  16.931 0.1000000015
75034  30.833  8.936  16.770 0.1000000015
80306  31.760  15.545  13.040 0.1000000015
122962  32.551  15.249  12.662 0.1000000015
79590  32.349  14.272  12.998 0.1000000015
78911  32.421  13.542  13.332 0.1000000015
76684  31.298  10.885  15.004 0.1000000015
75928  30.675  9.441  16.298 0.1000000015
116425  32.299  15.803  12.720 0.1000000015
114802  33.999  15.360  12.559 0.1000000015
79598  33.659  14.750  12.678 0.1000000015
103833  34.008  13.582  13.375 0.1000000015
78143  33.744  12.864  13.832 0.1000000015
78132  34.298  12.434  14.458 0.1000000015
78121  34.749  12.139  15.012 0.1000000015
79588  34.115  14.225  12.981 0.1000000015
118279  34.971  13.993  13.399 0.1000000015
78131  35.116  12.666  14.585 0.1000000015
77368  34.903  11.461  15.436 0.1000000015
76681  34.518  10.522  15.268 0.1000000015
75948  34.736  8.853  14.717 0.1000000015
76680  35.332  10.666  15.626 0.1000000015
75934  35.960  9.968  15.633 0.1000000015
74276  35.453  7.618  14.965 0.1000000015
73487  35.491  6.772  15.377 0.1000000015
71979  34.381  4.014  17.109 0.1000000015
72716  34.851  4.663  17.001 0.1000000015
71257  34.146  3.907  16.765 0.1000000015
71256  34.880  3.821  17.024 0.1000000015
120717  48.875  12.505  11.029 0.4000000060
76713  47.797  10.161  12.213 0.3000000119
75967  48.270  9.743  12.990 0.3000000119
79616  49.233  14.552  9.282 0.5000000000
77406  48.105  12.126  10.751 0.4000000060
123063  47.873  11.310  11.256 0.4000000060
75958  47.746  9.323  13.599 0.3000000119
75064  47.428  8.789  14.277 0.3000000119
70507  44.740  1.594  18.139 0.1000000015
69693  44.445  0.770  18.286 0.1000000015
68869  42.967  -0.241  18.682 0.1000000015
67998  42.097  -0.549  19.153 0.1000000015
68870  40.532  -0.182  18.753 0.1000000015
69697  39.661  0.760  17.740 0.1000000015
69713  38.964  1.151  16.335 0.1000000015
70521  38.298  2.048  16.108 0.1000000015
79622  50.490  14.605  8.753 0.5000000000
79623  49.727  14.848  8.779 0.5000000000
78169  48.216  13.090  10.228 0.4000000060
104946  47.039  12.212  10.130 0.5000000000
121269  47.387  10.616  11.517 0.3000000119
75968  47.325  9.577  12.701 0.3000000119
71988  44.164  4.771  16.080 0.2000000030
71976  43.861  4.063  16.372 0.2000000030
71250  44.110  3.197  16.917 0.2000000030
69704  42.558  1.319  17.415 0.1000000015
69686  41.771  0.185  19.999 0.1000000015
68862  41.377  0.117  20.074 0.1000000015
68863  40.473  0.653  19.443 0.1000000015
80337  50.887  14.993  7.550 0.6000000238
107067  47.034  11.202  10.783 0.4000000060
76719  46.507  10.395  11.279 0.4000000060
75969  46.425  9.378  12.523 0.4000000060
75053  45.829  8.192  14.123 0.2000000030
74285  45.489  7.517  14.685 0.2000000030
73498  44.425  6.670  14.732 0.2000000030
72726  44.079  5.615  15.409 0.2000000030
72727  43.391  5.158  15.305 0.2000000030
71265  43.326  3.747  16.174 0.2000000030
71251  43.051  3.043  16.393 0.2000000030
70517  42.760  2.151  16.728 0.2000000030
69705  42.029  1.209  17.772 0.1000000015
78970  51.404  14.170  5.439 0.5000000000
78966  51.251  14.493  6.391 0.5000000000
75078  45.078  8.726  12.688 0.2000000030
75066  45.059  8.297  13.395 0.2000000030
106938  44.346  7.385  13.952 0.2000000030
73499  43.722  6.525  14.364 0.2000000030
71989  43.311  4.373  15.723 0.2000000030
104372  42.495  3.702  15.637 0.2000000030
78976  50.598  13.608  4.549 0.5000000000
78975  51.799  14.229  4.438 0.5000000000
75067  44.272  7.819  13.381 0.2000000030
74310  43.440  7.615  13.030 0.3000000119
74301  43.722  7.146  13.753 0.3000000119
73500  43.035  6.092  14.246 0.3000000119
78988  51.028  13.682  3.691 0.5000000000
79005  49.738  13.558  2.911 0.5000000000
79678  48.916  13.788  2.096 0.5000000000
79692  51.719  13.827  1.001 0.6000000238
79693  49.732  13.904  1.270 0.5000000000
79709  48.549  14.501  0.653 0.5000000000
79708  50.341  13.970  0.359 0.5000000000
79717  52.324  14.214  -0.205 0.6999999881
79707  51.841  13.872  -0.023 0.6000000238
80435  49.456  14.684  -0.948 0.5000000000
80419  49.052  14.605  -0.168 0.5000000000
101855  47.369  15.703  -0.912 0.5000000000
79719  50.718  14.078  -0.511 0.6000000238
80450  48.369  15.363  -1.366 0.5000000000
102045  47.350  15.923  -1.796 0.5000000000
80479  43.461  14.779  -4.945 0.4000000060
80490  42.943  13.919  -6.660 0.4000000060
80482  40.021  14.461  -4.577 0.3000000119
80448  51.243  14.613  -1.872 0.8000000119
80449  49.858  14.772  -1.711 0.6000000238
117437  45.592  16.201  -2.536 0.5000000000
80477  44.965  15.720  -3.745 0.4000000060
79753  42.146  13.892  -6.694 0.4000000060
80491  41.644  14.366  -6.486 0.4000000060
81192  41.254  15.214  -5.656 0.4000000060
81184  41.242  15.928  -4.335 0.4000000060
81190  42.941  15.623  -6.487 0.4000000060
81183  41.972  16.257  -4.665 0.4000000060
81874  43.792  15.930  -6.830 0.4000000060
81859  43.521  16.770  -5.341 0.4000000060
81860  42.740  16.520  -5.013 0.4000000060
81873  44.661  16.239  -6.965 0.4000000060
81858  44.301  17.013  -5.594 0.4000000060
81845  44.070  17.574  -4.334 0.4000000060
81857  45.146  17.260  -5.647 0.4000000060
81844  44.845  17.678  -4.434 0.4000000060
81855  47.060  17.550  -5.323 0.4000000060
81856  46.089  17.466  -5.477 0.4000000060
82487  46.662  18.096  -4.142 0.4000000060
82486  47.606  18.108  -4.340 0.4000000060
82485  48.388  18.298  -4.500 0.5000000000
82472  48.067  18.693  -3.858 0.5000000000
83078  48.701  19.310  -4.051 0.5000000000
83703  49.069  21.011  -4.223 0.5000000000
79586  36.563  14.889  13.618 0.1000000015
78909  36.042  14.125  13.733 0.1000000015
78130  35.965  12.832  14.803 0.1000000015
78119  36.287  12.325  15.635 0.1000000015
77367  35.688  11.784  15.722 0.1000000015
78118  37.194  12.628  15.834 0.1000000015
77366  36.267  11.591  16.203 0.1000000015
76679  36.011  10.838  16.127 0.1000000015
115828  36.773  8.083  15.750 0.1000000015
73476  36.160  6.581  15.901 0.1000000015
118360  36.096  5.959  16.467 0.1000000015
74261  38.096  7.852  17.051 0.1000000015
74262  37.480  7.118  16.845 0.1000000015
72706  35.626  4.566  17.450 0.1000000015
71967  35.072  4.028  17.407 0.1000000015
73462  37.323  6.202  17.362 0.1000000015
73463  36.407  5.496  17.245 0.1000000015
71243  35.567  3.862  17.499 0.1000000015
71270  35.559  3.523  15.926 0.1000000015
71255  36.294  3.517  17.160 0.1000000015
71284  36.208  3.050  15.180 0.1000000015
121691  37.683  3.101  17.686 0.1000000015
119052  37.589  2.604  16.033 0.1000000015
70530  36.952  2.788  15.615 0.1000000015
70500  39.177  2.357  18.962 0.1000000015
106053  38.899  1.957  17.126 0.1000000015
70510  37.882  2.741  16.969 0.1000000015
78932  47.922  14.066  9.230 0.5000000000
70508  42.001  1.117  19.437 0.1000000015
79638  48.862  15.088  8.117 0.5000000000
77407  46.307  11.403  10.281 0.4000000060
75970  45.598  9.222  12.307 0.4000000060
75077  45.891  8.773  13.170 0.3000000119
70518  41.899  1.870  16.750 0.2000000030
71252  40.889  2.316  17.578 0.2000000030
104606  41.448  2.171  18.869 0.2000000030
79649  51.310  14.977  6.694 0.6000000238
78177  47.493  13.252  9.657 0.4000000060
76730  46.049  10.778  10.647 0.4000000060
76720  45.654  10.155  11.090 0.4000000060
75971  44.949  9.104  12.080 0.3000000119
114175  44.539  8.359  12.897 0.3000000119
72741  42.829  5.409  14.668 0.3000000119
72004  42.011  4.904  14.486 0.2000000030
70527  42.095  2.738  16.100 0.2000000030
70520  40.498  2.644  16.466 0.2000000030
71253  40.056  3.178  16.658 0.2000000030
79658  51.554  14.767  5.901 0.6000000238
101620  47.383  14.693  8.147 0.6000000238
78933  46.836  13.535  9.087 0.5000000000
75079  43.908  8.228  12.644 0.3000000119
74311  42.646  7.413  12.710 0.3000000119
73511  43.223  6.622  13.872 0.3000000119
72748  42.299  5.665  14.059 0.3000000119
72005  40.962  4.395  14.331 0.2000000030
71282  40.481  3.604  14.938 0.2000000030
71268  39.848  3.378  15.690 0.2000000030
80361  51.543  15.038  5.838 0.6000000238
79664  52.155  14.727  4.243 0.6000000238
80372  51.698  15.119  4.925 0.6000000238
78987  52.108  14.247  3.530 0.5000000000
79677  50.802  13.714  2.018 0.5000000000
79675  52.223  14.657  3.365 0.6000000238
79004  51.666  13.801  2.824 0.5000000000
80396  52.270  14.581  2.376 0.6000000238
81134  48.658  16.138  2.514 0.6999999881
79691  52.468  14.352  1.340 0.6999999881
80405  52.074  15.051  1.625 0.6999999881
116216  52.149  14.733  -0.349 0.6999999881
79718  51.942  13.970  -0.769 0.6999999881
101867  48.634  15.468  -2.256 0.6000000238
80463  47.400  15.968  -2.782 0.6000000238
80464  46.314  16.190  -2.402 0.5000000000
107777  44.432  15.185  -4.938 0.5000000000
80489  43.732  14.195  -6.683 0.4000000060
80505  43.134  14.019  -7.262 0.4000000060
81202  42.492  14.420  -7.078 0.4000000060
121025  52.190  14.281  -0.715 0.6999999881
80460  51.464  14.878  -2.213 0.8000000119
80461  51.045  14.763  -2.625 0.8000000119
80462  49.615  15.215  -2.918 0.6999999881
116056  48.337  15.644  -3.076 0.6000000238
80476  46.465  15.909  -3.599 0.6000000238
107723  45.461  15.512  -4.625 0.5000000000
80516  44.025  14.604  -7.676 0.4000000060
81201  43.450  14.720  -7.560 0.4000000060
81191  42.099  15.416  -6.033 0.4000000060
80475  47.563  15.695  -3.969 0.6000000238
108578  46.481  15.506  -5.060 0.6000000238
80488  44.749  14.824  -6.379 0.5000000000
80504  44.239  14.369  -7.525 0.4000000060
81200  44.299  15.088  -8.007 0.4000000060
81872  45.595  16.652  -6.813 0.4000000060
81871  46.489  16.971  -6.587 0.4000000060
81870  47.427  17.060  -6.483 0.4000000060
81854  47.978  17.604  -5.273 0.5000000000
82497  50.630  18.925  -5.957 0.6999999881
82498  49.694  18.245  -5.531 0.6999999881
82484  49.175  18.704  -4.759 0.6000000238
112406  49.817  19.123  -5.183 0.6999999881
78897  37.288  13.792  14.656 0.1000000015
78112  37.514  12.284  16.633 0.1000000015
77359  37.574  11.847  17.102 0.1000000015
110574  36.782  9.594  16.002 0.1000000015
75925  38.233  9.601  17.000 0.1000000015
75029  37.911  8.719  16.668 0.1000000015
73461  38.158  6.915  17.636 0.1000000015
72704  37.089  5.310  17.934 0.1000000015
72705  36.361  4.595  17.898 0.1000000015
72693  37.649  5.002  18.644 0.1000000015
71955  37.362  4.185  18.635 0.1000000015
71956  36.564  4.107  18.192 0.1000000015
71954  37.956  4.378  19.066 0.1000000015
71242  37.457  3.446  18.213 0.1000000015
70522  37.062  3.130  16.506 0.1000000015
71230  38.364  3.191  18.987 0.1000000015
70491  41.847  1.221  21.130 0.1000000015
70492  40.843  1.417  20.812 0.1000000015
104363  50.790  15.297  6.399 0.6000000238
80338  49.976  15.262  7.604 0.6000000238
78178  46.430  12.686  9.452 0.5000000000
77408  45.558  11.146  10.123 0.4000000060
77418  44.987  11.552  9.589 0.4000000060
76721  44.830  9.927  10.896 0.3000000119
75091  44.438  8.717  12.283 0.3000000119
75092  43.734  8.706  11.885 0.3000000119
113637  40.451  3.481  17.919 0.2000000030
71229  41.248  3.115  19.076 0.2000000030
78943  47.129  14.189  8.655 0.6000000238
78934  45.962  13.134  8.881 0.5000000000
78180  44.650  12.202  9.072 0.4000000060
76743  44.144  10.985  9.674 0.4000000060
76744  43.460  10.316  10.054 0.4000000060
75989  43.107  9.614  10.572 0.3000000119
105743  43.099  8.690  11.556 0.3000000119
74321  42.221  7.820  12.030 0.3000000119
72757  41.659  5.946  13.383 0.3000000119
72749  41.422  5.137  13.855 0.2000000030
72006  39.959  4.198  14.266 0.2000000030
71283  39.595  3.941  14.875 0.2000000030
71978  39.181  4.551  15.786 0.2000000030
80349  49.649  15.383  6.781 0.6000000238
80339  48.565  15.263  7.216 0.6000000238
79639  47.508  14.981  7.478 0.6000000238
79625  46.217  14.284  8.107 0.6000000238
78192  45.105  12.883  8.697 0.5000000000
106158  44.247  11.637  9.302 0.4000000060
120454  43.325  10.892  9.511 0.4000000060
75990  42.300  9.435  10.430 0.3000000119
75106  41.812  8.754  10.862 0.3000000119
74322  41.387  7.625  11.742 0.3000000119
73522  40.279  6.286  12.332 0.2000000030
72759  39.622  5.678  12.725 0.2000000030
72017  39.551  4.746  13.779 0.2000000030
71993  38.936  4.717  15.139 0.2000000030
71977  39.483  4.473  16.560 0.2000000030
80362  50.747  15.390  5.494 0.6999999881
102621  49.343  15.465  5.045 0.6000000238
80340  47.411  15.168  6.707 0.6000000238
80351  46.621  15.239  6.091 0.6000000238
79651  45.902  14.833  7.066 0.6000000238
78945  44.688  13.417  8.210 0.5000000000
77420  42.011  11.097  9.043 0.4000000060
76005  41.112  9.848  9.700 0.4000000060
75094  40.971  8.166  11.101 0.3000000119
74323  40.522  7.455  11.469 0.2000000030
73523  39.255  6.289  12.257 0.2000000030
72751  39.151  5.301  13.349 0.2000000030
72752  38.501  5.535  13.607 0.2000000030
72742  38.337  5.558  14.150 0.2000000030
80373  50.593  15.449  4.567 0.6999999881
119338  48.458  15.437  5.460 0.6000000238
80365  46.442  15.491  5.119 0.6999999881
80352  45.797  15.065  6.488 0.6000000238
76746  41.596  10.474  9.398 0.4000000060
80387  50.354  15.528  3.654 0.6999999881
80397  50.190  15.640  2.816 0.6999999881
118070  47.988  15.644  4.112 0.6999999881
80375  47.213  15.613  4.524 0.6999999881
80376  46.284  15.834  4.123 0.6999999881
116406  51.671  15.252  2.365 0.6999999881
80388  48.643  15.737  3.436 0.6999999881
119079  47.648  16.107  3.101 0.6999999881
81133  50.437  15.743  1.974 0.6999999881
113228  49.215  16.404  1.577 0.6999999881
81144  50.907  15.721  1.044 0.6999999881
81162  50.333  16.464  -0.334 0.6999999881
81154  49.584  16.619  0.564 0.6999999881
81153  51.226  15.639  0.134 0.6999999881
81161  50.818  16.214  -0.932 0.8000000119
81152  51.423  15.512  -0.631 0.6999999881
80447  51.746  14.751  -1.571 0.8000000119
102674  48.947  15.470  -3.796 0.6999999881
112823  50.628  17.626  -3.508 0.8000000119
81176  51.344  15.399  -2.758 0.8000000119
80474  51.361  14.992  -3.125 0.8000000119
116601  50.788  14.819  -3.650 0.6999999881
107778  48.272  15.520  -4.687 0.6000000238
111472  47.361  15.512  -5.467 0.6000000238
80502  46.315  15.047  -6.856 0.5000000000
111471  45.607  15.264  -6.110 0.5000000000
80514  45.806  14.755  -7.846 0.5000000000
81199  45.221  15.453  -7.969 0.4000000060
81843  51.230  16.297  -3.583 0.8000000119
81182  51.700  15.031  -3.697 0.8000000119
107603  51.997  14.435  -4.851 0.8000000119
108205  49.465  15.269  -4.852 0.8000000119
80487  48.229  15.470  -5.707 0.6999999881
80501  47.251  15.488  -6.595 0.6000000238
80513  46.506  15.195  -7.580 0.5000000000
81885  46.131  16.062  -7.588 0.4000000060
82483  51.189  17.596  -4.359 0.8000000119
81853  51.691  15.869  -4.473 0.8000000119
80485  52.198  14.545  -5.433 0.8000000119
80498  51.672  14.489  -5.763 0.8000000119
80500  48.955  15.383  -6.004 0.8000000119
104553  49.109  15.609  -6.696 0.8000000119
80512  47.260  15.720  -7.155 0.5000000000
81884  46.941  16.346  -7.212 0.4000000060
82482  51.909  18.310  -5.219 0.8000000119
81852  51.806  16.887  -5.369 0.8000000119
81188  52.264  15.166  -5.340 0.8000000119
80509  52.194  15.160  -7.005 0.8000000119
80510  51.630  14.941  -6.792 0.8000000119
81208  49.704  16.009  -7.170 0.6999999881
108263  48.052  15.861  -7.001 0.6000000238
81883  47.854  16.452  -6.972 0.5000000000
82496  52.682  17.637  -5.996 0.8000000119
81865  53.116  17.254  -6.807 0.8000000119
81197  52.779  16.170  -6.937 0.8000000119
80519  51.646  15.485  -7.338 0.8000000119
80520  50.679  15.536  -7.142 0.8000000119
81881  49.986  16.680  -6.922 0.6999999881
81882  48.908  16.486  -6.824 0.6000000238
81869  48.365  17.125  -6.352 0.6000000238
81878  53.135  17.146  -7.334 0.8000000119
81879  52.141  17.258  -7.606 0.6999999881
81867  50.338  17.724  -6.384 0.6999999881
81868  49.361  17.329  -6.203 0.6999999881
82507  52.370  18.328  -7.503 0.6999999881
82508  51.356  18.079  -6.931 0.6999999881
77353  38.103  11.732  17.453 0.1000000015
76661  39.283  10.096  17.829 0.1000000015
75917  38.945  9.447  17.507 0.1000000015
74251  38.754  7.819  17.659 0.1000000015
74250  39.379  7.885  18.293 0.1000000015
74243  38.892  7.096  18.274 0.1000000015
110416  38.398  5.671  18.725 0.1000000015
72678  39.678  5.305  20.342 0.1000000015
72691  38.982  5.511  19.408 0.1000000015
110754  41.315  4.108  22.121 0.1000000015
72671  40.358  4.473  21.408 0.1000000015
71938  39.176  3.835  20.414 0.1000000015
71205  42.763  2.189  21.993 0.2000000030
71206  41.880  2.366  22.224 0.1000000015
71217  39.939  2.902  20.833 0.1000000015
71952  42.393  4.103  20.294 0.2000000030
71215  42.394  1.846  21.397 0.1000000015
70484  40.991  1.739  21.315 0.1000000015
71953  41.409  4.168  19.132 0.2000000030
71937  42.108  2.859  20.260 0.2000000030
71964  40.588  4.295  18.241 0.2000000030
78193  44.273  12.701  8.540 0.5000000000
78946  43.824  13.231  8.070 0.5000000000
78181  43.891  12.050  8.880 0.5000000000
72714  38.867  5.216  15.518 0.2000000030
79652  45.223  14.874  6.891 0.6999999881
78947  43.097  13.014  7.981 0.5000000000
105986  42.825  11.260  9.136 0.4000000060
75992  40.075  9.005  10.176 0.2000000030
75107  40.173  8.358  10.627 0.2000000030
73532  39.921  6.791  11.731 0.2000000030
113569  38.462  6.465  12.372 0.2000000030
73524  37.940  6.435  12.829 0.2000000030
80353  44.956  15.222  6.163 0.6000000238
79642  43.827  14.459  7.190 0.6999999881
120195  42.336  11.721  8.690 0.4000000060
114945  40.736  9.352  10.032 0.3000000119
75108  39.307  8.542  10.420 0.2000000030
74337  39.472  7.918  10.832 0.2000000030
73533  38.828  6.918  11.705 0.2000000030
80377  45.582  15.610  4.879 0.6999999881
80367  45.086  15.472  5.439 0.6000000238
80354  44.032  15.275  6.133 0.6999999881
118408  42.882  14.544  7.020 0.6999999881
114621  42.398  13.194  7.759 0.6999999881
78208  41.763  12.684  8.008 0.5000000000
81135  47.246  16.522  2.562 0.6999999881
81125  46.626  16.292  3.239 0.6999999881
105271  44.409  15.522  5.513 0.6999999881
79654  43.510  14.935  6.631 0.8000000119
81804  48.212  17.071  1.092 0.6999999881
81805  47.114  17.529  1.279 0.8000000119
81136  46.238  16.822  2.608 0.8000000119
106477  44.760  16.679  3.483 0.8000000119
81811  48.393  17.383  0.430 0.8000000119
81794  46.666  17.176  1.965 0.8000000119
81819  48.976  17.283  -0.218 0.8000000119
81820  47.995  18.088  -0.019 0.8000000119
117648  49.134  18.050  -1.473 0.8000000119
113778  49.968  17.552  -2.426 0.8000000119
82464  49.419  18.434  -2.104 0.8000000119
82463  50.025  18.297  -2.953 0.8000000119
76655  39.985  10.239  18.349 0.1000000015
76654  40.518  10.722  18.828 0.1000000015
110308  40.029  7.999  18.851 0.1000000015
74242  39.675  7.185  19.008 0.1000000015
74232  40.332  6.929  19.822 0.1000000015
73438  40.436  6.263  20.398 0.1000000015
73430  42.476  5.988  21.813 0.1000000015
73431  41.405  6.224  21.259 0.1000000015
72677  40.554  5.549  21.025 0.1000000015
71925  43.158  4.718  22.169 0.2000000030
73448  42.751  6.339  19.707 0.2000000030
72689  41.864  5.199  19.304 0.2000000030
72690  40.942  5.034  18.514 0.2000000030
73472  40.332  6.968  16.967 0.2000000030
73460  40.370  6.119  17.345 0.2000000030
72702  40.404  5.213  17.750 0.2000000030
73485  39.141  6.719  15.847 0.2000000030
72713  39.241  5.246  16.227 0.2000000030
71965  39.941  4.408  17.390 0.2000000030
75109  38.336  8.794  10.379 0.2000000030
74325  38.020  7.578  11.467 0.2000000030
74314  37.554  6.935  12.712 0.2000000030
73486  38.631  5.924  15.317 0.2000000030
77437  39.762  11.462  8.670 0.4000000060
76748  39.835  10.467  9.269 0.3000000119
74338  38.589  8.072  10.809 0.2000000030
73534  37.938  6.931  12.203 0.2000000030
76747  40.700  10.424  9.316 0.4000000060
76006  40.095  9.738  9.659 0.2000000030
73514  37.645  6.645  13.280 0.2000000030
79643  42.189  14.016  7.327 0.6999999881
80379  43.941  15.930  4.845 0.6999999881
120208  42.737  15.062  6.530 0.6999999881
81116  44.340  16.282  4.171 0.6000000238
81117  43.457  16.589  4.267 0.8000000119
81806  46.065  18.200  1.414 0.8000000119
81795  45.663  17.615  2.138 0.8000000119
105095  44.764  17.980  2.426 0.8000000119
81813  46.700  18.427  0.800 0.8000000119
82438  46.079  19.007  0.944 0.8000000119
75010  40.572  8.604  19.211 0.1000000015
74998  41.598  8.484  20.252 0.1000000015
74231  41.452  7.108  20.786 0.1000000015
74226  42.454  6.715  21.511 0.1000000015
73436  43.652  6.426  21.436 0.1000000015
111520  43.197  7.210  19.763 0.2000000030
73437  43.582  6.182  20.868 0.2000000030
73459  41.081  6.971  17.774 0.2000000030
111114  39.756  7.075  16.437 0.2000000030
74303  37.289  7.264  12.979 0.2000000030
115063  37.943  6.760  14.449 0.2000000030
111559  36.974  7.959  12.687 0.2000000030
73502  37.839  6.274  13.933 0.2000000030
78962  40.660  13.572  7.511 0.5000000000
118329  39.190  10.672  9.200 0.3000000119
75994  38.165  9.507  9.948 0.2000000030
75096  37.039  8.679  11.352 0.2000000030
75082  36.733  8.888  11.858 0.2000000030
78196  41.231  12.226  8.292 0.4000000060
105104  37.380  9.318  10.568 0.2000000030
79644  41.253  14.173  7.200 0.6999999881
119442  41.841  14.893  6.702 0.6999999881
78961  41.540  13.395  7.589 0.6000000238
80356  42.306  15.519  6.136 0.6999999881
80368  43.567  15.665  5.517 0.8000000119
81785  44.338  17.480  3.050 0.8000000119
82430  45.195  18.579  1.876 0.8000000119
75027  40.749  8.410  17.001 0.2000000030
74248  41.767  7.705  18.223 0.2000000030
75028  40.115  8.443  16.323 0.2000000030
74259  40.281  7.734  16.651 0.2000000030
75042  38.786  8.249  15.166 0.2000000030
75069  37.318  8.637  13.341 0.2000000030
75068  37.947  8.967  14.092 0.3000000119
111075  38.251  8.041  14.696 0.2000000030
78197  40.553  12.372  8.190 0.4000000060
77422  39.025  11.177  8.908 0.4000000060
76749  38.430  10.740  9.308 0.3000000119
108254  40.936  15.464  6.490 0.6999999881
79645  40.352  14.365  7.194 0.6999999881
108614  39.867  12.180  8.334 0.4000000060
77423  38.150  11.460  8.977 0.4000000060
121111  41.575  15.656  6.189 0.6999999881
81109  43.065  16.198  4.898 0.8000000119
81127  43.858  17.010  3.623 0.8000000119
86033  47.803  24.565  1.651 0.6000000238
76677  40.282  10.585  15.501 0.2000000030
75923  40.583  9.209  16.574 0.2000000030
76678  39.641  10.098  15.225 0.2000000030
75933  39.560  9.318  15.495 0.2000000030
76690  39.136  10.278  14.580 0.2000000030
75055  38.497  8.799  14.692 0.3000000119
75961  37.226  9.521  12.939 0.3000000119
81105  40.947  16.292  5.957 0.6999999881
80357  40.048  15.249  6.831 0.6999999881
79646  39.446  14.663  7.346 0.6000000238
75972  36.772  9.492  12.158 0.2000000030
78948  39.099  13.425  7.815 0.5000000000
76750  37.502  10.989  9.611 0.3000000119
78963  39.766  13.830  7.508 0.5000000000
119693  38.494  12.573  8.419 0.5000000000
81118  42.039  17.194  4.709 0.6999999881
80370  41.841  16.117  5.636 0.6999999881
80369  42.682  15.875  5.537 0.6999999881
81778  43.069  17.374  3.901 0.8000000119
86648  47.431  25.242  1.738 0.5000000000
86647  48.493  25.290  1.684 0.8000000119
87213  47.916  26.593  2.775 0.6999999881
107575  39.144  11.029  14.121 0.2000000030
76701  38.441  11.069  13.531 0.2000000030
75960  37.873  9.599  13.719 0.3000000119
76702  37.789  10.346  13.317 0.2000000030
76703  37.183  10.277  12.567 0.3000000119
78964  38.994  14.137  7.626 0.6000000238
76714  36.781  10.214  11.787 0.2000000030
80358  39.579  16.199  6.793 0.5000000000
78949  38.374  13.917  7.966 0.5000000000
122694  37.972  12.836  8.522 0.5000000000
77410  36.905  11.769  9.961 0.2000000030
108793  36.878  10.939  10.396 0.2000000030
76722  36.773  10.129  10.844 0.2000000030
81779  42.372  17.696  4.296 0.8000000119
87197  49.111  27.287  3.985 0.6000000238
78154  38.430  12.562  12.695 0.2000000030
77384  38.347  11.796  13.080 0.2000000030
77383  39.093  11.738  13.639 0.2000000030
81111  41.440  17.021  5.254 0.6999999881
81106  40.095  16.764  6.308 0.6999999881
108282  37.195  13.978  9.827 0.3000000119
78921  37.234  13.334  10.911 0.2000000030
77385  37.676  11.080  12.878 0.2000000030
80341  39.116  15.560  7.312 0.5000000000
116958  37.378  14.174  9.058 0.3000000119
78926  37.002  13.296  10.102 0.2000000030
77400  36.787  11.840  11.014 0.3000000119
111937  37.128  10.919  12.215 0.3000000119
79647  38.519  14.855  7.762 0.4000000060
80326  37.935  15.389  8.374 0.4000000060
78182  37.054  12.581  9.599 0.3000000119
108476  36.798  11.015  11.445 0.3000000119
78950  37.757  13.507  8.556 0.5000000000
79627  37.571  14.987  9.000 0.3000000119
78920  37.818  13.439  11.653 0.2000000030
82439  45.589  19.216  1.422 0.8000000119
81107  39.331  17.201  6.860 0.6000000238
121449  38.792  17.180  7.567 0.6999999881
80342  38.389  15.903  7.828 0.5000000000
80320  38.040  15.803  9.857 0.3000000119
81112  40.605  17.281  5.752 0.6999999881
79612  37.518  14.440  10.437 0.3000000119
82418  42.192  18.539  4.420 0.8000000119
81088  38.057  16.270  8.519 0.5000000000
79611  38.100  14.743  10.968 0.3000000119
81084  38.244  16.570  9.256 0.4000000060
81775  40.469  18.017  5.812 0.6999999881
79607  38.529  14.161  11.664 0.3000000119
81081  38.667  16.328  10.123 0.5000000000
80317  38.566  15.507  10.677 0.3000000119
82414  41.463  18.561  5.062 0.8000000119
81772  39.621  17.975  6.779 0.6999999881
81097  38.624  17.390  8.179 0.6000000238
80313  38.807  14.922  11.323 0.3000000119
81755  38.605  17.371  8.895 0.6000000238
81754  39.259  17.798  9.232 0.5000000000
80316  39.245  16.025  10.691 0.4000000060
81074  40.016  16.182  10.974 0.4000000060
79605  40.148  14.960  11.844 0.3000000119
80302  40.802  14.872  12.309 0.3000000119
82415  40.839  18.574  5.676 0.8000000119
81073  40.844  16.472  11.238 0.4000000060
81080  39.450  16.685  10.372 0.5000000000
81072  41.524  16.125  11.769 0.3000000119
82399  39.803  18.471  7.096 0.6999999881
81750  39.722  17.424  10.003 0.6000000238
83011  41.860  19.034  4.831 0.8000000119
102464  42.107  19.509  5.045 0.6999999881
81079  40.287  16.931  10.632 0.4000000060
105935  41.504  16.783  11.385 0.3000000119
82389  39.705  18.429  8.790 0.6000000238
82393  39.619  18.498  7.910 0.6000000238
75161  55.024  8.552  4.168 0.1000000015
75144  52.630  9.009  5.146 0.1000000015
75162  54.283  8.864  3.686 0.1000000015
77448  44.442  11.208  5.751 0.2000000030
74409  54.888  8.311  3.405 0.1000000015
75136  45.246  9.186  6.300 0.2000000030
78226  44.089  12.221  4.865 0.2000000030
75147  48.728  8.417  5.646 0.2000000030
75134  46.950  8.806  6.628 0.2000000030
76767  44.135  10.289  5.780 0.2000000030
76037  47.164  9.322  7.245 0.2000000030
107564  45.420  8.610  5.870 0.2000000030
116585  47.203  18.727  0.253 0.8000000119
82449  48.513  18.251  -0.838 0.8000000119
81205  52.714  16.385  -7.355 0.8000000119
107490  51.467  6.396  3.745 0.1000000015
74359  49.071  7.525  8.975 0.1000000015
73560  48.512  6.592  7.304 0.1000000015
105577  48.908  6.301  6.646 0.1000000015
73557  51.065  6.810  7.009 0.1000000015
73581  50.887  6.372  5.270 0.1000000015
73603  54.271  7.524  2.555 0.1000000015
119169  54.725  8.538  2.701 0.1000000015
75199  54.543  8.876  0.897 0.1000000015
74305  49.122  7.593  13.093 0.1000000015
74317  48.309  7.783  11.207 0.1000000015
75074  52.110  8.474  13.939 0.1000000015
75090  49.324  7.957  11.359 0.1000000015
110878  52.514  8.837  12.864 0.1000000015
75086  54.249  9.105  11.952 0.1000000015
75117  51.658  7.929  10.066 0.1000000015
75085  54.887  9.091  11.305 0.1000000015
75116  53.310  8.033  10.204 0.1000000015
76000  55.331  9.318  9.888 0.2000000030
75123  55.261  8.576  8.667 0.1000000015
75115  55.247  8.748  9.694 0.2000000030
75142  55.335  8.904  4.943 0.1000000015
76067  43.647  9.957  1.168 0.1000000015
116207  46.666  8.438  -2.017 0.1000000015
104916  50.126  8.441  2.760 0.1000000015
75202  49.992  8.385  1.804 0.1000000015
77433  48.709  11.562  8.775 0.3000000119
120650  45.005  11.729  5.719 0.2000000030
75126  48.956  8.981  7.213 0.2000000030
79700  41.347  14.396  1.844 0.2000000030
78994  43.376  13.407  3.724 0.2000000030
78236  42.873  12.617  4.161 0.2000000030
76788  41.982  10.866  3.126 0.1000000015
101743  44.382  8.354  4.955 0.2000000030
76040  44.614  9.693  6.133 0.2000000030
76061  42.863  9.642  3.374 0.1000000015
74442  47.978  7.768  0.897 0.1000000015
75179  48.938  8.210  3.756 0.1000000015
74432  48.462  7.872  1.698 0.1000000015
74422  48.113  7.808  2.420 0.1000000015
76700  50.819  9.934  13.953 0.3000000119
78213  47.447  12.465  6.575 0.3000000119
78255  38.730  12.012  -0.656 0.1000000015
76764  45.666  10.769  6.966 0.2000000030
79016  40.696  13.883  1.749 0.2000000030
79017  40.261  13.380  1.287 0.1000000015
110188  41.213  13.016  2.713 0.2000000030
75133  48.408  8.675  6.589 0.2000000030
75135  46.088  8.820  6.348 0.2000000030
76039  45.291  9.916  6.680 0.2000000030
76766  44.848  10.557  6.333 0.2000000030
75181  43.407  8.958  3.493 0.1000000015
75149  46.183  8.202  5.544 0.2000000030
74401  44.791  7.970  4.362 0.2000000030
116723  44.514  8.104  3.555 0.2000000030
75166  47.954  8.171  5.290 0.2000000030
108854  46.815  8.422  6.025 0.2000000030
74399  46.595  7.789  4.711 0.2000000030
75165  48.572  8.208  4.635 0.2000000030
74412  47.745  7.760  3.114 0.1000000015
105979  47.138  7.679  3.782 0.1000000015
78958  49.843  13.455  7.527 0.4000000060
78968  49.465  13.308  6.624 0.3000000119
79039  38.863  12.489  -3.150 0.1000000015
103579  50.159  13.489  5.235 0.4000000060
78967  50.789  13.990  7.009 0.5000000000
79047  39.049  12.961  -3.530 0.1000000015
118996  31.283  10.178  15.344 0.1000000015
106946  32.528  9.712  15.109 0.1000000015
75937  33.376  9.679  14.965 0.1000000015
122657  34.346  8.326  14.692 0.1000000015
74278  33.774  7.082  15.212 0.1000000015
76718  48.296  10.865  11.784 0.3000000119
78144  32.812  12.772  13.737 0.1000000015
78145  31.869  12.858  13.732 0.1000000015
77380  31.743  11.538  14.526 0.1000000015
77379  33.398  11.389  14.804 0.1000000015
108610  33.781  10.322  15.041 0.1000000015
75936  34.200  9.653  14.895 0.1000000015
73488  34.933  6.333  15.489 0.1000000015
73489  34.292  6.347  15.531 0.1000000015
72731  33.838  5.556  16.189 0.1000000015
72729  35.422  5.896  16.055 0.1000000015
71258  33.652  4.045  16.400 0.1000000015
73457  48.300  6.021  18.252 0.2000000030
72701  47.220  4.499  18.492 0.1000000015
75065  46.518  8.640  13.897 0.2000000030
74284  46.430  7.808  15.102 0.2000000030
73497  45.157  6.903  15.109 0.2000000030
71963  45.986  3.244  18.294 0.2000000030
70506  45.885  1.658  18.642 0.1000000015
68860  43.638  -0.632  18.557 0.1000000015
68868  44.089  -0.028  18.482 0.1000000015
68007  41.704  -1.011  18.398 0.1000000015
68009  40.286  -0.724  17.602 0.1000000015
68021  38.929  -0.963  16.256 0.1000000015
68876  39.904  -0.200  17.511 0.1000000015
68877  39.352  0.091  16.638 0.1000000015
68027  38.097  -0.829  15.677 0.1000000015
73483  44.741  6.199  15.509 0.2000000030
71975  44.713  3.837  17.126 0.2000000030
70516  43.768  2.376  17.189 0.2000000030
80481  40.579  14.900  -5.214 0.3000000119
76685  30.692  10.469  15.549 0.1000000015
76672  30.096  10.870  15.911 0.1000000015
74245  31.721  7.890  18.083 0.1000000015
79589  33.238  14.020  12.941 0.1000000015
78900  34.639  13.127  13.921 0.1000000015
78120  35.422  12.216  15.271 0.1000000015
78899  35.553  13.363  14.091 0.1000000015
75935  35.061  9.811  15.170 0.1000000015
108813  35.593  9.110  15.091 0.1000000015
117206  36.242  9.190  15.466 0.1000000015
75927  36.526  10.399  16.223 0.1000000015
75043  36.067  8.362  15.231 0.1000000015
75959  46.848  9.085  13.347 0.3000000119
69703  43.502  1.501  17.510 0.1000000015
103945  42.590  -0.511  18.798 0.1000000015
68861  42.077  -0.238  19.437 0.1000000015
67999  41.402  -0.440  19.319 0.1000000015
70499  40.317  1.378  19.880 0.1000000015
69698  39.468  1.704  18.496 0.1000000015
69714  38.122  1.234  15.570 0.1000000015
69687  41.740  0.466  20.415 0.1000000015
69696  42.127  0.684  19.375 0.1000000015
69688  41.248  0.454  20.351 0.1000000015
71991  41.680  4.062  14.941 0.2000000030
70528  41.213  2.441  16.185 0.2000000030
70519  41.411  1.713  17.493 0.2000000030
75080  43.072  8.137  12.234 0.3000000119
73512  42.597  6.354  13.669 0.3000000119
122932  52.322  14.220  2.795 0.6000000238
103930  50.192  14.836  -2.307 0.6999999881
103326  45.614  16.034  -3.219 0.6000000238
81847  42.595  17.127  -3.792 0.4000000060
81846  43.329  17.382  -4.095 0.4000000060
82488  45.674  17.832  -4.365 0.4000000060
82499  48.838  17.807  -5.308 0.6000000238
78898  36.446  13.574  14.380 0.1000000015
78889  36.838  13.050  15.081 0.1000000015
78877  37.993  12.849  16.036 0.1000000015
76671  36.706  11.029  16.621 0.1000000015
110749  37.452  7.963  16.376 0.1000000015
75030  37.215  8.782  16.110 0.1000000015
74263  36.800  7.270  16.140 0.1000000015
73475  36.719  6.457  16.645 0.1000000015
71966  35.823  4.041  17.803 0.1000000015
115872  35.665  3.605  16.872 0.1000000015
71269  36.331  3.336  16.145 0.1000000015
71232  37.024  3.880  18.330 0.1000000015
71219  38.036  3.853  19.187 0.1000000015
70509  38.427  2.725  18.025 0.1000000015
70493  39.535  2.415  19.772 0.1000000015
70498  42.062  0.761  20.555 0.1000000015
78179  45.489  12.377  9.265 0.5000000000
71240  40.417  2.997  17.479 0.2000000030
76731  45.231  10.540  10.496 0.4000000060
75988  43.956  9.782  10.724 0.3000000119
71267  40.592  2.993  15.675 0.2000000030
74312  41.802  7.196  12.418 0.3000000119
72758  40.628  5.757  12.885 0.2000000030
72016  40.431  4.743  13.734 0.2000000030
71992  39.353  4.128  15.390 0.2000000030
71241  39.808  3.697  16.987 0.2000000030
111235  51.750  15.190  3.126 0.6000000238
76670  37.940  10.466  17.139 0.1000000015
75926  37.244  10.334  16.627 0.1000000015
123084  37.748  9.992  16.780 0.1000000015
112625  38.309  11.096  17.599 0.1000000015
73450  38.475  6.397  18.291 0.1000000015
73451  37.879  5.915  18.078 0.1000000015
116364  36.981  4.592  18.296 0.1000000015
71231  37.591  3.724  18.687 0.1000000015
72679  38.961  4.646  19.944 0.1000000015
71939  38.455  4.138  19.680 0.1000000015
71218  38.929  3.335  19.949 0.1000000015
71216  42.145  1.554  20.509 0.1000000015
80350  48.269  15.337  6.235 0.6000000238
76732  44.414  10.416  10.305 0.4000000060
103485  46.493  14.702  7.541 0.6000000238
78959  45.187  14.073  7.839 0.6000000238
76733  42.685  9.964  10.083 0.3000000119
75991  41.474  9.361  10.226 0.3000000119
74313  40.895  6.972  12.053 0.3000000119
72008  38.800  4.918  14.582 0.2000000030
77434  43.121  11.884  8.752 0.4000000060
76004  41.967  9.910  9.853 0.4000000060
73501  38.201  6.005  14.604 0.2000000030
80374  49.072  15.526  4.232 0.6000000238
80364  47.444  15.411  5.462 0.6000000238
79653  44.400  14.896  6.733 0.6999999881
78960  44.244  13.909  7.679 0.6999999881
77435  41.553  11.625  8.625 0.4000000060
80366  45.723  15.349  5.716 0.6999999881
77436  40.652  11.676  8.540 0.4000000060
81169  50.680  16.315  -1.530 0.8000000119
81160  51.479  15.404  -1.256 0.8000000119
111912  49.705  17.127  -1.031 0.8000000119
81835  50.612  16.473  -2.282 0.8000000119
81189  52.015  14.637  -4.578 0.8000000119
103157  51.222  14.558  -4.754 0.8000000119
80499  50.136  15.042  -5.794 0.8000000119
80511  50.526  15.173  -6.617 0.8000000119
81880  51.041  16.992  -7.276 0.6999999881
77352  38.808  11.679  17.905 0.1000000015
75916  39.606  9.406  18.022 0.1000000015
75011  39.833  8.643  18.419 0.1000000015
73449  39.024  6.340  18.817 0.1000000015
73439  39.640  6.264  19.574 0.1000000015
71927  40.987  3.257  22.019 0.1000000015
71920  42.025  3.275  22.396 0.1000000015
72669  42.660  5.241  22.147 0.1000000015
71928  40.070  3.528  21.199 0.1000000015
70483  42.034  1.824  21.809 0.2000000030
71926  43.178  3.284  22.095 0.2000000030
111040  42.931  2.831  21.413 0.2000000030
113917  43.208  13.775  7.569 0.6999999881
78195  42.578  12.453  8.299 0.5000000000
75993  39.153  9.237  9.953 0.2000000030
81115  45.242  16.029  4.130 0.6999999881
118216  45.704  16.381  3.459 0.8000000119
81812  47.520  17.824  0.604 0.8000000119
74241  40.723  7.773  19.794 0.1000000015
74225  43.140  7.438  21.452 0.1000000015
72668  43.335  5.584  21.814 0.2000000030
72675  43.431  5.451  21.506 0.2000000030
73458  42.067  7.044  18.761 0.2000000030
72676  42.948  5.287  20.512 0.2000000030
110184  41.289  6.013  18.353 0.2000000030
74249  40.910  7.727  17.384 0.2000000030
72703  39.739  5.285  16.983 0.2000000030
74260  39.616  7.709  16.099 0.2000000030
74273  38.988  7.562  15.487 0.2000000030
119334  37.290  8.056  11.577 0.2000000030
75897  42.325  8.890  20.586 0.1000000015
74997  42.950  8.237  21.224 0.1000000015
75056  37.687  8.075  14.092 0.2000000030
75041  39.470  8.482  15.683 0.2000000030
75946  39.090  9.521  14.946 0.2000000030
77424  37.456  11.927  9.230 0.4000000060
106044  42.660  16.901  4.451 0.8000000119
78200  37.505  12.704  8.895 0.3000000119
78162  37.845  12.839  12.145 0.2000000030
81814  39.396  17.890  0.585 0.1000000015
81164  39.541  16.206  -0.344 0.1000000015
81163  40.233  16.764  -0.773 0.1000000015
81173  39.815  15.791  -1.361 0.1000000015
104308  39.248  14.809  -2.265 0.1000000015
103869  39.246  14.243  -3.610 0.1000000015
81823  39.767  17.199  0.058 0.1000000015
80470  39.722  14.606  -3.785 0.1000000015
81822  40.490  17.752  -0.463 0.2000000030
81829  40.822  17.259  -1.254 0.1000000015
81172  40.502  16.352  -1.739 0.1000000015
80457  39.944  15.311  -2.645 0.1000000015
81178  40.617  16.068  -2.785 0.1000000015
80469  40.222  15.250  -3.468 0.1000000015
81828  41.432  17.622  -1.627 0.2000000030
81821  41.126  17.960  -0.984 0.2000000030
81171  41.103  16.872  -2.101 0.2000000030
81838  41.700  17.284  -2.457 0.3000000119
81837  42.391  17.587  -2.781 0.3000000119
82466  43.561  18.480  -2.462 0.3000000119
83679  44.856  20.190  -1.712 0.3000000119
83055  44.041  19.975  -1.511 0.3000000119
84881  46.111  22.176  -2.894 0.3000000119
84291  45.653  21.599  -2.220 0.3000000119
84292  44.835  21.890  -1.763 0.3000000119
84890  45.542  22.669  -3.519 0.3000000119
84882  45.374  22.356  -2.428 0.3000000119
83063  45.287  19.442  -2.238 0.3000000119
84889  46.442  22.351  -4.005 0.3000000119
101638  45.923  20.776  -2.218 0.3000000119
84900  45.784  22.290  -5.170 0.3000000119
84891  44.924  22.597  -4.632 0.3000000119
106129  44.450  18.734  -2.524 0.3000000119
82477  43.850  18.070  -3.316 0.3000000119
83687  46.621  20.532  -2.566 0.3000000119
111048  46.065  19.904  -2.320 0.3000000119
84299  46.844  21.883  -3.330 0.3000000119
84290  46.413  21.420  -2.628 0.3000000119
82476  44.623  18.159  -3.487 0.3000000119
83071  47.353  19.479  -3.111 0.3000000119
82465  46.061  19.065  -2.676 0.3000000119
82475  45.304  18.639  -2.902 0.3000000119
83696  48.443  20.365  -3.672 0.3000000119
111264  47.793  20.079  -3.240 0.3000000119
83061  47.270  20.295  -2.917 0.3000000119
84297  48.356  21.301  -3.894 0.3000000119
83697  47.785  20.842  -3.328 0.3000000119
110312  40.328  18.915  6.776 0.6000000238
82398  40.219  18.983  7.451 0.6000000238
82979  40.798  19.410  7.885 0.6000000238
81753  40.087  18.105  9.592 0.5000000000
117918  50.531  28.801  4.433 0.6999999881
89371  48.971  31.198  4.019 0.6000000238
88957  44.247  29.220  -8.031 0.4000000060
89372  48.767  30.686  3.451 0.6000000238
88316  49.498  28.646  3.041 0.6999999881
81185  40.641  15.577  -3.900 0.1000000015
81848  41.879  16.816  -3.470 0.3000000119
113123  45.972  18.428  -3.412 0.3000000119
82474  46.739  18.808  -3.148 0.3000000119
82473  47.428  18.706  -3.582 0.3000000119
81836  43.107  17.852  -3.099 0.3000000119
81177  41.186  16.513  -3.140 0.2000000030
117588  44.536  19.476  -1.913 0.3000000119
83688  45.517  20.239  -1.986 0.3000000119
82375  42.711  18.532  11.201 0.3000000119
109518  45.434  16.664  13.494 0.2000000030
81721  45.095  17.391  13.169 0.2000000030
82935  45.711  19.123  13.585 0.2000000030
111970  46.427  18.839  14.072 0.2000000030
82364  43.710  18.557  12.027 0.2000000030
82936  44.821  18.981  12.952 0.2000000030
114628  45.765  20.042  13.564 0.2000000030
82972  40.972  19.275  8.771 0.5000000000
82383  41.639  18.656  10.277 0.5000000000
82955  42.923  19.347  10.897 0.4000000060
82945  43.683  19.263  11.796 0.2000000030
82944  44.152  19.185  12.281 0.2000000030
109691  44.565  20.093  12.442 0.2000000030
114141  45.204  19.968  13.133 0.2000000030
82971  41.756  19.491  9.181 0.5000000000
82966  41.982  19.287  9.933 0.5000000000
82965  42.654  19.601  10.233 0.5000000000
83518  45.132  20.888  12.576 0.2000000030
83526  44.382  20.701  11.716 0.2000000030
122449  44.703  20.814  12.163 0.2000000030
83510  45.589  20.618  13.180 0.2000000030
81713  46.833  17.291  14.131 0.2000000030
110412  48.078  17.263  14.632 0.2000000030
81060  44.630  16.732  13.088 0.2000000030
81720  45.890  17.336  13.617 0.2000000030
82353  46.184  18.130  13.833 0.2000000030
82345  47.034  18.151  14.302 0.2000000030
82927  47.076  19.067  14.441 0.2000000030
82928  46.383  19.792  14.071 0.2000000030
82388  40.493  18.747  9.190 0.5000000000
82986  41.387  19.719  7.564 0.5000000000
82985  42.146  19.999  7.860 0.5000000000
83527  43.859  20.489  11.109 0.2000000030
83509  46.129  20.716  13.585 0.2000000030
82964  43.294  20.091  10.508 0.2000000030
84732  45.551  21.856  11.629 0.2000000030
84154  45.419  21.618  12.190 0.2000000030
84146  45.827  21.444  12.840 0.2000000030
84731  46.220  22.195  11.619 0.2000000030
81018  47.927  15.909  16.546 0.1000000015
80268  49.062  15.509  16.016 0.2000000030
114225  47.435  15.669  14.639 0.2000000030
80279  48.562  15.806  15.219 0.2000000030
81702  50.078  16.529  15.914 0.2000000030
81042  48.729  16.325  14.996 0.2000000030
81712  49.350  16.662  15.333 0.2000000030
82344  47.946  18.380  14.690 0.2000000030
82343  49.093  17.677  15.115 0.2000000030
82918  48.852  18.900  15.205 0.2000000030
109674  47.250  19.993  14.619 0.2000000030
118557  47.792  19.266  14.799 0.2000000030
84134  47.199  21.490  14.183 0.2000000030
84716  46.964  22.553  12.943 0.2000000030
84723  46.638  22.513  12.195 0.2000000030
102344  48.218  16.542  16.421 0.1000000015
81017  48.870  15.377  16.670 0.1000000015
81019  46.891  15.833  16.470 0.1000000015
81016  49.317  16.107  16.323 0.2000000030
81030  49.431  16.130  16.108 0.2000000030
81015  50.295  16.730  16.086 0.2000000030
82330  51.022  17.642  15.979 0.2000000030
82331  50.129  18.084  15.532 0.2000000030
82917  50.152  19.103  15.687 0.2000000030
82919  48.184  19.998  15.146 0.2000000030
81683  48.751  17.337  16.563 0.1000000015
81684  47.302  17.631  16.429 0.1000000015
81031  46.710  16.821  16.157 0.1000000015
80256  45.680  15.062  17.025 0.1000000015
120869  42.065  13.920  17.035 0.1000000015
79555  44.472  14.846  16.887 0.1000000015
81682  50.142  17.128  16.430 0.2000000030
82897  49.428  18.275  16.981 0.1000000015
81680  51.029  17.772  16.358 0.2000000030
82916  51.160  18.317  16.318 0.2000000030
84144  47.362  22.228  13.798 0.2000000030
83501  47.771  21.007  14.841 0.2000000030
84730  48.732  23.339  11.796 0.2000000030
81032  45.586  16.467  15.981 0.1000000015
81033  44.595  16.985  15.715 0.1000000015
80258  43.412  15.153  16.171 0.1000000015
79565  42.516  15.016  15.899 0.1000000015
81685  46.084  17.939  16.289 0.1000000015
80257  44.499  15.464  16.321 0.1000000015
80271  43.675  15.903  15.732 0.1000000015
120292  42.885  14.788  16.280 0.1000000015
82311  46.668  18.635  16.620 0.1000000015
105502  43.349  14.537  16.853 0.1000000015
82295  50.531  18.716  17.197 0.2000000030
85344  36.055  23.864  11.875 0.1000000015
85345  35.583  23.749  12.391 0.1000000015
85937  38.364  24.201  11.828 0.1000000015
85353  37.710  23.747  11.432 0.1000000015
84722  47.662  23.134  12.536 0.2000000030
82467  42.846  18.276  -2.268 0.2000000030
82346  41.685  18.485  14.760 0.1000000015
103334  42.976  17.016  15.365 0.1000000015
81707  42.240  17.063  15.155 0.1000000015
81704  44.428  18.044  15.842 0.1000000015
81035  42.774  16.414  15.378 0.1000000015
81036  42.119  16.146  15.229 0.1000000015
81686  45.228  18.260  16.157 0.1000000015
82310  47.880  18.421  16.733 0.1000000015
106805  46.288  19.481  16.740 0.1000000015
82898  48.303  19.162  17.231 0.1000000015
110535  47.268  19.351  17.032 0.1000000015
85342  40.611  23.692  12.152 0.1000000015
85933  35.839  24.497  12.473 0.1000000015
82882  49.245  19.543  17.555 0.1000000015
85936  39.027  23.914  11.777 0.1000000015
114284  49.451  24.451  12.907 0.2000000030
84714  48.783  23.704  14.060 0.2000000030
84702  48.289  22.714  14.329 0.2000000030
83489  49.015  20.818  15.488 0.2000000030
85339  48.725  23.777  12.567 0.2000000030
84715  47.797  23.071  13.427 0.2000000030
82332  44.092  18.954  15.745 0.1000000015
82333  43.490  18.350  15.529 0.1000000015
82334  42.638  18.777  15.147 0.1000000015
81705  43.660  17.328  15.543 0.1000000015
82312  45.683  18.851  16.434 0.1000000015
82920  43.906  19.592  15.481 0.1000000015
82313  44.853  18.931  16.136 0.1000000015
82899  45.404  19.702  16.366 0.1000000015
117218  46.134  20.116  16.726 0.1000000015
84724  43.193  22.656  12.775 0.1000000015
85927  41.903  23.808  12.679 0.1000000015
120097  41.275  23.540  12.283 0.1000000015
82884  46.876  20.043  17.188 0.1000000015
83470  45.661  20.560  16.314 0.1000000015
84120  44.861  21.314  15.133 0.1000000015
84718  43.777  22.656  13.207 0.1000000015
113040  39.687  24.505  12.500 0.1000000015
85315  50.129  24.096  14.740 0.2000000030
84701  49.720  23.156  14.934 0.2000000030
83456  48.540  20.638  17.688 0.1000000015
84135  45.363  21.878  15.142 0.1000000015
84717  44.505  22.786  13.680 0.1000000015
87139  49.675  26.605  12.650 0.2000000030
85912  50.470  25.744  12.932 0.2000000030
86551  50.368  26.202  12.706 0.2000000030
84132  48.936  21.996  15.193 0.2000000030
112997  50.361  25.609  12.109 0.2000000030
85913  50.191  25.189  13.365 0.2000000030
112120  50.894  19.167  16.238 0.2000000030
85338  50.365  25.153  12.238 0.2000000030
85348  49.840  24.304  11.968 0.2000000030
82931  41.296  18.947  14.383 0.1000000015
117339  41.993  19.213  14.587 0.1000000015
82930  42.634  19.509  14.764 0.1000000015
111162  43.445  19.074  15.426 0.1000000015
86529  39.063  25.982  13.997 0.1000000015
86541  38.675  25.471  13.265 0.1000000015
103764  39.561  25.392  13.457 0.1000000015
86555  36.255  25.142  12.613 0.1000000015
86556  35.626  25.115  12.900 0.1000000015
85931  38.256  24.878  12.502 0.1000000015
87094  46.234  27.502  14.481 0.2000000030
87093  47.455  27.705  14.572 0.2000000030
87117  49.204  27.183  13.566 0.2000000030
87116  49.798  26.907  13.833 0.2000000030
84136  44.820  22.095  14.451 0.1000000015
87118  47.956  27.272  13.610 0.2000000030
87141  47.091  26.622  12.769 0.2000000030
86538  50.357  26.276  13.404 0.2000000030
84099  47.118  21.426  16.994 0.1000000015
87140  48.416  26.752  12.706 0.2000000030
87150  48.953  26.365  11.884 0.2000000030
84700  50.134  23.443  15.393 0.2000000030
86552  50.088  26.070  11.950 0.2000000030
84117  50.183  21.507  15.865 0.2000000030
115365  51.074  18.944  17.071 0.2000000030
86570  47.364  25.600  10.729 0.2000000030
86559  49.406  25.868  11.320 0.2000000030
123205  49.654  25.419  10.914 0.2000000030
86086  42.403  24.202  -3.290 0.1000000015
86087  41.463  24.344  -3.468 0.1000000015
85488  43.293  23.839  -3.255 0.2000000030
86528  39.945  25.831  14.199 0.1000000015
85916  40.780  24.695  13.078 0.1000000015
86553  39.215  24.914  12.818 0.1000000015
119069  41.541  24.503  13.129 0.1000000015
85930  39.067  24.414  12.219 0.1000000015
85331  42.717  23.829  13.027 0.1000000015
85928  41.088  24.128  12.618 0.1000000015
87119  46.651  26.994  13.632 0.2000000030
87092  48.401  27.680  14.556 0.2000000030
106243  49.026  27.480  14.448 0.2000000030
87143  44.860  26.495  12.689 0.2000000030
87142  45.918  26.520  12.757 0.2000000030
114806  50.131  24.558  14.734 0.2000000030
87152  46.397  26.323  11.900 0.2000000030
86562  45.823  26.039  11.152 0.2000000030
86561  46.889  26.076  11.180 0.2000000030
85944  45.730  25.042  10.163 0.2000000030
86569  48.583  25.534  10.814 0.2000000030
86100  41.932  23.882  -4.374 0.1000000015
86088  40.519  24.421  -3.710 0.1000000015
86101  41.082  24.102  -4.559 0.1000000015
86514  43.353  25.913  15.457 0.1000000015
86516  41.524  25.912  14.937 0.1000000015
86527  40.901  25.691  14.394 0.1000000015
115861  43.940  25.030  14.598 0.1000000015
85905  43.261  24.616  13.911 0.1000000015
122043  41.894  24.805  13.626 0.1000000015
111809  42.827  24.335  13.464 0.1000000015
85904  44.036  24.254  13.816 0.1000000015
85915  42.244  24.365  13.267 0.1000000015
85914  43.365  23.999  13.401 0.1000000015
84693  46.013  22.198  15.501 0.1000000015
84704  45.576  22.550  14.769 0.1000000015
87655  47.785  28.165  15.531 0.2000000030
84100  46.275  21.149  16.492 0.1000000015
87120  45.485  26.885  13.551 0.2000000030
83457  47.422  20.675  17.406 0.1000000015
87153  45.343  26.246  11.901 0.2000000030
105020  44.251  25.574  10.575 0.2000000030
86509  49.995  25.191  14.877 0.2000000030
85314  50.280  23.896  15.101 0.2000000030
84690  50.120  22.538  15.678 0.2000000030
86572  45.267  25.591  10.609 0.2000000030
86102  40.082  24.722  -4.775 0.2000000030
123227  39.685  24.887  -4.137 0.1000000015
101226  43.740  30.129  18.642 0.2000000030
87618  44.749  29.923  18.613 0.2000000030
87068  42.892  27.548  16.898 0.1000000015
101088  43.845  28.344  17.617 0.2000000030
87080  43.484  26.864  16.492 0.1000000015
87081  42.572  26.608  16.085 0.1000000015
106634  45.354  25.803  15.721 0.1000000015
116856  44.079  26.363  16.086 0.1000000015
86513  44.400  25.731  15.477 0.1000000015
86512  45.940  25.217  15.360 0.1000000015
85903  45.623  24.475  14.742 0.1000000015
107619  44.757  24.394  14.323 0.1000000015
84682  47.402  22.340  16.672 0.1000000015
85306  47.152  23.737  15.551 0.1000000015
85316  46.152  23.840  14.761 0.1000000015
85317  45.348  23.786  14.324 0.1000000015
85318  44.673  23.634  13.871 0.1000000015
87640  47.661  28.506  16.317 0.2000000030
87077  48.426  27.003  16.125 0.2000000030
84692  46.872  22.696  15.861 0.1000000015
84703  46.271  23.034  15.080 0.1000000015
119034  45.711  23.229  14.558 0.1000000015
85894  49.220  24.906  15.881 0.2000000030
85887  49.655  23.887  16.071 0.2000000030
84680  49.308  22.758  17.078 0.2000000030
84667  48.709  22.310  17.438 0.2000000030
84098  47.972  22.014  17.331 0.1000000015
84081  47.872  21.300  17.523 0.1000000015
87095  45.094  27.440  14.340 0.2000000030
87657  45.851  28.139  15.355 0.2000000030
87656  47.013  28.253  15.517 0.2000000030
87654  48.276  27.918  15.347 0.2000000030
86510  49.120  26.194  15.357 0.2000000030
84679  50.049  22.265  16.616 0.2000000030
117047  50.671  20.779  16.868 0.2000000030
84666  49.511  21.909  17.385 0.2000000030
83455  49.532  20.286  17.624 0.2000000030
104693  48.672  27.308  15.280 0.2000000030
85893  50.150  24.234  15.261 0.2000000030
85296  49.906  23.102  16.294 0.2000000030
84678  50.401  21.467  16.337 0.2000000030
82881  50.368  19.629  17.389 0.2000000030
114820  44.400  26.154  11.894 0.2000000030
84689  50.140  22.513  15.729 0.2000000030
84116  50.459  21.020  16.294 0.2000000030
83487  50.792  20.103  16.491 0.2000000030
85946  43.918  25.102  9.915 0.3000000119
85945  44.797  25.104  10.040 0.3000000119
85367  44.006  23.827  8.969 0.3000000119
86712  39.626  25.302  -4.430 0.2000000030
86703  39.370  25.233  -3.589 0.1000000015
85501  40.561  24.259  -5.419 0.1000000015
107077  40.461  24.368  -4.650 0.2000000030
88186  44.531  30.957  18.211 0.1000000015
88200  45.038  29.903  17.284 0.1000000015
88743  44.931  30.667  18.373 0.1000000015
106431  43.451  31.392  18.369 0.1000000015
101174  43.696  31.162  18.754 0.2000000030
88199  46.228  29.876  17.516 0.1000000015
115530  44.389  31.048  18.634 0.2000000030
87066  45.595  27.490  17.289 0.2000000030
87615  47.113  29.269  17.542 0.2000000030
87616  46.625  29.569  18.014 0.1000000015
87617  45.753  29.867  18.406 0.2000000030
87065  46.673  27.630  17.423 0.2000000030
104767  46.230  25.926  16.023 0.1000000015
87064  47.449  27.623  17.221 0.2000000030
86511  47.079  26.602  16.746 0.2000000030
108287  46.993  25.534  15.920 0.1000000015
85896  46.635  24.597  15.281 0.1000000015
88198  47.028  29.440  17.109 0.2000000030
88183  47.318  29.206  17.093 0.2000000030
87063  47.950  27.374  16.773 0.2000000030
86501  47.759  26.788  16.786 0.2000000030
103687  47.762  24.810  15.975 0.2000000030
87643  45.501  29.000  16.293 0.2000000030
87641  47.328  28.809  16.449 0.2000000030
86500  48.322  26.135  16.375 0.2000000030
85895  48.415  24.956  16.256 0.2000000030
85305  48.185  24.049  16.335 0.2000000030
85888  48.874  24.155  16.497 0.2000000030
85298  48.459  23.555  16.677 0.2000000030
87121  44.435  26.930  13.451 0.2000000030
86573  43.482  25.440  10.292 0.3000000119
87144  43.786  26.498  12.604 0.2000000030
85955  43.509  24.533  9.381 0.3000000119
86564  43.372  25.777  10.930 0.3000000119
107331  42.757  25.546  10.354 0.3000000119
119735  42.992  23.033  8.208 0.3000000119
85965  43.037  23.790  8.742 0.2000000030
85956  42.629  24.624  9.286 0.3000000119
85957  41.747  24.743  9.275 0.2000000030
86582  42.245  25.251  9.795 0.2000000030
85376  42.328  23.253  8.279 0.2000000030
85377  41.540  23.413  8.279 0.2000000030
85967  41.237  24.182  8.719 0.2000000030
85384  41.062  22.914  7.763 0.2000000030
84801  41.317  22.766  5.680 0.2000000030
84785  41.011  22.584  6.520 0.2000000030
84786  40.322  22.671  6.655 0.2000000030
85398  40.752  23.232  5.093 0.2000000030
109555  39.193  23.265  5.934 0.2000000030
85413  39.989  23.722  4.872 0.2000000030
86726  40.138  24.879  -6.534 0.1000000015
86719  39.925  25.255  -5.404 0.1000000015
87263  39.279  26.121  -3.997 0.1000000015
101312  43.364  29.595  16.448 0.1000000015
100970  42.320  29.780  16.417 0.1000000015
87644  44.381  29.080  16.155 0.1000000015
101283  42.625  28.492  15.287 0.1000000015
87659  43.578  28.144  15.079 0.1000000015
87658  44.713  28.110  15.186 0.2000000030
87096  44.073  27.471  14.221 0.2000000030
113277  42.961  26.301  12.142 0.3000000119
117601  42.935  26.024  11.490 0.3000000119
86574  41.808  25.712  10.458 0.3000000119
84800  42.240  22.775  5.344 0.2000000030
85379  39.872  23.557  8.208 0.2000000030
85411  41.407  23.522  4.584 0.2000000030
85378  40.725  23.517  8.255 0.2000000030
84775  39.230  22.883  7.007 0.2000000030
85412  40.832  23.914  4.511 0.2000000030
85391  38.811  23.162  6.534 0.2000000030
85999  41.776  24.112  4.019 0.2000000030
85985  39.197  23.664  5.333 0.2000000030
85400  38.512  23.498  5.896 0.2000000030
85987  37.465  24.269  5.530 0.2000000030
86014  40.874  25.448  3.862 0.2000000030
111669  40.148  24.429  4.459 0.2000000030
86614  38.608  25.403  4.350 0.2000000030
86003  37.856  24.864  4.820 0.2000000030
86631  39.252  25.889  3.902 0.2000000030
86632  38.421  26.092  3.991 0.2000000030
123260  37.746  26.255  4.095 0.2000000030
87183  37.077  26.057  4.387 0.2000000030
87206  38.937  26.591  3.526 0.2000000030
87207  38.092  26.695  3.692 0.2000000030
87208  37.270  26.703  3.949 0.2000000030
86727  39.928  25.233  -7.235 0.2000000030
87285  39.630  26.132  -7.356 0.2000000030
87278  39.635  26.055  -6.186 0.2000000030
87822  39.181  27.161  -5.415 0.2000000030
104132  41.710  28.730  15.382 0.1000000015
87661  42.082  27.793  14.470 0.1000000015
87662  41.181  27.971  14.503 0.1000000015
87682  41.632  27.313  13.658 0.1000000015
87683  40.719  27.426  13.665 0.1000000015
87660  42.822  27.733  14.492 0.2000000030
87681  42.605  27.241  13.695 0.2000000030
87680  43.302  27.468  14.149 0.2000000030
87122  43.499  27.032  13.471 0.2000000030
86583  41.342  25.337  9.817 0.2000000030
103854  42.986  23.519  4.078 0.3000000119
85410  42.154  23.364  4.489 0.3000000119
85968  40.381  24.235  8.711 0.2000000030
85409  43.909  23.443  3.897 0.3000000119
85386  39.447  23.111  7.573 0.2000000030
86010  44.052  24.492  3.034 0.3000000119
86011  43.206  24.669  3.346 0.3000000119
85418  42.691  24.125  3.702 0.3000000119
85392  37.866  23.451  6.602 0.2000000030
86021  44.675  25.091  2.621 0.3000000119
86626  43.746  25.242  3.055 0.3000000119
86012  42.367  24.834  3.588 0.3000000119
85401  37.825  23.749  5.884 0.2000000030
103900  43.533  26.103  3.266 0.3000000119
86628  42.124  25.693  3.553 0.3000000119
86629  41.432  25.794  3.649 0.2000000030
86615  37.070  25.357  4.803 0.2000000030
87202  42.727  26.458  3.398 0.4000000060
87204  40.820  26.272  3.522 0.2000000030
87205  39.842  26.452  3.495 0.2000000030
87749  41.266  27.014  3.116 0.3000000119
87750  40.390  27.013  3.100 0.3000000119
87753  37.635  27.327  3.483 0.2000000030
88290  37.097  27.910  3.323 0.2000000030
88313  38.902  28.354  2.497 0.3000000119
87772  38.022  28.064  2.872 0.2000000030
88314  37.225  28.471  2.956 0.2000000030
106488  39.098  27.187  -6.672 0.2000000030
87829  38.625  27.915  -6.086 0.2000000030
87830  38.571  27.933  -5.163 0.2000000030
102383  38.752  27.894  -6.919 0.2000000030
89439  39.191  30.723  -4.865 0.2000000030
111465  40.383  31.821  -4.536 0.2000000030
90364  40.660  32.448  -4.449 0.2000000030
90362  42.235  32.299  -4.625 0.2000000030
90822  41.892  33.112  -4.562 0.2000000030
120278  43.247  33.658  -5.277 0.2000000030
90834  42.345  33.916  -4.826 0.2000000030
91346  46.260  34.596  -7.429 0.3000000119
91332  45.423  34.421  -6.850 0.3000000119
91359  47.221  35.341  -8.174 0.3000000119
87124  41.163  26.867  12.845 0.2000000030
87123  42.057  26.838  12.960 0.2000000030
87145  42.371  26.499  12.402 0.3000000119
87157  40.666  26.407  11.530 0.2000000030
86565  41.821  26.027  11.099 0.3000000119
87146  41.731  26.515  12.279 0.3000000119
87155  42.253  26.197  11.706 0.3000000119
87159  40.429  26.127  10.824 0.2000000030
86575  40.884  25.754  10.355 0.2000000030
85958  40.874  24.841  9.279 0.2000000030
86584  40.486  25.387  9.811 0.2000000030
85969  39.502  24.242  8.677 0.2000000030
85380  38.971  23.581  8.103 0.2000000030
85959  40.019  24.866  9.281 0.2000000030
85388  37.660  23.514  7.279 0.2000000030
86636  46.429  25.130  1.917 0.4000000060
86637  45.598  25.475  2.353 0.4000000060
85389  36.989  23.712  7.010 0.2000000030
122110  46.295  25.843  2.257 0.4000000060
87215  45.841  26.335  2.665 0.4000000060
86638  44.196  25.813  2.954 0.4000000060
85988  36.655  24.447  5.864 0.2000000030
86606  36.409  25.118  5.415 0.2000000030
86616  36.305  25.791  4.884 0.2000000030
87200  45.446  26.939  3.261 0.4000000060
87201  44.350  26.695  3.222 0.4000000060
87747  43.111  27.353  3.107 0.4000000060
87184  36.306  26.630  4.356 0.2000000030
106924  44.092  27.389  3.245 0.4000000060
87768  41.603  27.691  2.680 0.3000000119
112478  40.100  27.570  2.730 0.3000000119
88291  36.490  28.476  3.284 0.2000000030
88855  36.225  29.159  3.128 0.2000000030
87766  43.065  28.024  2.648 0.4000000060
88309  42.648  28.461  2.266 0.3000000119
88311  41.089  28.261  2.274 0.3000000119
87770  39.548  27.932  2.594 0.3000000119
102111  37.651  28.899  2.587 0.3000000119
88315  36.885  29.070  2.812 0.2000000030
88870  42.950  29.049  1.915 0.4000000060
88319  42.233  28.955  1.852 0.3000000119
88321  40.497  28.909  1.925 0.3000000119
88885  39.303  29.761  1.777 0.3000000119
89396  38.061  30.156  2.032 0.3000000119
88873  37.340  29.771  2.433 0.3000000119
120990  36.789  30.397  2.486 0.3000000119
111096  38.758  30.352  1.715 0.3000000119
89397  38.087  31.001  1.705 0.3000000119
87837  39.326  27.227  -7.557 0.2000000030
122053  39.054  28.016  -7.420 0.2000000030
88377  38.653  28.518  -6.267 0.2000000030
88932  38.641  29.238  -5.618 0.2000000030
88921  37.992  29.264  -5.047 0.2000000030
88397  39.770  28.072  -7.864 0.2000000030
111832  39.269  28.512  -6.928 0.2000000030
88931  39.280  29.169  -6.079 0.2000000030
89453  39.394  29.898  -5.364 0.2000000030
88387  40.428  28.809  -7.064 0.2000000030
88930  40.880  29.793  -5.583 0.2000000030
115125  40.838  30.408  -4.967 0.2000000030
89438  40.039  30.589  -4.965 0.2000000030
89437  41.380  30.986  -4.696 0.2000000030
89934  41.827  31.632  -4.604 0.2000000030
89945  43.997  32.211  -5.689 0.2000000030
89947  43.257  31.675  -5.245 0.2000000030
109063  42.834  32.215  -4.850 0.2000000030
90382  46.738  32.527  -7.515 0.4000000060
108508  45.602  31.881  -6.926 0.3000000119
106671  45.166  32.978  -6.556 0.2000000030
90376  44.601  32.683  -6.196 0.2000000030
90370  43.358  32.637  -5.233 0.2000000030
90850  46.002  33.783  -7.203 0.2000000030
90840  45.440  33.517  -6.770 0.2000000030
90841  44.733  33.639  -6.349 0.2000000030
86576  40.093  25.801  10.313 0.2000000030
86566  41.166  26.064  10.936 0.2000000030
86585  39.662  25.423  9.791 0.2000000030
85960  39.143  24.874  9.243 0.2000000030
85971  37.617  24.307  8.429 0.2000000030
85970  38.578  24.254  8.588 0.2000000030
85975  37.159  23.867  7.697 0.2000000030
105027  47.101  25.882  2.118 0.4000000060
87214  46.789  26.526  2.685 0.4000000060
87199  46.480  27.144  3.388 0.5000000000
86617  35.590  26.221  4.989 0.2000000030
87729  35.835  27.482  4.011 0.2000000030
88287  45.739  28.197  3.606 0.5000000000
88292  35.612  28.783  3.531 0.2000000030
117426  50.615  29.080  5.053 0.5000000000
88306  45.266  28.654  3.141 0.5000000000
88308  43.402  28.579  2.362 0.5000000000
89378  36.049  30.599  2.765 0.2000000030
88868  45.267  29.436  2.778 0.5000000000
112195  43.674  29.266  2.033 0.5000000000
88883  41.085  29.614  1.606 0.3000000119
88884  40.196  29.837  1.616 0.3000000119
89376  37.374  30.665  2.158 0.3000000119
88881  43.776  30.008  1.744 0.4000000060
118369  43.195  29.632  1.729 0.4000000060
89393  41.593  30.261  1.385 0.4000000060
89395  39.541  30.483  1.512 0.3000000119
89871  38.943  31.055  1.440 0.3000000119
89869  41.155  30.959  1.086 0.4000000060
117567  40.409  31.274  1.012 0.3000000119
114845  39.966  31.838  0.719 0.3000000119
88941  40.161  29.242  -6.293 0.2000000030
88386  41.453  28.953  -7.063 0.2000000030
89451  41.583  30.346  -5.134 0.2000000030
89449  43.215  30.769  -5.692 0.2000000030
89436  42.111  30.965  -4.829 0.2000000030
89951  45.054  31.481  -6.717 0.3000000119
114219  44.537  31.836  -6.232 0.2000000030
90381  47.678  32.341  -7.963 0.4000000060
89960  45.729  31.147  -7.252 0.3000000119
85972  36.690  24.457  8.205 0.2000000030
87198  47.633  27.198  3.637 0.5000000000
117834  35.569  24.774  6.745 0.2000000030
86597  35.027  25.214  7.052 0.2000000030
114881  47.302  27.644  4.127 0.5000000000
86607  35.520  25.558  5.660 0.2000000030
87178  34.732  26.425  5.571 0.2000000030
87742  50.086  28.104  4.924 0.5000000000
87185  35.275  26.906  4.679 0.2000000030
87744  47.638  28.068  4.566 0.5000000000
87745  46.334  27.715  3.825 0.5000000000
88278  34.410  28.663  4.287 0.2000000030
89363  35.625  29.739  3.257 0.2000000030
88286  46.874  28.468  4.212 0.5000000000
111369  34.736  30.114  3.674 0.2000000030
118101  35.321  30.543  3.236 0.2000000030
88304  50.352  29.385  4.858 0.6000000238
88852  49.516  29.993  4.763 0.5000000000
88854  46.243  29.174  3.578 0.5000000000
88867  46.148  30.168  3.144 0.5000000000
89375  45.263  30.341  2.491 0.5000000000
89390  44.512  30.538  1.918 0.5000000000
89391  43.833  30.680  1.500 0.4000000060
89392  43.039  30.321  1.453 0.4000000060
89386  49.010  31.659  3.124 0.5000000000
89849  46.008  31.535  2.457 0.5000000000
121308  44.498  31.275  1.501 0.4000000060
89868  42.254  30.896  1.107 0.4000000060
89885  41.726  31.616  0.677 0.4000000060
89886  40.864  31.678  0.673 0.4000000060
89866  45.478  31.717  1.838 0.5000000000
89884  42.625  31.710  0.665 0.4000000060
121094  40.582  32.241  0.398 0.4000000060
104168  39.158  32.348  0.639 0.3000000119
90334  40.759  32.848  -0.038 0.4000000060
90335  40.006  33.166  -0.106 0.4000000060
90759  39.201  33.134  0.167 0.3000000119
88939  42.056  29.387  -6.527 0.2000000030
88940  41.166  29.323  -6.324 0.2000000030
88949  42.592  29.172  -7.133 0.2000000030
88929  41.801  29.819  -5.782 0.2000000030
116303  43.928  29.782  -7.143 0.2000000030
88928  42.670  29.942  -6.104 0.2000000030
89450  42.359  30.459  -5.370 0.2000000030
89461  44.172  30.420  -6.708 0.2000000030
88938  43.487  30.292  -6.350 0.2000000030
89468  45.494  30.355  -7.566 0.3000000119
87743  48.645  27.863  4.717 0.5000000000
87728  48.736  28.426  5.110 0.5000000000
87727  49.787  28.573  5.274 0.5000000000
88276  48.126  28.810  4.884 0.5000000000
88285  50.237  29.345  5.128 0.5000000000
117346  48.241  30.149  4.504 0.5000000000
108031  47.209  30.143  3.892 0.5000000000
89364  34.674  30.961  3.556 0.2000000030
116700  34.598  31.653  3.384 0.1000000015
89373  47.083  30.939  3.489 0.5000000000
89362  48.333  30.944  4.153 0.5000000000
89840  47.922  31.542  3.722 0.5000000000
89848  47.021  31.697  3.048 0.5000000000
89865  46.453  32.109  2.291 0.5000000000
89864  49.741  32.597  2.502 0.5000000000
90306  45.906  32.359  1.491 0.4000000060
90307  44.886  31.978  1.148 0.4000000060
90323  42.855  32.328  0.311 0.4000000060
90324  42.131  32.271  0.297 0.4000000060
90305  47.081  32.787  2.002 0.3000000119
90332  42.576  32.922  -0.153 0.4000000060
90333  41.677  32.820  -0.094 0.4000000060
90779  39.683  33.782  -0.334 0.3000000119
90775  43.315  33.445  -0.450 0.4000000060
122699  41.987  33.350  -0.411 0.4000000060
90777  41.302  33.445  -0.411 0.4000000060
91270  40.226  34.443  -0.690 0.4000000060
88853  49.138  30.328  4.765 0.5000000000
89361  48.987  31.009  4.170 0.5000000000
89838  48.879  31.760  3.678 0.5000000000
89839  48.742  31.678  3.822 0.5000000000
89847  48.278  32.138  3.471 0.5000000000
90293  48.677  32.686  3.132 0.5000000000
90294  47.599  32.457  2.807 0.5000000000
90740  47.926  33.375  1.784 0.3000000119
91268  43.191  34.153  -0.869 0.4000000060
90776  42.557  33.693  -0.605 0.4000000060
107497  41.061  34.164  -0.708 0.4000000060
116971  49.533  32.757  2.908 0.5000000000
90303  50.131  33.173  2.333 0.5000000000
90739  48.993  33.554  2.313 0.5000000000
90302  50.665  33.302  1.505 0.4000000060
90755  48.809  33.637  1.500 0.3000000119
90754  50.114  33.665  1.234 0.4000000060
105132  48.920  33.587  0.606 0.4000000060
85954  44.386  24.496  9.526 0.3000000119
84772  41.423  22.557  7.184 0.2000000030
84883  44.784  22.565  -2.171 0.2000000030
85489  42.814  23.658  -4.190 0.1000000015
88396  40.922  28.395  -7.902 0.2000000030
88947  44.674  30.017  -7.367 0.3000000119
88946  45.184  29.579  -8.097 0.3000000119
119919  46.579  31.204  -7.685 0.3000000119
113721  46.479  33.293  -7.416 0.2000000030
80270  45.641  15.694  16.424 0.1000000015
81034  43.365  16.544  15.504 0.1000000015
85938  37.481  24.426  11.918 0.1000000015
85918  35.342  24.568  13.111 0.1000000015
81044  41.499  16.601  14.963 0.1000000015
86554  37.172  25.075  12.483 0.1000000015
83471  44.959  20.166  16.009 0.1000000015
86539  41.243  25.044  13.679 0.1000000015
87151  47.599  26.402  11.893 0.2000000030
86571  46.258  25.618  10.660 0.2000000030
86563  44.853  25.945  11.185 0.2000000030
86089  39.841  24.639  -3.827 0.1000000015
109445  42.876  25.265  14.500 0.1000000015
104596  41.901  25.352  14.267 0.1000000015
87627  45.201  28.597  18.024 0.2000000030
87067  44.472  27.253  16.918 0.2000000030
86525  44.990  25.089  14.952 0.1000000015
86581  43.099  25.157  9.796 0.3000000119
87270  39.576  26.218  -4.908 0.2000000030
87626  46.358  28.766  18.076 0.2000000030
85966  42.092  24.040  8.733 0.2000000030
85399  39.864  23.248  5.566 0.2000000030
86001  39.313  24.248  4.771 0.2000000030
86000  40.930  24.677  4.150 0.2000000030
86013  41.577  25.081  3.777 0.2000000030
85986  38.393  24.107  5.228 0.2000000030
86612  40.330  25.091  4.158 0.2000000030
86613  39.515  25.090  4.330 0.2000000030
87752  38.514  27.280  3.247 0.2000000030
117709  36.418  27.848  3.585 0.2000000030
85979  37.127  23.890  6.303 0.2000000030
86627  42.936  25.497  3.397 0.4000000060
104520  43.541  26.813  3.326 0.4000000060
87203  41.758  26.410  3.428 0.2000000030
87748  42.150  27.143  3.152 0.4000000060
87769  40.793  27.600  2.682 0.3000000119
87751  39.465  27.223  3.057 0.2000000030
121172  38.342  28.746  2.451 0.3000000119
88871  38.964  29.096  2.136 0.3000000119
114987  40.617  31.136  -4.661 0.2000000030
90363  41.467  32.388  -4.492 0.2000000030
110515  41.052  33.172  -4.433 0.2000000030
90371  42.680  32.960  -4.805 0.2000000030
89933  42.521  31.609  -4.797 0.2000000030
90833  44.017  33.151  -5.729 0.2000000030
119276  44.934  26.058  2.710 0.4000000060
87746  45.100  27.512  3.395 0.4000000060
87767  42.413  27.829  2.680 0.3000000119
88288  44.698  28.035  3.244 0.5000000000
88310  41.900  28.355  2.258 0.3000000119
113260  40.284  28.150  2.401 0.3000000119
88320  41.446  28.911  1.856 0.3000000119
88322  39.723  29.213  1.900 0.3000000119
88882  42.590  29.598  1.645 0.3000000119
89872  38.467  31.541  1.350 0.3000000119
89946  43.923  31.377  -5.861 0.2000000030
90383  45.839  32.763  -7.014 0.2000000030
90375  45.136  32.269  -6.589 0.2000000030
88277  35.166  28.151  3.978 0.2000000030
120373  35.004  28.693  3.850 0.2000000030
88307  44.363  28.772  2.606 0.5000000000
88869  44.441  29.727  2.238 0.5000000000
89394  40.876  30.283  1.408 0.3000000119
112317  42.274  30.143  1.442 0.4000000060
89870  39.719  31.188  1.207 0.3000000119
89887  39.104  31.682  1.068 0.3000000119
90326  39.945  32.585  0.285 0.4000000060
89952  44.433  31.098  -6.418 0.2000000030
86602  34.804  25.720  6.415 0.2000000030
89841  35.342  31.292  2.964 0.1000000015
89374  46.072  30.995  2.832 0.5000000000
89389  45.275  31.091  2.182 0.4000000060
89867  43.380  31.226  1.095 0.4000000060
122432  44.065  31.721  0.929 0.4000000060
90325  41.302  32.247  0.328 0.4000000060
90778  40.502  33.629  -0.398 0.4000000060
122214  42.615  29.547  -6.591 0.2000000030
88845  48.787  29.685  5.083 0.5000000000
89882  44.247  32.305  0.559 0.3000000119
90733  49.414  33.117  2.826 0.5000000000
79564  47.883  13.957  16.270 0.1000000015
106873  47.338  13.548  16.527 0.1000000015
78127  41.672  12.642  14.695 0.2000000030
78139  41.341  12.972  14.201 0.2000000030
80312  39.543  15.424  11.305 0.3000000119
103619  40.794  14.221  12.830 0.2000000030
79571  47.169  14.395  15.406 0.1000000015
80280  47.283  14.951  15.027 0.1000000015
78882  45.997  13.366  15.888 0.1000000015
78884  44.171  13.393  15.051 0.1000000015
78126  42.469  12.889  14.895 0.2000000030
78906  41.943  13.859  13.690 0.2000000030
79583  42.097  14.469  13.311 0.2000000030
81749  40.560  17.677  10.309 0.2000000030
81063  42.201  15.893  12.306 0.2000000030
79594  42.160  15.159  12.786 0.2000000030
82376  42.087  18.185  10.898 0.3000000119
81742  41.797  17.415  11.202 0.2000000030
80281  46.256  14.734  14.695 0.1000000015
78893  45.093  13.740  15.116 0.1000000015
80289  46.357  15.521  14.322 0.1000000015
79573  45.222  14.457  14.579 0.1000000015
78125  43.313  13.118  15.074 0.2000000030
80290  45.289  15.338  14.073 0.1000000015
79574  44.170  14.117  14.462 0.2000000030
78894  43.446  13.682  14.534 0.2000000030
116982  43.465  14.117  14.237 0.2000000030
80299  43.444  15.921  12.849 0.2000000030
80291  43.707  15.358  13.404 0.2000000030
106322  42.808  13.413  14.538 0.2000000030
80300  42.810  15.611  12.756 0.2000000030
114198  42.885  14.961  13.311 0.2000000030
81732  43.094  17.192  12.038 0.1000000015
122366  45.681  16.004  13.806 0.2000000030
81051  44.923  16.066  13.511 0.1000000015
79581  44.384  14.902  13.993 0.2000000030
81061  43.794  16.749  12.597 0.1000000015
81730  44.413  17.463  12.716 0.1000000015
81731  43.749  17.702  12.264 0.1000000015
106752  41.532  29.007  17.750 0.1000000015
88188  38.356  30.790  17.346 0.1000000015
88187  39.765  30.509  17.883 0.1000000015
102432  42.272  30.334  18.513 0.1000000015
88765  36.404  30.384  15.288 0.1000000015
100973  41.653  31.811  18.288 0.1000000015
106495  39.162  31.075  17.574 0.1000000015
87160  39.726  26.194  10.759 0.1000000015
87148  38.970  26.982  12.094 0.1000000015
110713  39.282  26.559  11.314 0.1000000015
117137  38.504  26.559  11.030 0.1000000015
86577  39.317  25.868  10.301 0.1000000015
87165  36.362  26.418  9.686 0.1000000015
86593  36.320  25.177  8.632 0.1000000015
86588  35.969  25.889  9.001 0.1000000015
86594  35.616  25.471  8.275 0.1000000015
87176  34.303  26.429  6.523 0.1000000015
122629  34.947  25.916  7.766 0.1000000015
87720  34.030  27.149  6.835 0.1000000015
88837  33.874  29.220  6.497 0.1000000015
120181  33.650  28.026  5.734 0.1000000015
88271  33.859  28.142  4.966 0.1000000015
88841  33.529  29.603  5.150 0.1000000015
89377  36.671  31.099  2.338 0.2000000030
89850  37.243  31.436  1.866 0.2000000030
90327  38.410  32.113  1.036 0.2000000030
90328  38.386  32.801  0.604 0.2000000030
104411  36.038  31.370  2.525 0.2000000030
90308  36.706  32.621  1.421 0.2000000030
90320  46.560  32.971  0.985 0.2000000030
90761  37.628  33.375  0.513 0.2000000030
102951  37.580  32.534  1.076 0.2000000030
102324  47.749  33.544  0.438 0.3000000119
101695  46.624  33.420  0.245 0.2000000030
90321  45.269  32.586  0.690 0.2000000030
90772  46.731  33.635  -0.419 0.3000000119
90757  45.570  33.214  0.146 0.2000000030
90322  43.545  32.731  0.074 0.2000000030
90773  45.721  33.621  -0.460 0.3000000119
110662  44.022  33.300  -0.317 0.2000000030
90762  36.723  33.712  0.654 0.2000000030
91259  37.268  34.210  0.154 0.3000000119
90788  46.773  33.717  -1.257 0.3000000119
90780  38.871  33.876  -0.228 0.2000000030
114447  37.835  34.760  -0.331 0.3000000119
91267  44.045  33.959  -0.766 0.3000000119
91271  39.370  34.548  -0.583 0.3000000119
91272  38.605  34.570  -0.440 0.2000000030
90789  45.804  33.909  -1.085 0.3000000119
90790  44.969  34.066  -0.943 0.3000000119
91809  39.414  35.281  -0.889 0.3000000119
91810  38.523  35.338  -0.708 0.3000000119
111828  41.642  34.720  -1.037 0.3000000119
91808  40.283  35.226  -1.050 0.3000000119
91826  39.871  35.948  -1.203 0.3000000119
92350  38.133  36.167  -0.970 0.3000000119
92912  38.286  37.496  -1.520 0.3000000119
91273  36.977  34.995  -0.171 0.3000000119
92351  37.249  36.385  -0.754 0.3000000119
92363  37.736  36.963  -1.203 0.3000000119
92913  37.332  37.862  -1.440 0.3000000119
92352  36.384  36.608  -0.489 0.3000000119
92903  36.845  37.172  -0.973 0.3000000119
90801  46.823  33.656  -2.234 0.3000000119
81071  42.264  16.746  11.776 0.2000000030
81748  41.354  17.912  10.595 0.2000000030
82387  41.280  18.996  9.569 0.4000000060
81740  43.193  18.064  11.737 0.1000000015
82363  44.290  18.304  12.500 0.1000000015
81052  44.150  16.069  13.161 0.2000000030
100966  42.718  28.948  17.901 0.1000000015
101118  43.030  30.679  18.695 0.1000000015
87695  40.277  27.063  12.872 0.1000000015
105598  39.894  26.739  11.993 0.1000000015
85976  36.388  24.211  7.449 0.1000000015
86586  38.787  25.472  9.763 0.1000000015
85961  38.208  24.893  9.153 0.1000000015
85973  35.919  24.759  7.933 0.1000000015
109212  35.389  25.162  7.645 0.1000000015
87730  34.355  27.363  5.020 0.1000000015
87723  33.915  27.199  5.909 0.1000000015
107202  34.504  27.947  4.503 0.1000000015
90760  38.426  33.428  0.218 0.2000000030
117992  41.831  33.953  -0.710 0.3000000119
109296  40.863  34.778  -0.968 0.3000000119
89873  37.821  31.794  1.445 0.2000000030
78905  42.775  14.051  13.973 0.2000000030
100971  40.602  30.197  18.204 0.1000000015
88753  37.554  31.061  16.651 0.1000000015
87629  38.841  29.398  17.422 0.1000000015
101236  41.051  31.631  18.313 0.1000000015
88764  37.065  30.949  16.101 0.1000000015
86578  38.378  26.066  10.361 0.1000000015
86579  37.246  26.181  10.121 0.1000000015
108231  37.796  25.528  9.653 0.1000000015
86587  36.778  25.655  9.381 0.1000000015
87173  34.401  26.512  7.255 0.1000000015
87717  34.405  27.295  7.534 0.1000000015
113443  34.125  28.591  6.985 0.1000000015
88268  33.660  28.669  6.199 0.1000000015
90329  36.973  33.067  0.935 0.2000000030
90758  44.538  32.936  0.093 0.2000000030
91258  38.086  34.001  -0.066 0.2000000030
90774  44.788  33.546  -0.392 0.3000000119
90763  35.917  33.978  0.900 0.2000000030
107915  39.013  36.012  -1.131 0.3000000119
91260  36.359  34.547  0.412 0.1000000015
91274  36.220  35.314  0.138 0.2000000030
91269  42.440  34.406  -0.951 0.2000000030
91302  46.090  34.269  -3.233 0.2000000030
105069  43.720  34.536  -1.124 0.2000000030
91823  42.631  35.610  -1.331 0.2000000030
91824  41.869  35.456  -1.259 0.2000000030
91807  41.121  35.329  -1.201 0.2000000030
91280  45.141  34.438  -1.692 0.2000000030
90802  45.975  33.971  -1.912 0.2000000030
91825  40.705  35.932  -1.279 0.2000000030
91282  43.092  34.923  -1.227 0.2000000030
116875  41.260  36.603  -1.420 0.2000000030
113791  40.309  36.560  -1.400 0.2000000030
105584  46.120  34.733  -3.803 0.2000000030
92904  36.057  37.389  -0.606 0.2000000030
122215  39.998  36.956  -1.487 0.2000000030
91291  45.603  34.411  -2.544 0.2000000030
91821  44.205  35.735  -1.824 0.2000000030
91822  43.450  35.717  -1.474 0.2000000030
92360  42.074  36.162  -1.363 0.2000000030
92910  40.512  37.275  -1.581 0.2000000030
93356  38.964  37.954  -1.834 0.2000000030
92373  45.374  36.847  -3.389 0.2000000030
92914  36.415  37.934  -1.081 0.2000000030
92359  43.808  36.486  -1.715 0.2000000030
113873  42.931  36.393  -1.467 0.2000000030
119652  45.039  34.881  -2.381 0.2000000030
115685  42.248  36.938  -1.490 0.2000000030
93355  39.949  37.996  -1.916 0.2000000030
93366  39.383  38.716  -2.229 0.2000000030
91303  45.405  35.083  -3.230 0.2000000030
91843  45.486  35.919  -3.652 0.2000000030
120291  44.874  36.590  -2.965 0.2000000030
107248  44.856  37.276  -2.694 0.2000000030
93351  43.479  38.203  -2.044 0.2000000030
93363  42.128  38.817  -2.267 0.2000000030
92916  44.548  37.942  -2.338 0.2000000030
92917  43.933  37.777  -2.028 0.2000000030
92921  45.798  37.892  -2.921 0.2000000030
102885  45.303  38.160  -2.574 0.2000000030
112793  44.225  38.418  -2.251 0.2000000030
111757  43.724  38.825  -2.273 0.2000000030
92920  46.332  37.722  -3.461 0.2000000030
92462  46.971  35.952  -8.025 0.2000000030
91881  45.020  35.303  -6.702 0.2000000030
91292  44.557  35.045  -1.845 0.2000000030
92909  41.512  37.437  -1.614 0.2000000030
93354  40.883  38.047  -1.914 0.2000000030
91834  44.729  35.512  -2.490 0.2000000030
91833  44.952  36.015  -3.130 0.2000000030
92906  44.157  37.206  -2.035 0.2000000030
93782  41.597  39.477  -2.615 0.2000000030
102032  42.997  38.842  -2.268 0.2000000030
93781  42.494  39.531  -2.588 0.2000000030
93361  46.267  38.732  -2.336 0.2000000030
93362  45.282  38.837  -2.339 0.2000000030
104428  44.465  39.231  -2.346 0.2000000030
107356  45.793  36.842  -7.291 0.2000000030
92433  45.302  36.144  -6.956 0.2000000030
92908  42.315  37.612  -1.672 0.2000000030
92907  43.236  37.359  -1.706 0.2000000030
92374  44.491  36.403  -2.389 0.2000000030
93353  41.798  38.146  -1.891 0.2000000030
93783  40.714  39.433  -2.599 0.2000000030
113211  40.242  40.075  -2.915 0.2000000030
93352  42.674  38.170  -1.917 0.2000000030
94152  41.106  40.104  -2.980 0.2000000030
94150  42.865  40.302  -2.822 0.2000000030
93780  43.516  39.587  -2.511 0.2000000030
92452  46.669  36.704  -7.742 0.2000000030
92949  46.275  37.686  -7.408 0.2000000030
110307  46.340  38.634  -7.345 0.2000000030
108342  44.545  40.104  -2.403 0.2000000030
93779  45.533  39.758  -2.142 0.2000000030
116681  47.879  38.034  -8.226 0.2000000030
93778  46.595  39.525  -1.832 0.2000000030
93397  47.043  38.282  -7.641 0.2000000030
92950  45.335  37.651  -6.985 0.2000000030
93807  45.946  39.300  -7.305 0.2000000030
102874  45.134  39.109  -7.085 0.2000000030
93399  44.326  39.045  -7.047 0.2000000030
114266  43.705  40.401  -2.635 0.2000000030
93374  48.659  39.354  -3.286 0.2000000030
119778  48.293  39.829  -1.246 0.2000000030
93777  47.771  40.091  -1.171 0.2000000030
94148  47.125  40.668  -1.563 0.2000000030
94149  45.749  40.724  -1.954 0.2000000030
104044  44.435  40.954  -2.447 0.2000000030
106041  43.360  41.053  -2.808 0.2000000030
122785  46.652  40.197  -1.644 0.2000000030
93804  49.068  39.806  -8.505 0.2000000030
93396  47.677  38.789  -7.843 0.2000000030
93805  47.977  39.554  -7.912 0.2000000030
94201  46.479  40.008  -7.617 0.2000000030
93398  45.609  38.497  -7.104 0.2000000030
94209  48.070  41.005  -8.458 0.2000000030
94210  46.872  40.869  -8.289 0.2000000030
94178  50.326  40.240  -6.132 0.2000000030
94169  48.727  39.693  -4.315 0.2000000030
94158  48.416  40.165  -2.236 0.2000000030
94147  48.051  40.302  -1.292 0.2000000030
94208  49.552  41.036  -8.706 0.2000000030
105529  48.868  42.037  -9.062 0.2000000030
94190  50.083  40.943  -6.271 0.2000000030
94179  49.485  40.249  -5.453 0.2000000030
94180  48.465  40.359  -4.918 0.2000000030
120836  47.628  40.415  -3.320 0.2000000030
94579  46.366  41.480  -3.136 0.2000000030
94563  46.810  41.217  -1.937 0.2000000030
94555  45.778  42.254  -1.994 0.2000000030
94943  45.354  42.604  -1.833 0.2000000030
94952  44.620  42.290  -2.157 0.2000000030
118072  49.490  39.909  -5.359 0.2000000030
94170  48.330  40.055  -3.657 0.2000000030
94159  47.465  40.748  -2.272 0.2000000030
94554  46.122  41.940  -2.113 0.2000000030
94565  45.282  41.743  -2.025 0.2000000030
94566  44.057  41.724  -2.540 0.2000000030
94613  49.696  42.277  -9.057 0.2000000030
94171  47.280  40.687  -4.507 0.2000000030
117795  46.892  40.843  -3.633 0.2000000030
94962  46.010  42.272  -2.454 0.1000000015
119345  45.767  42.717  -2.087 0.2000000030
94942  45.680  43.130  -1.849 0.1000000015
94953  43.762  42.445  -2.489 0.2000000030
94612  50.277  42.021  -8.801 0.2000000030
94594  48.959  40.960  -5.933 0.2000000030
94589  46.381  41.333  -4.434 0.2000000030
94595  47.679  41.104  -5.618 0.2000000030
94580  45.839  42.275  -3.434 0.2000000030
94602  49.573  41.745  -6.740 0.2000000030
94979  50.613  42.268  -8.202 0.2000000030
95309  45.939  44.079  -3.111 0.2000000030
94590  45.776  41.982  -4.305 0.2000000030
95312  45.445  43.693  -3.897 0.2000000030
95662  47.229  45.941  -2.995 0.2000000030
95663  46.479  45.275  -3.269 0.2000000030
116343  45.770  44.692  -3.793 0.2000000030
95979  46.581  46.384  -3.513 0.2000000030
117294  48.315  40.300  -8.251 0.2000000030
91896  45.793  35.313  -7.216 0.2000000030
90741  36.295  33.304  1.194 0.1000000015
103006  43.914  35.097  -1.450 0.2000000030
92911  39.008  37.241  -1.533 0.2000000030
92353  35.599  36.876  -0.144 0.2000000030
119033  35.330  34.215  1.248 0.2000000030
114992  39.658  37.345  -1.605 0.2000000030
93365  40.323  38.720  -2.272 0.2000000030
93806  46.962  39.277  -7.539 0.2000000030
93791  48.583  39.692  -2.874 0.2000000030
94564  46.301  41.461  -1.963 0.2000000030
94200  47.412  40.152  -7.869 0.2000000030
120239  49.382  42.868  -9.411 0.2000000030
94596  46.650  41.439  -5.385 0.2000000030
94963  45.729  43.081  -3.178 0.2000000030
94951  45.897  43.356  -2.377 0.1000000015
95976  47.129  46.202  -2.345 0.1000000015
91952  42.680  35.238  -12.478 0.1000000015
91951  43.805  34.649  -13.065 0.1000000015
88895  27.519  29.727  0.124 0.1000000015
89406  27.541  30.449  -0.142 0.1000000015
88338  27.165  28.273  0.091 0.1000000015
88345  27.229  29.087  -0.126 0.1000000015
88346  27.023  28.530  -0.415 0.1000000015
88907  27.099  29.090  -0.748 0.1000000015
92492  40.297  36.667  -10.469 0.1000000015
92493  39.819  36.313  -10.103 0.1000000015
87242  26.393  26.536  -1.024 0.1000000015
93001  41.190  37.579  -11.081 0.1000000015
93002  40.680  36.921  -10.961 0.1000000015
111923  40.202  35.995  -10.508 0.1000000015
91910  39.299  35.854  -9.830 0.1000000015
93011  41.721  37.319  -11.732 0.1000000015
92507  40.619  36.154  -10.931 0.1000000015
91923  39.862  35.567  -10.334 0.1000000015
94616  46.100  41.006  -8.624 0.1000000015
92506  41.244  36.560  -11.498 0.1000000015
91939  41.129  35.392  -11.337 0.1000000015
94629  46.001  41.357  -9.451 0.1000000015
122349  42.602  38.076  -11.912 0.1000000015
93010  42.441  37.488  -12.216 0.1000000015
92518  41.992  36.705  -12.172 0.1000000015
91953  41.835  35.807  -12.006 0.1000000015
94222  45.274  40.838  -9.789 0.1000000015
94233  44.663  40.300  -10.239 0.1000000015
93854  43.706  39.144  -11.456 0.1000000015
103689  43.583  38.680  -12.049 0.1000000015
92517  42.804  36.671  -12.698 0.1000000015
119411  42.462  36.084  -12.475 0.1000000015
91409  42.991  34.263  -12.524 0.1000000015
94232  45.595  40.856  -10.754 0.1000000015
94243  44.988  40.199  -11.154 0.1000000015
93853  44.557  39.572  -11.624 0.1000000015
93456  43.179  38.067  -12.356 0.1000000015
93009  43.311  37.275  -12.867 0.1000000015
93852  45.480  40.064  -12.072 0.1000000015
93864  44.294  39.028  -12.195 0.1000000015
93455  44.100  38.365  -12.671 0.1000000015
92516  43.828  36.377  -13.348 0.1000000015
107075  43.323  35.727  -13.004 0.1000000015
93863  46.038  39.776  -13.113 0.1000000015
114857  45.040  39.444  -12.389 0.1000000015
93466  44.905  37.834  -13.571 0.1000000015
93019  44.315  37.067  -13.513 0.1000000015
91408  44.195  33.696  -12.968 0.1000000015
90902  43.395  33.299  -12.607 0.1000000015
86649  32.983  25.379  1.042 0.1000000015
86662  32.560  26.033  0.817 0.1000000015
86650  32.187  25.521  1.330 0.1000000015
106202  30.918  26.203  1.503 0.1000000015
88324  29.791  28.354  1.295 0.1000000015
88893  29.141  29.774  0.863 0.1000000015
90794  30.305  33.960  -1.110 0.1000000015
89900  29.813  31.928  0.104 0.1000000015
88894  28.252  29.569  0.599 0.1000000015
92386  32.930  36.443  -3.746 0.1000000015
91848  32.444  36.068  -3.165 0.1000000015
90783  28.902  33.258  -0.744 0.1000000015
107604  28.127  31.668  -0.064 0.1000000015
116892  35.178  36.741  -6.969 0.1000000015
92443  34.336  37.098  -5.621 0.1000000015
107433  33.031  36.772  -4.921 0.1000000015
109801  31.570  36.023  -3.319 0.1000000015
91287  29.864  34.563  -1.665 0.1000000015
89902  27.605  31.186  -0.445 0.1000000015
92454  36.768  36.701  -7.805 0.1000000015
105044  36.130  36.568  -7.718 0.1000000015
113020  34.617  36.823  -6.426 0.1000000015
92421  32.454  36.313  -5.245 0.1000000015
121526  30.932  35.851  -3.563 0.1000000015
91288  28.972  34.431  -1.869 0.1000000015
90341  27.765  31.994  -0.748 0.1000000015
89411  27.329  30.546  -0.844 0.1000000015
92463  38.937  37.067  -8.836 0.1000000015
92479  39.387  36.688  -9.493 0.1000000015
115934  37.672  36.249  -8.686 0.1000000015
92455  35.388  36.350  -7.566 0.1000000015
92445  32.874  36.024  -6.077 0.1000000015
91858  31.239  35.825  -4.772 0.1000000015
91307  29.446  35.058  -3.391 0.1000000015
106194  28.282  33.931  -2.309 0.1000000015
90348  27.587  32.307  -1.635 0.1000000015
103787  27.191  29.785  -1.183 0.1000000015
92478  40.030  37.191  -9.826 0.1000000015
92480  38.718  36.265  -9.267 0.1000000015
91904  37.130  35.861  -8.837 0.1000000015
92466  35.704  35.960  -8.199 0.1000000015
92988  40.583  37.422  -10.448 0.1000000015
91911  38.517  35.377  -9.681 0.1000000015
91912  37.552  35.313  -9.408 0.1000000015
113235  45.919  40.497  -7.933 0.1000000015
91924  39.338  35.092  -10.205 0.1000000015
94615  46.796  41.698  -9.201 0.1000000015
93435  41.650  38.355  -10.635 0.1000000015
91376  40.036  34.857  -10.557 0.1000000015
114939  45.784  39.906  -7.525 0.1000000015
93433  42.906  38.581  -11.545 0.1000000015
94628  46.937  42.442  -10.245 0.1000000015
94641  47.163  43.018  -11.406 0.1000000015
94642  46.294  41.622  -10.463 0.1000000015
94211  45.285  40.665  -8.645 0.1000000015
93434  43.063  39.147  -10.641 0.1000000015
91410  42.145  33.965  -12.069 0.1000000015
109820  41.975  34.836  -11.921 0.1000000015
94652  46.679  41.854  -11.532 0.1000000015
93832  43.989  39.941  -9.780 0.1000000015
93846  44.052  39.659  -10.695 0.1000000015
94241  47.066  41.773  -12.635 0.1000000015
94255  47.241  41.425  -13.637 0.1000000015
94256  46.541  40.731  -12.772 0.1000000015
93877  47.066  39.716  -14.152 0.1000000015
93465  46.091  38.230  -14.049 0.1000000015
92526  44.906  36.144  -14.070 0.1000000015
91960  44.698  35.098  -13.705 0.1000000015
90903  42.184  33.211  -12.230 0.1000000015
94270  47.261  40.793  -14.507 0.1000000015
93876  47.300  39.756  -14.914 0.1000000015
93464  46.971  38.773  -14.675 0.1000000015
93017  45.965  37.459  -14.481 0.1000000015
116724  45.824  37.127  -14.706 0.1000000015
109588  44.667  34.116  -13.507 0.1000000015
90418  43.374  32.197  -12.995 0.1000000015
109545  43.110  32.707  -12.623 0.1000000015
87241  34.399  26.814  -0.172 0.1000000015
86661  33.248  25.872  0.583 0.1000000015
87232  33.084  26.727  0.521 0.1000000015
87233  32.329  26.720  0.811 0.1000000015
87220  31.756  26.321  1.182 0.1000000015
88344  33.867  28.132  0.006 0.1000000015
87800  33.833  27.207  0.152 0.1000000015
87789  33.202  27.768  0.406 0.1000000015
87790  32.490  27.464  0.679 0.1000000015
87791  31.808  27.230  1.008 0.1000000015
87221  31.097  27.020  1.351 0.1000000015
87222  30.279  26.780  1.480 0.1000000015
87806  36.222  27.676  -1.585 0.1000000015
88350  36.032  28.339  -1.740 0.1000000015
87779  31.249  27.869  1.199 0.1000000015
88323  30.652  28.525  1.217 0.1000000015
88364  37.112  29.019  -3.663 0.1000000015
88358  36.013  29.028  -2.179 0.1000000015
88334  30.889  29.180  1.001 0.1000000015
88378  38.357  28.517  -5.487 0.1000000015
88370  38.119  28.350  -4.568 0.1000000015
88371  37.565  28.994  -4.349 0.1000000015
121310  37.316  29.370  -4.164 0.1000000015
88892  30.750  29.870  0.761 0.1000000015
114936  30.703  30.558  0.518 0.1000000015
89454  38.542  30.013  -5.091 0.1000000015
90337  31.225  32.393  -0.461 0.1000000015
91296  32.287  34.986  -2.067 0.1000000015
90793  31.261  33.833  -1.167 0.1000000015
90338  30.281  32.559  -0.337 0.1000000015
92385  33.686  36.435  -3.800 0.1000000015
91836  32.813  35.468  -2.590 0.1000000015
91837  31.886  35.611  -2.622 0.1000000015
92956  35.827  37.005  -7.072 0.1000000015
92442  35.457  37.260  -6.388 0.1000000015
92967  37.925  37.192  -7.816 0.1000000015
92453  37.250  37.131  -7.504 0.1000000015
92945  36.266  37.401  -6.445 0.1000000015
92978  39.590  37.463  -9.090 0.1000000015
105367  38.178  36.674  -8.578 0.1000000015
91885  33.386  35.787  -6.843 0.1000000015
105346  30.697  35.688  -4.202 0.1000000015
91308  28.677  34.396  -3.716 0.1000000015
90354  27.484  32.523  -2.533 0.1000000015
89919  27.377  31.845  -2.181 0.1000000015
93421  40.547  37.954  -9.815 0.1000000015
91897  34.886  35.744  -7.983 0.1000000015
91326  31.324  35.368  -5.521 0.1000000015
91317  29.255  34.681  -4.372 0.1000000015
90806  27.742  33.284  -2.840 0.1000000015
93436  40.969  38.050  -10.390 0.1000000015
91905  36.164  35.547  -8.749 0.1000000015
115143  34.003  35.569  -7.580 0.1000000015
93420  41.325  38.558  -9.692 0.1000000015
91391  40.648  34.710  -11.002 0.1000000015
91377  38.609  34.476  -10.284 0.1000000015
94614  47.728  41.903  -9.031 0.1000000015
94627  47.683  42.898  -9.961 0.1000000015
109301  42.365  38.628  -10.887 0.1000000015
120212  39.502  34.461  -10.537 0.1000000015
93819  44.413  40.100  -8.229 0.1000000015
107646  43.474  39.572  -10.037 0.1000000015
102183  42.221  38.886  -10.117 0.1000000015
90884  41.314  33.745  -11.708 0.1000000015
91390  41.304  34.467  -11.510 0.1000000015
106910  40.750  34.135  -11.294 0.1000000015
94223  44.532  40.347  -9.276 0.1000000015
94651  47.153  43.114  -12.574 0.1000000015
94664  47.199  42.559  -13.552 0.1000000015
94679  47.211  42.016  -14.272 0.1000000015
94691  47.037  41.334  -14.814 0.1000000015
92534  44.722  36.110  -14.918 0.1000000015
91966  44.597  35.045  -14.415 0.1000000015
91428  44.873  33.818  -14.060 0.1000000015
121961  44.236  33.691  -14.098 0.1000000015
90904  41.170  33.071  -11.993 0.1000000015
93463  47.094  39.134  -15.139 0.1000000015
93472  46.696  38.367  -15.137 0.1000000015
93031  46.133  37.821  -15.322 0.1000000015
92524  45.772  37.032  -15.016 0.1000000015
91959  44.824  35.734  -14.345 0.1000000015
91421  45.114  34.344  -13.948 0.1000000015
90934  44.340  33.241  -13.576 0.1000000015
93896  46.182  39.847  -15.565 0.1000000015
93479  46.814  39.156  -15.396 0.1000000015
93480  46.309  38.695  -15.549 0.1000000015
111077  45.395  38.359  -15.746 0.1000000015
120802  43.893  32.363  -13.043 0.1000000015
90419  42.076  32.448  -12.608 0.1000000015
90409  40.294  32.951  -11.915 0.1000000015
89996  42.483  31.833  -13.177 0.1000000015
89997  41.343  31.675  -13.051 0.1000000015
90004  41.506  30.939  -13.469 0.1000000015
87798  35.160  27.853  -0.839 0.1000000015
88343  34.551  28.495  -0.689 0.1000000015
88331  33.224  28.652  0.248 0.1000000015
88332  32.585  28.329  0.552 0.1000000015
106343  31.937  28.048  0.851 0.1000000015
107196  35.539  28.721  -1.568 0.1000000015
88352  34.948  29.044  -1.259 0.1000000015
88906  34.656  29.768  -1.468 0.1000000015
115816  34.077  29.998  -1.135 0.1000000015
88900  33.526  29.803  -0.566 0.1000000015
88890  32.555  29.230  0.381 0.1000000015
89401  32.174  30.049  0.273 0.1000000015
88891  31.606  29.433  0.638 0.1000000015
88333  31.402  28.640  0.950 0.1000000015
122011  36.683  29.492  -3.391 0.1000000015
88916  36.501  30.135  -3.500 0.1000000015
88905  35.305  29.450  -1.806 0.1000000015
89415  35.010  30.240  -1.988 0.1000000015
89897  32.493  31.215  -0.481 0.1000000015
89410  31.913  30.782  0.027 0.1000000015
89402  31.409  30.301  0.431 0.1000000015
88922  37.540  29.647  -4.502 0.1000000015
89441  37.516  30.417  -4.369 0.1000000015
90345  32.564  32.793  -1.121 0.1000000015
90336  32.134  32.168  -0.650 0.1000000015
89898  31.624  31.553  -0.247 0.1000000015
89440  37.912  30.043  -4.797 0.1000000015
107576  38.287  30.866  -4.602 0.1000000015
91294  33.992  34.510  -2.437 0.1000000015
90804  33.549  33.942  -1.931 0.1000000015
90792  32.174  33.643  -1.301 0.1000000015
90346  31.712  33.047  -0.835 0.1000000015
91845  35.055  35.513  -3.489 0.1000000015
91306  34.406  35.211  -2.975 0.1000000015
91284  32.679  34.226  -1.712 0.1000000015
108674  36.919  36.843  -5.375 0.1000000015
92399  35.816  36.667  -4.660 0.1000000015
91846  34.384  36.062  -3.568 0.1000000015
91847  33.467  35.907  -3.162 0.1000000015
115333  37.772  37.392  -7.154 0.1000000015
92929  36.666  37.328  -5.839 0.1000000015
92930  35.835  37.401  -5.776 0.1000000015
92420  34.615  37.189  -5.070 0.1000000015
92953  39.310  37.630  -7.303 0.1000000015
92954  38.436  37.471  -7.257 0.1000000015
93410  40.618  38.365  -9.039 0.1000000015
92965  39.384  37.633  -8.303 0.1000000015
92966  38.663  37.368  -8.055 0.1000000015
93409  41.388  38.808  -8.631 0.1000000015
93403  40.711  38.433  -8.116 0.1000000015
120576  40.148  37.808  -9.282 0.1000000015
91906  35.315  35.280  -8.562 0.1000000015
93810  43.073  39.404  -7.849 0.1000000015
93408  42.227  39.181  -8.179 0.1000000015
91913  36.687  35.135  -9.258 0.1000000015
91371  35.788  34.747  -9.147 0.1000000015
93419  42.136  39.092  -9.158 0.1000000015
91370  37.171  34.669  -9.708 0.1000000015
94995  48.676  42.997  -9.680 0.1000000015
93808  44.727  39.614  -7.429 0.1000000015
93809  43.914  39.545  -7.623 0.1000000015
93820  43.607  39.737  -8.411 0.1000000015
93834  42.863  39.342  -9.672 0.1000000015
91378  37.566  34.219  -10.235 0.1000000015
95005  48.469  43.987  -10.156 0.1000000015
93821  42.892  39.442  -8.726 0.1000000015
122219  39.833  33.666  -11.163 0.1000000015
91392  40.101  34.146  -10.907 0.1000000015
95006  47.403  44.043  -10.905 0.1000000015
94212  43.964  39.999  -8.990 0.1000000015
93833  43.457  39.685  -9.278 0.1000000015
90885  40.427  33.573  -11.469 0.1000000015
95034  46.993  43.304  -13.343 0.1000000015
92542  42.691  37.016  -16.825 0.1000000015
91971  43.294  36.141  -15.512 0.1000000015
91972  42.569  35.237  -15.340 0.1000000015
91437  41.967  34.324  -15.325 0.1000000015
90943  41.677  33.580  -15.155 0.1000000015
93034  43.278  37.834  -16.609 0.1000000015
92541  43.996  36.962  -15.798 0.1000000015
91429  43.404  34.348  -14.428 0.1000000015
90935  42.942  33.580  -14.396 0.1000000015
90410  39.739  32.445  -12.185 0.1000000015
94680  46.888  42.240  -14.355 0.1000000015
94692  46.525  41.403  -14.822 0.1000000015
105413  45.803  39.138  -15.746 0.1000000015
93481  43.928  38.343  -16.168 0.1000000015
93033  44.666  37.667  -15.868 0.1000000015
110598  43.493  32.802  -14.012 0.1000000015
90420  40.740  32.408  -12.415 0.1000000015
90013  43.135  31.461  -14.126 0.1000000015
90431  43.487  32.098  -13.488 0.1000000015
90003  42.388  31.232  -13.585 0.1000000015
89508  40.503  31.041  -13.174 0.1000000015
102268  39.572  31.048  -12.731 0.1000000015
89517  43.009  30.976  -14.150 0.1000000015
89518  42.428  30.436  -13.989 0.1000000015
89519  41.033  30.356  -13.569 0.1000000015
89416  34.311  30.585  -1.569 0.1000000015
89417  33.620  30.548  -0.996 0.1000000015
88901  32.852  29.922  -0.032 0.1000000015
89409  32.494  30.496  -0.142 0.1000000015
89429  36.394  30.930  -3.440 0.1000000015
89430  35.888  31.127  -3.050 0.1000000015
89424  34.788  30.924  -2.075 0.1000000015
89918  34.943  31.600  -2.315 0.1000000015
89908  34.329  31.437  -1.832 0.1000000015
89896  33.184  31.103  -0.838 0.1000000015
89938  37.556  31.461  -4.077 0.1000000015
89925  36.858  31.432  -3.658 0.1000000015
90356  37.035  32.236  -3.610 0.1000000015
90357  36.404  32.740  -3.273 0.1000000015
111180  35.860  32.396  -2.937 0.1000000015
90351  35.193  32.515  -2.523 0.1000000015
90352  34.454  32.271  -2.043 0.1000000015
107974  34.610  32.984  -2.219 0.1000000015
89910  33.017  31.892  -1.056 0.1000000015
89937  39.011  31.650  -4.577 0.1000000015
90366  38.816  32.576  -4.349 0.1000000015
90812  37.101  33.205  -3.591 0.1000000015
90813  36.343  33.609  -3.331 0.1000000015
90803  35.083  33.431  -2.575 0.1000000015
107376  34.335  33.683  -2.277 0.1000000015
90353  33.900  33.009  -1.784 0.1000000015
90365  39.743  32.356  -4.481 0.1000000015
90825  39.409  33.294  -4.372 0.1000000015
90826  38.586  33.462  -4.218 0.1000000015
90827  37.802  33.745  -3.939 0.1000000015
91304  36.993  34.126  -3.705 0.1000000015
91316  36.691  34.996  -3.982 0.1000000015
91844  35.825  35.304  -3.705 0.1000000015
91305  35.321  34.761  -3.238 0.1000000015
90824  40.222  33.185  -4.423 0.1000000015
114743  39.904  33.846  -4.408 0.1000000015
91314  39.191  34.199  -4.417 0.1000000015
91854  39.396  35.075  -4.682 0.1000000015
91315  37.657  34.720  -4.258 0.1000000015
91870  38.003  35.605  -4.715 0.1000000015
92398  36.650  36.436  -4.822 0.1000000015
90823  41.446  33.989  -4.593 0.1000000015
91324  41.448  34.862  -4.845 0.1000000015
91313  40.093  34.567  -4.577 0.1000000015
91868  39.613  35.789  -5.073 0.1000000015
91869  38.837  35.689  -4.914 0.1000000015
92440  38.584  37.021  -5.853 0.1000000015
92441  37.612  37.065  -5.753 0.1000000015
91323  42.252  34.816  -5.086 0.1000000015
115364  41.811  35.405  -5.203 0.1000000015
91866  41.171  35.664  -5.180 0.1000000015
92415  39.922  36.491  -5.521 0.1000000015
121640  39.620  37.401  -6.452 0.1000000015
92942  38.930  37.362  -6.501 0.1000000015
92943  38.102  37.356  -6.483 0.1000000015
90842  43.998  34.079  -5.831 0.1000000015
120182  42.857  34.404  -5.221 0.1000000015
91864  43.043  35.147  -5.531 0.1000000015
92414  41.867  36.162  -5.523 0.1000000015
92437  41.706  37.076  -5.904 0.1000000015
92940  41.609  37.703  -6.450 0.1000000015
92951  40.974  38.107  -7.050 0.1000000015
92952  40.064  37.960  -7.684 0.1000000015
91333  44.572  34.628  -6.365 0.1000000015
113897  44.359  35.324  -6.339 0.1000000015
91334  43.874  34.922  -5.948 0.1000000015
91883  43.721  35.795  -6.079 0.1000000015
92413  42.783  36.037  -5.714 0.1000000015
92435  43.310  36.754  -6.111 0.1000000015
92939  42.495  37.519  -6.309 0.1000000015
93390  42.008  38.257  -6.864 0.1000000015
93402  41.598  38.696  -7.655 0.1000000015
91882  44.517  35.935  -6.522 0.1000000015
109203  44.035  36.425  -6.353 0.1000000015
101630  43.973  37.007  -6.435 0.1000000015
92938  43.492  37.603  -6.496 0.1000000015
92434  44.576  36.663  -6.623 0.1000000015
122754  44.441  37.547  -6.682 0.1000000015
93388  43.894  38.365  -6.778 0.1000000015
93389  42.965  38.309  -6.757 0.1000000015
93401  42.536  38.880  -7.365 0.1000000015
118041  36.459  34.519  -9.552 0.1000000015
91360  35.011  34.644  -8.826 0.1000000015
116281  44.772  38.421  -6.871 0.1000000015
93400  43.443  38.994  -7.152 0.1000000015
90878  38.059  33.668  -10.701 0.1000000015
90887  38.507  33.068  -11.285 0.1000000015
90886  39.540  33.136  -11.528 0.1000000015
90879  37.091  33.560  -10.540 0.1000000015
106068  46.997  44.079  -11.987 0.1000000015
92548  41.861  36.986  -18.251 0.1000000015
91973  41.425  35.061  -16.568 0.1000000015
94665  46.590  42.896  -13.883 0.1000000015
93040  42.420  37.925  -18.069 0.1000000015
92549  41.124  36.905  -18.378 0.1000000015
91982  40.854  36.062  -17.645 0.1000000015
91974  41.042  35.094  -16.820 0.1000000015
91438  41.254  34.522  -15.792 0.1000000015
90411  38.865  32.409  -11.820 0.1000000015
90412  37.971  32.306  -11.518 0.1000000015
94290  45.910  40.507  -15.244 0.1000000015
93897  45.324  39.597  -15.557 0.1000000015
93907  44.768  38.895  -15.919 0.1000000015
93482  42.707  38.502  -17.400 0.1000000015
116694  42.036  38.059  -18.923 0.1000000015
91439  41.111  34.465  -15.680 0.1000000015
89990  39.201  31.746  -12.338 0.1000000015
93898  44.163  39.176  -15.501 0.1000000015
93473  43.409  38.561  -16.312 0.1000000015
90021  42.889  31.377  -14.794 0.1000000015
90456  42.449  32.901  -14.661 0.1000000015
106741  43.011  30.892  -14.596 0.1000000015
89532  42.945  30.291  -14.811 0.1000000015
89520  39.879  30.260  -13.191 0.1000000015
89009  41.545  29.715  -14.021 0.1000000015
113683  40.547  29.702  -13.565 0.1000000015
94994  49.858  43.059  -9.207 0.1000000015
95004  49.444  43.794  -9.417 0.1000000015
95347  48.867  44.215  -9.764 0.1000000015
90880  36.234  33.446  -10.254 0.1000000015
90888  37.527  32.953  -11.022 0.1000000015
90404  36.652  32.815  -10.714 0.1000000015
95023  46.807  43.741  -12.645 0.1000000015
95035  46.798  43.420  -13.309 0.1000000015
93490  40.305  39.730  -19.114 0.1000000015
93494  40.897  38.729  -19.335 0.1000000015
93045  40.768  37.782  -18.969 0.1000000015
118066  40.413  36.509  -17.432 0.1000000015
92543  40.615  35.611  -16.765 0.1000000015
91967  40.797  34.869  -15.865 0.1000000015
94272  45.421  41.094  -14.337 0.1000000015
93899  42.550  39.059  -15.481 0.1000000015
93474  42.392  38.963  -16.942 0.1000000015
93483  41.835  39.386  -18.318 0.1000000015
93488  42.155  38.768  -18.829 0.1000000015
90936  40.842  33.743  -15.130 0.1000000015
89991  38.345  31.647  -12.002 0.1000000015
94291  44.745  40.045  -14.832 0.1000000015
90944  41.220  33.732  -15.279 0.1000000015
113373  42.324  32.150  -15.037 0.1000000015
90457  41.530  32.867  -15.159 0.1000000015
89501  37.941  30.835  -12.122 0.1000000015
89992  37.539  31.465  -11.651 0.1000000015
108017  42.743  30.656  -15.260 0.1000000015
90022  42.082  31.554  -15.441 0.1000000015
107969  41.365  32.290  -15.336 0.1000000015
89510  38.353  30.087  -12.483 0.1000000015
88999  39.047  29.701  -12.880 0.1000000015
89010  39.713  29.316  -13.367 0.1000000015
89036  43.121  29.550  -15.268 0.1000000015
89020  42.689  29.755  -14.567 0.1000000015
95337  49.833  43.449  -9.031 0.1000000015
95359  47.192  44.232  -10.894 0.1000000015
90405  35.723  32.613  -10.374 0.1000000015
117164  46.924  44.262  -11.610 0.1000000015
95370  46.867  44.200  -12.014 0.1000000015
90400  34.865  32.648  -9.879 0.1000000015
93026  39.824  37.454  -15.891 0.1000000015
92536  39.950  36.506  -14.948 0.1000000015
91968  40.289  35.504  -15.276 0.1000000015
91961  39.644  35.084  -14.098 0.1000000015
90413  37.063  32.178  -11.243 0.1000000015
89985  36.275  32.016  -10.852 0.1000000015
93035  40.023  37.718  -17.541 0.1000000015
92535  40.175  36.470  -16.394 0.1000000015
91430  40.685  34.292  -15.178 0.1000000015
90406  35.025  31.902  -10.278 0.1000000015
93900  41.336  39.653  -16.951 0.1000000015
93879  43.469  39.577  -14.421 0.1000000015
90458  40.989  33.005  -15.167 0.1000000015
89993  36.607  31.213  -11.369 0.1000000015
113854  35.867  31.258  -10.931 0.1000000015
89502  37.208  30.557  -11.775 0.1000000015
116581  35.999  30.550  -11.217 0.1000000015
115092  36.462  30.110  -11.513 0.1000000015
89503  35.683  29.664  -11.124 0.1000000015
101424  41.594  30.876  -15.658 0.1000000015
89511  37.607  30.079  -12.175 0.1000000015
88989  36.289  29.126  -11.515 0.1000000015
88976  35.153  29.102  -10.733 0.1000000015
89542  43.123  29.864  -15.542 0.1000000015
89000  38.401  29.275  -12.688 0.1000000015
89001  37.641  29.225  -12.362 0.1000000015
111922  42.897  29.223  -14.894 0.1000000015
89021  41.915  29.101  -14.482 0.1000000015
88435  38.849  28.861  -13.120 0.1000000015
95018  48.019  44.334  -10.160 0.1000000015
94666  45.443  42.107  -13.434 0.1000000015
106313  39.765  35.824  -14.241 0.1000000015
94681  46.310  42.107  -14.301 0.1000000015
93908  40.633  40.057  -18.608 0.1000000015
93914  40.133  40.107  -18.480 0.1000000015
89986  35.249  31.210  -10.568 0.1000000015
94273  44.145  40.318  -13.988 0.1000000015
106881  34.919  30.519  -10.485 0.1000000015
115783  40.456  33.206  -14.796 0.1000000015
89498  34.331  30.037  -10.222 0.1000000015
88977  34.612  29.181  -10.483 0.1000000015
88990  35.549  28.745  -11.182 0.1000000015
88453  42.575  28.581  -14.896 0.1000000015
88442  40.646  28.909  -13.877 0.1000000015
88430  36.823  28.733  -11.994 0.1000000015
88431  36.178  28.373  -11.622 0.1000000015
88454  41.256  28.271  -14.490 0.1000000015
88443  39.523  28.390  -13.539 0.1000000015
88444  38.576  27.894  -13.293 0.1000000015
95348  47.605  44.503  -10.227 0.1000000015
95371  46.526  44.154  -11.738 0.1000000015
95024  46.671  43.853  -12.535 0.1000000015
95036  46.118  43.293  -13.102 0.1000000015
94667  44.151  41.446  -12.480 0.1000000015
94257  44.245  40.879  -13.286 0.1000000015
94258  43.404  40.636  -12.598 0.1000000015
93036  39.929  39.293  -18.274 0.1000000015
120749  39.676  38.185  -15.369 0.1000000015
93020  39.695  37.391  -14.524 0.1000000015
93880  42.252  39.508  -14.088 0.1000000015
101633  41.466  39.570  -15.120 0.1000000015
116261  33.561  29.878  -9.859 0.1000000015
88978  33.893  29.290  -10.244 0.1000000015
122020  33.265  29.399  -10.068 0.1000000015
88979  32.663  29.349  -10.217 0.1000000015
111027  43.443  29.060  -15.905 0.1000000015
88436  38.082  28.534  -12.761 0.1000000015
88438  36.693  28.043  -12.073 0.1000000015
88425  34.193  28.742  -10.776 0.1000000015
87890  43.169  28.198  -15.403 0.1000000015
87875  37.741  27.778  -12.849 0.1000000015
122737  35.213  28.520  -11.170 0.1000000015
87893  39.838  27.088  -14.098 0.1000000015
122355  38.743  27.068  -13.493 0.1000000015
87883  38.078  27.098  -13.242 0.1000000015
87876  37.139  27.742  -12.497 0.1000000015
104413  48.340  44.474  -9.953 0.1000000015
95360  46.816  44.328  -11.439 0.1000000015
94653  44.951  42.576  -12.352 0.1000000015
94654  43.863  41.784  -11.591 0.1000000015
93484  39.941  39.799  -17.557 0.1000000015
93881  41.463  39.802  -14.004 0.1000000015
93909  40.204  40.301  -17.734 0.1000000015
110440  40.718  40.198  -16.519 0.1000000015
88967  31.222  29.671  -9.937 0.1000000015
87891  42.041  27.618  -15.037 0.1000000015
121772  41.149  26.769  -14.996 0.1000000015
114660  34.876  28.468  -11.202 0.1000000015
87871  36.172  27.921  -11.855 0.1000000015
87324  38.463  26.514  -13.758 0.1000000015
110624  37.606  26.535  -13.650 0.1000000015
94981  49.639  43.286  -8.218 0.1000000015
95339  48.791  44.372  -9.497 0.1000000015
95349  46.601  44.442  -10.504 0.1000000015
95019  45.541  43.744  -11.223 0.1000000015
94259  42.509  40.285  -12.415 0.1000000015
112671  39.640  38.661  -16.831 0.1000000015
93882  40.856  40.078  -14.971 0.1000000015
88980  31.868  29.428  -10.441 0.1000000015
88433  34.254  28.508  -11.443 0.1000000015
89549  43.107  29.579  -16.033 0.1000000015
88465  43.634  28.193  -16.015 0.1000000015
87901  43.254  27.256  -15.905 0.1000000015
87877  36.538  27.521  -12.550 0.1000000015
87878  35.737  27.774  -12.188 0.1000000015
88434  33.406  28.758  -11.403 0.1000000015
87330  42.048  26.708  -15.447 0.1000000015
104909  40.055  26.133  -14.652 0.1000000015
87331  41.298  25.880  -15.419 0.1000000015
87333  38.107  25.878  -14.362 0.1000000015
86761  40.472  24.941  -15.460 0.1000000015
115293  39.261  24.770  -15.166 0.1000000015
95325  49.222  44.021  -8.803 0.1000000015
95340  47.881  44.479  -9.551 0.1000000015
95007  44.779  43.606  -10.315 0.1000000015
94643  43.478  41.975  -10.718 0.1000000015
94245  42.172  40.503  -11.642 0.1000000015
93865  41.911  39.867  -13.133 0.1000000015
94275  40.441  40.813  -15.652 0.1000000015
88992  32.543  29.114  -11.032 0.1000000015
88981  31.023  29.539  -10.732 0.1000000015
89543  42.428  30.112  -15.873 0.1000000015
107721  34.853  28.172  -12.005 0.1000000015
121274  32.765  29.016  -11.734 0.1000000015
87340  43.884  26.350  -16.720 0.1000000015
87884  36.335  27.137  -13.150 0.1000000015
122132  35.908  27.410  -12.811 0.1000000015
119398  33.900  28.513  -12.203 0.1000000015
89049  43.096  28.951  -16.395 0.1000000015
87900  43.995  27.240  -16.727 0.1000000015
87341  42.677  25.933  -16.222 0.1000000015
86773  41.753  24.888  -16.147 0.1000000015
86763  37.944  25.144  -15.097 0.1000000015
87334  37.490  25.947  -14.452 0.1000000015
87326  36.463  26.713  -13.814 0.1000000015
87360  44.246  26.349  -17.199 0.1000000015
86783  43.675  25.437  -17.036 0.1000000015
86776  37.988  24.303  -15.845 0.1000000015
86764  37.452  25.428  -15.108 0.1000000015
86772  42.921  24.942  -16.840 0.1000000015
111424  40.953  24.404  -16.091 0.1000000015
86774  39.813  24.204  -15.815 0.1000000015
122558  38.912  23.805  -15.840 0.1000000015
91233  34.594  33.897  5.947 0.1000000015
111051  34.321  34.721  2.798 0.1000000015
91247  34.167  33.954  3.231 0.1000000015
90735  34.442  33.985  2.432 0.1000000015
90742  35.525  33.614  1.451 0.1000000015
95342  44.884  43.744  -8.928 0.1000000015
95343  43.924  43.298  -8.634 0.1000000015
95361  46.029  44.261  -10.898 0.1000000015
95351  44.537  43.629  -9.436 0.1000000015
95008  43.721  42.930  -9.410 0.1000000015
104715  43.928  42.694  -10.269 0.1000000015
94630  43.109  42.081  -9.870 0.1000000015
94246  41.268  40.462  -11.516 0.1000000015
94234  41.824  40.705  -10.893 0.1000000015
94644  42.500  41.347  -10.369 0.1000000015
93866  41.125  40.173  -13.331 0.1000000015
94682  40.571  41.064  -14.404 0.1000000015
94261  40.744  40.641  -13.158 0.1000000015
117897  40.799  40.439  -14.169 0.1000000015
93901  40.193  40.818  -16.955 0.1000000015
93475  39.592  39.206  -16.008 0.1000000015
90023  40.928  31.720  -15.425 0.1000000015
88993  31.637  29.386  -11.269 0.1000000015
89002  32.164  29.287  -12.013 0.1000000015
89533  39.612  30.258  -14.883 0.1000000015
89022  38.871  29.427  -14.780 0.1000000015
88445  34.346  28.263  -12.958 0.1000000015
88439  32.963  28.966  -12.556 0.1000000015
89037  42.518  29.549  -16.259 0.1000000015
88477  42.852  27.994  -16.879 0.1000000015
123228  40.039  28.752  -15.503 0.1000000015
87885  35.812  27.216  -13.495 0.1000000015
87895  35.180  27.548  -14.130 0.1000000015
88467  40.586  28.239  -15.872 0.1000000015
87343  36.242  26.605  -15.395 0.1000000015
86168  41.609  24.106  -17.142 0.1000000015
86169  40.301  24.009  -16.963 0.1000000015
86163  38.288  22.855  -16.175 0.1000000015
86786  37.775  24.744  -16.409 0.1000000015
86162  39.203  23.503  -16.234 0.1000000015
91232  35.869  34.425  6.653 0.1000000015
92310  36.916  36.248  5.135 0.1000000015
91240  35.239  34.603  5.786 0.1000000015
91780  36.158  35.942  4.863 0.1000000015
91241  34.497  34.249  5.171 0.1000000015
118095  37.973  40.940  3.221 0.1000000015
92321  35.822  36.282  4.257 0.1000000015
91784  35.124  35.950  3.812 0.1000000015
91777  34.964  34.936  4.883 0.1000000015
118221  34.146  33.907  4.666 0.1000000015
92329  34.914  36.408  3.147 0.1000000015
109611  34.437  34.479  4.395 0.1000000015
106684  34.373  34.619  3.604 0.1000000015
91785  34.565  35.511  3.171 0.1000000015
92888  34.706  37.178  1.859 0.1000000015
91792  34.452  35.476  2.322 0.1000000015
91798  34.576  35.426  1.646 0.1000000015
91251  34.446  34.747  2.049 0.1000000015
91797  34.972  35.261  1.077 0.1000000015
117246  35.869  35.007  0.450 0.1000000015
109276  44.380  43.064  -7.120 0.1000000015
95317  44.144  43.218  -6.236 0.1000000015
117119  43.574  43.601  -6.016 0.1000000015
94983  47.378  43.282  -7.832 0.1000000015
95327  47.020  43.946  -8.649 0.1000000015
118845  44.792  43.313  -8.037 0.1000000015
108362  43.485  43.277  -6.876 0.1000000015
95326  48.224  44.122  -8.705 0.1000000015
95330  43.294  43.071  -7.754 0.1000000015
95341  46.799  44.402  -9.605 0.1000000015
119119  45.855  44.253  -9.588 0.1000000015
94996  43.020  42.755  -8.449 0.1000000015
94986  42.505  42.777  -7.795 0.1000000015
95331  42.417  43.242  -7.106 0.1000000015
94631  42.083  41.538  -9.590 0.1000000015
94997  42.101  42.283  -8.261 0.1000000015
94987  41.688  42.617  -7.625 0.1000000015
94235  40.994  40.660  -10.758 0.1000000015
94632  41.114  41.275  -9.494 0.1000000015
108765  40.570  40.984  -12.233 0.1000000015
94247  40.747  40.724  -11.408 0.1000000015
94668  40.511  41.558  -13.396 0.1000000015
93902  39.781  40.337  -16.890 0.1000000015
95053  40.507  42.023  -14.871 0.1000000015
94292  39.808  41.335  -16.830 0.1000000015
91412  37.890  34.460  -12.931 0.1000000015
90446  40.457  32.500  -14.879 0.1000000015
90014  39.933  31.789  -14.729 0.1000000015
90447  39.575  32.458  -14.482 0.1000000015
89011  32.211  29.353  -12.844 0.1000000015
102103  39.224  31.053  -14.566 0.1000000015
122548  41.526  30.283  -15.814 0.1000000015
89038  41.297  29.571  -15.922 0.1000000015
87902  39.970  27.445  -16.075 0.1000000015
88446  33.942  28.416  -13.772 0.1000000015
88457  34.409  28.113  -14.468 0.1000000015
88466  42.051  28.854  -16.490 0.1000000015
88478  41.173  27.625  -16.427 0.1000000015
87913  40.741  26.903  -16.701 0.1000000015
87349  42.010  26.409  -17.487 0.1000000015
86178  41.647  24.176  -17.835 0.1000000015
86179  39.857  24.143  -18.084 0.1000000015
87905  35.499  27.262  -15.706 0.1000000015
87912  43.144  27.086  -17.383 0.1000000015
87361  43.424  26.039  -17.451 0.1000000015
86784  42.774  24.718  -17.141 0.1000000015
86798  37.614  22.231  -17.473 0.1000000015
87351  37.747  25.233  -17.024 0.1000000015
91775  36.502  35.644  5.539 0.1000000015
104207  38.066  39.096  3.503 0.1000000015
93743  37.819  40.000  3.158 0.1000000015
93744  37.155  39.071  3.222 0.1000000015
92877  36.672  38.108  3.468 0.1000000015
118213  37.336  37.827  3.901 0.1000000015
92327  36.187  36.813  4.011 0.1000000015
91781  35.409  35.611  4.529 0.1000000015
94114  37.290  40.783  2.824 0.1000000015
93750  36.682  39.901  2.628 0.1000000015
93329  36.200  38.843  2.819 0.1000000015
93320  35.684  37.984  3.048 0.1000000015
92328  35.552  36.663  3.665 0.1000000015
91782  34.743  35.197  4.071 0.1000000015
93339  35.230  38.891  1.636 0.1000000015
93330  35.424  38.489  2.327 0.1000000015
92887  35.091  37.640  2.470 0.1000000015
93340  34.989  38.499  1.233 0.1000000015
93331  34.979  38.093  1.784 0.1000000015
93349  35.085  38.535  0.008 0.1000000015
93346  34.969  38.546  0.709 0.1000000015
92894  34.808  37.813  1.140 0.1000000015
92344  34.679  36.911  1.064 0.1000000015
118802  35.495  38.454  -0.503 0.1000000015
92905  35.385  37.754  -0.203 0.1000000015
92898  35.058  37.209  0.374 0.1000000015
92343  35.187  36.411  0.467 0.1000000015
93773  36.460  39.371  -1.553 0.1000000015
91813  35.892  36.065  -0.022 0.1000000015
106266  38.077  38.186  -1.757 0.1000000015
94970  44.549  43.018  -5.570 0.1000000015
95314  44.097  43.592  -5.479 0.1000000015
95670  44.252  44.235  -4.914 0.1000000015
94975  46.671  42.498  -6.963 0.1000000015
94976  45.724  42.537  -6.705 0.1000000015
102578  45.106  44.481  -4.328 0.1000000015
94982  48.586  43.385  -7.999 0.1000000015
94977  44.924  42.747  -6.290 0.1000000015
94973  49.042  42.551  -7.352 0.1000000015
94984  46.241  43.117  -7.689 0.1000000015
94985  45.227  42.962  -7.427 0.1000000015
95315  43.407  44.179  -5.545 0.1000000015
95667  43.749  45.038  -4.987 0.1000000015
95318  42.814  43.735  -6.251 0.1000000015
106731  43.018  44.906  -5.366 0.1000000015
95319  41.829  43.704  -6.431 0.1000000015
94998  41.141  42.003  -8.138 0.1000000015
95332  41.304  43.101  -7.030 0.1000000015
94224  40.772  40.973  -10.125 0.1000000015
94618  40.651  41.608  -8.826 0.1000000015
111243  40.228  41.384  -9.680 0.1000000015
94693  40.394  41.480  -15.873 0.1000000015
93883  39.461  39.541  -15.110 0.1000000015
93467  39.492  38.361  -14.343 0.1000000015
91954  38.334  35.538  -12.789 0.1000000015
91955  37.428  35.213  -12.387 0.1000000015
90922  39.432  34.303  -14.022 0.1000000015
91411  38.871  34.810  -13.397 0.1000000015
105309  38.628  33.982  -13.547 0.1000000015
118187  38.585  33.318  -13.714 0.1000000015
91431  40.200  34.624  -14.753 0.1000000015
90937  40.075  33.817  -14.601 0.1000000015
90938  39.768  33.078  -14.491 0.1000000015
90448  39.019  32.869  -14.091 0.1000000015
90015  38.820  31.978  -14.212 0.1000000015
87350  41.030  26.482  -17.469 0.1000000015
87362  42.257  25.232  -17.953 0.1000000015
86796  41.942  24.326  -18.281 0.1000000015
86807  41.827  24.123  -19.346 0.1000000015
86797  38.220  22.335  -18.544 0.1000000015
110935  41.596  24.125  -19.224 0.1000000015
106401  37.396  22.210  -18.316 0.1000000015
87379  41.850  24.805  -18.959 0.1000000015
94511  38.412  41.583  3.643 0.1000000015
107207  38.678  40.645  3.461 0.1000000015
93742  38.788  39.715  3.527 0.1000000015
93318  38.845  38.899  3.792 0.1000000015
94905  37.196  42.506  3.163 0.1000000015
110080  36.487  42.105  2.284 0.1000000015
94520  36.868  41.484  2.631 0.1000000015
94116  36.602  40.797  2.423 0.1000000015
94922  35.864  42.956  0.946 0.1000000015
94528  35.931  42.037  1.467 0.1000000015
94521  36.260  41.364  2.070 0.1000000015
94117  35.896  40.452  1.966 0.1000000015
93751  35.728  39.414  2.164 0.1000000015
95296  37.436  43.384  -1.577 0.1000000015
95284  36.335  43.451  -0.520 0.1000000015
94927  35.822  42.919  -0.002 0.1000000015
94537  35.399  41.477  -0.080 0.1000000015
94529  35.506  41.380  0.818 0.1000000015
94123  35.427  40.572  1.134 0.1000000015
93757  35.369  39.738  1.420 0.1000000015
94945  37.198  42.437  -1.845 0.1000000015
94934  36.086  42.668  -0.826 0.1000000015
94546  35.628  41.501  -0.883 0.1000000015
103435  35.139  39.992  -0.173 0.1000000015
93768  35.045  39.241  0.266 0.1000000015
94944  38.078  42.889  -2.112 0.1000000015
94572  37.957  42.036  -2.350 0.1000000015
94556  36.429  41.103  -1.678 0.1000000015
94144  35.844  40.788  -1.297 0.1000000015
111792  35.465  40.064  -0.913 0.1000000015
109351  38.311  40.202  -2.470 0.1000000015
94142  37.450  40.306  -2.228 0.1000000015
103646  35.946  40.032  -1.376 0.1000000015
118483  39.414  40.077  -2.730 0.1000000015
93785  38.876  39.527  -2.445 0.1000000015
93772  37.141  39.663  -1.994 0.1000000015
93367  38.421  38.770  -2.127 0.1000000015
94966  44.763  43.381  -4.743 0.1000000015
94974  47.794  42.503  -7.166 0.1000000015
94604  47.113  41.826  -6.287 0.1000000015
119379  45.547  42.349  -5.877 0.1000000015
94969  45.177  42.513  -5.164 0.1000000015
95666  44.757  45.408  -4.650 0.1000000015
95671  42.322  44.404  -5.761 0.1000000015
94619  39.833  41.770  -8.907 0.1000000015
94988  40.726  42.499  -7.574 0.1000000015
94656  40.351  41.243  -11.476 0.1000000015
94236  40.345  41.124  -10.659 0.1000000015
94633  39.555  41.880  -9.616 0.1000000015
95037  40.577  42.893  -14.126 0.1000000015
95027  40.287  42.006  -12.300 0.1000000015
94657  39.887  41.721  -11.071 0.1000000015
95062  40.704  43.132  -15.771 0.1000000015
94300  39.976  41.878  -17.167 0.1000000015
94293  39.777  41.268  -16.976 0.1000000015
105359  39.477  40.593  -16.136 0.1000000015
91962  39.183  35.682  -13.484 0.1000000015
86810  37.555  22.897  -18.737 0.1000000015
87363  41.475  26.001  -18.391 0.1000000015
93740  40.776  40.080  3.938 0.1000000015
93737  40.503  39.037  4.158 0.1000000015
94113  39.625  40.348  3.706 0.1000000015
93741  39.697  39.422  3.846 0.1000000015
95643  36.603  44.250  -0.201 0.1000000015
95271  36.260  43.644  1.350 0.1000000015
95655  37.693  44.229  -1.270 0.1000000015
95283  36.877  43.926  -1.050 0.1000000015
95280  36.168  43.650  0.405 0.1000000015
95294  39.304  44.025  -1.845 0.1000000015
95295  38.335  43.701  -1.754 0.1000000015
95293  40.250  43.928  -2.124 0.1000000015
95306  39.661  43.461  -2.306 0.1000000015
94958  38.784  42.429  -2.511 0.1000000015
94957  39.682  42.761  -2.644 0.1000000015
105510  39.438  41.945  -2.888 0.1000000015
94571  38.700  41.583  -2.667 0.1000000015
94964  40.875  42.092  -3.158 0.1000000015
94570  39.998  41.411  -3.145 0.1000000015
118930  39.351  41.268  -2.929 0.1000000015
94151  41.969  40.186  -2.960 0.1000000015
94603  48.311  41.752  -6.514 0.1000000015
94597  45.879  41.906  -5.232 0.1000000015
95665  45.906  45.843  -4.184 0.1000000015
96341  45.943  46.988  -4.097 0.1000000015
95983  44.344  46.348  -5.047 0.1000000015
95982  45.319  46.911  -4.676 0.1000000015
95986  42.496  45.492  -5.389 0.1000000015
95985  43.364  45.919  -5.220 0.1000000015
95320  40.824  43.605  -6.481 0.1000000015
95676  41.253  44.242  -5.936 0.1000000015
122877  39.341  42.142  -8.996 0.1000000015
94620  39.503  42.300  -8.382 0.1000000015
95333  40.312  43.016  -7.015 0.1000000015
95677  40.348  44.140  -6.054 0.1000000015
95379  40.437  43.296  -12.767 0.1000000015
95070  39.889  42.219  -16.709 0.1000000015
94704  39.949  42.123  -17.293 0.1000000015
95395  41.170  44.176  -15.785 0.1000000015
94694  39.844  41.788  -17.163 0.1000000015
94276  39.294  41.222  -16.021 0.1000000015
92528  38.867  36.454  -13.063 0.1000000015
92519  38.198  36.481  -12.465 0.1000000015
93012  38.644  37.248  -12.733 0.1000000015
93021  39.252  37.343  -13.506 0.1000000015
122451  38.738  38.580  -12.784 0.1000000015
95653  39.325  44.730  -1.392 0.1000000015
95305  40.693  43.435  -2.464 0.1000000015
95659  41.937  43.728  -2.228 0.1000000015
95304  41.341  43.233  -2.609 0.1000000015
94567  42.974  41.880  -2.906 0.1000000015
94568  41.383  41.497  -3.229 0.1000000015
94581  40.627  41.584  -3.212 0.1000000015
116484  42.118  41.839  -3.155 0.1000000015
94161  41.487  40.719  -3.170 0.1000000015
109761  45.404  42.741  -4.135 0.1000000015
95658  46.316  44.283  -2.219 0.1000000015
115944  46.863  46.367  -3.021 0.1000000015
96327  46.439  46.578  -3.450 0.1000000015
96353  42.935  46.850  -5.389 0.1000000015
96352  43.943  47.288  -5.357 0.1000000015
96342  45.128  47.689  -4.865 0.1000000015
95000  38.984  42.688  -8.716 0.1000000015
94990  39.044  42.851  -7.924 0.1000000015
95322  39.113  43.813  -6.782 0.1000000015
95672  40.639  44.845  -5.639 0.1000000015
95987  40.939  45.851  -5.418 0.1000000015
95028  39.856  42.624  -11.491 0.1000000015
107297  39.466  42.303  -10.421 0.1000000015
95352  38.731  43.283  -9.290 0.1000000015
95335  38.673  43.559  -7.522 0.1000000015
95405  40.773  43.930  -16.336 0.1000000015
95413  40.093  43.187  -16.640 0.1000000015
95063  39.993  42.569  -16.929 0.1000000015
94683  39.219  42.133  -15.874 0.1000000015
94277  38.968  40.788  -14.481 0.1000000015
109031  39.025  38.063  -13.139 0.1000000015
111074  39.149  38.940  -13.623 0.1000000015
93884  39.126  39.887  -14.072 0.1000000015
95970  41.414  45.079  -1.116 0.1000000015
106076  40.028  44.618  -1.533 0.1000000015
95660  41.111  43.901  -2.166 0.1000000015
95650  42.513  44.210  -1.706 0.1000000015
111104  42.938  42.721  -2.670 0.1000000015
95651  41.669  44.398  -1.670 0.1000000015
96351  44.762  48.290  -5.179 0.1000000015
96728  43.513  48.347  -5.343 0.1000000015
96718  44.231  48.612  -5.198 0.1000000015
95679  38.929  44.387  -6.436 0.1000000015
95988  39.874  45.473  -5.510 0.1000000015
103233  41.933  46.299  -5.396 0.1000000015
111237  39.493  43.124  -10.949 0.1000000015
95363  39.156  43.194  -10.170 0.1000000015
95344  38.506  43.374  -8.376 0.1000000015
95682  38.377  44.269  -7.043 0.1000000015
95372  40.017  43.678  -11.794 0.1000000015
95406  40.085  43.636  -16.640 0.1000000015
94684  38.818  41.759  -14.549 0.1000000015
95741  40.555  44.211  -16.477 0.1000000015
95303  42.883  43.508  -2.241 0.1000000015
95302  43.566  43.065  -2.304 0.1000000015
95291  43.821  43.591  -1.821 0.1000000015
119436  44.396  48.243  -5.290 0.1000000015
95674  39.238  44.834  -5.893 0.1000000015
109346  42.387  47.708  -5.414 0.1000000015
95362  39.461  43.984  -11.003 0.1000000015
105039  38.061  44.162  -7.963 0.1000000015
95992  38.397  45.018  -6.392 0.1000000015
95378  40.998  44.223  -14.398 0.1000000015
95699  40.313  44.760  -12.052 0.1000000015
95732  40.507  44.810  -16.549 0.1000000015
95396  39.852  44.369  -16.452 0.1000000015
95054  39.617  43.267  -16.328 0.1000000015
95055  39.089  43.511  -15.146 0.1000000015
113318  39.030  42.665  -15.134 0.1000000015
95290  44.526  42.991  -1.913 0.1000000015
122586  38.665  44.683  -9.732 0.1000000015
95999  37.948  45.111  -8.624 0.1000000015
95996  37.828  45.105  -7.409 0.1000000015
95990  38.302  45.743  -6.067 0.1000000015
96354  41.365  47.179  -5.414 0.1000000015
95689  39.616  44.971  -11.129 0.1000000015
105021  38.322  44.230  -9.084 0.1000000015
95707  41.566  45.439  -14.799 0.1000000015
111593  41.525  45.066  -15.739 0.1000000015
103638  41.188  44.961  -16.376 0.1000000015
95720  41.510  45.794  -15.822 0.1000000015
96047  40.997  45.733  -16.275 0.1000000015
96004  39.131  45.177  -10.292 0.1000000015
96001  38.543  45.241  -9.568 0.1000000015
111810  37.937  45.616  -6.668 0.1000000015
96357  38.585  46.366  -5.739 0.1000000015
96355  40.337  46.637  -5.390 0.1000000015
96356  39.374  46.360  -5.476 0.1000000015
96730  41.849  48.511  -5.273 0.1000000015
95698  41.615  45.949  -13.691 0.1000000015
95721  40.215  45.364  -16.293 0.1000000015
96317  41.843  46.580  -3.014 0.1000000015
96391  38.561  46.271  -9.317 0.1000000015
109134  37.813  45.931  -8.197 0.1000000015
96367  37.994  46.291  -6.324 0.1000000015
113814  42.472  47.126  -3.560 0.1000000015
96003  40.162  45.942  -11.222 0.1000000015
122250  39.829  47.246  -5.389 0.1000000015
96731  40.801  48.128  -5.328 0.1000000015
108869  42.217  49.166  -5.130 0.1000000015
96020  41.780  46.369  -14.994 0.1000000015
95397  39.253  44.436  -15.081 0.1000000015
97097  41.412  49.120  -5.077 0.1000000015
96395  39.360  46.054  -10.308 0.1000000015
111807  39.052  47.200  -5.528 0.1000000015
96331  41.631  48.359  -4.176 0.1000000015
114793  42.946  48.837  -4.493 0.1000000015
96732  39.849  48.228  -5.324 0.1000000015
96720  41.402  49.309  -4.772 0.1000000015
97098  40.697  49.192  -5.040 0.1000000015
88337  27.560  28.962  0.333 0.1000000015
89405  27.900  30.273  0.303 0.1000000015
87808  26.600  27.288  -1.492 0.1000000015
93319  37.564  38.433  3.648 0.1000000015
93312  38.698  38.230  4.135 0.1000000015
96706  41.102  49.023  -4.247 0.1000000015
89936  39.822  31.397  -4.669 0.1000000015
113306  40.596  33.889  -4.461 0.1000000015
93357  37.415  38.831  -1.845 0.1000000015
93774  35.750  39.494  -1.143 0.1000000015
94160  42.307  41.055  -3.129 0.1000000015
91254  34.891  34.739  1.414 0.1000000015
104746  49.212  43.659  -9.613 0.1000000015
88902  27.302  29.800  -0.452 0.1000000015
87801  26.633  27.308  -0.660 0.1000000015
88354  26.837  28.235  -1.117 0.1000000015
106884  43.876  37.741  -12.981 0.1000000015
94242  46.029  40.870  -11.743 0.1000000015
93454  45.155  38.848  -13.096 0.1000000015
93018  45.378  36.984  -14.174 0.1000000015
90901  44.459  32.965  -12.953 0.1000000015
88887  30.015  29.322  1.087 0.1000000015
88325  28.913  28.084  1.211 0.1000000015
89403  29.848  30.366  0.694 0.1000000015
89890  29.356  31.237  0.396 0.1000000015
90339  29.355  32.603  -0.290 0.1000000015
90782  29.811  33.320  -0.675 0.1000000015
90781  30.769  33.226  -0.711 0.1000000015
89404  28.682  30.518  0.539 0.1000000015
89901  28.923  31.924  0.114 0.1000000015
117727  28.582  31.306  0.283 0.1000000015
92401  33.357  36.719  -4.394 0.1000000015
92387  32.089  36.380  -3.847 0.1000000015
91297  31.340  35.122  -2.075 0.1000000015
91298  30.393  35.111  -2.168 0.1000000015
90795  29.362  33.967  -1.187 0.1000000015
90340  28.485  32.413  -0.403 0.1000000015
104727  33.737  37.028  -5.104 0.1000000015
108868  33.153  36.592  -5.461 0.1000000015
91849  31.352  36.128  -4.036 0.1000000015
91838  30.893  35.628  -2.804 0.1000000015
91299  29.534  34.937  -2.397 0.1000000015
90796  28.525  33.715  -1.479 0.1000000015
90347  28.076  32.887  -1.086 0.1000000015
92464  37.353  36.565  -8.224 0.1000000015
92465  36.520  36.186  -8.289 0.1000000015
92444  33.713  36.549  -6.076 0.1000000015
92422  31.779  35.906  -5.219 0.1000000015
92403  31.883  36.272  -4.584 0.1000000015
120723  30.293  35.543  -3.498 0.1000000015
91300  28.790  34.539  -2.765 0.1000000015
90797  27.821  33.187  -1.957 0.1000000015
89911  27.395  31.386  -1.377 0.1000000015
91903  37.963  35.968  -9.107 0.1000000015
92456  34.664  36.235  -7.280 0.1000000015
91871  32.106  35.601  -5.876 0.1000000015
91859  29.973  35.241  -4.281 0.1000000015
88353  27.118  29.075  -1.428 0.1000000015
89418  27.266  30.509  -1.724 0.1000000015
88912  27.280  29.608  -2.107 0.1000000015
94202  45.227  40.123  -7.748 0.1000000015
93878  46.329  39.046  -13.777 0.1000000015
93895  47.062  39.807  -15.272 0.1000000015
92525  45.365  36.536  -14.618 0.1000000015
90417  44.081  32.645  -12.913 0.1000000015
87780  30.467  27.671  1.368 0.1000000015
87807  35.688  27.310  -1.107 0.1000000015
88351  35.674  28.074  -1.311 0.1000000015
87811  37.226  28.344  -2.966 0.1000000015
106054  36.655  28.951  -2.850 0.1000000015
88910  36.221  29.644  -2.896 0.1000000015
88363  37.689  28.391  -3.696 0.1000000015
88923  37.032  29.805  -4.005 0.1000000015
89888  31.145  31.044  0.224 0.1000000015
89889  30.280  31.173  0.357 0.1000000015
89899  30.740  31.780  -0.056 0.1000000015
91285  31.770  34.434  -1.599 0.1000000015
92400  34.296  36.738  -4.331 0.1000000015
92944  37.192  37.388  -6.594 0.1000000015
90805  28.181  33.914  -3.197 0.1000000015
90816  27.744  33.326  -3.592 0.1000000015
92540  45.204  36.876  -15.300 0.1000000015
91422  44.550  33.433  -13.554 0.1000000015
90430  44.008  32.544  -13.232 0.1000000015
90002  43.076  31.678  -13.641 0.1000000015
88342  35.199  28.439  -1.141 0.1000000015
88899  34.259  29.342  -0.928 0.1000000015
104399  33.769  28.962  -0.295 0.1000000015
105143  33.211  29.337  0.033 0.1000000015
101505  32.024  28.741  0.671 0.1000000015
88911  35.597  29.905  -2.450 0.1000000015
89422  35.972  30.422  -3.013 0.1000000015
89423  35.364  30.823  -2.558 0.1000000015
89442  36.962  30.695  -3.884 0.1000000015
90791  33.033  33.371  -1.530 0.1000000015
118646  33.254  32.613  -1.430 0.1000000015
91293  34.830  34.266  -2.701 0.1000000015
91295  33.161  34.746  -2.196 0.1000000015
118928  35.267  36.196  -4.033 0.1000000015
91835  33.583  35.204  -2.626 0.1000000015
92418  36.208  37.082  -5.259 0.1000000015
104274  35.073  36.883  -4.620 0.1000000015
92419  35.410  37.202  -5.162 0.1000000015
120200  39.191  33.785  -10.874 0.1000000015
91980  42.018  35.875  -16.988 0.1000000015
90445  43.244  32.072  -14.158 0.1000000015
89998  40.134  31.747  -12.659 0.1000000015
89909  33.685  31.268  -1.335 0.1000000015
89408  33.021  30.513  -0.510 0.1000000015
89926  36.287  31.803  -3.260 0.1000000015
89917  35.581  31.706  -2.775 0.1000000015
90344  33.761  32.069  -1.592 0.1000000015
103563  38.308  31.863  -4.350 0.1000000015
90367  37.909  32.671  -3.956 0.1000000015
90358  35.769  33.118  -2.918 0.1000000015
90814  35.606  33.942  -3.019 0.1000000015
109466  38.368  34.205  -4.269 0.1000000015
91855  38.578  34.907  -4.533 0.1000000015
110091  36.151  34.452  -3.478 0.1000000015
91857  36.246  35.862  -4.282 0.1000000015
91853  40.034  35.281  -4.816 0.1000000015
104598  38.273  36.366  -5.279 0.1000000015
91856  37.133  35.643  -4.508 0.1000000015
92417  37.454  36.342  -5.045 0.1000000015
91325  40.667  35.128  -4.816 0.1000000015
91867  40.376  35.819  -5.163 0.1000000015
92416  39.104  36.406  -5.435 0.1000000015
92439  39.401  37.041  -5.906 0.1000000015
115201  40.874  36.580  -5.600 0.1000000015
108450  40.919  37.430  -6.227 0.1000000015
92438  40.164  37.170  -5.993 0.1000000015
92941  40.175  37.649  -6.759 0.1000000015
91981  41.285  35.903  -17.549 0.1000000015
89509  39.120  30.416  -12.698 0.1000000015
90881  35.413  33.356  -9.850 0.1000000015
93041  40.177  38.478  -18.916 0.1000000015
94274  43.105  39.994  -13.277 0.1000000015
92527  39.526  36.536  -13.838 0.1000000015
87892  40.694  27.313  -14.504 0.1000000015
95025  45.781  43.522  -12.076 0.1000000015
87332  39.199  26.685  -13.926 0.1000000015
95026  44.574  42.865  -11.201 0.1000000015
94655  42.846  41.149  -11.145 0.1000000015
94244  43.163  40.870  -11.904 0.1000000015
106795  38.903  25.855  -14.405 0.1000000015
94260  41.564  40.213  -12.325 0.1000000015
108193  40.931  40.472  -12.250 0.1000000015
90024  40.342  31.035  -15.197 0.1000000015
87336  36.326  26.569  -14.643 0.1000000015
86777  37.460  25.282  -15.633 0.1000000015
91239  36.119  35.077  6.078 0.1000000015
90296  34.477  33.077  2.858 0.1000000015
90743  34.863  34.093  1.743 0.1000000015
95350  45.432  44.172  -9.974 0.1000000015
95009  42.640  42.209  -9.053 0.1000000015
94645  41.504  40.982  -10.183 0.1000000015
89039  39.926  29.531  -15.300 0.1000000015
105628  36.970  25.946  -15.849 0.1000000015
86189  41.981  24.292  -18.243 0.1000000015
86170  38.737  22.664  -16.957 0.1000000015
86799  37.273  22.820  -17.645 0.1000000015
91776  35.705  35.327  5.285 0.1000000015
94512  37.527  41.678  3.161 0.1000000015
92332  34.607  36.192  2.514 0.1000000015
92337  34.544  36.263  1.814 0.1000000015
95328  45.769  43.731  -8.588 0.1000000015
95329  44.099  43.232  -7.935 0.1000000015
94617  41.604  41.736  -8.842 0.1000000015
111592  39.749  40.990  -16.834 0.1000000015
94703  40.075  42.050  -17.074 0.1000000015
90923  39.237  33.558  -14.045 0.1000000015
89544  40.708  30.336  -15.593 0.1000000015
90016  38.130  31.019  -14.133 0.1000000015
86795  42.777  24.880  -17.359 0.1000000015
93758  35.030  39.149  0.985 0.1000000015
92899  34.973  37.905  0.461 0.1000000015
122392  34.832  37.481  0.759 0.1000000015
94605  46.193  42.061  -6.062 0.1000000015
94999  40.225  42.012  -8.187 0.1000000015
94646  39.811  41.626  -10.282 0.1000000015
94923  35.602  42.188  0.449 0.1000000015
95297  36.661  43.061  -1.277 0.1000000015
94133  35.265  40.693  0.298 0.1000000015
94139  35.389  40.766  -0.554 0.1000000015
93767  35.150  39.894  0.634 0.1000000015
94946  36.407  42.259  -1.395 0.1000000015
109645  37.328  41.667  -2.142 0.1000000015
94557  36.105  41.586  -1.370 0.1000000015
95307  38.953  43.233  -2.250 0.1000000015
94155  37.916  41.087  -2.425 0.1000000015
93786  37.916  39.527  -2.254 0.1000000015
122581  38.876  40.113  -2.606 0.1000000015
94989  39.819  42.566  -7.661 0.1000000015
95010  39.187  42.527  -9.493 0.1000000015
96343  44.860  47.768  -5.174 0.1000000015
102426  41.585  45.107  -5.533 0.1000000015
95321  39.915  43.587  -6.551 0.1000000015
95673  39.916  44.646  -5.778 0.1000000015
94955  41.552  42.418  -3.025 0.1000000015
101399  42.166  43.020  -2.696 0.1000000015
94954  42.342  42.369  -2.938 0.1000000015
93867  38.695  39.314  -12.869 0.1000000015
95690  38.954  44.205  -10.068 0.1000000015
95708  40.745  44.509  -13.164 0.1000000015
73479  49.895  6.512  17.081 0.1000000015
73467  50.233  6.985  17.379 0.1000000015
74247  49.540  6.679  18.037 0.1000000015
75039  48.637  8.491  16.269 0.1000000015
75026  49.896  8.046  17.242 0.1000000015
75050  49.804  8.736  16.448 0.1000000015
75037  51.416  8.515  16.365 0.1000000015
74267  51.339  8.025  16.431 0.1000000015
74268  50.702  7.612  17.027 0.1000000015
74281  51.532  7.854  15.584 0.1000000015
77350  43.060  11.005  18.088 0.1000000015
74257  49.301  7.382  17.726 0.1000000015
74258  48.065  7.355  17.253 0.1000000015
71962  46.533  3.918  18.335 0.1000000015
78109  43.177  12.159  16.378 0.1000000015
77357  43.320  11.718  17.277 0.1000000015
76659  42.648  10.316  18.206 0.1000000015
75017  42.596  8.240  18.848 0.1000000015
74239  43.706  7.682  20.347 0.1000000015
74270  48.432  7.915  16.835 0.1000000015
75944  49.356  9.138  15.184 0.1000000015
75957  48.813  9.453  14.002 0.1000000015
106880  51.358  8.993  15.984 0.1000000015
75956  50.325  9.394  14.823 0.1000000015
75049  51.737  8.324  15.842 0.1000000015
75955  51.767  9.230  15.196 0.1000000015
75062  52.067  8.329  15.133 0.1000000015
77358  42.572  11.554  16.853 0.1000000015
76667  42.019  10.834  17.269 0.1000000015
75914  42.211  8.993  18.246 0.1000000015
75945  48.269  9.098  14.408 0.1000000015
75966  49.404  9.879  13.452 0.2000000030
78117  42.013  12.303  15.350 0.1000000015
104094  41.370  10.970  16.436 0.1000000015
75922  41.291  9.629  17.252 0.1000000015
77375  41.140  11.911  15.116 0.1000000015
76676  40.892  11.141  15.743 0.1000000015
76669  40.782  10.262  16.350 0.1000000015
78908  40.108  13.175  13.347 0.1000000015
78140  40.655  12.906  13.822 0.1000000015
109824  40.491  11.290  15.154 0.1000000015
79596  40.141  14.372  12.340 0.1000000015
78141  39.754  12.462  13.620 0.1000000015
77377  39.747  11.720  14.171 0.1000000015
79597  39.376  13.881  12.333 0.2000000030
78916  38.554  13.349  12.269 0.1000000015
75915  41.218  8.928  17.387 0.1000000015
76689  39.816  10.984  14.793 0.1000000015
78142  39.002  12.340  13.234 0.1000000015
78907  41.362  13.455  13.752 0.1000000015
77376  40.405  11.774  14.634 0.1000000015
77364  42.360  11.950  16.008 0.1000000015
76660  41.986  9.958  17.855 0.1000000015
75913  43.133  9.426  18.913 0.1000000015
117377  41.933  11.416  16.446 0.1000000015
78153  39.343  13.079  12.936 0.1000000015
84869  41.433  22.546  -0.268 0.1000000015
84868  42.085  23.099  -0.765 0.1000000015
86073  42.706  24.102  -2.311 0.1000000015
85474  42.422  23.715  -1.448 0.1000000015
86064  41.982  24.161  -1.779 0.1000000015
82451  40.437  18.578  -0.090 0.1000000015
82452  40.001  18.034  0.121 0.1000000015
83042  40.323  19.427  0.213 0.1000000015
83043  39.493  19.640  0.766 0.1000000015
83064  43.848  19.141  -1.884 0.1000000015
83659  40.148  20.446  0.440 0.1000000015
84870  40.859  21.930  0.159 0.1000000015
81827  42.126  18.048  -1.837 0.1000000015
113545  41.622  18.184  -1.294 0.1000000015
118402  41.406  18.572  -0.848 0.1000000015
102372  41.024  19.144  -0.399 0.1000000015
83050  40.911  20.080  -0.080 0.1000000015
82457  43.229  18.822  -1.853 0.1000000015
83670  40.907  21.005  0.130 0.1000000015
83669  41.550  20.649  -0.301 0.1000000015
84278  41.622  21.596  -0.247 0.1000000015
106609  42.080  22.292  -0.505 0.1000000015
84875  43.471  22.754  -1.411 0.1000000015
84876  42.774  22.414  -0.849 0.1000000015
85481  44.477  23.100  -2.432 0.1000000015
86072  43.428  23.747  -2.417 0.1000000015
85473  43.159  23.559  -1.760 0.1000000015
82459  41.985  18.704  -1.183 0.1000000015
111182  41.612  19.809  -0.513 0.1000000015
82458  42.627  18.815  -1.551 0.1000000015
83056  42.311  19.514  -0.971 0.1000000015
83668  42.202  20.371  -0.644 0.1000000015
103827  43.175  19.578  -1.407 0.1000000015
102106  42.793  20.204  -0.975 0.1000000015
113379  44.296  21.009  -1.398 0.1000000015
84284  43.498  21.399  -1.070 0.1000000015
84277  42.414  21.690  -0.576 0.1000000015
84874  44.260  22.636  -1.796 0.1000000015
108201  43.974  21.980  -1.377 0.1000000015
85472  43.862  23.337  -2.041 0.1000000015
83680  43.441  20.532  -1.158 0.1000000015
105778  42.115  21.060  -0.490 0.1000000015
83681  42.808  21.005  -0.760 0.1000000015
82445  39.799  18.727  0.413 0.1000000015
118720  40.894  18.397  -0.561 0.1000000015
86074  41.814  24.363  -2.489 0.1000000015
102888  42.801  23.131  -1.209 0.1000000015
67995  44.883  -0.618  18.300 0.1000000015
67996  44.214  -0.997  18.369 0.1000000015
67997  43.146  -1.009  18.533 0.1000000015
69680  41.579  0.694  20.659 0.1000000015
69694  43.303  0.582  17.974 0.1000000015
69695  42.444  0.351  18.678 0.1000000015
70479  42.400  2.108  22.106 0.2000000030
71201  42.642  2.603  22.244 0.2000000030
71207  40.947  2.415  21.731 0.1000000015
71227  48.512  3.952  18.408 0.1000000015
71237  48.273  3.437  18.446 0.1000000015
71254  37.116  3.349  17.441 0.1000000015
71266  41.384  3.229  15.505 0.2000000030
71919  42.930  3.620  22.317 0.1000000015
71935  43.375  4.515  22.010 0.2000000030
71936  43.199  4.200  21.486 0.2000000030
71949  48.393  3.933  18.541 0.1000000015
71950  48.257  4.139  18.673 0.1000000015
71951  47.905  3.401  18.855 0.1000000015
71990  42.633  4.643  15.115 0.2000000030
72007  39.249  4.526  14.411 0.2000000030
72018  38.813  5.028  13.986 0.2000000030
72663  43.172  5.640  22.031 0.2000000030
72664  42.290  4.377  22.309 0.2000000030
72670  41.484  5.210  21.801 0.1000000015
72692  38.341  4.878  19.264 0.1000000015
72711  47.210  5.620  17.879 0.2000000030
72715  35.658  5.335  16.859 0.1000000015
72728  38.571  5.328  14.856 0.2000000030
72740  43.524  5.836  14.795 0.3000000119
72750  40.022  5.158  13.213 0.2000000030
72760  38.614  5.877  12.902 0.2000000030
73429  43.369  6.437  21.658 0.1000000015
73447  43.829  7.068  20.819 0.1000000015
73456  49.090  6.266  18.303 0.1000000015
73470  47.475  6.662  17.370 0.2000000030
73473  39.594  6.186  16.548 0.2000000030
73474  39.053  5.850  15.896 0.2000000030
73484  44.097  6.164  14.917 0.2000000030
73513  38.045  6.027  13.477 0.2000000030
73520  42.201  6.733  13.047 0.3000000119
73521  41.272  6.474  12.671 0.3000000119
73583  49.111  6.094  5.930 0.1000000015
73594  51.170  6.355  4.429 0.1000000015
74240  42.771  7.689  19.213 0.2000000030
74256  50.044  7.131  17.610 0.1000000015
74274  38.374  7.461  14.922 0.2000000030
74275  36.176  7.400  15.451 0.1000000015
74277  34.705  7.067  14.966 0.1000000015
74286  44.714  7.233  14.454 0.2000000030
74287  44.170  6.996  14.236 0.3000000119
74288  37.882  7.456  14.408 0.2000000030
74289  37.509  7.083  13.767 0.2000000030
74291  34.140  7.817  14.776 0.1000000015
74300  44.933  7.741  13.983 0.2000000030
74302  42.974  7.002  13.377 0.3000000119
74324  39.636  7.392  11.291 0.2000000030
74326  37.305  7.532  12.224 0.2000000030
74336  40.177  7.829  11.014 0.2000000030
74366  56.143  8.899  6.781 0.2000000030
74374  56.025  8.500  6.224 0.1000000015
74394  55.750  8.621  5.327 0.1000000015
75018  41.562  8.346  17.794 0.1000000015
75019  39.226  8.621  17.761 0.1000000015
75020  38.568  8.657  17.227 0.1000000015
75021  31.170  8.500  17.538 0.1000000015
75031  36.647  8.809  15.657 0.1000000015
75038  50.842  8.343  16.810 0.1000000015
75040  47.464  8.159  15.727 0.2000000030
75044  35.334  8.378  14.836 0.1000000015
75048  52.125  8.715  15.231 0.1000000015
75054  39.101  8.899  15.216 0.2000000030
75081  36.871  8.272  11.999 0.2000000030
75093  42.453  8.433  11.519 0.3000000119
75095  37.702  8.370  10.970 0.2000000030
75105  42.716  9.017  11.012 0.3000000119
75121  55.781  9.154  7.391 0.2000000030
75128  56.059  8.859  5.996 0.1000000015
75152  43.271  9.512  5.008 0.2000000030
75177  52.382  8.853  3.026 0.1000000015
75204  45.520  8.480  0.906 0.1000000015
75243  48.017  8.067  -1.514 0.1000000015
75924  39.935  9.060  16.011 0.2000000030
75932  40.120  9.757  15.846 0.2000000030
75939  30.937  9.745  15.756 0.1000000015
75940  30.299  10.067  16.136 0.1000000015
75942  51.667  8.630  15.881 0.1000000015
75943  50.687  8.965  16.223 0.1000000015
75947  38.523  9.613  14.369 0.2000000030
75954  52.571  9.227  14.446 0.2000000030
75964  53.705  10.462  12.862 0.1000000015
75975  54.195  10.132  12.217 0.1000000015
75977  46.931  9.912  11.932 0.4000000060
75978  46.064  9.754  11.748 0.4000000060
75979  45.248  9.577  11.575 0.3000000119
75980  44.373  9.305  11.512 0.3000000119
75981  43.490  9.209  11.213 0.3000000119
75982  36.773  9.437  11.404 0.2000000030
75987  54.672  9.760  11.451 0.1000000015
76007  38.953  10.046  9.525 0.3000000119
76008  37.914  10.162  9.696 0.2000000030
76029  45.935  9.962  7.166 0.2000000030
76032  55.333  9.426  6.224 0.1000000015
76084  43.714  9.704  0.634 0.1000000015
76662  38.631  10.316  17.529 0.1000000015
76663  37.506  11.193  17.127 0.1000000015
76668  41.414  10.345  17.014 0.1000000015
76691  38.505  10.343  13.970 0.2000000030
76692  32.620  11.454  14.602 0.1000000015
76699  52.062  10.030  14.138 0.2000000030
76734  37.312  10.188  10.153 0.2000000030
76745  42.562  10.549  9.566 0.3000000119
76760  40.317  10.971  8.906 0.4000000060
76763  46.287  10.482  7.420 0.2000000030
77360  37.026  11.695  16.737 0.1000000015
77365  41.605  11.626  15.817 0.1000000015
77370  30.934  11.727  14.762 0.1000000015
77378  34.110  11.765  14.913 0.1000000015
77382  52.665  11.803  12.687 0.3000000119
77390  53.459  11.224  12.888 0.3000000119
77394  37.431  11.891  12.208 0.2000000030
77403  51.924  13.049  11.619 0.4000000060
77409  44.875  10.895  10.002 0.4000000060
77417  45.965  11.832  9.759 0.4000000060
77419  43.590  11.447  9.226 0.4000000060
77421  41.153  11.004  8.906 0.4000000060
77438  38.924  11.945  8.556 0.5000000000
77439  37.991  12.218  8.691 0.5000000000
77449  43.581  10.724  5.352 0.2000000030
77455  43.794  11.575  5.175 0.2000000030
78113  36.818  12.137  16.285 0.1000000015
78116  42.902  12.541  15.568 0.1000000015
78128  40.917  12.429  14.439 0.2000000030
78129  40.293  12.272  14.145 0.1000000015
78135  31.376  12.304  14.279 0.1000000015
78163  37.260  12.685  11.451 0.3000000119
78168  49.214  13.235  10.675 0.4000000060
78170  36.907  12.587  10.496 0.2000000030
78194  43.467  12.547  8.420 0.5000000000
78198  39.157  12.693  8.178 0.5000000000
78199  38.442  13.165  8.209 0.5000000000
78209  40.955  12.827  7.846 0.4000000060
78210  40.010  12.938  7.827 0.5000000000
78212  48.528  12.830  7.080 0.3000000119
78221  44.711  12.034  5.281 0.2000000030
78224  46.455  12.782  4.689 0.3000000119
78237  42.027  12.278  3.736 0.2000000030
78874  42.363  14.477  16.456 0.1000000015
78883  44.930  13.249  15.612 0.1000000015
78895  42.054  13.335  14.252 0.2000000030
78910  33.263  13.346  13.416 0.1000000015
78915  40.112  13.709  12.844 0.1000000015
78919  51.532  13.894  11.020 0.5000000000
78923  51.346  13.952  10.817 0.4000000060
78925  48.837  13.980  9.840 0.5000000000
78931  50.169  14.393  9.677 0.5000000000
78935  37.216  13.361  9.278 0.3000000119
78944  45.582  13.627  8.380 0.6000000238
79563  48.216  14.437  15.966 0.1000000015
79572  46.386  13.983  15.412 0.1000000015
79582  43.559  14.571  13.869 0.2000000030
79584  41.394  14.067  13.301 0.2000000030
79585  40.740  13.600  13.327 0.1000000015
79587  35.637  14.830  13.280 0.1000000015
79595  41.473  14.682  12.790 0.2000000030
79599  32.818  14.760  12.684 0.1000000015
79600  32.065  14.995  12.852 0.1000000015
79606  39.443  14.617  11.793 0.2000000030
79608  37.668  14.047  11.107 0.3000000119
79617  37.437  14.690  9.692 0.3000000119
79624  48.345  14.628  8.730 0.5000000000
79626  37.859  14.465  8.384 0.4000000060
79637  50.334  14.991  8.232 0.5000000000
79640  45.613  14.543  7.451 0.6000000238
79641  44.753  14.497  7.309 0.6999999881
79650  46.571  14.973  6.912 0.6000000238
79655  40.884  14.805  6.852 0.6999999881
79660  51.802  14.733  5.100 0.6000000238
79676  52.212  13.999  2.009 0.6000000238
79682  42.667  14.613  2.333 0.2000000030
79706  52.307  14.168  0.512 0.6999999881
79727  51.848  14.345  -1.155 0.6999999881
79743  39.511  13.951  -4.409 0.2000000030
79747  40.964  13.637  -5.938 0.3000000119
79752  42.364  13.881  -6.765 0.4000000060
79754  41.449  13.899  -6.329 0.4000000060
80252  48.869  15.513  16.589 0.2000000030
80272  42.797  15.705  15.589 0.1000000015
80301  41.478  15.391  12.290 0.3000000119
80305  33.146  15.468  12.537 0.1000000015
80311  40.645  15.614  11.651 0.3000000119
80318  37.796  15.133  10.259 0.3000000119
80321  37.674  15.290  9.582 0.3000000119
80327  37.780  15.776  9.103 0.3000000119
80348  50.727  15.199  7.107 0.6000000238
80355  43.150  15.399  6.110 0.6999999881
80363  49.516  15.459  5.908 0.6000000238
80378  44.772  15.742  4.818 0.6999999881
80386  51.760  15.188  4.022 0.6000000238
80389  47.340  15.846  3.737 0.6999999881
80406  46.066  15.158  1.100 0.3000000119
80418  52.232  14.715  0.588 0.6999999881
80433  52.004  14.708  -0.981 0.6999999881
80434  51.041  14.264  -1.230 0.6000000238
80436  48.251  15.177  -0.663 0.5000000000
80441  42.584  15.433  -0.684 0.2000000030
80452  45.506  16.250  -1.888 0.5000000000
80486  51.705  14.754  -4.149 0.8000000119
80497  52.236  14.808  -6.339 0.8000000119
80503  45.275  14.577  -7.553 0.5000000000
80515  44.936  14.729  -7.978 0.4000000060
80521  49.696  15.759  -6.984 0.6999999881
81041  49.314  16.091  15.653 0.2000000030
81043  47.643  16.463  14.527 0.2000000030
81050  46.436  16.429  14.022 0.2000000030
81062  42.948  16.337  12.369 0.1000000015
81083  38.921  17.075  9.653 0.6000000238
81096  38.877  16.484  7.371 0.6999999881
81110  42.259  16.535  5.043 0.8000000119
81126  45.317  17.023  2.825 0.8000000119
81145  47.805  16.759  1.854 0.6999999881
81168  51.436  15.356  -1.905 0.8000000119
81170  44.741  16.118  -2.005 0.5000000000
81198  52.392  15.146  -6.219 0.8000000119
81206  52.456  15.460  -6.899 0.8000000119
81207  50.775  16.063  -7.386 0.8000000119
81209  48.586  16.000  -7.113 0.6000000238
81210  47.443  16.152  -7.252 0.5000000000
81211  46.598  15.820  -7.632 0.5000000000
81212  45.851  15.235  -8.083 0.5000000000
81216  52.352  15.798  -7.353 0.8000000119
81681  50.768  17.268  16.226 0.2000000030
81701  50.712  17.109  16.118 0.2000000030
81703  45.386  17.407  15.974 0.1000000015
81706  42.823  17.777  15.348 0.1000000015
81714  41.369  17.532  14.819 0.1000000015
81741  42.544  17.672  11.485 0.2000000030
81743  41.065  17.192  10.906 0.4000000060
81758  39.065  17.954  8.425 0.6000000238
81763  39.175  17.858  7.513 0.6999999881
81771  40.009  17.659  6.289 0.6999999881
81774  41.014  17.918  5.318 0.6999999881
81780  41.682  17.846  4.767 0.8000000119
81786  43.539  17.865  3.368 0.8999999762
81787  42.857  18.217  3.815 0.8000000119
81818  49.801  17.349  -1.824 0.8000000119
81834  50.617  16.989  -2.913 0.8000000119
81866  52.541  16.236  -6.240 0.8000000119
81892  53.019  17.116  -7.621 0.8999999762
81893  52.667  16.672  -7.562 0.8000000119
81894  51.845  16.268  -7.564 0.8000000119
82294  51.069  18.288  16.773 0.2000000030
82309  50.751  17.834  16.644 0.2000000030
82335  42.119  17.970  15.105 0.1000000015
82354  45.406  18.155  13.333 0.2000000030
82355  44.821  18.034  12.898 0.2000000030
82374  43.254  18.916  11.503 0.3000000119
82382  42.324  18.974  10.586 0.5000000000
82384  40.886  18.386  9.957 0.4000000060
82392  40.247  18.946  8.327 0.5000000000
82408  40.235  18.423  6.366 0.6999999881
82450  47.691  19.034  -0.358 0.8000000119
82481  52.914  18.725  -5.648 0.8000000119
82494  53.521  18.986  -6.595 0.8999999762
82505  53.564  18.797  -7.079 0.8999999762
82506  53.488  18.084  -7.049 0.8999999762
82880  50.902  19.849  17.065 0.2000000030
82883  47.899  19.934  17.523 0.1000000015
82896  51.135  19.230  16.702 0.2000000030
82921  43.230  19.527  15.106 0.1000000015
82953  43.960  19.947  11.805 0.2000000030
82954  43.455  19.723  11.281 0.4000000060
82969  51.887  19.589  9.229 0.4000000060
82970  42.457  19.756  9.551 0.5000000000
82974  53.327  19.170  7.941 0.5000000000
82976  51.666  19.275  8.812 0.5000000000
82978  41.548  19.653  8.348 0.5000000000
82983  52.722  19.064  8.071 0.5000000000
82987  40.834  19.452  6.935 0.6000000238
82993  53.630  18.946  7.530 0.5000000000
82994  52.790  18.939  7.194 0.5000000000
82997  41.264  19.521  6.206 0.8000000119
82998  40.745  19.070  6.190 0.6000000238
83006  41.390  19.175  5.490 0.6999999881
83009  43.100  19.435  4.015 0.8999999762
83019  43.500  19.208  3.487 0.8999999762
83025  45.045  19.465  1.977 0.8999999762
83026  44.559  19.580  2.604 0.8999999762
83041  46.624  20.068  0.672 0.8999999762
83049  41.684  19.138  -0.760 0.1000000015
83062  46.722  19.639  -2.712 0.3000000119
83070  48.007  19.412  -3.482 0.3000000119
83095  53.325  18.809  -7.283 0.8999999762
83096  52.987  18.528  -7.526 0.8999999762
83454  50.220  20.493  17.384 0.2000000030
83468  50.913  20.122  16.761 0.2000000030
83469  46.560  20.662  16.881 0.1000000015
83488  50.311  20.278  15.925 0.2000000030
83502  46.806  20.776  14.190 0.2000000030
83539  43.953  20.746  10.299 0.2000000030
83540  42.959  20.040  9.866 0.5000000000
83543  52.135  20.395  9.236 0.4000000060
83546  48.173  20.285  9.178 0.4000000060
83549  45.252  20.699  9.084 0.5000000000
83559  45.463  20.466  8.218 0.6000000238
83568  46.755  20.311  7.231 0.6000000238
83571  43.772  20.356  7.593 0.6000000238
83578  52.934  18.980  6.357 0.5000000000
83584  42.638  20.200  6.377 0.6999999881
83596  47.333  20.405  5.435 0.6000000238
83600  43.427  20.303  5.190 0.8000000119
83610  45.134  20.514  4.453 0.8999999762
83625  47.615  20.617  3.752 0.6999999881
83628  44.116  20.053  3.633 0.8999999762
83646  54.799  20.059  2.026 0.8000000119
83651  45.702  20.211  1.815 0.8999999762
83677  48.850  20.666  -1.099 0.8999999762
83678  45.215  20.953  -1.787 0.3000000119
83702  49.690  20.613  -4.698 0.6999999881
83706  53.446  20.097  -5.893 0.8999999762
83707  53.245  20.495  -6.222 0.8999999762
83714  53.033  20.331  -6.751 0.8999999762
83716  51.605  21.747  -6.796 0.8999999762
84079  49.380  21.049  17.641 0.2000000030
84080  48.610  21.587  17.641 0.2000000030
84097  50.259  21.568  16.901 0.2000000030
84115  50.642  20.680  16.559 0.2000000030
84118  46.530  21.826  16.266 0.1000000015
84119  45.638  21.348  15.809 0.1000000015
84133  47.824  21.876  14.494 0.2000000030
84145  46.596  21.644  13.470 0.2000000030
84153  45.930  22.086  12.132 0.2000000030
84164  44.904  21.371  11.784 0.2000000030
84176  51.064  22.242  10.119 0.3000000119
84182  44.518  21.222  10.939 0.3000000119
84194  46.649  21.023  9.701 0.3000000119
84201  53.648  20.057  7.603 0.5000000000
84206  54.250  19.496  6.792 0.5000000000
84208  51.177  21.583  7.015 0.5000000000
84231  54.988  20.567  3.653 0.6000000238
84232  54.680  20.656  4.582 0.6000000238
84239  54.991  20.582  2.568 0.6999999881
84248  53.538  20.153  1.072 0.8999999762
84250  51.060  20.844  1.509 0.8000000119
84265  47.603  20.993  0.613 0.8999999762
84271  53.799  21.491  0.783 0.8999999762
84289  47.136  21.179  -2.970 0.3000000119
84312  53.006  21.146  -5.682 0.8999999762
84681  48.371  22.847  16.981 0.2000000030
84691  47.731  23.211  16.408 0.2000000030
84705  45.180  22.991  14.165 0.1000000015
84725  42.792  22.288  12.548 0.1000000015
84742  50.884  23.154  10.081 0.4000000060
84746  46.634  22.065  11.046 0.3000000119
84755  51.172  22.137  9.517 0.4000000060
84760  45.884  22.774  8.211 0.4000000060
84767  47.866  22.488  7.217 0.4000000060
84773  40.644  22.635  7.175 0.2000000030
84774  39.891  22.722  7.103 0.2000000030
84783  43.610  22.531  6.271 0.4000000060
84787  39.665  22.910  6.428 0.2000000030
84794  50.671  22.007  5.895 0.5000000000
84802  40.470  22.838  5.968 0.2000000030
84815  45.172  22.989  4.319 0.5000000000
84818  42.816  23.009  4.737 0.4000000060
84847  54.482  21.634  2.194 0.6999999881
84858  54.297  21.438  1.466 0.8999999762
84887  52.711  21.813  -3.913 0.8999999762
84911  46.529  22.272  -6.577 0.5000000000
84923  49.700  23.004  -6.665 0.8000000119
84924  48.730  23.004  -6.502 0.8000000119
85297  49.143  23.468  16.764 0.2000000030
85304  50.143  23.472  15.433 0.2000000030
85327  49.433  24.425  13.745 0.2000000030
85328  48.492  23.757  13.210 0.2000000030
85329  43.981  23.475  13.416 0.1000000015
85330  43.300  23.311  12.986 0.1000000015
85343  39.761  23.934  12.019 0.1000000015
85347  50.370  24.654  11.295 0.2000000030
85371  47.007  23.265  8.957 0.4000000060
85374  44.559  23.195  8.523 0.4000000060
85375  43.719  23.137  8.356 0.4000000060
85381  38.044  23.687  7.934 0.2000000030
85383  41.826  22.808  7.778 0.2000000030
85385  40.267  23.009  7.705 0.2000000030
85387  38.528  23.228  7.286 0.2000000030
85397  41.556  23.063  4.985 0.2000000030
85417  43.510  23.997  3.480 0.3000000119
85429  46.610  23.731  2.523 0.5000000000
85480  45.020  22.867  -2.712 0.3000000119
85496  49.991  24.074  -5.232 0.8999999762
85510  42.836  22.328  -6.537 0.4000000060
85517  50.088  23.238  -6.593 0.8999999762
85519  46.702  22.635  -6.733 0.6999999881
85902  50.258  25.479  13.950 0.2000000030
85917  40.002  24.844  12.996 0.1000000015
85926  50.357  25.116  11.520 0.2000000030
85929  40.338  24.334  12.529 0.1000000015
85932  36.567  24.495  12.108 0.1000000015
85951  47.295  24.336  9.850 0.4000000060
85953  45.278  24.455  9.644 0.3000000119
85977  35.674  24.664  7.254 0.2000000030
85980  36.267  24.272  6.703 0.2000000030
85981  35.901  24.821  6.127 0.2000000030
86002  38.725  24.716  4.658 0.2000000030
86114  40.365  24.451  -5.865 0.1000000015
86117  43.992  22.807  -7.717 0.4000000060
86126  40.827  23.469  -7.838 0.3000000119
86160  41.976  24.335  -16.857 0.1000000015
86161  40.636  24.172  -16.455 0.1000000015
86167  42.214  24.338  -17.480 0.1000000015
86524  49.993  26.184  14.283 0.2000000030
86526  42.503  24.780  13.832 0.1000000015
86540  40.417  25.269  13.602 0.1000000015
86558  50.261  25.370  11.375 0.2000000030
86560  48.112  26.023  11.258 0.2000000030
86568  50.252  24.944  10.821 0.3000000119
86589  35.451  26.125  8.544 0.1000000015
86592  37.216  24.976  8.931 0.1000000015
86598  34.555  25.863  7.015 0.1000000015
86601  35.315  25.179  6.416 0.2000000030
86605  37.077  24.792  5.251 0.2000000030
86630  40.113  25.710  3.859 0.2000000030
86634  49.343  25.980  2.252 0.8999999762
86635  48.174  25.908  2.136 0.6999999881
86676  52.086  25.461  -0.810 0.8999999762
86740  40.758  24.752  -9.841 0.3000000119
86743  41.913  24.123  -10.434 0.3000000119
86744  41.337  24.607  -10.328 0.3000000119
86762  38.497  25.161  -14.900 0.1000000015
86771  43.701  25.566  -16.885 0.1000000015
86775  38.504  24.292  -15.646 0.1000000015
86782  44.262  25.932  -17.078 0.1000000015
86785  37.756  23.014  -16.656 0.1000000015
86794  43.947  25.720  -17.131 0.1000000015
86809  37.943  22.795  -18.908 0.1000000015
87078  45.940  26.614  16.565 0.2000000030
87079  44.918  26.464  16.303 0.1000000015
87091  49.351  26.877  14.572 0.2000000030
87138  50.053  26.703  13.209 0.2000000030
87147  40.630  26.700  12.280 0.1000000015
87154  43.584  26.073  11.719 0.3000000119
87156  41.448  26.281  11.579 0.3000000119
87161  39.086  26.262  10.728 0.1000000015
87182  37.802  25.678  4.401 0.2000000030
87226  52.342  27.120  1.564 0.8999999762
87229  49.242  27.204  0.661 0.8999999762
87303  47.072  26.406  -10.880 0.6000000238
87304  46.320  26.007  -11.491 0.5000000000
87314  47.091  26.627  -11.551 0.5000000000
87321  37.322  27.229  -12.962 0.1000000015
87325  36.888  26.902  -13.282 0.1000000015
87335  36.955  26.143  -14.479 0.1000000015
87342  36.899  25.962  -15.151 0.1000000015
87347  44.308  26.390  -17.121 0.1000000015
87348  44.253  25.889  -17.051 0.1000000015
87625  47.123  28.708  17.712 0.2000000030
87639  48.063  27.858  16.186 0.2000000030
87642  46.669  29.029  16.448 0.2000000030
87721  33.786  27.877  6.486 0.1000000015
87726  50.447  28.765  5.168 0.5000000000
87754  36.762  27.307  3.767 0.2000000030
87755  35.902  28.126  3.640 0.2000000030
87771  38.885  27.749  2.806 0.2000000030
87775  52.051  27.543  2.248 0.8999999762
87796  46.660  27.302  -0.593 0.8999999762
87827  43.128  27.246  -5.848 0.6000000238
87828  42.749  26.613  -5.806 0.6000000238
87843  42.719  26.311  -7.204 0.5000000000
87852  42.057  27.225  -9.615 0.3000000119
87857  48.019  27.355  -10.781 0.6999999881
87867  47.555  27.054  -11.328 0.6000000238
87868  47.117  26.965  -11.803 0.5000000000
87881  40.165  27.905  -14.001 0.1000000015
87882  39.329  27.465  -13.667 0.1000000015
87886  35.185  27.728  -13.001 0.1000000015
87894  35.624  27.074  -14.864 0.1000000015
87910  44.235  27.083  -17.141 0.1000000015
87911  43.796  27.467  -17.173 0.1000000015
87926  44.005  26.889  -17.353 0.1000000015
88175  44.947  30.598  18.508 0.2000000030
88184  46.782  29.675  17.642 0.2000000030
88185  45.767  30.221  18.154 0.1000000015
88201  43.732  31.007  17.781 0.1000000015
88274  50.241  29.126  5.303 0.5000000000
88275  49.383  29.097  5.381 0.5000000000
88279  33.770  28.940  4.805 0.1000000015
88289  43.792  27.981  2.894 0.4000000060
88293  34.869  29.249  3.767 0.2000000030
88312  39.655  28.606  2.242 0.3000000119
88318  47.152  28.866  1.383 0.8000000119
88390  49.223  28.127  -8.801 0.6999999881
88401  48.573  27.546  -9.325 0.6999999881
88411  49.019  27.947  -10.062 0.6000000238
88424  34.946  28.724  -10.839 0.1000000015
88432  35.531  28.232  -11.531 0.1000000015
88437  37.335  28.289  -12.387 0.1000000015
88452  43.289  28.880  -15.410 0.1000000015
88464  43.686  27.980  -16.593 0.1000000015
88844  49.726  29.629  5.195 0.5000000000
88846  47.515  29.413  4.449 0.5000000000
88872  38.170  29.396  2.263 0.3000000119
88874  36.481  29.779  2.786 0.2000000030
88886  38.650  29.736  1.968 0.3000000119
88904  44.721  29.128  -1.971 0.6999999881
88963  47.511  28.530  -10.097 0.5000000000
88988  36.992  29.625  -11.911 0.1000000015
88991  33.325  29.040  -10.568 0.1000000015
89003  31.591  29.558  -12.682 0.1000000015
89267  37.670  31.343  16.389 0.1000000015
89452  40.273  30.065  -5.325 0.2000000030
89497  35.027  29.754  -10.598 0.1000000015
89842  34.143  32.391  3.598 0.1000000015
89846  49.155  32.200  3.290 0.5000000000
89863  50.719  33.019  1.567 0.6000000238
89874  37.141  32.064  1.561 0.2000000030
89883  43.429  31.998  0.600 0.4000000060
89891  27.959  30.960  0.191 0.1000000015
89913  50.927  31.983  -2.020 0.6000000238
89935  41.075  31.723  -4.509 0.2000000030
89953  43.869  30.793  -6.185 0.2000000030
89958  48.249  31.589  -8.309 0.5000000000
89987  34.559  31.063  -10.233 0.1000000015
89994  35.453  30.482  -10.843 0.1000000015
89999  38.736  30.993  -12.423 0.1000000015
90289  49.079  32.373  3.352 0.5000000000
90304  48.319  33.105  2.554 0.5000000000
90319  51.166  33.050  0.877 0.6000000238
90343  51.099  32.452  -1.402 0.5000000000
90388  50.205  32.783  -7.793 0.5000000000
90738  49.883  33.553  2.129 0.5000000000
90753  51.059  33.260  0.619 0.4000000060
90756  47.536  33.387  0.972 0.2000000030
90849  46.703  33.954  -7.599 0.4000000060
90921  44.515  32.907  -13.069 0.1000000015
91261  35.501  34.719  0.813 0.1000000015
91281  44.385  34.547  -1.296 0.2000000030
91283  42.332  35.009  -1.200 0.2000000030
91286  30.819  34.546  -1.587 0.1000000015
91290  46.199  33.954  -2.625 0.3000000119
91312  40.852  34.499  -4.624 0.1000000015
91322  43.405  34.446  -5.541 0.2000000030
91366  50.452  35.307  -8.909 0.4000000060
91367  50.161  35.111  -9.140 0.4000000060
91369  37.922  34.784  -9.822 0.1000000015
91379  36.713  34.102  -10.072 0.1000000015
91801  35.449  35.518  0.544 0.1000000015
91802  34.766  35.963  1.085 0.1000000015
91811  37.588  35.575  -0.556 0.3000000119
91812  36.714  35.808  -0.346 0.3000000119
91839  30.069  35.355  -2.808 0.1000000015
91865  42.345  35.514  -5.404 0.1000000015
91878  49.589  34.810  -7.129 0.4000000060
91884  34.050  36.198  -6.887 0.1000000015
91895  46.591  35.325  -7.704 0.3000000119
91940  40.429  35.403  -10.744 0.1000000015
92361  39.499  36.679  -1.389 0.2000000030
92362  38.616  36.753  -1.311 0.3000000119
92402  32.602  36.552  -4.440 0.1000000015
92412  47.131  36.682  -5.417 0.3000000119
92436  42.434  36.747  -5.846 0.1000000015
92459  51.151  36.636  -9.075 0.4000000060
92533  45.314  36.456  -14.789 0.1000000015
92550  40.510  37.167  -18.289 0.1000000015
92555  41.474  37.812  -19.043 0.1000000015
92878  36.034  37.335  3.580 0.1000000015
92879  35.278  37.178  3.119 0.1000000015
92931  35.036  37.290  -5.705 0.1000000015
92934  49.873  38.192  -7.064 0.4000000060
92937  45.109  36.957  -6.876 0.1000000015
92955  36.567  37.132  -7.213 0.1000000015
92960  51.192  37.250  -9.164 0.4000000060
92964  40.054  37.969  -8.591 0.1000000015
93000  42.057  38.054  -11.481 0.1000000015
93025  46.241  37.511  -14.969 0.1000000015
93032  45.541  37.504  -15.453 0.1000000015
93348  35.831  38.041  -0.709 0.1000000015
93358  35.919  38.708  -1.069 0.1000000015
93364  41.232  38.769  -2.276 0.2000000030
93489  41.361  39.506  -19.193 0.1000000015
93493  41.731  38.646  -19.233 0.1000000015
93770  35.355  39.223  -0.530 0.1000000015
93784  39.823  39.422  -2.543 0.1000000015
93906  46.381  39.336  -15.593 0.1000000015
94143  36.580  40.340  -1.775 0.1000000015
94153  39.761  40.710  -3.007 0.1000000015
94154  38.891  40.707  -2.730 0.1000000015
94162  40.658  40.845  -3.192 0.1000000015
94271  47.033  40.489  -13.654 0.1000000015
94288  47.180  40.484  -15.077 0.1000000015
94289  46.737  40.517  -15.271 0.1000000015
94522  35.805  41.169  1.507 0.1000000015
94569  40.196  42.115  -3.073 0.1000000015
94600  50.956  41.383  -7.527 0.3000000119
94608  50.693  42.121  -7.828 0.3000000119
94712  39.998  42.080  -17.199 0.1000000015
94935  35.661  42.158  -0.451 0.1000000015
94956  40.635  42.771  -2.814 0.1000000015
94980  50.207  42.874  -8.403 0.2000000030
94993  50.227  42.613  -8.644 0.2000000030
95052  47.037  42.946  -13.943 0.1000000015
95076  40.097  42.250  -16.971 0.1000000015
95324  49.715  43.620  -8.844 0.1000000015
95334  39.448  43.193  -7.208 0.1000000015
95338  49.397  44.026  -9.324 0.1000000015
95652  40.844  44.525  -1.622 0.1000000015
95678  39.582  44.205  -6.225 0.1000000015
95989  38.905  45.593  -5.725 0.1000000015
101358  41.590  31.008  18.511 0.1000000015
101557  49.961  7.553  9.123 0.1000000015
101772  44.085  15.931  -1.692 0.3000000119
101862  47.158  20.362  6.127 0.6000000238
102087  48.162  15.516  4.780 0.6000000238
102187  54.662  7.530  5.485 0.1000000015
102343  40.397  43.070  -16.360 0.1000000015
103079  47.860  25.848  16.516 0.2000000030
103249  39.983  2.407  20.465 0.1000000015
103266  46.827  29.275  -9.189 0.5000000000
103715  44.015  20.425  6.172 0.6000000238
103758  51.840  23.997  1.356 0.8000000119
103918  36.723  41.690  -1.780 0.1000000015
103959  48.109  20.041  6.971 0.5000000000
104157  50.938  36.043  -8.911 0.4000000060
104847  42.871  26.709  12.881 0.3000000119
105097  46.188  36.038  -7.495 0.2000000030
105762  45.323  20.432  2.929 0.8999999762
105909  46.341  22.129  12.649 0.2000000030
105918  36.682  38.530  -1.438 0.1000000015
106247  40.005  29.639  -5.735 0.2000000030
106259  36.850  8.745  12.439 0.2000000030
106341  39.517  3.853  16.151 0.2000000030
106369  41.776  8.173  11.456 0.3000000119
106415  47.949  29.444  -7.072 0.6999999881
106550  47.552  28.539  17.060 0.2000000030
106560  40.890  8.830  10.492 0.2000000030
106584  35.852  26.977  -14.180 0.1000000015
106601  49.223  19.855  15.494 0.2000000030
106748  46.333  13.772  8.605 0.5000000000
106848  42.016  7.887  20.864 0.1000000015
107328  33.648  28.622  -13.061 0.1000000015
107330  43.203  29.676  -6.739 0.2000000030
107346  47.644  8.815  6.795 0.2000000030
107510  34.111  27.800  7.150 0.1000000015
107521  48.044  22.501  5.928 0.5000000000
107555  46.234  31.849  -7.331 0.4000000060
108151  36.419  3.791  17.923 0.1000000015
108321  39.838  24.028  -19.195 0.1000000015
108502  41.408  35.903  -1.311 0.2000000030
108848  50.210  17.134  15.655 0.2000000030
108928  39.531  4.351  20.674 0.1000000015
108941  48.129  15.603  -6.648 0.6000000238
109009  46.536  37.936  -14.779 0.1000000015
109117  40.837  5.344  13.399 0.2000000030
109129  40.326  15.987  6.481 0.6999999881
109130  46.124  11.623  6.753 0.3000000119
109306  41.872  29.565  1.606 0.3000000119
109371  40.475  42.210  -15.948 0.1000000015
109864  44.473  15.545  13.595 0.2000000030
110072  38.892  7.540  11.177 0.2000000030
110194  53.036  19.258  -7.333 0.8999999762
110251  26.877  27.936  -0.369 0.1000000015
110375  45.774  9.459  6.713 0.2000000030
110659  45.368  30.540  18.118 0.1000000015
110665  49.798  39.159  -8.919 0.3000000119
110739  47.151  8.146  -0.544 0.1000000015
110740  43.713  20.431  8.929 0.6000000238
110955  41.716  -0.154  19.842 0.1000000015
111028  37.269  13.834  10.498 0.3000000119
111686  42.723  31.064  -5.072 0.2000000030
112042  50.783  23.722  1.573 0.6000000238
112560  47.254  22.551  7.824 0.4000000060
112689  47.918  3.993  18.908 0.1000000015
112721  41.809  27.134  -16.948 0.1000000015
113171  46.845  12.432  5.806 0.3000000119
113264  37.530  9.517  16.505 0.1000000015
113377  50.050  31.890  -5.936 0.6000000238
113381  37.063  26.387  -13.867 0.1000000015
113438  37.265  7.737  13.346 0.2000000030
113840  38.224  38.529  3.804 0.1000000015
114006  35.023  27.556  4.417 0.2000000030
114042  38.480  6.708  15.124 0.2000000030
114075  39.648  10.942  8.977 0.3000000119
114255  50.341  21.823  16.057 0.2000000030
114288  37.015  41.043  -2.091 0.1000000015
114316  45.280  23.084  -7.270 0.6999999881
114317  49.090  20.210  -4.182 0.5000000000
114380  42.498  25.875  10.989 0.3000000119
114742  32.977  9.086  15.047 0.1000000015
114776  49.451  8.381  4.290 0.1000000015
114886  39.153  4.428  14.878 0.2000000030
114937  38.304  16.931  8.576 0.6000000238
115042  50.961  40.250  -6.814 0.3000000119
115059  49.545  33.042  -3.412 0.5000000000
115255  40.321  30.685  1.321 0.3000000119
115306  43.968  16.571  15.640 0.1000000015
115697  49.500  32.959  -8.443 0.5000000000
115709  50.066  35.606  -9.398 0.4000000060
115891  50.103  31.918  -6.413 0.5000000000
116178  47.947  27.112  -10.670 0.6999999881
116327  38.981  34.941  -0.668 0.3000000119
116568  45.284  18.165  -3.667 0.3000000119
116591  44.938  30.758  -6.952 0.3000000119
116685  34.601  28.047  -13.678 0.1000000015
116710  50.056  21.212  17.306 0.2000000030
116944  35.209  34.065  6.473 0.1000000015
116997  47.011  24.620  1.797 0.6000000238
117004  43.869  20.350  4.783 0.6999999881
117041  34.818  36.873  2.551 0.1000000015
117166  46.667  39.763  -15.472 0.1000000015
117183  51.139  18.406  16.683 0.2000000030
117349  40.010  26.417  11.237 0.2000000030
117401  41.124  26.530  12.118 0.3000000119
117407  51.615  21.223  9.290 0.4000000060
117472  44.383  30.827  18.776 0.2000000030
117629  50.059  24.907  14.241 0.2000000030
117708  44.628  16.129  15.862 0.1000000015
117714  38.364  16.760  7.979 0.6000000238
118192  46.614  20.650  1.553 0.8999999762
118348  43.368  22.067  -1.057 0.1000000015
118367  48.330  15.121  15.561 0.2000000030
118589  35.621  11.280  15.871 0.1000000015
118703  40.173  43.288  -2.501 0.1000000015
118787  44.086  25.901  11.241 0.2000000030
118898  53.135  11.436  13.059 0.1000000015
119080  48.660  20.937  -0.671 0.8999999762
119103  50.440  24.494  10.643 0.3000000119
119237  44.130  15.792  0.042 0.2000000030
119371  43.002  21.728  -0.815 0.1000000015
119420  31.946  13.956  13.250 0.1000000015
119886  42.359  22.345  -7.641 0.2000000030
119902  45.373  39.590  -7.373 0.2000000030
119940  41.507  14.779  1.249 0.2000000030
120056  35.883  42.061  -1.070 0.1000000015
120104  44.584  19.599  15.907 0.1000000015
120346  50.694  29.038  4.907 0.5000000000
120379  34.624  36.625  2.176 0.1000000015
120388  42.386  23.773  4.007 0.3000000119
120701  43.193  15.476  13.079 0.2000000030
120735  47.233  33.986  -7.895 0.5000000000
120763  33.884  27.667  5.392 0.1000000015
120832  45.934  7.885  5.027 0.2000000030
121124  47.357  15.280  6.138 0.6000000238
121488  45.976  16.595  3.026 0.8000000119
121494  54.991  9.810  10.193 0.2000000030
121610  37.641  9.773  10.056 0.2000000030
121811  43.720  30.067  -6.725 0.2000000030
121905  39.961  42.726  -17.180 0.1000000015
122106  41.880  34.407  -4.798 0.1000000015
122164  43.151  16.111  15.518 0.1000000015
122209  38.563  26.825  11.611 0.1000000015
122226  39.824  34.887  -0.814 0.4000000060
122304  38.968  27.430  -4.804 0.2000000030
122329  41.891  12.144  8.402 0.5000000000
122724  44.206  30.136  17.204 0.1000000015
122852  43.243  4.001  22.138 0.2000000030
122929  35.645  31.835  -10.596 0.1000000015
123145  49.404  34.278  -6.554 0.4000000060
123177  50.943  18.373  15.912 0.2000000030
