#!ascii label  , from subject sub-v1s20x0050299_ses-1 vox2ras=TkReg
5546
65284  40.626  33.835  8.747 0.2000000030
65274  40.247  33.345  9.399 0.3000000119
65283  41.299  34.059  8.759 0.2000000030
65263  40.654  33.108  10.164 0.2000000030
65262  41.497  33.380  10.376 0.3000000119
65273  41.214  33.627  9.462 0.2000000030
65272  42.082  33.834  9.843 0.3000000119
64753  41.086  33.004  11.756 0.3000000119
65245  41.681  33.286  11.215 0.3000000119
65261  42.279  33.622  10.681 0.4000000060
65757  42.841  34.132  10.194 0.2000000030
64724  41.208  33.122  13.664 0.4000000060
65215  41.871  33.330  12.962 0.3000000119
65214  42.569  33.618  13.240 0.4000000060
65225  42.510  33.538  12.373 0.3000000119
65244  42.418  33.531  11.520 0.4000000060
65243  43.125  33.832  11.855 0.3000000119
65195  41.543  33.660  16.009 0.5000000000
87052  42.143  33.719  14.792 0.5000000000
84787  41.967  33.463  13.879 0.5000000000
65224  43.196  33.863  12.713 0.4000000060
65178  41.868  33.151  18.449 0.4000000060
65187  41.558  33.577  17.581 0.5000000000
65194  42.223  34.222  16.890 0.5000000000
85293  42.363  34.067  15.656 0.5000000000
65213  43.200  33.931  13.644 0.5000000000
65710  43.917  34.135  13.117 0.5000000000
65722  43.843  34.144  12.207 0.4000000060
64689  42.357  32.620  18.706 0.4000000060
65688  42.987  34.494  16.143 0.5000000000
65204  42.987  34.117  14.787 0.5000000000
63728  42.768  30.929  18.292 0.4000000060
64682  43.451  33.516  18.925 0.4000000060
65177  42.789  33.744  18.690 0.5000000000
65676  43.023  34.713  17.551 0.5000000000
65699  43.815  34.488  15.420 0.5000000000
84961  43.883  34.210  14.184 0.5000000000
64214  44.650  31.076  15.914 0.5000000000
64191  44.182  32.071  18.127 0.4000000060
65170  44.334  34.198  19.389 0.5000000000
65655  44.202  34.872  19.118 0.5000000000
65687  43.817  34.922  16.846 0.5000000000
65698  44.673  34.419  14.787 0.5000000000
64289  43.421  32.315  6.847 0.8000000119
64279  43.614  32.317  8.663 0.8999999762
64262  44.247  32.087  11.342 0.8000000119
63774  44.201  30.628  13.209 0.6000000238
64228  44.861  30.800  14.869 0.6000000238
64202  44.363  31.617  16.973 0.5000000000
65169  44.957  33.938  19.629 0.5000000000
65168  45.029  34.751  19.607 0.5000000000
65674  44.720  35.394  17.731 0.5000000000
65709  44.806  34.282  13.600 0.4000000060
85608  43.805  32.515  6.077 0.8000000119
87367  44.074  32.614  8.222 0.8999999762
64272  44.277  32.388  9.816 0.8000000119
64254  45.141  31.777  12.518 0.8000000119
64227  45.658  31.262  14.632 0.6999999881
64201  45.117  31.975  16.564 0.5000000000
84097  45.639  33.261  18.236 0.5000000000
65663  45.709  35.118  19.107 0.5000000000
100671  45.461  35.417  18.366 0.5000000000
65686  44.690  34.779  16.166 0.5000000000
65697  45.513  34.637  15.406 0.5000000000
63358  44.057  29.942  3.188 0.6999999881
96735  43.765  32.109  4.378 0.8000000119
64266  44.664  32.532  10.239 0.8000000119
90382  45.797  31.320  13.763 0.6999999881
64212  46.235  31.858  15.469 0.6000000238
64698  46.241  32.941  17.282 0.5000000000
65662  46.165  34.531  18.469 0.5000000000
65685  45.651  35.068  17.059 0.5000000000
64292  44.164  32.464  5.190 0.8000000119
64288  44.035  32.751  6.820 0.8999999762
64271  44.665  32.769  9.193 0.8999999762
64261  45.185  32.368  11.771 0.8000000119
64242  46.499  31.947  13.682 0.6999999881
64709  46.704  32.507  16.347 0.5000000000
65185  46.767  34.055  17.641 0.5000000000
65673  46.103  35.104  18.142 0.5000000000
65684  46.602  34.982  17.074 0.5000000000
63841  44.206  30.888  3.306 0.6999999881
64283  44.369  32.960  7.200 0.8999999762
64801  44.682  33.099  7.691 0.8999999762
64793  45.236  32.982  10.020 0.8000000119
64752  46.530  32.439  12.984 0.8999999762
64226  46.400  31.770  14.508 0.5000000000
65672  46.635  34.652  17.583 0.5000000000
63357  45.755  29.629  3.109 0.6999999881
64316  44.880  31.703  3.558 0.8000000119
64814  45.250  33.183  5.868 0.8999999762
64782  45.957  33.261  10.699 0.8000000119
64241  47.221  32.445  13.509 0.5000000000
64723  47.019  32.124  15.377 0.6000000238
65184  47.456  33.901  16.778 0.5000000000
60009  46.177  22.248  0.810 0.6000000238
61104  45.414  24.004  1.377 0.6999999881
62002  46.562  26.360  3.452 0.6999999881
62916  46.524  28.843  3.265 0.6999999881
63840  45.519  30.813  3.139 0.6999999881
64828  45.735  32.874  4.898 0.8999999762
64806  44.870  33.206  6.865 0.8999999762
64792  46.002  33.458  9.848 0.8999999762
64770  46.033  33.002  11.645 0.8999999762
64722  47.491  32.597  15.110 0.5000000000
65671  47.492  34.650  17.063 0.5000000000
59997  45.655  23.104  1.072 0.6999999881
61101  45.867  24.775  1.823 0.6999999881
62001  47.219  26.567  3.125 0.6999999881
64297  45.360  32.371  4.097 0.8000000119
64799  45.186  33.268  8.416 0.8999999762
64769  47.090  33.360  11.844 0.8999999762
60008  46.436  22.185  -0.086 0.6999999881
61109  45.778  24.672  0.849 0.6999999881
61556  46.421  25.432  2.306 0.6999999881
92000  47.101  27.805  3.332 0.6999999881
91628  46.419  30.211  2.863 0.6999999881
64844  46.142  32.498  4.092 0.8999999762
65296  46.163  33.791  8.045 0.8999999762
87467  46.646  33.427  11.206 0.8999999762
100020  47.942  33.006  14.882 0.5000000000
60609  45.852  22.975  0.176 0.6999999881
62469  47.706  27.176  3.081 0.6999999881
99092  46.452  29.559  3.002 0.6999999881
64315  46.075  31.894  3.425 0.8000000119
64843  46.902  32.430  3.744 0.8999999762
64805  45.794  33.535  6.507 0.8000000119
64791  46.729  33.960  9.597 0.8999999762
64750  47.843  33.434  12.081 0.8000000119
64737  47.869  32.888  13.366 0.6000000238
61110  45.503  23.845  0.457 0.6999999881
61555  47.121  25.943  1.861 0.6999999881
63356  47.148  29.565  2.885 0.6999999881
64314  47.184  31.832  3.107 0.8000000119
64827  46.638  32.918  4.639 0.8000000119
64804  46.840  33.725  6.179 0.8000000119
65295  47.123  34.202  7.719 0.8999999762
96754  47.304  34.074  10.138 0.8999999762
61116  45.796  24.534  -0.070 0.6999999881
61560  46.368  25.331  1.310 0.6999999881
62006  47.483  26.521  2.585 0.6999999881
62925  47.983  28.063  3.088 0.6999999881
63838  47.866  30.178  2.636 0.6000000238
64826  47.609  32.810  4.380 0.8000000119
61566  46.947  25.795  0.750 0.6999999881
62468  48.336  27.679  2.632 0.6000000238
63365  48.188  29.042  2.908 0.6000000238
85396  47.541  31.110  2.691 0.8000000119
64842  47.859  32.307  3.512 0.8000000119
64812  47.235  33.381  5.255 0.8000000119
61574  46.186  25.105  -0.603 0.6999999881
93188  47.513  26.412  1.121 0.6000000238
62012  48.044  26.904  1.493 0.6000000238
62924  48.627  28.425  2.698 0.6000000238
88115  48.693  29.813  2.514 0.6000000238
63848  48.437  30.918  2.474 0.8000000119
97963  48.677  32.201  3.265 0.8000000119
62476  48.449  27.476  1.839 0.6000000238
94816  48.856  29.050  2.649 0.6999999881
62018  47.914  26.909  0.614 0.6000000238
97403  48.344  27.333  1.054 0.6000000238
62475  48.859  27.950  1.085 0.6000000238
62485  48.249  27.591  0.261 0.6000000238
65800  39.683  34.736  7.580 0.2000000030
65787  41.006  34.313  8.203 0.2000000030
65776  41.897  34.140  9.062 0.2000000030
65738  43.001  33.923  11.028 0.2000000030
65737  43.725  34.202  11.373 0.3000000119
88832  43.154  32.160  5.955 0.8000000119
65708  45.373  34.434  14.303 0.4000000060
63842  43.280  31.208  3.494 0.6999999881
62465  45.546  27.721  3.796 0.6999999881
66222  46.431  34.954  15.831 0.5000000000
58875  47.274  21.000  1.163 0.5000000000
97231  45.465  23.257  1.922 0.6000000238
61557  46.303  25.535  3.126 0.6999999881
62917  45.491  28.707  3.435 0.6999999881
58886  47.569  21.083  0.308 0.6000000238
95259  46.408  27.248  3.614 0.6999999881
59447  46.794  21.520  0.537 0.6999999881
84041  47.842  21.111  -0.436 0.6999999881
64721  48.168  33.242  14.128 0.5000000000
65193  47.739  33.345  15.801 0.5000000000
60614  45.738  23.726  -0.390 0.6999999881
65259  48.077  34.092  10.954 0.8999999762
61567  46.245  25.227  0.308 0.6999999881
65282  47.745  34.283  8.382 0.8999999762
64811  48.231  33.266  5.006 0.8000000119
65306  47.522  34.018  6.821 0.8000000119
93396  45.929  24.405  -0.871 0.6999999881
61573  46.764  25.750  -0.266 0.6999999881
63364  49.307  29.496  2.241 0.6999999881
64329  49.743  31.442  2.316 0.8000000119
62019  47.326  26.404  0.171 0.6000000238
63376  49.789  29.242  1.790 0.6999999881
100034  49.660  30.697  1.968 0.8000000119
62932  49.405  28.605  1.572 0.6999999881
62942  49.389  28.706  0.596 0.6999999881
62484  48.673  28.292  -0.047 0.6000000238
62952  49.310  28.865  -0.471 0.6999999881
66299  39.139  35.360  7.144 0.2000000030
65799  40.653  34.774  7.643 0.2000000030
65786  41.708  34.428  8.380 0.2000000030
65775  42.654  34.327  9.344 0.2000000030
65756  43.594  34.342  10.558 0.2000000030
65736  44.476  34.453  11.711 0.3000000119
65721  44.626  34.362  12.566 0.3000000119
66230  46.131  34.885  14.383 0.5000000000
92011  47.301  35.190  16.083 0.5000000000
59445  49.214  21.059  0.810 0.6000000238
58874  48.180  20.836  0.990 0.5000000000
66213  47.484  34.874  17.057 0.5000000000
59444  50.162  21.535  0.969 0.6000000238
90040  49.866  21.476  0.245 0.6000000238
65683  49.076  34.483  15.949 0.5000000000
65183  48.459  34.857  17.257 0.6000000238
59457  50.175  21.735  -0.603 0.6000000238
59458  49.272  21.215  -0.283 0.6000000238
65240  48.842  34.374  11.689 0.6999999881
65223  48.383  33.891  12.349 0.6999999881
59459  48.538  21.115  -0.967 0.6000000238
59460  47.702  21.318  -1.141 0.6999999881
60027  46.803  22.263  -0.896 0.6999999881
65269  48.583  34.361  10.253 0.8999999762
65270  47.855  34.222  10.167 0.8999999762
65294  48.098  34.157  7.426 0.8999999762
59471  48.220  21.327  -1.880 0.6000000238
59473  47.240  21.743  -1.201 0.6000000238
60608  46.287  22.996  -0.621 0.6999999881
65316  48.789  33.494  5.722 0.8000000119
65305  48.471  33.796  6.589 0.8000000119
60043  47.156  22.246  -1.696 0.6000000238
64311  49.669  32.193  3.057 0.8000000119
64825  48.659  32.593  4.154 0.8000000119
60622  46.130  23.703  -1.124 0.6999999881
60621  46.467  23.698  -1.783 0.5000000000
61583  46.140  24.314  -1.612 0.6000000238
97679  46.150  24.913  -1.306 0.6000000238
85699  50.241  29.708  1.354 0.6999999881
97002  50.040  29.713  1.662 0.6999999881
60042  47.468  22.027  -2.467 0.5000000000
61129  46.502  24.164  -2.426 0.5000000000
61582  46.549  25.644  -1.340 0.5000000000
62025  47.756  27.014  -0.302 0.6000000238
62941  49.890  29.450  0.113 0.6999999881
60633  47.653  23.056  -3.490 0.5000000000
62026  47.194  26.404  -0.811 0.5000000000
62494  48.215  27.660  -0.680 0.6000000238
95460  46.191  24.975  -2.072 0.5000000000
62034  47.139  26.442  -1.828 0.5000000000
62033  47.723  27.050  -1.263 0.5000000000
62957  49.429  28.758  -1.455 0.6000000238
62039  47.772  27.123  -2.244 0.5000000000
62500  48.975  28.150  -1.962 0.5000000000
66308  38.620  35.897  6.711 0.2000000030
66814  38.215  36.460  6.268 0.2000000030
66298  40.215  35.498  7.097 0.2000000030
65798  41.488  34.793  7.795 0.2000000030
66306  41.031  36.022  6.746 0.2000000030
66297  41.224  35.364  7.285 0.2000000030
65797  42.120  34.809  8.010 0.2000000030
66296  42.106  35.346  7.493 0.2000000030
65774  43.520  34.606  9.650 0.2000000030
65785  42.401  34.572  8.576 0.2000000030
65784  43.147  34.784  8.798 0.2000000030
65773  44.134  34.701  10.210 0.2000000030
65755  44.319  34.548  10.902 0.2000000030
66279  43.786  35.040  9.013 0.2000000030
66278  44.383  35.149  9.571 0.2000000030
66265  44.781  35.004  10.413 0.3000000119
65735  45.219  34.732  12.036 0.3000000119
66277  45.232  35.527  9.887 0.3000000119
66254  45.724  35.224  11.534 0.3000000119
66248  45.917  35.074  12.370 0.3000000119
65720  45.409  34.574  12.884 0.4000000060
66253  46.409  35.602  11.858 0.3000000119
66239  46.056  34.986  13.260 0.4000000060
66238  46.730  35.397  13.707 0.3000000119
66237  47.364  35.684  14.119 0.4000000060
66229  46.988  35.355  14.842 0.4000000060
66228  47.862  35.669  15.186 0.4000000060
59995  51.001  22.089  1.080 0.5000000000
66207  49.830  35.138  18.859 0.6000000238
91816  49.272  35.357  18.213 0.6000000238
66221  48.109  35.321  16.541 0.6000000238
95265  52.690  22.446  0.620 0.5000000000
60007  50.610  21.930  0.282 0.6000000238
65670  50.165  34.843  18.471 0.6000000238
65660  49.833  34.725  18.518 0.6000000238
88965  53.938  22.741  -0.198 0.5000000000
60006  51.667  22.337  0.304 0.5000000000
60025  51.871  22.398  -0.708 0.6000000238
84650  50.450  34.634  16.128 0.6000000238
65696  48.643  34.131  14.321 0.5000000000
92497  52.832  22.529  -0.076 0.5000000000
60024  52.998  22.574  -0.905 0.6000000238
60026  51.008  22.205  -0.363 0.6000000238
65695  49.516  34.636  14.642 0.6000000238
65211  48.967  34.517  13.307 0.5000000000
65212  48.333  33.603  13.252 0.5000000000
59470  49.425  21.361  -1.301 0.6000000238
95008  49.029  34.599  12.374 0.5000000000
65258  48.740  34.280  11.018 0.8999999762
60041  50.943  22.240  -1.176 0.5000000000
59469  50.222  21.818  -1.716 0.5000000000
65772  49.317  34.487  9.546 0.8999999762
65281  48.650  34.282  8.090 0.8000000119
60040  51.692  22.364  -1.587 0.5000000000
60056  50.979  22.251  -2.152 0.6000000238
65293  49.065  33.945  7.214 0.8999999762
59472  47.582  21.651  -1.887 0.6000000238
64840  49.743  32.347  3.755 0.8999999762
60071  51.050  22.069  -3.149 0.5000000000
95677  50.355  21.886  -2.623 0.6000000238
88146  49.536  21.561  -2.431 0.6000000238
59483  48.032  21.599  -2.824 0.6000000238
92224  46.754  23.055  -1.378 0.6000000238
64328  50.428  31.492  2.283 0.8000000119
59480  50.214  21.812  -3.528 0.6000000238
88822  48.690  21.613  -3.372 0.6000000238
63375  50.908  30.254  1.072 0.6999999881
59481  49.295  21.615  -3.382 0.6000000238
59492  49.826  21.755  -4.154 0.6000000238
60057  47.724  22.186  -3.247 0.5000000000
60058  47.201  23.106  -2.428 0.5000000000
62951  49.959  29.387  -0.924 0.6999999881
63387  50.613  29.940  0.658 0.6999999881
59493  49.147  21.793  -3.974 0.6000000238
60072  48.066  22.558  -3.952 0.5000000000
63408  51.249  30.206  -1.773 0.8000000119
87473  49.460  21.989  -4.672 0.5000000000
60083  48.896  22.818  -4.532 0.5000000000
60634  47.097  23.940  -3.539 0.5000000000
62955  50.764  29.632  -2.256 0.8000000119
59505  49.760  21.629  -4.721 0.5000000000
60082  49.504  22.861  -4.899 0.5000000000
61591  46.573  25.774  -2.453 0.5000000000
62509  48.424  27.777  -2.502 0.5000000000
62508  49.073  28.402  -2.769 0.5000000000
62977  49.745  28.799  -3.114 0.6000000238
60091  49.128  23.138  -5.685 0.5000000000
60092  48.892  23.310  -5.302 0.5000000000
61138  47.545  24.298  -4.722 0.5000000000
61594  46.699  25.767  -3.433 0.5000000000
62040  47.122  26.564  -2.794 0.5000000000
60649  48.187  24.025  -5.537 0.5000000000
58933  50.374  20.527  -5.646 0.4000000060
58941  50.011  20.778  -6.343 0.4000000060
67292  37.215  37.327  6.421 0.2000000030
66307  39.475  35.853  6.705 0.2000000030
68279  36.146  39.013  6.786 0.1000000015
67305  37.320  37.875  5.969 0.1000000015
67304  38.477  37.544  5.408 0.1000000015
66812  40.148  36.293  6.379 0.2000000030
66822  39.670  36.860  5.763 0.2000000030
66305  41.760  35.844  6.962 0.2000000030
66821  40.483  36.985  5.913 0.2000000030
66289  42.800  35.149  8.014 0.2000000030
66288  43.569  35.358  8.379 0.2000000030
95512  41.816  36.580  6.417 0.2000000030
66804  42.573  36.026  6.973 0.2000000030
66810  43.964  36.582  7.128 0.2000000030
66294  44.036  35.855  8.167 0.2000000030
66803  44.282  36.401  7.761 0.2000000030
66286  44.920  35.817  9.126 0.2000000030
67264  46.590  37.514  9.267 0.2000000030
66785  46.295  36.674  9.754 0.3000000119
66786  45.605  36.222  9.461 0.3000000119
67251  46.960  37.121  10.065 0.3000000119
66771  45.932  35.959  10.216 0.3000000119
67250  48.566  37.572  10.584 0.3000000119
89903  47.727  37.374  10.320 0.3000000119
85651  47.294  36.751  10.815 0.3000000119
66263  46.190  35.778  11.032 0.3000000119
66749  49.058  36.975  12.169 0.3000000119
66761  48.370  36.801  11.657 0.3000000119
66763  46.843  36.210  11.366 0.3000000119
100418  49.317  37.077  12.841 0.4000000060
87207  48.937  36.608  12.941 0.3000000119
85219  48.288  36.526  12.307 0.3000000119
66246  47.321  35.910  13.166 0.3000000119
66751  47.033  36.042  12.220 0.3000000119
66741  49.479  37.201  13.708 0.4000000060
66735  49.429  36.884  15.018 0.4000000060
66742  48.818  36.457  13.879 0.4000000060
66737  47.988  36.074  14.017 0.4000000060
66726  49.786  36.677  16.297 0.6000000238
84316  49.177  36.405  15.951 0.5000000000
66220  48.601  35.937  16.207 0.5000000000
66716  49.722  35.617  18.220 0.6000000238
66717  49.341  36.091  17.299 0.6000000238
87758  51.181  35.199  15.613 0.6000000238
65681  50.831  34.841  17.168 0.6000000238
66715  50.048  35.481  18.386 0.6000000238
65693  51.533  34.930  14.678 0.6000000238
93369  51.032  34.860  15.732 0.6000000238
65707  50.989  34.648  13.640 0.6000000238
65716  52.241  34.797  12.635 0.6999999881
65717  51.477  34.710  12.909 0.6000000238
65733  50.567  34.715  11.546 0.8000000119
65731  52.186  34.771  11.490 0.6999999881
65753  50.449  34.548  10.699 0.8999999762
65771  50.314  34.475  9.867 0.8999999762
65752  51.381  34.611  11.038 0.8000000119
96033  51.045  34.411  9.466 0.8999999762
65783  50.284  34.473  8.856 0.8999999762
65304  49.392  33.643  6.416 0.8999999762
60055  51.855  22.220  -2.605 0.5000000000
65795  51.722  34.205  7.932 0.6999999881
99498  50.386  34.142  7.538 0.8999999762
65303  50.282  33.633  6.306 0.8999999762
64809  49.991  33.014  4.887 0.8999999762
65313  51.717  33.486  5.746 0.8999999762
100481  51.295  33.216  5.120 0.8999999762
64838  50.987  32.372  3.571 0.8999999762
64839  50.106  32.271  3.546 0.8000000119
60070  51.694  21.887  -3.544 0.5000000000
93373  51.863  32.596  3.937 0.8999999762
64327  51.916  31.569  2.041 0.8999999762
63861  51.128  30.623  1.347 0.8999999762
59491  51.164  21.734  -4.073 0.6000000238
64337  52.420  31.276  1.441 0.8999999762
63876  51.832  30.579  1.001 0.8999999762
95968  52.388  30.301  0.379 0.8999999762
59490  52.053  21.364  -4.158 0.5000000000
63407  52.107  30.291  -1.630 0.8999999762
100429  50.658  20.980  -4.716 0.6000000238
59504  50.488  21.469  -4.480 0.6000000238
62965  51.752  29.158  -3.247 0.8000000119
58934  49.591  21.474  -5.464 0.5000000000
59510  49.438  22.422  -5.129 0.5000000000
62521  50.665  28.330  -4.312 0.8000000119
62522  49.810  28.532  -4.400 0.6000000238
59509  50.168  21.042  -4.854 0.6000000238
60090  49.211  22.546  -6.091 0.5000000000
60648  48.646  24.039  -6.545 0.5000000000
62048  47.903  27.334  -3.064 0.5000000000
59516  49.560  21.615  -6.822 0.5000000000
60098  48.960  22.406  -7.579 0.5000000000
60099  48.754  23.348  -6.926 0.5000000000
100045  47.890  24.688  -5.634 0.5000000000
62049  47.041  26.699  -3.571 0.5000000000
67306  36.615  38.545  6.363 0.1000000015
67303  39.302  37.440  5.282 0.1000000015
67302  40.136  37.474  5.384 0.1000000015
95346  42.687  36.685  6.486 0.2000000030
67273  46.090  37.548  8.695 0.2000000030
67274  45.583  37.237  8.401 0.2000000030
67287  44.685  37.941  7.018 0.2000000030
67757  46.994  38.248  9.125 0.3000000119
67765  46.446  38.194  8.565 0.2000000030
67280  45.297  37.699  7.713 0.2000000030
68797  48.758  40.515  9.981 0.3000000119
68256  48.328  39.692  9.671 0.3000000119
67756  47.612  38.869  9.382 0.3000000119
67263  47.346  37.868  9.667 0.3000000119
69367  49.004  41.130  10.501 0.3000000119
68255  48.927  39.767  10.225 0.3000000119
67249  48.921  38.333  10.361 0.3000000119
89969  49.282  40.365  10.858 0.3000000119
85664  49.752  39.654  11.510 0.3000000119
67235  49.446  37.544  11.765 0.4000000060
68224  50.219  39.397  12.283 0.4000000060
97455  49.900  38.461  11.858 0.4000000060
66748  49.723  37.643  12.716 0.4000000060
67719  50.258  38.482  12.825 0.4000000060
67230  50.106  37.871  13.719 0.4000000060
86737  49.957  37.546  14.709 0.4000000060
67219  50.720  37.446  14.738 0.4000000060
67210  50.137  36.757  16.186 0.6000000238
66723  52.264  36.139  14.805 0.6000000238
66724  51.008  36.019  15.238 0.6000000238
66217  53.118  35.897  15.488 0.6000000238
65680  52.135  35.690  14.714 0.6000000238
65705  52.449  35.207  14.299 0.6000000238
65706  51.897  34.744  13.648 0.6000000238
65768  53.138  34.884  9.660 0.6999999881
65769  52.399  34.523  9.319 0.6999999881
65794  52.637  34.113  7.818 0.6999999881
65290  51.991  33.894  7.213 0.8999999762
65323  53.158  33.331  5.192 0.8999999762
65312  52.759  33.556  5.821 0.8999999762
64849  52.952  32.525  2.979 0.8999999762
64836  53.792  32.787  3.701 0.8000000119
64848  54.127  32.435  2.764 0.8999999762
64325  53.971  31.993  1.906 0.8999999762
63875  53.711  30.442  -0.021 0.8999999762
63385  52.944  29.988  -0.003 0.8999999762
85477  52.594  30.156  -0.654 0.8999999762
63406  53.202  30.108  -1.488 0.8999999762
63429  52.514  29.707  -3.298 0.8999999762
62989  52.249  27.905  -5.237 0.8000000119
62520  51.703  28.311  -4.442 0.8000000119
62534  51.465  27.123  -6.377 0.6999999881
83551  46.487  39.115  8.172 0.3000000119
67771  45.334  38.566  7.206 0.2000000030
67288  43.956  37.325  6.705 0.2000000030
70369  49.672  43.320  10.701 0.2000000030
69358  48.945  41.980  10.590 0.3000000119
69368  48.421  41.417  9.848 0.3000000119
68798  47.966  40.633  9.371 0.3000000119
68261  47.081  39.485  8.785 0.3000000119
68268  45.915  39.220  7.398 0.3000000119
68278  44.822  39.476  6.225 0.2000000030
70368  50.627  43.998  11.692 0.3000000119
69856  49.406  42.546  10.703 0.3000000119
69357  49.615  41.258  11.186 0.3000000119
91095  47.202  40.348  8.850 0.3000000119
68810  46.313  40.515  7.717 0.3000000119
68277  45.421  39.351  6.683 0.2000000030
84369  44.113  39.844  6.004 0.1000000015
70363  50.873  44.388  13.375 0.3000000119
70362  51.219  43.514  12.904 0.3000000119
69855  50.633  42.784  11.206 0.3000000119
89299  49.784  42.004  10.930 0.3000000119
69351  50.364  40.920  11.893 0.3000000119
69355  51.516  42.215  12.890 0.3000000119
68776  51.217  40.742  12.524 0.3000000119
68237  50.211  40.225  12.084 0.3000000119
67710  50.909  38.590  13.287 0.5000000000
67711  50.509  38.165  13.421 0.4000000060
67696  53.354  38.127  15.211 0.5000000000
67218  51.714  37.519  14.277 0.5000000000
67216  54.951  37.799  14.710 0.6000000238
67208  53.563  37.250  15.953 0.6000000238
66733  51.376  36.885  14.792 0.5000000000
67242  56.041  37.279  11.140 0.5000000000
91619  55.187  36.514  13.463 0.6000000238
66732  54.586  36.301  15.379 0.6000000238
66722  53.585  36.373  15.988 0.6000000238
66768  55.581  36.485  9.959 0.6000000238
66747  54.573  36.073  11.996 0.6000000238
86907  53.981  35.400  13.102 0.6000000238
66236  53.793  35.429  14.025 0.6000000238
96049  55.231  36.365  9.390 0.6000000238
93007  54.526  36.265  10.207 0.6000000238
66245  53.726  35.395  12.157 0.6999999881
84389  52.973  35.023  11.906 0.6000000238
66784  53.811  36.100  8.755 0.5000000000
66275  54.140  36.141  9.492 0.6000000238
66262  53.629  35.438  9.820 0.6999999881
92892  52.868  34.947  11.064 0.6999999881
66293  53.826  35.041  7.786 0.5000000000
66285  53.609  35.172  8.498 0.6000000238
65781  53.115  34.705  8.916 0.6000000238
65750  53.328  35.062  10.401 0.6999999881
65309  55.574  33.669  5.323 0.6000000238
65310  55.011  33.746  6.025 0.6000000238
84033  53.202  34.438  8.282 0.6000000238
65809  56.000  33.661  4.624 0.6000000238
64817  56.191  32.750  4.094 0.6999999881
65322  54.374  33.333  5.351 0.6999999881
64333  56.786  31.695  1.398 0.6999999881
64323  56.075  31.654  2.627 0.6999999881
64335  54.452  31.415  1.425 0.8000000119
63859  53.857  30.998  0.604 0.8999999762
64855  56.866  32.157  0.786 0.6999999881
64357  56.931  31.535  -0.006 0.6999999881
63873  55.720  30.562  0.450 0.8000000119
63886  54.373  30.374  -0.505 0.8999999762
63893  56.942  30.879  -1.341 0.8000000119
63403  56.332  29.923  -2.100 0.8000000119
90020  54.765  30.197  -1.687 0.8000000119
88621  53.550  30.105  -2.353 0.8999999762
62973  53.063  29.324  -4.102 0.8999999762
62550  53.888  27.515  -10.474 0.8999999762
63413  56.694  29.971  -3.028 0.8000000119
63404  55.460  29.948  -2.256 0.8000000119
63415  55.016  29.949  -3.090 0.8000000119
62982  53.582  29.025  -4.923 0.8999999762
62526  54.106  28.033  -6.619 0.8999999762
63425  56.646  29.685  -3.999 0.8000000119
63414  56.206  29.670  -3.032 0.8000000119
63427  54.400  29.936  -3.878 0.8000000119
63439  54.046  29.770  -4.685 0.8000000119
63426  55.684  29.683  -4.051 0.8000000119
69857  48.676  42.895  10.294 0.2000000030
98456  48.322  42.250  9.997 0.2000000030
71460  51.745  46.441  12.180 0.2000000030
91859  49.893  44.116  10.693 0.2000000030
68803  47.255  41.287  9.055 0.2000000030
68817  45.652  40.642  6.553 0.2000000030
68283  44.786  40.099  6.117 0.2000000030
70361  52.450  44.218  12.626 0.2000000030
86351  51.346  44.299  13.595 0.2000000030
70901  50.670  45.195  13.692 0.2000000030
69869  47.298  42.579  9.074 0.2000000030
69378  46.107  41.484  8.056 0.2000000030
68816  46.095  41.008  7.004 0.2000000030
68821  45.031  40.714  6.235 0.2000000030
69842  51.654  42.439  13.866 0.2000000030
69850  51.548  42.858  13.751 0.3000000119
69350  51.441  41.494  12.580 0.3000000119
69840  53.509  41.751  13.762 0.4000000060
69841  52.591  42.205  14.088 0.4000000060
68774  52.448  40.974  14.561 0.3000000119
68775  51.900  41.121  13.751 0.3000000119
68222  51.311  40.173  12.671 0.3000000119
68199  53.453  39.145  14.310 0.4000000060
68207  52.694  39.253  14.394 0.4000000060
68200  52.344  38.950  13.671 0.5000000000
68218  55.044  38.483  11.959 0.4000000060
67707  54.910  37.984  13.010 0.6000000238
67708  54.473  38.771  13.814 0.5000000000
67260  57.083  37.517  9.549 0.5000000000
67727  56.711  37.657  11.299 0.5000000000
96102  54.842  37.924  12.275 0.5000000000
67234  55.026  37.191  12.419 0.5000000000
67269  56.748  36.915  7.834 0.4000000060
67247  57.426  37.128  10.210 0.6000000238
66758  57.008  36.800  10.617 0.6000000238
66405  51.659  35.315  -2.048 0.6000000238
66389  51.213  36.014  -1.782 0.6000000238
67270  55.622  36.983  8.066 0.4000000060
67259  57.327  36.568  8.836 0.6000000238
66767  56.835  36.463  9.788 0.6000000238
66892  54.339  36.837  -1.584 0.6999999881
66387  53.423  36.013  -1.343 0.6000000238
65850  52.854  35.115  -1.651 0.6000000238
66406  50.789  35.389  -2.309 0.6000000238
67271  53.953  37.025  8.627 0.4000000060
66790  56.599  36.540  7.927 0.5000000000
66782  56.898  35.945  8.195 0.6000000238
99803  54.173  36.184  -1.884 0.6000000238
65870  52.263  34.533  -2.300 0.6000000238
67277  53.459  36.732  7.741 0.4000000060
66800  53.569  36.247  7.188 0.5000000000
66875  54.626  37.728  -0.871 0.6999999881
86079  55.301  37.824  -1.837 0.6000000238
66386  54.849  36.579  -2.536 0.6000000238
65868  54.482  34.996  -2.984 0.6000000238
65869  53.452  34.540  -2.294 0.6000000238
66304  53.882  35.521  6.184 0.4000000060
91629  53.932  35.361  6.924 0.5000000000
66891  56.142  38.214  -2.010 0.6000000238
66402  55.166  36.087  -3.001 0.6000000238
66411  55.121  35.381  -3.377 0.6000000238
65810  55.600  34.229  5.034 0.6000000238
97364  56.188  33.714  3.837 0.6000000238
65331  56.587  32.965  2.662 0.6000000238
66890  57.254  38.205  -1.655 0.6000000238
66401  57.139  36.089  -2.052 0.6000000238
65867  55.571  35.364  -3.101 0.6000000238
65376  55.553  33.618  -4.055 0.6000000238
65335  56.460  33.913  1.954 0.6999999881
65865  57.128  35.097  -2.183 0.6000000238
65357  56.786  34.238  -2.948 0.6000000238
65375  56.373  33.552  -3.787 0.6000000238
65391  55.998  33.013  -4.490 0.6999999881
65334  56.625  33.203  1.741 0.6999999881
88954  56.752  33.280  0.330 0.6999999881
65351  57.222  34.400  -1.701 0.6999999881
99354  56.876  34.072  -2.886 0.6999999881
64903  56.939  32.116  -5.272 0.8000000119
100141  56.197  31.306  -6.361 0.8000000119
91457  56.771  32.301  -2.214 0.6999999881
64879  56.742  32.585  -3.373 0.6999999881
63921  56.708  30.300  -6.640 0.8000000119
63451  54.522  29.557  -7.052 0.8000000119
62999  54.416  28.046  -8.988 0.8000000119
63006  54.172  27.999  -9.934 0.8999999762
63900  56.792  30.653  -2.357 0.8000000119
64371  56.752  31.485  -2.921 0.6999999881
63913  57.130  30.640  -4.788 0.8000000119
63442  56.633  29.975  -6.184 0.8000000119
62532  54.417  28.290  -7.293 0.8000000119
63424  56.949  29.939  -4.299 0.8000000119
63437  55.983  29.718  -5.379 0.8000000119
70930  53.109  44.845  10.509 0.2000000030
71481  52.638  45.683  10.843 0.2000000030
71493  52.779  45.582  9.704 0.2000000030
70916  52.719  44.995  11.731 0.2000000030
70939  53.075  44.513  9.405 0.2000000030
70360  53.180  43.464  12.195 0.3000000119
91789  53.820  41.945  12.017 0.4000000060
68783  54.619  40.390  12.904 0.4000000060
68772  54.766  39.598  12.881 0.4000000060
69353  54.111  41.258  11.164 0.3000000119
68236  54.740  39.890  11.719 0.3000000119
68235  54.892  39.255  11.816 0.3000000119
89571  54.382  38.973  13.534 0.4000000060
68247  54.109  39.817  10.721 0.3000000119
68246  55.248  38.933  10.953 0.4000000060
67741  52.982  38.872  9.788 0.4000000060
67761  55.940  37.686  8.521 0.5000000000
66388  52.165  35.957  -1.480 0.6999999881
66893  51.708  36.710  -1.306 0.6999999881
84438  53.270  37.998  9.020 0.4000000060
67261  54.688  37.666  8.915 0.4000000060
66876  53.628  36.751  -0.807 0.6000000238
96503  52.025  37.307  -1.068 0.5000000000
67272  53.014  37.570  8.093 0.4000000060
67363  55.504  38.826  -0.351 0.5000000000
67278  52.754  37.404  7.283 0.4000000060
67379  55.824  38.772  -1.470 0.6999999881
67378  56.554  38.997  -1.258 0.5000000000
66801  53.045  36.803  6.860 0.4000000060
67377  57.471  38.855  -0.842 0.6000000238
66314  54.069  35.259  5.515 0.4000000060
84469  55.068  34.856  4.134 0.5000000000
65819  56.089  34.128  3.154 0.6000000238
66384  58.512  36.894  -1.015 0.6999999881
66320  55.419  34.613  3.076 0.5000000000
66326  56.457  34.698  1.617 0.5000000000
65826  56.763  34.479  1.071 0.6000000238
85536  58.302  35.977  -1.196 0.6999999881
65337  56.739  33.912  0.809 0.6999999881
96476  56.978  34.313  -0.022 0.6999999881
65834  57.848  35.047  -0.801 0.6999999881
70945  52.476  44.492  8.692 0.2000000030
70379  52.845  43.858  8.865 0.2000000030
70915  53.325  44.233  11.410 0.2000000030
70929  53.480  44.023  10.224 0.2000000030
70367  53.678  43.479  10.959 0.2000000030
69853  53.647  42.733  11.472 0.2000000030
69862  53.755  42.731  10.338 0.3000000119
69364  53.841  42.000  10.754 0.3000000119
69354  53.484  41.252  10.235 0.3000000119
68789  53.721  40.503  10.557 0.3000000119
68795  52.895  40.484  9.921 0.3000000119
99563  51.500  39.936  8.217 0.3000000119
68254  51.822  39.611  8.731 0.3000000119
67769  51.743  38.506  7.383 0.3000000119
68260  52.408  38.827  9.016 0.3000000119
67337  53.504  37.106  -0.374 0.5000000000
66877  52.525  37.272  -0.694 0.5000000000
67768  52.092  37.795  6.925 0.3000000119
85625  52.356  38.070  7.725 0.3000000119
66349  53.369  35.819  0.639 0.5000000000
67336  54.800  37.791  -0.139 0.5000000000
67284  52.360  37.107  6.532 0.4000000060
66348  54.174  35.561  0.857 0.5000000000
66340  53.094  35.010  0.918 0.5000000000
66850  55.117  37.090  0.544 0.5000000000
67334  57.092  38.856  0.545 0.5000000000
67295  51.776  36.537  5.613 0.4000000060
66819  52.639  36.183  5.544 0.4000000060
66321  53.918  35.081  3.387 0.5000000000
66339  53.756  34.853  1.537 0.5000000000
66849  56.514  37.778  0.823 0.5000000000
66848  57.471  38.016  0.901 0.5000000000
66874  58.460  37.728  0.019 0.6000000238
66328  54.572  34.924  2.863 0.5000000000
66337  56.215  35.457  1.411 0.5000000000
66347  57.801  37.089  0.604 0.5000000000
66363  58.246  36.273  -0.205 0.6999999881
66327  55.918  34.610  2.225 0.6000000238
66346  57.431  35.671  0.605 0.6000000238
65828  57.414  35.071  0.253 0.6999999881
70386  51.615  43.619  7.666 0.2000000030
70380  52.181  43.722  8.377 0.2000000030
69878  51.436  42.828  7.256 0.2000000030
70375  53.289  43.577  9.357 0.2000000030
69381  51.108  42.065  6.819 0.2000000030
69873  51.928  42.879  8.024 0.2000000030
69868  52.755  43.006  8.728 0.2000000030
69863  53.399  42.789  9.446 0.2000000030
69373  52.202  42.098  8.346 0.2000000030
87174  53.463  42.018  9.796 0.3000000119
68814  50.697  40.391  6.461 0.2000000030
87611  51.370  41.037  7.010 0.2000000030
88230  51.756  41.237  7.966 0.3000000119
69372  52.836  42.094  9.074 0.3000000119
69366  52.214  41.304  8.789 0.3000000119
68796  52.176  40.481  9.250 0.3000000119
84003  51.478  40.355  7.669 0.3000000119
85802  51.100  38.845  7.147 0.3000000119
67338  52.702  37.687  -0.346 0.5000000000
67775  51.224  37.913  6.803 0.3000000119
67286  50.285  37.091  6.320 0.3000000119
66852  53.146  36.795  0.269 0.5000000000
66829  52.388  35.808  3.903 0.4000000060
66330  52.953  34.789  1.687 0.5000000000
99017  52.658  35.828  4.818 0.4000000060
66832  53.190  35.468  3.688 0.5000000000
66322  53.122  35.234  2.662 0.5000000000
70393  51.270  43.486  6.992 0.2000000030
69879  50.902  42.911  6.647 0.2000000030
69886  50.376  42.244  6.227 0.2000000030
69382  50.638  41.354  6.315 0.2000000030
83510  48.776  39.896  4.743 0.2000000030
92334  49.075  40.182  5.492 0.2000000030
68274  50.316  39.270  6.756 0.2000000030
85176  51.245  39.936  7.032 0.3000000119
67776  49.317  37.420  6.046 0.2000000030
67312  49.014  37.560  4.320 0.2000000030
67297  49.826  36.764  5.352 0.3000000119
67833  52.119  38.247  -0.272 0.3000000119
67296  50.697  36.667  5.605 0.4000000060
67309  51.553  36.281  3.672 0.3000000119
66836  52.554  35.388  2.048 0.4000000060
67323  52.242  36.292  2.385 0.5000000000
89478  52.514  36.048  1.476 0.5000000000
67326  52.572  37.193  0.695 0.3000000119
69387  49.366  41.698  5.123 0.2000000030
69393  49.026  41.353  4.416 0.2000000030
68839  50.033  40.455  3.182 0.2000000030
69405  52.511  40.907  3.544 0.2000000030
69421  53.702  41.769  2.146 0.2000000030
69386  49.830  41.591  5.708 0.2000000030
68820  49.131  40.901  5.069 0.2000000030
68838  51.898  40.233  3.760 0.2000000030
68308  53.609  40.958  2.117 0.2000000030
68852  53.063  40.655  1.356 0.2000000030
69426  52.866  41.176  0.759 0.2000000030
88857  48.773  39.677  4.075 0.2000000030
68836  53.139  40.864  3.314 0.2000000030
68853  52.054  40.647  0.518 0.2000000030
68860  51.001  40.813  0.187 0.2000000030
67797  49.229  38.148  3.598 0.2000000030
68299  51.188  39.306  3.699 0.2000000030
68854  50.723  40.230  0.787 0.2000000030
67790  48.743  38.390  4.128 0.2000000030
98800  51.427  38.524  3.470 0.2000000030
67320  49.544  37.339  3.701 0.2000000030
67789  50.921  37.030  3.313 0.2000000030
67795  52.352  38.611  3.069 0.2000000030
67800  52.461  38.639  2.457 0.2000000030
67804  52.356  38.621  1.304 0.3000000119
67812  52.100  39.040  0.663 0.3000000119
67813  51.657  39.334  0.744 0.3000000119
68318  50.857  39.656  1.026 0.2000000030
67311  49.653  36.876  4.378 0.2000000030
67319  50.040  36.897  3.631 0.2000000030
87597  51.659  37.053  2.910 0.2000000030
89690  52.024  37.378  2.630 0.2000000030
90351  52.399  38.279  0.182 0.3000000119
67834  51.740  38.584  0.135 0.3000000119
67318  52.050  36.287  3.102 0.2000000030
69425  53.875  42.329  0.732 0.2000000030
86556  53.013  41.657  0.360 0.2000000030
69432  51.107  41.329  -0.580 0.2000000030
96347  53.570  41.574  1.399 0.2000000030
69431  51.982  41.229  0.120 0.2000000030
68837  52.663  40.323  3.512 0.2000000030
68297  53.170  40.381  3.159 0.2000000030
68303  53.333  40.400  2.600 0.2000000030
85042  50.267  40.594  0.450 0.2000000030
95992  53.213  40.340  1.973 0.2000000030
68317  52.038  40.060  0.829 0.2000000030
68298  52.634  39.624  3.356 0.2000000030
68309  52.866  39.641  2.179 0.2000000030
68856  49.045  40.198  1.497 0.2000000030
68289  52.115  39.539  3.671 0.2000000030
67788  51.958  38.532  3.369 0.2000000030
68848  49.454  40.085  1.926 0.2000000030
68304  52.962  39.618  2.958 0.2000000030
69430  53.281  42.087  -0.166 0.2000000030
84811  52.195  41.702  -0.682 0.2000000030
69434  52.133  42.011  -1.810 0.2000000030
68855  49.698  40.328  1.226 0.2000000030
86733  48.976  40.350  0.631 0.2000000030
68316  52.553  39.851  1.474 0.2000000030
68310  50.057  39.939  1.704 0.2000000030
65285  39.719  33.656  8.682 0.3000000119
65226  41.792  33.274  12.068 0.3000000119
93164  42.593  33.735  14.033 0.5000000000
65188  40.743  33.235  17.124 0.4000000060
65186  42.372  34.095  18.147 0.5000000000
64192  43.331  31.758  18.489 0.5000000000
64203  43.574  31.179  17.567 0.5000000000
64688  43.949  32.649  18.634 0.5000000000
65675  43.936  35.228  18.271 0.5000000000
63739  43.841  30.759  16.365 0.6000000238
63753  44.004  30.536  15.196 0.6000000238
64687  44.881  33.196  18.957 0.4000000060
65664  44.871  35.404  18.925 0.5000000000
64285  43.461  32.342  7.776 0.8000000119
64278  44.188  32.505  8.990 0.8999999762
63791  44.564  31.237  12.570 0.8000000119
84855  44.630  32.332  11.113 0.8000000119
63773  45.213  30.986  13.044 0.6999999881
63765  45.065  30.669  13.902 0.6000000238
64213  45.397  31.539  15.593 0.6000000238
64699  44.883  32.621  17.682 0.6000000238
65175  45.593  34.116  19.222 0.5000000000
64815  44.445  32.905  6.201 0.8000000119
92591  44.346  32.840  7.906 0.8999999762
64253  45.813  32.444  12.436 0.6999999881
64710  45.965  32.203  16.413 0.6000000238
64686  46.240  33.709  18.117 0.5000000000
98715  45.160  29.353  3.253 0.6999999881
64299  43.878  31.686  3.737 0.8000000119
64697  46.832  33.259  17.142 0.5000000000
64829  44.912  32.677  5.098 0.8999999762
93627  45.343  33.209  9.290 0.8999999762
84370  47.268  32.841  16.158 0.5000000000
64751  47.339  32.995  12.713 0.8999999762
64225  47.157  32.107  14.382 0.5000000000
59996  45.896  22.420  1.652 0.6000000238
64800  45.452  33.479  7.443 0.8999999762
62007  46.973  25.967  2.832 0.6999999881
88300  47.228  33.650  11.189 0.8999999762
65192  48.249  34.311  16.441 0.5000000000
62915  47.430  28.612  3.162 0.6999999881
99301  47.101  30.487  2.701 0.8000000119
64797  46.843  34.158  8.666 0.8999999762
65307  46.452  33.888  7.120 0.8999999762
65241  48.193  33.952  11.589 0.8000000119
91531  48.010  33.237  12.674 0.6999999881
62477  48.035  27.006  2.392 0.6999999881
62923  49.240  28.748  2.277 0.6999999881
64312  49.060  31.752  2.631 0.8000000119
64841  49.302  32.310  3.531 0.8000000119
63847  49.238  30.608  2.186 0.8000000119
59446  48.436  21.006  0.076 0.6000000238
66212  48.510  35.019  17.560 0.6000000238
65661  49.354  34.916  18.476 0.6000000238
87674  48.356  34.380  9.193 0.8999999762
63388  49.969  29.182  1.124 0.6999999881
63862  50.405  30.258  1.534 0.8000000119
85798  49.246  34.667  17.618 0.6000000238
65719  49.680  34.852  11.970 0.8000000119
96996  48.901  21.301  -1.821 0.6000000238
64824  49.519  32.603  4.258 0.8000000119
64810  49.145  33.118  4.896 0.8000000119
63396  50.559  29.992  -0.366 0.6999999881
62493  48.834  28.208  -1.067 0.6000000238
62501  48.301  27.657  -1.624 0.5000000000
62950  50.601  29.932  -1.369 0.6999999881
62956  50.090  29.187  -1.848 0.6999999881
62968  49.558  28.740  -2.312 0.6000000238
66287  44.238  35.532  8.765 0.2000000030
66255  45.031  34.856  11.213 0.3000000119
66264  45.502  35.370  10.710 0.3000000119
84403  48.176  36.255  13.090 0.3000000119
66736  48.641  36.224  14.973 0.4000000060
66219  51.023  35.297  16.597 0.6000000238
65682  50.080  34.532  17.632 0.6000000238
99524  52.229  22.422  -1.218 0.6000000238
65694  50.725  34.758  14.820 0.6000000238
92854  49.899  34.890  13.804 0.6000000238
65718  50.706  34.817  12.496 0.6999999881
65754  49.465  34.492  10.442 0.8999999762
95657  49.266  34.437  8.662 0.8999999762
65292  50.059  33.873  7.056 0.8999999762
59482  48.765  21.444  -2.631 0.6000000238
64823  50.310  32.585  4.226 0.8999999762
92730  50.969  31.116  1.830 0.8000000119
63386  51.546  30.284  0.542 0.8999999762
95582  49.221  22.271  -4.466 0.5000000000
84794  51.266  30.214  0.067 0.8999999762
84793  51.475  30.281  -0.804 0.8000000119
63418  51.653  29.888  -2.585 0.8999999762
60641  47.891  23.334  -4.508 0.5000000000
62967  50.276  29.024  -2.666 0.6999999881
62966  51.039  29.178  -3.022 0.6999999881
61134  46.473  24.904  -3.058 0.5000000000
84817  46.926  24.901  -4.069 0.5000000000
62976  50.494  28.811  -3.474 0.8000000119
66824  37.872  37.181  5.945 0.2000000030
98698  37.923  37.683  5.620 0.1000000015
66813  39.154  36.321  6.207 0.2000000030
66823  38.760  36.879  5.701 0.2000000030
98458  42.734  35.583  7.492 0.2000000030
66795  44.635  36.155  8.427 0.2000000030
66802  44.945  36.871  8.067 0.2000000030
66794  45.279  36.535  8.744 0.2000000030
66770  46.597  36.406  10.541 0.3000000119
67262  48.074  38.168  10.041 0.3000000119
67244  48.856  37.211  11.308 0.4000000060
66762  47.610  36.514  11.681 0.3000000119
67221  49.952  37.198  15.522 0.5000000000
66725  50.490  36.005  17.000 0.6000000238
91870  52.577  34.941  13.519 0.6000000238
65732  51.422  34.726  12.018 0.8000000119
65751  52.314  34.648  10.351 0.6999999881
65770  51.734  34.430  9.628 0.6999999881
65796  50.765  34.330  8.023 0.8999999762
65782  52.437  34.365  8.517 0.6999999881
65291  50.980  33.990  7.278 0.8999999762
65302  51.228  33.718  6.470 0.8999999762
64808  50.709  33.045  4.836 0.8999999762
64821  52.431  32.940  4.500 0.8999999762
64309  52.214  32.071  2.626 0.8999999762
91204  51.214  31.893  2.624 0.8999999762
64326  52.999  32.098  2.060 0.8999999762
63860  52.779  30.811  0.769 0.8999999762
64336  53.405  31.529  1.309 0.8999999762
84034  52.137  30.111  0.019 0.8999999762
90680  52.659  30.058  -2.387 0.8999999762
62974  52.186  28.862  -3.831 0.8000000119
62975  51.315  28.724  -3.722 0.8000000119
62516  48.623  28.202  -3.221 0.5000000000
98627  50.005  28.673  -3.820 0.6000000238
62529  50.217  28.042  -5.205 0.6000000238
62528  51.188  27.870  -5.112 0.6999999881
83390  48.984  28.881  -4.053 0.5000000000
91073  46.791  25.586  -4.223 0.5000000000
61142  47.810  25.378  -6.255 0.5000000000
81696  47.142  25.709  -5.842 0.5000000000
67279  45.877  37.821  8.235 0.2000000030
67777  44.783  38.741  6.565 0.2000000030
89001  47.637  39.799  9.191 0.3000000119
67770  45.903  38.432  7.870 0.3000000119
67755  48.405  38.936  9.972 0.3000000119
67729  49.502  38.757  10.865 0.4000000060
68784  49.777  40.527  11.584 0.3000000119
67718  50.630  39.159  12.703 0.5000000000
67228  50.834  37.937  13.993 0.5000000000
66734  50.552  36.845  15.540 0.5000000000
67209  52.570  36.941  14.996 0.6000000238
66227  53.370  35.673  14.966 0.6000000238
65301  52.344  33.696  6.507 0.6999999881
65300  53.451  33.751  6.593 0.6000000238
64820  53.502  33.011  4.535 0.8999999762
64324  54.929  31.741  2.314 0.8000000119
64835  54.956  32.543  3.859 0.6999999881
63395  53.487  30.189  -0.608 0.8999999762
63394  54.124  30.237  -1.190 0.8000000119
63417  53.194  29.991  -2.975 0.8999999762
62983  52.632  28.576  -4.575 0.8000000119
96241  53.098  28.339  -5.214 0.8999999762
100239  51.598  27.527  -5.711 0.6999999881
83531  52.361  27.340  -6.046 0.8000000119
62067  52.310  26.779  -6.822 0.8000000119
68262  46.693  40.013  8.258 0.3000000119
69369  47.722  41.976  9.453 0.2000000030
68276  45.989  40.086  6.904 0.2000000030
70931  50.155  44.889  11.283 0.2000000030
68804  46.677  40.892  8.442 0.3000000119
69356  50.851  41.805  11.565 0.3000000119
68223  50.563  39.950  12.324 0.3000000119
67709  51.584  38.814  13.325 0.5000000000
67704  53.093  38.833  14.370 0.4000000060
67703  54.029  38.585  14.915 0.6000000238
67217  54.744  36.983  15.527 0.6000000238
66731  55.134  36.731  14.588 0.6000000238
93168  54.819  36.664  11.939 0.6000000238
66235  54.501  35.671  13.719 0.6000000238
66252  54.164  35.821  11.316 0.6999999881
66261  53.864  35.685  10.386 0.6999999881
66792  54.072  35.999  7.961 0.5000000000
65792  53.998  34.548  7.327 0.6000000238
65804  53.906  34.024  7.116 0.6000000238
98889  54.364  34.562  6.837 0.5000000000
65326  56.487  32.820  3.436 0.6999999881
64818  55.656  32.837  4.522 0.6000000238
66313  54.473  34.733  6.246 0.6000000238
64307  56.192  32.030  3.343 0.6999999881
96644  56.642  32.057  2.568 0.6999999881
63856  56.707  31.534  1.680 0.6999999881
65330  56.658  32.379  2.352 0.6999999881
63883  56.933  30.942  0.158 0.8000000119
64334  55.556  31.240  1.769 0.8000000119
97008  56.624  31.155  1.318 0.8000000119
63858  55.059  30.882  0.968 0.8000000119
64864  56.775  32.556  -0.324 0.6999999881
91373  57.040  31.041  -0.562 0.8000000119
100369  55.836  30.123  -0.816 0.8000000119
63885  56.396  30.435  -0.237 0.8000000119
96081  55.326  30.353  -0.313 0.8000000119
63428  53.475  29.889  -3.669 0.8999999762
62549  54.261  27.548  -9.513 0.8999999762
62527  53.202  27.833  -5.848 0.8999999762
62988  53.898  28.635  -5.821 0.8999999762
62071  54.069  27.262  -8.159 0.8999999762
62533  53.260  27.318  -6.620 0.8000000119
62072  53.223  26.882  -7.484 0.8000000119
63445  54.426  29.477  -5.780 0.8000000119
69864  47.940  42.768  9.652 0.2000000030
70899  51.860  45.059  12.972 0.2000000030
71470  52.232  45.817  12.081 0.2000000030
89880  46.536  41.766  8.705 0.2000000030
69849  52.121  43.277  13.484 0.2000000030
70352  50.924  44.543  13.728 0.2000000030
70351  51.369  43.712  13.538 0.3000000119
69848  53.083  42.537  12.817 0.4000000060
69342  52.813  41.375  14.482 0.2000000030
68773  54.333  40.081  14.219 0.4000000060
68758  53.281  40.574  14.763 0.3000000119
68208  51.874  39.504  13.471 0.4000000060
67248  57.153  37.785  10.830 0.5000000000
68219  54.806  38.986  12.809 0.5000000000
67738  55.620  38.822  10.103 0.5000000000
88525  52.499  36.681  -1.081 0.6000000238
65872  50.459  34.683  -2.590 0.6000000238
66404  54.007  35.526  -2.158 0.6000000238
65887  53.969  34.072  -3.063 0.6000000238
89752  55.992  36.166  -2.513 0.6000000238
65886  54.946  34.505  -3.618 0.6000000238
66385  57.878  37.107  -1.688 0.6000000238
65866  56.327  34.643  -3.036 0.6000000238
88409  55.681  32.709  -4.776 0.6999999881
65849  57.765  35.314  -1.703 0.6000000238
64888  56.688  32.605  -4.431 0.6999999881
64904  56.474  32.287  -5.186 0.8000000119
64917  55.887  31.957  -5.653 0.6999999881
64874  56.784  33.103  -1.461 0.6999999881
65356  56.867  33.629  -2.587 0.6999999881
64887  56.885  32.375  -4.167 0.6999999881
64387  57.144  31.484  -5.712 0.8000000119
64400  56.658  30.910  -6.562 0.8000000119
63444  54.920  30.122  -6.343 0.8000000119
63000  54.140  28.384  -9.224 0.8000000119
62539  54.471  28.022  -8.055 0.8999999762
63474  53.608  28.543  -10.045 0.8000000119
62987  54.596  28.966  -6.786 0.8000000119
67739  54.552  39.023  10.364 0.5000000000
68253  52.441  39.647  9.578 0.3000000119
67754  53.934  38.429  9.759 0.4000000060
67811  56.198  39.341  0.040 0.5000000000
66809  52.672  36.596  6.221 0.4000000060
66318  54.090  35.184  4.495 0.4000000060
67763  51.971  38.754  8.241 0.3000000119
90920  52.697  35.204  1.297 0.5000000000
66842  52.889  35.811  0.876 0.5000000000
66338  55.046  35.063  1.895 0.5000000000
66841  55.692  36.216  1.173 0.5000000000
66336  57.000  35.754  0.954 0.6000000238
69377  51.632  42.025  7.571 0.2000000030
68275  49.185  38.600  6.298 0.2000000030
90632  50.057  38.020  6.884 0.3000000119
66833  52.623  35.792  2.997 0.4000000060
91727  52.230  37.328  1.795 0.3000000119
68840  49.088  40.115  3.327 0.2000000030
85911  50.710  40.048  3.664 0.2000000030
69416  52.183  41.553  3.264 0.2000000030
69415  53.147  41.441  3.154 0.2000000030
68843  53.607  41.121  2.840 0.2000000030
69926  53.864  42.444  1.982 0.2000000030
68319  48.494  39.801  0.910 0.2000000030
61961  52.656  26.391  8.821 0.3000000119
61506  51.577  25.555  8.985 0.3000000119
61044  50.574  24.683  9.305 0.3000000119
60544  49.081  23.803  8.632 0.3000000119
96658  61.413  21.917  13.080 0.2000000030
59298  61.137  21.095  14.477 0.2000000030
61505  52.198  25.753  8.491 0.3000000119
61043  51.432  24.981  8.811 0.3000000119
60543  50.199  23.747  9.045 0.3000000119
60560  49.141  23.070  8.015 0.3000000119
60561  48.465  23.302  8.030 0.3000000119
60475  60.143  22.904  13.514 0.2000000030
61515  52.423  25.472  7.652 0.3000000119
60542  51.194  24.090  8.698 0.3000000119
59946  47.856  22.622  7.439 0.3000000119
60492  59.238  22.716  12.562 0.2000000030
61014  57.711  23.825  12.368 0.3000000119
61481  56.508  26.354  12.142 0.3000000119
62421  57.036  28.300  10.326 0.3000000119
61056  51.699  24.583  7.832 0.3000000119
59943  50.661  22.809  7.740 0.3000000119
59945  48.787  22.761  7.292 0.3000000119
59960  48.374  22.222  6.615 0.3000000119
61055  52.020  24.973  7.219 0.3000000119
59942  51.126  22.896  7.023 0.3000000119
59388  47.956  21.641  5.954 0.3000000119
61986  57.311  25.800  4.666 0.3000000119
59959  49.392  22.294  6.661 0.3000000119
59387  48.854  21.923  5.898 0.3000000119
61088  57.344  24.077  3.074 0.3000000119
84307  55.311  23.558  3.221 0.3000000119
59976  55.371  23.459  2.442 0.3000000119
60597  54.853  23.676  2.915 0.3000000119
62429  53.497  27.843  9.515 0.3000000119
61962  51.866  26.056  9.216 0.3000000119
61507  50.899  25.381  9.421 0.3000000119
61035  50.045  25.109  9.631 0.3000000119
61046  48.632  24.506  9.164 0.3000000119
60545  48.182  23.983  8.628 0.3000000119
91753  60.567  21.052  15.517 0.2000000030
57465  60.373  18.948  15.361 0.2000000030
61954  53.088  27.124  9.155 0.3000000119
60562  47.709  23.365  8.224 0.3000000119
60461  60.450  22.606  14.372 0.2000000030
59860  61.128  21.993  13.921 0.2000000030
62886  56.221  29.048  9.287 0.3000000119
62437  53.780  27.702  8.645 0.3000000119
61968  52.910  26.136  8.030 0.3000000119
86784  46.973  21.994  7.460 0.3000000119
62885  57.318  29.165  9.471 0.3000000119
62893  55.381  28.490  8.765 0.3000000119
61966  54.528  27.240  6.972 0.3000000119
61967  53.625  26.719  7.496 0.3000000119
59378  45.814  21.570  7.148 0.2000000030
61002  58.136  23.653  12.879 0.3000000119
61926  57.448  27.009  13.358 0.3000000119
84797  56.827  27.231  12.465 0.3000000119
62427  56.855  28.419  9.093 0.3000000119
62441  56.019  27.600  7.512 0.3000000119
61979  53.938  26.344  6.737 0.3000000119
61527  52.557  25.223  6.816 0.3000000119
59377  47.315  21.698  6.777 0.3000000119
59391  45.587  21.543  6.544 0.2000000030
62415  57.248  28.373  11.537 0.3000000119
61534  56.338  26.091  4.617 0.3000000119
61525  54.150  25.911  6.079 0.3000000119
61070  52.087  24.813  6.447 0.3000000119
59958  50.476  22.377  6.734 0.3000000119
59398  45.673  21.537  5.680 0.4000000060
93067  45.157  21.762  6.287 0.3000000119
61544  56.425  25.371  3.496 0.3000000119
61535  54.769  25.721  5.386 0.3000000119
61082  52.637  24.291  5.173 0.3000000119
61083  51.929  24.307  5.800 0.3000000119
59386  49.885  21.844  5.967 0.3000000119
59395  48.410  21.334  5.283 0.3000000119
59397  46.575  21.092  5.323 0.4000000060
60587  56.150  24.244  2.902 0.3000000119
61080  54.773  24.770  4.550 0.3000000119
61081  53.692  24.289  4.805 0.3000000119
60579  52.191  23.888  4.933 0.3000000119
59967  50.893  21.954  4.847 0.3000000119
59394  49.291  21.542  5.250 0.3000000119
88406  47.132  20.841  4.762 0.4000000060
91480  54.882  23.577  3.570 0.3000000119
59403  49.617  21.330  4.624 0.3000000119
59404  47.911  20.823  4.587 0.3000000119
60598  54.551  23.672  3.249 0.4000000060
59991  55.532  22.947  1.743 0.4000000060
59983  55.918  23.638  2.451 0.4000000060
59977  55.293  23.984  2.794 0.4000000060
59430  55.794  22.194  1.344 0.3000000119
60003  55.241  21.910  -0.136 0.5000000000
59443  55.736  21.729  0.533 0.4000000060
60022  54.710  22.234  -0.933 0.5000000000
60021  55.517  21.599  -1.288 0.5000000000
60037  54.983  22.140  -1.875 0.5000000000
61500  49.741  25.391  9.974 0.3000000119
61037  48.317  24.854  9.716 0.3000000119
60530  46.991  23.993  9.447 0.3000000119
58748  60.005  20.825  16.368 0.2000000030
58109  60.163  19.662  16.487 0.2000000030
62423  53.355  27.767  10.422 0.3000000119
62430  52.834  27.266  9.965 0.3000000119
61956  51.625  26.304  9.858 0.3000000119
61036  49.143  24.960  9.654 0.3000000119
60529  47.836  24.424  9.240 0.3000000119
60546  46.982  23.366  8.654 0.3000000119
59931  46.284  22.901  8.515 0.3000000119
59852  60.589  21.933  14.906 0.2000000030
88135  60.748  19.585  15.522 0.2000000030
92731  55.740  29.440  9.734 0.3000000119
62880  54.911  28.975  10.221 0.3000000119
59932  45.555  22.631  8.502 0.3000000119
63804  58.451  31.047  10.654 0.3000000119
62887  55.041  28.813  9.484 0.3000000119
62428  54.329  28.286  9.056 0.3000000119
59947  46.212  22.077  7.795 0.2000000030
59948  45.298  22.063  7.733 0.2000000030
60990  58.082  24.795  13.860 0.3000000119
60988  60.099  22.914  12.901 0.3000000119
96974  58.496  30.117  9.583 0.3000000119
59949  44.462  22.233  7.637 0.2000000030
61466  57.474  25.808  13.526 0.3000000119
62404  57.793  28.353  12.764 0.3000000119
62871  58.902  29.508  11.305 0.3000000119
59379  44.968  21.757  6.998 0.2000000030
60572  44.159  23.083  6.063 0.2000000030
60582  44.424  23.442  5.353 0.4000000060
60581  44.978  22.896  5.101 0.4000000060
61091  44.143  24.259  4.929 0.4000000060
95176  54.864  23.894  3.511 0.3000000119
99184  54.067  23.787  4.233 0.3000000119
60589  52.723  23.531  4.285 0.3000000119
89294  51.496  22.455  4.443 0.3000000119
59974  45.363  22.128  4.846 0.4000000060
60592  44.802  23.653  4.634 0.4000000060
60599  53.375  23.358  3.785 0.4000000060
59972  52.288  22.975  3.937 0.3000000119
59402  50.303  21.495  4.307 0.3000000119
59412  49.425  21.060  3.797 0.4000000060
59405  47.232  20.693  4.149 0.4000000060
59981  45.555  22.150  3.844 0.4000000060
60601  45.135  23.820  3.869 0.4000000060
59978  53.394  23.101  3.217 0.4000000060
59979  51.923  22.553  3.430 0.4000000060
59980  51.252  21.987  2.985 0.4000000060
59411  50.366  21.458  3.380 0.4000000060
58854  47.868  20.632  3.299 0.4000000060
59415  46.329  21.018  3.112 0.4000000060
60600  45.316  23.189  3.450 0.4000000060
95009  45.215  24.500  3.695 0.5000000000
85294  55.345  22.397  0.773 0.4000000060
59984  55.244  23.422  2.112 0.4000000060
59985  53.875  22.903  2.479 0.4000000060
59986  52.368  22.530  2.662 0.4000000060
59421  49.571  21.088  2.720 0.4000000060
59422  48.672  20.736  3.019 0.4000000060
59414  47.057  20.770  2.920 0.4000000060
89105  45.492  22.592  3.063 0.4000000060
99745  54.003  22.731  1.835 0.4000000060
60038  54.215  22.430  -1.643 0.5000000000
58751  57.643  20.239  15.654 0.2000000030
58121  58.197  19.385  15.755 0.1000000015
61491  50.365  25.717  10.338 0.3000000119
61492  49.701  25.320  10.633 0.3000000119
61026  48.262  24.690  10.604 0.3000000119
59837  58.774  22.240  15.129 0.2000000030
59285  59.635  21.750  16.003 0.2000000030
58749  59.780  20.262  16.447 0.2000000030
57467  58.765  18.415  15.718 0.1000000015
62405  54.221  28.129  11.906 0.3000000119
62416  54.140  28.206  10.854 0.3000000119
91552  52.177  26.652  11.010 0.3000000119
61947  51.611  26.367  10.618 0.3000000119
61025  48.948  25.154  10.126 0.3000000119
61038  47.557  24.523  9.986 0.3000000119
59912  45.760  23.044  9.465 0.3000000119
59836  59.531  21.996  15.567 0.3000000119
59284  59.574  21.474  15.922 0.2000000030
58110  59.838  19.725  16.422 0.2000000030
57466  59.737  18.933  15.718 0.1000000015
62873  54.920  28.980  11.166 0.3000000119
61946  52.217  26.717  10.294 0.3000000119
61490  50.974  26.063  10.107 0.3000000119
60547  46.416  23.391  9.185 0.3000000119
97360  59.197  22.575  14.727 0.3000000119
60462  59.935  22.896  14.924 0.3000000119
63304  56.712  30.664  11.754 0.3000000119
62872  55.717  30.023  11.434 0.3000000119
62422  54.104  28.393  9.897 0.3000000119
59933  44.766  22.539  8.507 0.2000000030
90139  58.780  22.686  14.217 0.3000000119
60463  59.779  22.903  14.274 0.3000000119
63319  56.836  30.684  10.643 0.3000000119
59934  43.846  22.635  8.408 0.2000000030
60477  58.380  23.174  13.709 0.3000000119
63317  58.841  30.779  10.771 0.3000000119
92037  44.221  22.092  7.036 0.2000000030
59950  43.764  22.550  7.466 0.2000000030
60548  43.138  23.019  7.881 0.2000000030
60573  43.557  23.456  6.441 0.3000000119
61057  43.025  23.874  6.893 0.3000000119
61084  43.549  24.645  5.463 0.4000000060
61548  42.967  26.174  4.737 0.6000000238
61547  43.717  25.755  4.588 0.5000000000
61546  44.304  25.050  4.518 0.5000000000
61552  45.007  25.232  3.988 0.5000000000
61097  45.403  24.150  3.123 0.6000000238
95222  44.782  26.282  4.113 0.6000000238
60005  54.743  22.651  0.680 0.4000000060
59992  54.692  22.863  1.289 0.5000000000
59993  52.792  22.425  1.914 0.4000000060
59987  51.450  22.082  1.985 0.4000000060
59431  50.554  21.660  1.646 0.4000000060
59432  49.772  21.242  1.750 0.4000000060
58861  47.876  20.695  2.475 0.4000000060
86894  46.050  21.877  2.177 0.4000000060
60604  45.368  23.325  2.703 0.5000000000
61102  45.447  24.120  2.278 0.6000000238
62003  45.761  25.822  3.719 0.6000000238
98241  53.839  22.643  0.484 0.4000000060
97529  53.320  22.505  1.209 0.4000000060
59994  52.072  22.338  1.186 0.4000000060
59434  46.488  21.517  1.520 0.5000000000
60004  54.569  22.424  -0.055 0.4000000060
60023  53.993  22.706  -0.864 0.5000000000
59838  57.010  23.004  15.722 0.2000000030
92097  56.919  21.922  15.580 0.2000000030
59287  57.171  21.045  15.629 0.2000000030
96083  57.668  21.589  15.267 0.2000000030
91948  58.246  20.984  15.317 0.2000000030
85813  54.441  28.081  12.927 0.3000000119
61927  52.927  26.930  12.520 0.3000000119
87788  52.388  26.391  12.345 0.3000000119
61483  51.020  25.973  10.988 0.3000000119
60518  46.967  23.943  10.399 0.3000000119
60447  58.043  23.073  14.982 0.3000000119
59286  58.722  21.713  15.241 0.2000000030
91123  59.396  21.046  15.718 0.2000000030
62844  55.780  29.778  13.878 0.3000000119
62857  55.735  29.883  12.630 0.3000000119
62845  55.070  28.972  13.404 0.3000000119
61939  52.566  26.776  11.653 0.3000000119
61027  47.559  24.232  10.754 0.3000000119
60531  46.374  23.446  10.014 0.3000000119
86723  59.171  22.440  15.035 0.3000000119
63290  56.705  30.332  12.947 0.3000000119
62858  54.966  28.977  12.245 0.3000000119
97723  44.758  22.317  10.012 0.3000000119
60464  58.316  23.037  14.702 0.3000000119
60967  57.836  24.005  15.292 0.3000000119
63289  57.788  30.547  13.223 0.3000000119
63303  57.730  30.905  11.996 0.3000000119
59914  44.225  22.486  9.414 0.2000000030
60981  58.093  23.916  14.327 0.3000000119
63288  58.934  29.904  13.486 0.3000000119
63302  58.652  30.463  11.935 0.3000000119
100431  43.440  22.604  9.163 0.2000000030
61452  58.083  25.697  14.322 0.3000000119
62403  59.110  28.377  13.061 0.3000000119
62843  59.301  28.807  13.410 0.3000000119
62856  59.048  29.476  12.446 0.3000000119
60564  42.884  23.590  7.505 0.2000000030
60549  42.540  23.726  8.202 0.2000000030
60532  42.960  22.938  8.634 0.2000000030
61085  42.995  25.074  5.934 0.5000000000
61073  42.811  24.698  6.736 0.3000000119
61989  42.399  26.583  4.924 0.6000000238
61996  42.575  26.829  4.229 0.6000000238
61995  43.271  26.517  4.171 0.6000000238
98401  43.179  27.815  3.553 0.6000000238
62004  43.770  26.983  3.869 0.6000000238
62466  44.729  27.288  3.907 0.6000000238
86314  45.676  26.766  3.877 0.6000000238
97869  56.306  21.792  15.645 0.2000000030
91944  57.729  22.266  15.182 0.2000000030
59288  56.508  21.115  15.774 0.2000000030
60448  57.416  23.672  15.714 0.3000000119
95171  57.682  22.945  15.245 0.2000000030
62378  55.210  28.830  14.618 0.3000000119
62390  54.675  27.916  14.007 0.3000000119
62406  53.681  27.455  12.653 0.3000000119
86845  51.060  25.710  12.143 0.3000000119
92754  50.189  25.397  12.242 0.3000000119
97291  48.600  24.578  11.421 0.3000000119
60504  47.963  24.119  11.561 0.3000000119
60505  47.237  23.628  11.258 0.3000000119
62831  56.821  29.673  15.305 0.3000000119
62832  55.907  29.346  15.012 0.3000000119
59893  45.985  22.710  10.545 0.3000000119
63280  56.677  30.208  14.206 0.3000000119
59894  45.340  22.446  10.235 0.3000000119
87881  44.887  21.784  10.533 0.3000000119
60982  58.091  24.828  14.777 0.3000000119
60968  57.789  25.044  15.714 0.3000000119
63279  57.828  30.291  14.478 0.3000000119
59896  43.370  22.192  9.904 0.2000000030
61901  58.395  26.373  14.871 0.3000000119
62375  59.445  28.281  14.784 0.3000000119
63278  58.756  29.834  14.815 0.3000000119
59915  42.721  22.646  9.337 0.2000000030
59897  42.439  22.249  9.965 0.2000000030
84682  59.357  26.895  14.276 0.3000000119
62389  59.320  27.658  13.611 0.3000000119
61517  42.341  25.104  7.363 0.3000000119
61058  42.633  24.292  7.478 0.2000000030
60550  41.746  24.202  8.821 0.2000000030
60534  41.579  23.510  9.411 0.2000000030
96199  41.454  22.984  9.804 0.2000000030
59898  41.684  22.392  10.055 0.2000000030
61910  58.772  26.588  13.740 0.3000000119
62456  41.234  27.747  5.442 0.5000000000
61981  41.706  26.752  6.715 0.4000000060
85390  41.347  25.917  7.886 0.3000000119
61911  58.767  27.488  13.288 0.3000000119
62911  41.378  28.838  4.304 0.5000000000
63360  42.390  30.146  3.600 0.6000000238
97281  43.195  28.678  3.435 0.6000000238
62918  43.857  28.437  3.416 0.6000000238
90772  44.521  29.120  3.309 0.6000000238
59290  54.802  21.307  15.122 0.2000000030
59289  55.759  21.214  15.605 0.2000000030
99526  56.403  23.296  16.049 0.2000000030
60969  57.272  24.440  16.193 0.3000000119
62369  55.380  28.547  15.856 0.3000000119
62379  54.725  27.934  15.360 0.3000000119
61902  54.133  27.291  14.599 0.3000000119
61928  52.555  26.381  13.244 0.3000000119
61468  51.906  25.949  12.734 0.3000000119
61469  50.618  25.479  12.851 0.3000000119
61005  49.538  25.061  12.450 0.3000000119
91144  48.602  24.352  12.153 0.3000000119
62822  56.147  28.918  16.135 0.3000000119
59881  46.899  22.873  11.760 0.3000000119
59337  45.610  21.785  11.064 0.3000000119
59882  46.334  22.326  11.385 0.3000000119
62821  57.369  29.103  16.324 0.3000000119
61444  58.010  25.598  15.071 0.3000000119
63267  57.804  29.896  15.489 0.3000000119
59338  44.305  21.378  10.620 0.2000000030
58805  43.939  20.743  10.885 0.2000000030
58806  43.105  20.712  10.720 0.2000000030
63277  59.198  29.203  15.206 0.3000000119
59340  42.801  21.481  10.328 0.2000000030
59341  41.949  21.589  10.324 0.2000000030
59342  41.138  21.767  10.306 0.2000000030
93594  40.450  21.154  10.506 0.2000000030
62376  59.406  27.350  14.841 0.3000000119
61508  41.167  25.513  8.444 0.3000000119
90525  40.998  22.642  10.104 0.2000000030
59343  39.785  21.474  10.522 0.2000000030
63825  41.704  31.211  5.519 0.6000000238
62899  40.478  28.569  6.506 0.5000000000
61969  41.110  26.662  7.533 0.4000000060
61963  40.689  26.161  8.253 0.3000000119
61509  40.392  25.682  8.852 0.3000000119
61039  40.998  24.164  9.456 0.2000000030
60519  40.303  23.996  9.946 0.2000000030
59899  40.284  23.042  10.156 0.2000000030
59900  39.486  22.430  10.466 0.2000000030
63830  41.970  31.264  4.432 0.6000000238
61501  40.171  25.315  9.335 0.3000000119
61028  40.276  24.779  9.622 0.2000000030
61030  38.893  24.346  10.486 0.2000000030
59840  55.541  22.173  15.467 0.2000000030
89259  53.932  20.891  14.714 0.2000000030
59839  56.400  22.568  15.763 0.2000000030
60449  56.778  23.848  16.202 0.2000000030
93292  57.073  25.472  16.775 0.3000000119
60433  56.475  24.698  16.614 0.2000000030
62370  54.916  27.884  16.813 0.3000000119
61894  54.104  27.334  16.214 0.3000000119
61903  53.354  26.889  15.334 0.3000000119
93570  52.188  26.224  15.055 0.3000000119
61885  56.571  27.239  17.565 0.3000000119
62362  55.771  27.890  17.414 0.3000000119
61913  53.343  26.905  13.698 0.3000000119
61445  51.938  26.010  13.935 0.3000000119
61454  50.620  25.408  13.630 0.3000000119
61470  50.000  25.291  13.076 0.3000000119
61006  48.745  24.194  12.996 0.3000000119
60494  48.150  23.738  12.570 0.3000000119
85324  47.498  23.353  12.151 0.3000000119
59873  47.061  22.705  12.677 0.3000000119
61425  57.368  26.486  17.029 0.3000000119
93110  55.648  28.397  16.818 0.3000000119
59874  46.592  22.144  12.250 0.3000000119
61438  57.862  25.937  15.931 0.3000000119
61884  57.614  27.326  17.108 0.3000000119
62360  57.606  28.144  16.919 0.3000000119
59330  46.080  21.599  11.911 0.3000000119
59331  45.491  21.021  11.816 0.2000000030
91393  45.792  21.173  12.439 0.3000000119
61893  58.101  26.749  16.096 0.3000000119
62377  59.032  26.934  15.417 0.3000000119
63266  58.435  29.521  15.820 0.3000000119
58796  44.232  20.264  11.569 0.2000000030
58180  43.749  19.764  11.934 0.2000000030
58798  42.572  20.236  11.189 0.2000000030
58181  43.008  19.721  11.896 0.2000000030
58799  41.000  20.332  11.590 0.2000000030
62366  59.287  28.467  15.411 0.3000000119
93686  41.319  20.947  10.556 0.2000000030
58808  40.654  20.621  10.891 0.2000000030
58809  39.671  20.830  10.866 0.2000000030
58810  38.729  20.890  11.215 0.2000000030
59344  39.071  21.442  10.782 0.2000000030
59333  38.213  21.575  11.190 0.2000000030
64290  42.537  31.718  6.286 0.6999999881
96265  41.054  30.179  6.676 0.5000000000
62445  40.331  27.570  7.533 0.4000000060
60520  39.565  23.661  10.308 0.2000000030
60521  38.826  23.332  10.666 0.2000000030
88791  38.226  23.127  10.968 0.2000000030
59884  37.104  22.613  11.235 0.3000000119
64286  42.666  31.735  7.287 0.6999999881
63819  41.345  30.273  7.467 0.6000000238
63337  40.186  29.122  7.592 0.5000000000
100064  39.730  28.108  7.856 0.4000000060
61957  39.653  26.563  8.692 0.3000000119
61948  39.501  25.888  9.314 0.3000000119
61494  38.725  25.282  10.302 0.3000000119
60507  38.250  23.989  10.736 0.2000000030
63336  40.760  29.699  8.030 0.6000000238
63334  39.924  29.071  8.567 0.5000000000
62431  38.964  27.553  8.979 0.4000000060
62432  38.777  26.821  9.463 0.3000000119
62425  38.250  27.427  10.260 0.3000000119
59299  54.011  21.602  14.741 0.2000000030
59300  53.305  21.406  14.459 0.2000000030
60450  55.787  23.110  15.872 0.2000000030
60451  54.911  23.002  15.467 0.2000000030
59259  45.873  22.965  19.721 0.1000000015
92830  45.168  23.381  20.126 0.1000000015
59812  46.968  23.713  19.438 0.1000000015
59813  46.256  23.160  19.399 0.1000000015
60415  46.114  24.005  19.961 0.1000000015
60416  44.872  24.625  19.502 0.1000000015
90270  44.070  23.626  19.987 0.1000000015
59814  43.344  23.270  19.175 0.1000000015
59263  42.397  22.050  18.527 0.1000000015
58730  40.706  21.433  18.218 0.1000000015
58731  40.080  21.043  17.988 0.1000000015
57442  38.438  18.818  17.579 0.1000000015
57443  37.833  18.241  17.128 0.2000000030
60413  46.751  25.073  20.363 0.1000000015
60414  46.334  24.094  19.146 0.1000000015
60426  45.794  24.954  18.612 0.1000000015
60417  43.817  24.465  18.694 0.1000000015
59824  43.170  23.583  17.933 0.1000000015
59271  41.973  22.282  17.933 0.1000000015
59272  41.247  21.847  17.701 0.1000000015
58742  40.161  20.514  17.109 0.1000000015
57458  38.364  18.777  16.701 0.1000000015
57459  37.662  18.330  16.264 0.1000000015
56753  36.901  18.027  15.959 0.2000000030
62363  55.038  27.392  17.246 0.3000000119
61887  54.072  27.161  17.349 0.3000000119
61895  53.098  27.175  17.128 0.3000000119
61904  52.588  26.668  15.980 0.3000000119
85138  46.187  24.563  18.280 0.1000000015
60440  45.643  24.650  17.140 0.1000000015
60428  43.961  24.222  17.244 0.1000000015
59830  43.410  23.240  16.784 0.1000000015
59279  41.939  22.185  17.013 0.1000000015
58740  41.355  21.472  16.744 0.1000000015
58760  40.249  20.024  16.158 0.1000000015
58115  38.978  19.169  16.247 0.1000000015
57475  38.259  18.749  15.783 0.1000000015
93433  35.475  18.091  15.218 0.2000000030
87335  56.003  25.636  17.137 0.2000000030
61426  56.313  26.461  17.406 0.3000000119
61886  55.572  27.196  17.568 0.3000000119
85337  54.759  27.005  17.321 0.3000000119
61439  51.942  26.371  16.246 0.3000000119
91610  51.658  25.914  15.023 0.3000000119
61446  51.239  25.593  14.186 0.3000000119
61455  49.964  25.180  14.013 0.3000000119
60439  46.419  23.870  17.013 0.1000000015
59845  44.755  22.911  15.680 0.1000000015
59846  43.749  22.668  15.852 0.1000000015
59294  43.235  21.740  15.432 0.1000000015
58757  42.241  21.495  15.881 0.1000000015
58128  40.184  19.774  15.232 0.1000000015
57491  38.121  18.905  14.913 0.1000000015
57492  36.817  18.612  14.750 0.1000000015
60478  48.263  23.595  13.474 0.3000000119
60479  47.634  23.152  13.072 0.3000000119
59306  43.631  20.941  14.746 0.1000000015
58769  42.098  20.686  15.020 0.1000000015
58155  40.364  20.032  13.889 0.1000000015
58139  40.043  19.789  14.470 0.1000000015
58158  37.378  19.635  13.329 0.1000000015
58142  37.017  19.067  14.089 0.1000000015
57505  34.911  18.900  13.757 0.1000000015
59322  46.222  21.593  12.724 0.3000000119
59323  45.792  21.167  13.119 0.3000000119
58767  45.321  20.860  13.556 0.2000000030
58768  44.812  20.707  13.988 0.2000000030
90550  44.065  20.097  14.098 0.1000000015
58138  42.962  20.063  14.523 0.1000000015
58172  39.942  20.125  13.030 0.1000000015
58173  39.025  20.029  12.894 0.1000000015
93520  37.284  20.098  12.610 0.1000000015
58176  35.809  19.801  12.707 0.1000000015
58177  34.985  19.818  12.732 0.1000000015
96926  34.690  19.408  13.278 0.2000000030
58167  44.441  19.878  12.475 0.2000000030
58169  42.698  19.608  12.776 0.2000000030
58787  40.438  20.250  12.252 0.2000000030
100348  38.842  20.314  12.192 0.2000000030
91426  36.789  20.407  12.236 0.1000000015
59313  34.070  21.381  12.721 0.2000000030
59314  33.505  21.425  13.111 0.2000000030
58801  39.188  20.529  11.531 0.2000000030
58802  37.835  20.972  11.574 0.2000000030
58803  36.970  20.959  11.805 0.1000000015
96145  35.059  21.883  12.053 0.1000000015
59877  34.373  22.135  12.466 0.2000000030
59885  36.408  22.303  11.419 0.1000000015
90086  35.662  22.866  11.490 0.2000000030
60497  34.406  23.051  12.471 0.2000000030
60481  33.514  23.508  13.212 0.2000000030
60508  37.498  23.478  11.010 0.3000000119
60509  36.522  23.194  11.167 0.3000000119
60495  35.823  23.873  11.330 0.3000000119
61949  38.651  26.210  9.854 0.3000000119
61487  37.980  26.028  10.470 0.4000000060
61018  38.232  25.000  10.524 0.3000000119
61020  36.750  24.270  10.978 0.4000000060
61008  36.111  24.974  11.246 0.4000000060
63815  42.179  31.270  8.902 0.6000000238
63813  41.530  30.581  9.586 0.5000000000
63331  40.211  29.286  9.653 0.4000000060
62888  39.433  28.527  9.621 0.3000000119
62889  38.633  27.903  9.950 0.3000000119
61941  38.008  27.178  10.559 0.3000000119
58013  37.259  20.435  23.859 0.1000000015
58027  35.623  20.010  23.358 0.1000000015
58689  34.903  20.209  22.769 0.1000000015
58025  37.371  19.357  23.847 0.1000000015
92575  36.335  19.340  23.735 0.1000000015
57367  35.683  18.842  23.530 0.1000000015
58690  34.523  20.322  21.983 0.1000000015
58702  34.307  20.416  20.986 0.1000000015
56653  37.334  17.638  23.236 0.1000000015
56662  36.412  17.439  23.174 0.1000000015
57376  35.118  18.281  23.207 0.1000000015
58049  34.021  19.533  21.626 0.1000000015
58705  33.741  20.621  20.313 0.1000000015
58706  32.888  20.305  19.937 0.1000000015
56667  40.694  17.668  21.567 0.1000000015
86402  39.405  17.585  22.127 0.1000000015
85048  37.155  17.086  22.445 0.1000000015
56670  36.190  16.892  22.312 0.1000000015
56664  34.696  17.806  22.630 0.1000000015
58050  33.615  18.712  21.318 0.1000000015
89441  33.243  19.778  20.355 0.1000000015
86214  39.141  17.477  21.368 0.1000000015
93148  37.871  16.989  21.781 0.1000000015
56018  37.030  16.630  21.421 0.1000000015
56671  35.214  17.061  22.128 0.1000000015
57402  33.127  18.125  20.924 0.1000000015
58061  32.456  19.291  20.261 0.1000000015
89726  51.427  18.308  18.099 0.2000000030
85126  42.155  17.914  19.782 0.1000000015
56678  39.582  17.773  20.739 0.1000000015
97317  38.434  17.151  21.208 0.2000000030
56021  36.540  16.566  20.480 0.2000000030
56022  35.637  16.588  20.452 0.2000000030
56684  33.454  17.518  20.719 0.1000000015
57403  32.496  18.381  20.548 0.1000000015
58739  48.354  20.788  16.723 0.2000000030
57419  41.418  18.381  19.242 0.1000000015
57401  40.033  18.195  20.148 0.1000000015
56691  39.183  18.234  20.028 0.2000000030
56020  37.394  16.783  20.416 0.2000000030
56694  34.031  16.981  20.244 0.1000000015
56685  32.716  17.656  20.406 0.1000000015
59853  54.466  22.216  15.052 0.2000000030
58766  53.120  20.540  14.445 0.2000000030
59268  49.012  22.079  17.167 0.2000000030
59269  48.350  21.641  17.188 0.2000000030
58727  47.414  20.978  17.333 0.2000000030
57418  42.394  18.502  19.090 0.1000000015
57431  41.632  19.307  18.775 0.1000000015
57422  38.820  18.594  19.272 0.2000000030
56693  37.686  17.261  19.510 0.2000000030
56039  35.381  16.617  19.097 0.2000000030
56029  33.924  16.681  19.442 0.2000000030
56030  33.217  16.716  19.227 0.2000000030
59821  48.575  22.630  17.980 0.2000000030
59822  47.714  22.292  17.954 0.2000000030
93518  46.490  21.320  17.947 0.2000000030
58729  45.928  21.158  18.541 0.1000000015
90779  44.521  22.492  20.143 0.1000000015
58718  43.389  21.553  19.477 0.1000000015
58091  41.805  20.650  18.576 0.1000000015
58092  40.757  20.398  18.687 0.1000000015
57432  39.117  19.341  18.806 0.2000000030
56706  37.529  17.493  18.478 0.2000000030
56050  35.289  16.752  18.293 0.2000000030
56051  34.465  16.641  18.018 0.2000000030
59820  49.361  22.881  17.705 0.2000000030
59811  47.868  23.560  19.120 0.2000000030
99071  47.374  22.905  18.749 0.1000000015
59823  46.865  22.303  18.362 0.1000000015
59261  43.662  22.542  19.902 0.1000000015
59262  42.975  22.304  19.211 0.1000000015
59264  41.551  21.666  18.421 0.1000000015
58720  40.905  21.179  18.574 0.1000000015
58095  38.956  19.515  18.058 0.2000000030
56724  35.973  17.046  17.787 0.2000000030
56725  35.172  17.016  17.518 0.2000000030
60424  49.091  24.780  18.931 0.2000000030
60411  48.109  25.004  20.025 0.2000000030
97011  35.688  17.550  16.353 0.2000000030
89274  33.484  17.601  16.233 0.2000000030
60434  55.913  24.007  16.300 0.2000000030
60956  55.683  24.910  16.729 0.2000000030
85855  54.957  25.779  17.037 0.2000000030
61429  52.891  26.191  18.376 0.2000000030
61888  52.902  27.048  18.166 0.2000000030
85181  51.718  26.367  17.573 0.2000000030
60936  47.415  26.510  20.737 0.2000000030
60425  46.514  24.917  18.862 0.1000000015
57478  34.739  18.140  15.132 0.2000000030
56757  33.466  17.944  15.594 0.2000000030
61427  55.258  26.571  17.412 0.3000000119
61428  53.947  26.595  17.696 0.3000000119
61896  52.246  26.951  17.604 0.3000000119
87823  51.099  25.650  15.071 0.3000000119
61447  50.533  25.462  14.588 0.3000000119
60983  49.420  24.924  14.482 0.3000000119
60992  48.908  24.210  13.922 0.3000000119
60457  46.698  23.270  16.085 0.1000000015
57494  34.400  18.562  14.418 0.2000000030
57480  33.088  18.310  15.139 0.2000000030
61448  49.803  25.374  15.129 0.3000000119
60468  48.271  23.559  14.435 0.3000000119
98160  47.697  23.161  13.858 0.3000000119
59843  46.238  22.758  15.279 0.1000000015
96349  45.743  23.431  16.028 0.1000000015
58163  32.664  20.009  13.758 0.2000000030
57496  32.668  18.788  14.608 0.2000000030
60469  47.428  22.993  14.593 0.3000000119
59856  46.563  22.468  14.544 0.2000000030
59857  45.828  22.151  14.723 0.1000000015
59844  45.571  22.606  15.274 0.1000000015
59315  32.786  21.486  13.395 0.2000000030
59862  33.813  21.979  12.924 0.2000000030
59864  32.498  22.249  13.415 0.2000000030
59865  31.690  22.426  13.493 0.2000000030
60482  32.709  23.666  13.384 0.2000000030
60483  31.825  23.833  13.376 0.2000000030
60496  35.061  23.455  11.977 0.3000000119
60480  33.907  23.998  13.101 0.2000000030
61009  35.276  24.492  11.865 0.3000000119
60993  34.050  24.682  13.062 0.3000000119
100672  33.513  25.060  13.161 0.3000000119
61472  37.553  26.798  11.101 0.4000000060
61473  37.190  26.498  11.196 0.3000000119
61475  35.656  25.559  11.888 0.3000000119
61456  35.096  26.044  12.511 0.3000000119
63812  42.371  31.430  10.168 0.6000000238
63809  41.503  30.697  10.851 0.5000000000
63326  40.042  29.228  10.808 0.4000000060
62881  39.536  28.839  11.589 0.4000000060
62418  38.487  27.949  11.359 0.3000000119
61929  38.231  27.683  11.727 0.4000000060
61930  37.943  27.383  11.978 0.4000000060
64273  43.815  32.245  9.524 0.6999999881
59239  35.959  22.109  22.866 0.1000000015
59242  35.507  22.047  22.312 0.1000000015
58674  36.140  21.101  23.324 0.1000000015
59245  35.099  21.997  21.630 0.1000000015
58023  39.142  19.086  23.998 0.1000000015
58675  35.560  21.041  22.809 0.1000000015
59243  35.128  21.081  22.139 0.1000000015
59246  34.739  21.167  21.353 0.1000000015
58697  51.899  20.155  21.696 0.1000000015
90331  41.598  18.855  23.725 0.1000000015
57362  40.793  18.703  23.711 0.1000000015
58024  38.286  18.695  23.718 0.1000000015
57365  37.567  18.326  23.611 0.1000000015
96032  51.773  19.956  20.949 0.1000000015
58044  52.049  19.909  20.316 0.1000000015
57373  40.464  18.211  22.956 0.1000000015
57374  39.639  18.003  22.812 0.1000000015
56652  38.190  17.910  23.252 0.1000000015
59251  33.214  21.275  19.923 0.1000000015
56658  41.015  17.889  22.331 0.1000000015
56659  40.191  17.811  22.222 0.1000000015
58709  32.194  20.913  19.677 0.1000000015
58113  49.473  19.653  16.269 0.2000000030
57385  43.334  18.138  21.351 0.1000000015
57399  41.886  17.637  20.704 0.1000000015
58707  32.023  19.901  19.733 0.1000000015
57429  50.761  18.746  18.498 0.2000000030
58726  48.144  19.709  16.648 0.2000000030
99146  48.024  18.929  17.336 0.2000000030
58085  48.365  18.782  18.262 0.2000000030
57416  44.543  19.100  20.400 0.1000000015
57397  43.654  18.532  20.492 0.1000000015
58078  31.272  19.407  19.601 0.1000000015
58079  30.524  19.700  19.303 0.1000000015
57457  50.670  18.919  16.631 0.2000000030
58738  48.877  20.225  16.295 0.2000000030
58102  47.284  19.596  17.312 0.2000000030
96141  46.209  19.420  18.906 0.2000000030
57430  46.828  18.792  18.951 0.2000000030
58071  45.986  19.044  19.647 0.2000000030
57417  43.651  18.916  19.770 0.1000000015
87539  42.997  18.301  19.708 0.1000000015
57423  31.470  18.507  19.683 0.1000000015
59278  49.085  21.291  16.475 0.2000000030
58715  45.920  20.178  18.531 0.2000000030
87242  45.421  19.937  19.515 0.1000000015
58073  44.284  19.651  19.893 0.1000000015
96299  43.075  18.806  19.219 0.1000000015
56697  31.699  17.606  19.307 0.2000000030
57424  30.830  18.895  19.120 0.1000000015
58137  52.148  20.324  14.611 0.2000000030
58111  50.922  19.258  15.754 0.2000000030
59827  50.476  22.634  16.291 0.2000000030
58716  45.169  21.138  19.767 0.1000000015
58717  44.142  21.505  19.994 0.1000000015
58075  42.658  19.395  18.785 0.1000000015
56043  31.979  16.821  17.978 0.2000000030
57435  30.568  18.459  18.292 0.1000000015
95003  55.197  23.705  15.954 0.2000000030
59854  53.515  22.244  14.653 0.2000000030
59819  50.073  23.222  17.406 0.2000000030
97609  49.609  23.782  18.242 0.2000000030
99778  32.106  17.181  17.303 0.2000000030
56729  31.404  17.461  17.580 0.2000000030
60436  50.669  23.698  17.135 0.2000000030
60423  50.064  24.411  18.061 0.2000000030
60942  47.686  26.220  20.509 0.2000000030
56728  32.729  17.373  16.749 0.2000000030
60970  54.838  24.650  16.445 0.2000000030
60957  53.809  25.652  17.478 0.2000000030
60958  52.969  25.254  18.019 0.2000000030
60946  52.399  25.762  18.437 0.2000000030
61430  52.158  26.385  18.351 0.2000000030
60950  49.403  25.476  18.528 0.2000000030
61420  48.567  26.340  18.416 0.2000000030
61414  47.549  26.797  20.265 0.2000000030
60952  46.844  26.263  19.619 0.1000000015
57482  31.419  18.380  15.354 0.2000000030
93536  51.562  25.966  18.028 0.2000000030
61431  51.182  25.595  17.003 0.3000000119
61440  51.409  25.845  16.098 0.3000000119
61441  50.499  25.508  15.810 0.3000000119
61442  49.398  25.559  16.297 0.3000000119
61433  48.922  26.035  17.397 0.2000000030
60963  47.248  25.634  18.224 0.2000000030
60438  47.013  23.976  17.229 0.1000000015
57498  30.910  18.818  14.892 0.2000000030
60974  49.232  25.325  15.693 0.3000000119
60975  48.622  25.124  16.221 0.3000000119
60437  47.805  24.385  16.794 0.1000000015
58783  31.387  20.772  13.934 0.2000000030
58144  32.237  19.383  14.236 0.2000000030
60456  48.092  23.584  15.568 0.3000000119
59842  47.052  22.966  15.336 0.1000000015
59866  30.920  22.172  13.600 0.2000000030
60484  30.946  23.999  13.199 0.3000000119
92265  31.133  23.069  13.373 0.2000000030
60994  33.272  24.340  13.295 0.2000000030
60995  32.423  24.346  13.335 0.2000000030
98676  32.694  25.603  12.878 0.3000000119
61459  32.076  25.594  12.584 0.3000000119
61457  34.121  25.614  12.863 0.3000000119
61458  33.248  25.631  12.971 0.3000000119
61931  37.588  27.156  12.067 0.4000000060
61932  37.029  26.994  12.056 0.3000000119
61933  36.052  26.520  12.139 0.3000000119
61919  34.453  26.585  12.785 0.3000000119
64269  43.036  31.841  11.074 0.6000000238
63325  40.809  30.106  11.486 0.5000000000
63321  40.212  29.607  12.142 0.4000000060
62874  39.708  29.221  12.615 0.3000000119
92308  39.169  28.351  13.177 0.2000000030
61914  38.631  27.721  12.929 0.4000000060
61916  37.708  27.162  13.067 0.3000000119
59795  35.097  23.005  21.996 0.1000000015
97491  34.779  22.744  21.165 0.1000000015
59799  34.274  22.321  20.525 0.1000000015
58696  52.812  20.297  22.179 0.1000000015
93457  52.390  20.192  20.999 0.1000000015
58020  43.941  19.351  23.410 0.1000000015
59800  33.555  22.233  20.091 0.1000000015
57393  51.453  19.154  19.841 0.1000000015
57360  43.088  19.029  23.289 0.2000000030
84518  41.341  18.311  23.110 0.1000000015
58035  44.614  19.063  22.784 0.2000000030
95034  43.699  18.474  21.960 0.2000000030
57386  42.453  17.753  21.497 0.1000000015
59254  31.725  21.600  19.535 0.1000000015
57384  44.019  18.635  21.319 0.1000000015
90978  31.282  20.999  19.529 0.1000000015
58101  49.233  19.231  16.953 0.2000000030
90078  50.058  19.045  17.857 0.2000000030
96063  49.549  19.017  18.015 0.2000000030
58084  49.327  19.010  18.789 0.2000000030
85935  46.058  18.790  20.211 0.2000000030
57395  45.422  18.785  20.805 0.2000000030
58711  30.313  20.647  19.369 0.1000000015
58070  47.694  18.717  18.957 0.2000000030
57414  47.102  18.659  19.761 0.2000000030
57394  46.484  18.650  20.574 0.2000000030
58712  29.372  20.814  18.915 0.1000000015
58127  50.639  20.138  15.541 0.2000000030
58097  29.582  19.492  18.162 0.1000000015
92891  52.624  22.058  14.449 0.2000000030
58755  51.256  20.692  15.006 0.2000000030
57444  30.217  18.426  17.335 0.2000000030
57445  29.614  19.068  17.389 0.2000000030
58104  29.212  19.770  17.427 0.2000000030
60465  53.911  23.023  15.120 0.2000000030
60435  51.252  24.102  16.865 0.2000000030
60949  50.191  25.095  17.954 0.2000000030
57462  29.759  18.797  16.611 0.2000000030
58743  29.108  20.094  16.487 0.2000000030
93505  54.348  23.828  15.756 0.2000000030
60971  53.717  24.640  16.598 0.2000000030
61419  49.550  25.570  17.785 0.2000000030
58131  29.523  19.301  15.932 0.2000000030
59296  28.687  21.813  15.176 0.2000000030
60947  51.893  25.673  18.190 0.2000000030
61443  48.720  25.808  16.975 0.2000000030
58146  30.499  19.490  14.679 0.2000000030
60948  51.027  25.174  17.291 0.2000000030
61432  50.039  25.437  16.882 0.2000000030
59317  30.781  21.365  13.898 0.2000000030
59308  29.983  21.156  14.462 0.2000000030
91625  29.289  22.531  13.737 0.2000000030
94736  28.619  23.138  13.612 0.2000000030
60997  30.750  24.681  12.792 0.3000000119
99458  30.331  23.418  13.280 0.2000000030
61478  30.414  26.059  11.703 0.3000000119
61461  30.545  25.314  12.168 0.3000000119
61934  31.160  26.519  11.693 0.3000000119
61460  31.280  25.228  12.528 0.3000000119
62398  32.984  26.900  12.451 0.3000000119
61921  32.779  26.100  12.638 0.3000000119
62395  35.687  27.651  12.991 0.3000000119
62396  34.717  27.442  12.928 0.3000000119
62397  33.842  27.179  12.850 0.3000000119
83966  44.136  31.565  12.178 0.6999999881
63808  42.224  31.256  11.511 0.6000000238
63794  41.708  30.701  12.949 0.5000000000
63306  40.336  29.879  13.101 0.4000000060
62859  39.863  29.449  13.474 0.3000000119
62392  39.294  28.001  13.768 0.4000000060
61905  38.974  26.861  13.874 0.3000000119
62393  37.555  26.840  13.968 0.4000000060
89180  37.196  27.276  12.968 0.3000000119
60402  34.283  23.259  20.749 0.1000000015
58698  51.257  20.187  22.177 0.1000000015
95547  50.656  19.035  19.988 0.1000000015
57413  50.766  18.887  19.321 0.2000000030
58671  47.963  21.355  23.046 0.1000000015
58688  46.812  20.673  22.815 0.1000000015
58017  46.156  20.113  23.298 0.1000000015
58019  44.866  19.491  23.643 0.1000000015
57441  50.678  18.780  17.584 0.2000000030
58034  45.590  19.290  22.926 0.1000000015
59255  30.902  21.578  19.350 0.1000000015
58112  50.136  19.550  16.085 0.2000000030
58083  50.090  19.046  18.734 0.2000000030
57369  46.171  18.889  22.071 0.2000000030
57370  45.260  18.838  22.009 0.2000000030
58100  50.006  19.217  16.913 0.2000000030
58068  49.353  19.347  19.808 0.2000000030
58057  48.725  19.580  20.197 0.2000000030
83921  48.076  19.765  20.664 0.2000000030
57381  46.708  18.778  21.369 0.2000000030
57382  45.947  18.667  21.397 0.2000000030
58056  50.023  19.334  20.293 0.1000000015
58058  47.922  19.025  19.887 0.2000000030
57380  47.276  18.836  20.609 0.2000000030
58080  29.703  19.960  18.962 0.1000000015
58723  29.172  20.252  18.260 0.1000000015
59302  51.828  21.269  14.644 0.2000000030
59273  28.661  21.475  17.438 0.1000000015
60452  53.304  23.902  15.523 0.2000000030
98613  52.261  22.615  14.588 0.2000000030
59855  51.834  22.165  14.637 0.2000000030
90713  51.207  21.634  15.060 0.2000000030
60455  51.034  23.321  16.206 0.2000000030
58744  28.804  21.118  16.528 0.1000000015
58732  28.890  20.601  17.427 0.1000000015
60453  52.323  23.827  15.415 0.2000000030
60467  51.930  23.120  14.822 0.2000000030
60454  51.617  23.610  15.660 0.2000000030
60961  50.768  24.642  17.458 0.2000000030
59280  28.557  21.842  15.978 0.2000000030
60973  51.938  24.325  16.568 0.2000000030
60959  52.250  25.073  17.946 0.2000000030
60960  51.538  24.905  17.579 0.2000000030
59849  27.454  23.191  15.041 0.2000000030
59309  29.172  21.940  14.412 0.2000000030
59858  28.413  22.309  14.653 0.2000000030
61464  27.034  24.906  13.814 0.2000000030
60999  28.283  24.459  13.136 0.2000000030
61463  27.741  25.058  13.220 0.2000000030
61936  28.594  26.021  12.021 0.2000000030
84005  28.498  25.229  12.544 0.2000000030
84749  29.937  27.860  12.206 0.3000000119
61935  29.482  26.424  11.723 0.3000000119
62865  31.668  28.272  12.287 0.3000000119
63775  43.258  30.592  13.738 0.5000000000
100143  41.748  30.386  14.596 0.4000000060
63769  41.101  30.059  14.758 0.4000000060
62834  40.194  28.904  14.950 0.4000000060
62850  35.007  28.244  13.008 0.3000000119
62851  34.147  28.039  12.919 0.3000000119
62864  32.708  28.483  12.454 0.3000000119
63793  42.559  31.021  13.005 0.6000000238
86841  41.911  30.725  13.510 0.4000000060
63291  40.798  30.115  14.304 0.4000000060
62846  40.125  29.422  14.289 0.4000000060
62381  39.396  27.448  14.631 0.4000000060
62372  38.235  27.202  15.708 0.4000000060
62847  37.224  27.683  14.339 0.4000000060
62849  35.846  28.399  13.235 0.3000000119
58684  50.871  20.638  22.880 0.1000000015
58669  50.119  20.845  23.311 0.1000000015
58045  51.100  19.715  21.494 0.1000000015
58046  49.994  19.531  21.184 0.1000000015
58031  50.400  19.893  22.101 0.1000000015
84109  49.772  20.270  22.724 0.1000000015
58686  48.242  20.781  22.444 0.1000000015
58687  47.508  20.938  22.535 0.1000000015
84157  51.054  19.254  20.693 0.1000000015
58685  48.975  20.329  22.486 0.1000000015
58032  47.175  20.056  22.202 0.1000000015
58033  46.468  19.608  22.579 0.1000000015
58699  49.376  19.947  21.927 0.1000000015
58701  47.847  20.409  21.915 0.1000000015
58048  47.479  19.594  21.425 0.1000000015
58067  50.027  19.192  19.502 0.2000000030
98470  49.350  19.685  20.481 0.1000000015
58047  48.821  20.121  20.999 0.1000000015
61924  27.152  25.846  13.811 0.1000000015
61449  26.903  25.396  14.421 0.1000000015
62401  27.303  26.905  13.838 0.1000000015
93438  27.412  25.582  13.323 0.2000000030
62853  27.673  28.577  13.152 0.2000000030
93202  27.621  27.083  12.874 0.2000000030
63297  28.133  29.293  12.875 0.2000000030
62399  27.995  27.829  12.798 0.2000000030
61922  27.977  26.533  12.353 0.2000000030
62867  29.542  28.568  12.600 0.3000000119
62868  28.896  27.743  12.350 0.3000000119
63784  30.187  30.596  12.779 0.2000000030
63311  30.131  29.235  12.720 0.2000000030
90205  32.125  29.230  12.534 0.3000000119
86632  31.058  29.092  12.592 0.3000000119
63766  44.112  30.358  14.139 0.5000000000
90145  42.434  30.577  14.184 0.4000000060
63268  41.452  30.048  15.411 0.4000000060
98156  40.682  29.295  15.364 0.4000000060
62823  40.086  28.583  15.677 0.4000000060
62862  34.579  28.953  12.634 0.3000000119
63308  34.124  29.554  12.582 0.3000000119
63798  32.588  30.163  12.793 0.3000000119
62371  38.985  27.464  15.580 0.4000000060
62836  37.710  27.754  15.427 0.4000000060
63293  36.279  29.345  14.195 0.4000000060
63795  35.480  29.968  12.931 0.4000000060
66754  28.226  36.900  11.211 0.2000000030
65234  26.781  33.542  11.411 0.2000000030
64259  26.779  31.334  12.471 0.2000000030
63298  27.238  29.291  13.144 0.2000000030
62400  27.462  27.834  13.493 0.2000000030
66753  28.980  37.127  10.335 0.2000000030
65745  28.058  34.783  10.613 0.2000000030
64777  28.266  32.845  10.829 0.2000000030
63800  27.860  30.624  12.410 0.2000000030
65744  29.010  34.485  10.459 0.2000000030
64776  29.058  33.095  10.938 0.3000000119
64257  28.875  31.623  12.030 0.2000000030
63785  29.350  30.335  12.665 0.2000000030
96069  29.617  31.897  12.272 0.2000000030
63783  31.046  30.822  12.868 0.2000000030
63754  43.120  30.419  15.600 0.4000000060
63756  41.474  30.029  16.617 0.3000000119
63258  39.702  29.620  16.764 0.4000000060
63270  39.146  28.792  16.288 0.4000000060
63796  34.688  30.320  12.998 0.3000000119
63781  32.986  30.911  13.565 0.3000000119
63782  32.037  31.013  13.209 0.2000000030
88416  37.957  28.595  15.848 0.4000000060
63282  36.688  29.447  14.878 0.4000000060
63778  35.941  30.096  13.742 0.4000000060
63779  35.435  30.728  13.779 0.4000000060
65764  29.511  35.189  10.305 0.3000000119
65233  29.836  33.001  11.428 0.3000000119
97295  31.182  33.007  12.561 0.3000000119
64256  30.083  32.405  12.145 0.2000000030
64247  31.323  32.306  13.538 0.2000000030
91803  31.535  31.722  13.575 0.2000000030
63755  42.277  30.230  16.108 0.3000000119
64244  34.550  31.197  14.198 0.4000000060
64245  33.465  31.464  14.706 0.3000000119
64246  32.377  31.718  14.716 0.3000000119
63742  40.074  30.588  17.609 0.3000000119
64232  35.311  31.518  14.630 0.4000000060
65219  31.413  32.983  13.593 0.3000000119
64236  31.832  32.452  14.943 0.2000000030
64731  33.334  32.538  16.176 0.3000000119
64234  33.045  32.000  15.889 0.3000000119
57412  51.689  18.701  18.992 0.1000000015
58737  49.780  20.527  15.964 0.2000000030
59277  50.044  21.606  16.072 0.2000000030
58756  50.594  21.098  15.508 0.2000000030
58126  51.399  19.734  15.080 0.2000000030
64263  43.662  31.754  11.682 0.6999999881
63792  43.297  30.920  13.167 0.5000000000
92980  43.619  29.321  3.319 0.6000000238
64300  42.961  31.750  4.124 0.6000000238
64294  42.577  31.791  5.211 0.6000000238
63843  42.480  30.984  3.637 0.6000000238
59989  45.646  22.541  2.413 0.4000000060
91473  45.878  24.872  2.711 0.6000000238
63767  43.183  30.463  14.516 0.5000000000
61960  53.343  26.959  8.309 0.3000000119
61045  49.545  24.469  9.310 0.3000000119
61516  51.954  25.189  8.171 0.3000000119
59929  49.976  22.967  8.475 0.3000000119
61514  53.130  25.884  7.227 0.3000000119
60559  50.777  23.263  8.483 0.3000000119
59944  49.814  22.608  7.576 0.3000000119
60493  58.628  22.996  12.933 0.3000000119
61467  56.900  26.373  12.861 0.3000000119
61003  57.577  24.567  12.951 0.3000000119
62878  58.435  29.522  10.134 0.3000000119
60558  51.321  23.610  7.611 0.3000000119
61071  51.737  24.394  6.823 0.3000000119
60571  51.467  23.589  6.466 0.3000000119
59389  47.149  21.282  6.002 0.3000000119
59390  46.383  21.384  6.416 0.3000000119
61542  57.383  25.261  3.657 0.3000000119
61994  56.976  25.835  3.970 0.3000000119
61987  56.911  26.272  5.131 0.3000000119
59396  47.521  21.076  5.344 0.3000000119
60603  57.225  24.342  2.392 0.3000000119
100113  54.671  23.443  3.604 0.3000000119
61955  52.393  26.606  9.585 0.3000000119
61498  51.181  25.867  9.561 0.3000000119
59283  60.107  21.783  15.835 0.2000000030
59930  47.001  22.704  7.984 0.3000000119
63329  57.086  30.094  9.631 0.3000000119
62892  56.408  28.384  8.747 0.3000000119
62443  54.128  27.504  7.797 0.3000000119
62436  54.681  28.058  8.245 0.3000000119
95718  46.535  21.622  7.168 0.2000000030
87411  57.525  29.191  9.539 0.3000000119
62442  55.074  27.706  7.524 0.3000000119
62895  56.329  27.849  8.105 0.3000000119
62440  56.565  27.330  7.718 0.3000000119
62448  56.563  27.136  6.844 0.3000000119
62449  55.597  27.260  6.793 0.3000000119
61978  54.950  26.634  6.121 0.3000000119
61526  53.403  25.531  6.442 0.3000000119
59961  44.570  22.264  6.384 0.2000000030
61977  56.210  26.658  5.873 0.3000000119
61988  55.567  26.233  5.295 0.3000000119
61545  55.563  25.539  4.382 0.3000000119
61536  53.909  25.148  5.594 0.3000000119
61069  52.790  24.838  5.860 0.3000000119
59957  51.185  22.708  6.181 0.3000000119
61089  55.907  24.906  3.230 0.3000000119
60580  51.625  23.367  5.541 0.3000000119
87755  50.702  22.097  5.738 0.3000000119
61090  53.115  23.925  4.553 0.3000000119
60590  51.854  23.155  4.690 0.3000000119
59393  50.156  21.626  5.160 0.3000000119
59966  51.310  22.551  5.277 0.3000000119
88905  48.862  21.106  4.586 0.3000000119
59407  45.907  21.373  4.649 0.4000000060
60588  53.792  23.526  4.036 0.4000000060
59973  51.138  21.966  3.942 0.4000000060
59413  48.440  20.740  3.883 0.4000000060
59406  46.553  20.874  4.388 0.4000000060
59419  56.039  22.856  2.092 0.3000000119
61499  50.515  25.637  9.836 0.3000000119
58736  59.965  20.213  16.670 0.2000000030
62424  52.715  27.127  10.818 0.3000000119
60446  59.768  22.462  15.370 0.2000000030
62879  55.816  29.876  10.363 0.3000000119
63790  58.359  31.053  11.168 0.3000000119
62870  59.083  30.184  11.225 0.3000000119
59962  43.872  22.658  6.757 0.2000000030
60583  43.815  23.841  5.699 0.3000000119
61072  43.279  24.256  6.176 0.3000000119
59969  44.677  22.804  5.741 0.3000000119
61092  43.802  25.029  4.940 0.5000000000
61098  44.765  24.401  4.261 0.5000000000
60591  45.258  23.003  4.275 0.4000000060
98849  51.669  22.456  3.949 0.4000000060
87778  47.329  20.676  3.575 0.4000000060
59416  46.048  21.182  3.758 0.4000000060
59420  50.472  21.546  2.421 0.4000000060
59988  45.866  21.749  2.955 0.4000000060
59424  46.440  21.227  2.425 0.4000000060
59433  48.738  20.825  1.924 0.4000000060
58750  58.771  20.223  15.552 0.2000000030
58120  59.273  19.517  15.714 0.2000000030
62417  53.339  27.460  11.554 0.3000000119
61940  51.834  26.238  11.637 0.3000000119
59913  45.087  22.605  9.390 0.3000000119
60563  43.304  23.128  7.134 0.2000000030
61537  43.287  25.449  5.210 0.5000000000
61538  42.625  25.969  5.619 0.5000000000
61997  41.924  27.214  4.668 0.5000000000
87584  44.358  25.699  4.290 0.6000000238
61551  45.653  25.010  3.376 0.6000000238
94934  47.835  20.786  1.712 0.4000000060
58752  56.726  20.330  15.882 0.2000000030
93269  57.163  19.469  15.966 0.2000000030
61912  54.102  27.426  13.523 0.3000000119
61485  49.654  25.175  11.575 0.3000000119
60506  46.632  23.131  10.888 0.3000000119
63287  59.381  29.222  14.239 0.3000000119
60533  42.248  23.312  8.981 0.2000000030
61980  42.163  26.194  6.364 0.4000000060
90079  42.498  25.505  6.543 0.3000000119
61528  41.896  25.945  7.221 0.3000000119
61990  41.963  26.823  5.718 0.5000000000
62460  42.268  27.629  3.852 0.5000000000
99814  42.929  27.097  3.804 0.6000000238
62920  41.860  28.438  3.911 0.6000000238
96464  43.998  27.713  3.591 0.6000000238
93436  49.069  24.826  11.861 0.3000000119
59895  44.201  21.992  10.201 0.2000000030
59339  43.629  21.410  10.435 0.2000000030
59916  42.018  22.869  9.586 0.2000000030
61518  41.761  25.348  7.920 0.3000000119
61059  42.131  24.628  8.061 0.3000000119
59917  40.961  23.417  9.835 0.2000000030
62450  40.951  27.912  6.324 0.5000000000
62898  40.625  28.446  5.819 0.5000000000
62461  41.472  28.052  4.448 0.5000000000
62444  41.146  27.396  6.931 0.4000000060
84139  41.453  27.323  6.258 0.5000000000
61970  40.208  26.844  8.009 0.4000000060
93534  40.486  29.821  5.339 0.5000000000
63826  41.179  30.580  4.872 0.5000000000
63831  41.701  30.445  3.996 0.6000000238
61453  51.281  25.620  13.224 0.3000000119
62361  56.808  27.861  17.354 0.3000000119
59332  44.799  21.022  11.156 0.3000000119
58797  43.428  20.172  11.325 0.2000000030
58807  42.225  20.809  10.645 0.2000000030
90035  40.352  22.063  10.297 0.2000000030
84047  41.567  24.939  8.465 0.2000000030
61047  40.957  24.966  9.039 0.2000000030
63821  41.789  30.884  6.719 0.6000000238
63344  40.427  29.766  6.227 0.5000000000
62451  40.680  27.995  6.941 0.4000000060
62896  40.169  28.501  7.311 0.5000000000
63340  40.371  29.116  6.760 0.5000000000
59901  38.588  22.376  10.880 0.2000000030
61493  39.533  25.356  9.731 0.3000000119
61029  39.512  24.742  10.104 0.2000000030
95101  38.970  25.503  10.044 0.2000000030
88307  52.677  26.460  14.475 0.3000000119
60991  49.395  24.803  13.331 0.3000000119
62368  58.384  27.496  16.389 0.3000000119
58795  44.916  20.459  11.899 0.2000000030
58786  45.287  20.579  12.665 0.2000000030
89983  41.623  20.431  11.015 0.2000000030
58182  42.006  20.070  11.925 0.2000000030
58168  43.578  19.477  12.651 0.2000000030
96739  41.244  20.203  12.369 0.2000000030
58800  40.045  20.415  11.434 0.2000000030
59883  37.826  22.471  11.168 0.3000000119
59334  37.234  21.740  11.429 0.1000000015
63339  40.743  29.617  7.104 0.5000000000
62438  39.607  27.458  8.219 0.4000000060
63818  42.050  31.025  7.832 0.6999999881
64280  42.780  31.884  8.268 0.6999999881
63816  41.468  30.416  8.459 0.6000000238
63333  40.823  29.799  9.069 0.5000000000
97663  39.776  28.651  7.938 0.4000000060
62894  39.398  28.261  8.479 0.3000000119
97572  52.189  21.662  14.502 0.2000000030
59270  46.172  22.135  18.919 0.1000000015
59260  45.455  22.227  19.618 0.1000000015
91138  47.290  24.731  20.112 0.2000000030
59815  42.695  22.721  18.398 0.1000000015
58741  40.652  21.283  17.452 0.1000000015
58721  40.315  20.956  18.486 0.1000000015
58103  38.984  19.377  17.193 0.1000000015
58722  39.852  20.604  18.311 0.1000000015
56743  36.385  17.637  16.493 0.2000000030
90019  36.600  17.413  17.277 0.2000000030
56742  37.148  17.828  16.761 0.1000000015
60427  44.693  25.156  17.755 0.1000000015
59831  42.579  22.816  17.379 0.1000000015
58114  39.654  19.728  16.721 0.1000000015
57476  37.419  18.508  15.360 0.1000000015
56755  35.073  17.708  15.877 0.2000000030
60441  44.815  24.143  16.622 0.1000000015
59829  44.175  23.494  16.377 0.1000000015
59847  42.825  22.395  16.347 0.1000000015
85881  40.769  20.743  16.463 0.1000000015
58758  41.418  20.850  15.732 0.1000000015
57490  38.894  19.099  15.293 0.1000000015
57477  36.103  18.310  14.928 0.1000000015
59293  44.172  21.905  15.124 0.1000000015
59307  42.800  21.054  14.997 0.1000000015
58759  40.807  20.234  15.554 0.1000000015
58770  41.349  20.340  14.931 0.1000000015
58140  39.511  19.448  14.803 0.1000000015
58771  40.658  20.043  14.703 0.1000000015
97258  37.456  18.854  14.642 0.1000000015
57493  35.365  18.499  14.483 0.1000000015
57504  36.214  18.754  14.225 0.1000000015
92066  46.638  22.094  13.139 0.3000000119
59305  44.537  21.147  14.513 0.1000000015
58779  41.948  20.161  14.381 0.1000000015
58156  39.432  19.744  13.845 0.1000000015
58154  41.142  20.148  14.151 0.1000000015
58141  38.726  19.295  14.403 0.1000000015
58159  36.305  19.336  13.449 0.1000000015
58157  38.425  19.652  13.540 0.1000000015
85948  37.874  19.199  14.137 0.1000000015
58160  35.396  19.347  13.273 0.1000000015
58143  33.087  19.303  14.012 0.2000000030
58162  33.463  19.919  13.438 0.2000000030
88908  46.482  22.114  13.860 0.3000000119
58778  44.732  20.167  13.379 0.2000000030
59303  46.045  21.816  14.161 0.2000000030
58151  44.123  19.557  13.326 0.2000000030
59304  45.354  21.408  14.245 0.2000000030
58153  42.395  19.787  13.713 0.1000000015
58152  43.355  19.520  13.616 0.2000000030
100501  41.616  20.059  13.701 0.1000000015
58171  40.934  20.211  13.195 0.2000000030
58175  36.615  19.898  12.747 0.1000000015
58792  35.415  20.494  12.226 0.1000000015
58793  34.497  20.558  12.575 0.1000000015
58780  33.799  20.669  13.049 0.2000000030
58781  33.099  20.716  13.368 0.2000000030
58170  41.802  20.008  12.950 0.2000000030
58788  39.558  20.272  12.172 0.2000000030
58790  37.545  20.513  12.118 0.1000000015
58789  38.369  20.566  11.852 0.1000000015
59326  34.786  21.303  12.231 0.1000000015
58791  36.200  20.823  12.015 0.1000000015
59324  36.331  21.514  11.693 0.1000000015
59876  35.001  22.564  12.038 0.2000000030
88513  33.832  22.733  12.974 0.2000000030
59875  35.647  22.054  11.728 0.2000000030
61010  34.465  24.013  12.561 0.3000000119
61019  37.587  24.664  10.739 0.3000000119
61486  38.282  26.141  10.199 0.4000000060
61488  37.591  25.771  10.670 0.3000000119
61007  36.963  25.411  10.889 0.3000000119
63330  40.818  29.945  10.251 0.5000000000
88614  39.294  28.485  10.658 0.3000000119
62882  38.846  28.187  11.022 0.3000000119
58026  36.556  20.241  23.709 0.1000000015
98355  38.304  19.419  24.019 0.1000000015
58036  34.932  19.260  23.131 0.1000000015
57366  36.622  18.329  23.676 0.1000000015
57375  35.811  17.971  23.486 0.1000000015
58037  34.412  19.426  22.483 0.1000000015
56660  38.832  17.662  22.720 0.1000000015
56661  38.015  17.381  22.590 0.1000000015
56663  35.505  17.458  22.963 0.1000000015
57387  34.081  18.461  22.106 0.1000000015
58059  33.744  19.670  20.818 0.1000000015
56657  41.525  17.655  21.581 0.1000000015
56668  39.906  17.669  21.482 0.1000000015
56669  38.628  17.323  21.983 0.1000000015
56672  34.387  17.490  21.837 0.1000000015
56677  40.422  17.739  20.827 0.1000000015
98550  37.818  16.805  21.049 0.1000000015
56681  35.934  16.620  21.356 0.1000000015
56682  34.997  16.921  21.216 0.1000000015
58062  31.772  19.168  19.989 0.1000000015
57400  41.098  17.862  20.113 0.1000000015
57398  42.794  17.910  20.516 0.1000000015
56679  38.829  17.606  20.583 0.2000000030
56680  38.127  17.207  20.412 0.2000000030
56686  31.992  17.885  20.150 0.1000000015
57420  40.525  18.487  19.569 0.1000000015
56692  38.477  17.838  19.789 0.2000000030
56026  36.150  16.623  19.568 0.2000000030
56028  34.694  16.660  19.644 0.2000000030
56695  33.287  17.110  19.964 0.2000000030
56696  32.480  17.134  19.536 0.1000000015
58728  46.550  20.393  17.779 0.2000000030
57421  39.643  18.900  19.440 0.1000000015
58076  40.485  19.359  19.058 0.1000000015
56705  38.220  17.960  18.874 0.2000000030
56037  36.896  16.966  18.978 0.2000000030
56038  36.092  16.817  18.616 0.2000000030
56040  34.599  16.574  18.832 0.2000000030
56041  33.752  16.556  18.621 0.2000000030
56709  31.504  17.377  18.440 0.2000000030
59828  49.648  22.258  16.755 0.2000000030
58090  43.085  20.455  18.830 0.1000000015
58719  42.563  21.503  18.771 0.1000000015
58077  39.697  19.652  18.932 0.1000000015
58094  39.488  20.013  18.448 0.1000000015
57433  38.579  18.755  18.425 0.2000000030
56722  38.003  18.126  17.987 0.2000000030
56707  36.767  17.195  18.101 0.2000000030
56053  32.731  16.849  17.541 0.2000000030
59810  48.875  23.714  18.761 0.2000000030
91070  35.836  17.290  17.009 0.2000000030
56726  34.357  17.033  17.256 0.2000000030
56756  34.167  17.815  15.715 0.2000000030
56744  35.075  17.334  16.745 0.2000000030
56758  32.680  17.865  15.886 0.2000000030
56759  31.866  18.043  15.815 0.2000000030
57481  32.257  18.332  15.221 0.2000000030
60984  48.858  24.546  14.979 0.3000000119
89235  47.374  23.448  16.146 0.1000000015
57497  31.789  18.794  14.721 0.2000000030
59861  47.056  22.650  13.694 0.3000000119
59316  31.778  21.594  13.605 0.2000000030
59292  45.062  22.007  14.879 0.1000000015
90881  33.050  22.883  13.316 0.2000000030
90631  32.149  23.019  13.401 0.2000000030
61476  34.762  25.065  12.479 0.3000000119
61471  37.794  27.030  10.866 0.4000000060
61474  36.517  26.059  11.436 0.4000000060
64274  42.970  31.954  9.238 0.6999999881
63806  41.543  30.705  12.069 0.5000000000
62875  39.163  28.502  12.021 0.3000000119
61915  38.249  27.078  13.065 0.4000000060
57363  39.878  18.574  23.503 0.1000000015
59249  34.329  21.327  20.647 0.1000000015
57364  39.011  18.277  23.348 0.1000000015
57372  41.943  17.932  22.412 0.1000000015
57396  44.467  18.819  20.849 0.1000000015
58710  31.271  20.259  19.543 0.1000000015
85776  48.863  18.978  17.580 0.2000000030
58086  47.463  18.843  18.023 0.2000000030
100595  45.480  19.011  20.248 0.2000000030
58087  46.636  19.377  18.063 0.2000000030
57415  46.543  18.702  19.815 0.2000000030
58072  45.077  19.566  20.106 0.2000000030
58088  44.640  20.418  19.908 0.1000000015
58074  43.494  19.509  19.229 0.1000000015
59291  50.654  21.931  15.553 0.2000000030
59841  51.212  22.647  15.337 0.2000000030
58089  43.921  20.528  19.556 0.1000000015
57436  29.967  18.894  18.002 0.2000000030
60466  52.772  23.080  14.726 0.2000000030
56746  31.816  17.650  16.601 0.2000000030
60951  47.519  26.616  18.896 0.2000000030
57460  31.160  18.123  16.116 0.2000000030
58130  30.114  18.992  15.275 0.2000000030
61434  48.151  26.454  18.088 0.2000000030
60962  48.066  26.073  17.543 0.2000000030
58145  31.361  19.402  14.413 0.2000000030
59867  30.172  22.683  13.460 0.2000000030
58784  30.668  20.738  14.234 0.2000000030
94768  29.946  24.104  13.019 0.3000000119
84778  32.698  25.065  13.151 0.2000000030
96654  32.057  26.513  12.033 0.3000000119
61477  31.291  25.850  11.970 0.3000000119
61920  33.584  26.327  12.791 0.3000000119
61917  36.391  27.156  12.674 0.3000000119
61918  35.415  26.921  12.696 0.3000000119
64264  42.861  31.412  12.132 0.6999999881
63320  40.914  30.293  12.632 0.4000000060
62860  39.396  28.790  12.943 0.4000000060
61906  38.208  26.603  14.126 0.3000000119
57361  42.235  18.554  23.225 0.1000000015
57359  43.768  18.826  22.635 0.2000000030
57371  42.980  18.250  22.402 0.1000000015
84854  44.348  18.751  22.023 0.2000000030
57383  44.790  18.773  21.388 0.2000000030
58069  48.623  19.021  19.318 0.2000000030
58761  29.139  20.735  15.757 0.2000000030
60972  52.765  24.499  16.687 0.2000000030
91190  29.333  20.022  15.628 0.2000000030
59295  29.273  21.256  15.108 0.2000000030
60485  29.523  23.264  13.365 0.2000000030
59869  27.834  23.146  13.899 0.2000000030
61000  27.474  24.270  13.591 0.2000000030
61462  29.500  25.459  12.034 0.2000000030
60998  29.167  24.634  12.654 0.2000000030
62410  30.400  27.050  11.693 0.3000000119
62409  31.449  27.288  11.877 0.3000000119
87824  32.373  27.528  12.186 0.3000000119
62408  33.274  27.807  12.593 0.3000000119
63805  42.176  31.038  12.435 0.6000000238
63305  41.102  30.382  13.552 0.4000000060
63292  40.417  29.947  13.810 0.4000000060
62380  39.776  28.470  14.397 0.4000000060
62382  38.596  26.787  14.940 0.4000000060
62383  37.871  26.763  14.921 0.4000000060
62394  36.688  27.651  13.376 0.3000000119
98850  46.800  19.225  21.955 0.1000000015
96334  28.533  21.827  16.748 0.1000000015
59832  27.631  23.010  16.043 0.1000000015
60470  27.328  23.444  14.270 0.2000000030
85284  27.867  25.783  12.650 0.2000000030
61923  27.475  26.284  13.057 0.2000000030
62412  28.697  26.855  11.947 0.2000000030
99849  31.000  28.460  12.388 0.3000000119
63776  42.520  30.781  13.646 0.5000000000
63768  42.340  30.407  14.967 0.3000000119
63777  41.652  30.513  14.092 0.4000000060
62833  40.603  29.552  14.778 0.4000000060
86567  40.959  29.510  16.037 0.4000000060
63269  40.346  29.082  16.192 0.4000000060
62835  39.803  27.993  15.224 0.4000000060
62861  35.297  29.174  12.862 0.3000000119
62863  33.671  28.713  12.586 0.3000000119
63309  33.144  29.388  12.591 0.3000000119
62826  38.224  27.889  15.975 0.4000000060
62837  36.886  28.630  14.680 0.4000000060
62848  36.406  28.502  13.866 0.4000000060
63294  35.810  29.277  13.413 0.4000000060
58700  48.510  20.299  21.825 0.1000000015
86817  48.146  20.231  21.278 0.1000000015
62854  26.845  28.709  13.661 0.2000000030
63786  28.472  30.056  12.635 0.2000000030
62852  28.578  28.577  12.781 0.2000000030
63312  27.604  29.931  12.780 0.2000000030
63296  29.176  29.419  12.747 0.2000000030
84326  29.896  29.897  12.756 0.2000000030
63295  30.605  29.922  12.767 0.3000000119
63310  31.539  30.042  12.706 0.3000000119
62824  39.373  28.148  15.942 0.4000000060
85934  39.690  28.774  16.189 0.4000000060
63307  34.921  29.654  12.613 0.3000000119
63797  33.612  30.206  12.889 0.3000000119
62825  38.659  27.953  16.034 0.4000000060
63281  37.335  29.060  15.349 0.4000000060
65746  27.332  35.246  11.420 0.2000000030
84219  28.005  35.855  10.867 0.2000000030
94770  26.768  32.669  11.727 0.2000000030
64778  27.411  32.677  11.161 0.2000000030
65727  26.801  34.527  11.666 0.2000000030
91758  27.374  34.192  10.799 0.2000000030
63801  27.019  30.542  12.658 0.2000000030
100274  27.393  31.153  12.250 0.2000000030
64763  27.263  31.880  11.806 0.2000000030
66249  28.877  36.214  10.308 0.2000000030
65252  28.373  33.711  10.423 0.2000000030
64762  28.175  32.083  11.459 0.2000000030
64258  28.044  31.357  12.010 0.2000000030
63799  28.696  30.848  12.423 0.2000000030
65251  29.482  33.691  10.803 0.3000000119
64761  29.146  32.390  11.558 0.2000000030
98244  29.677  31.229  12.582 0.2000000030
64746  30.387  31.900  12.666 0.2000000030
85395  30.717  31.445  12.883 0.2000000030
63741  42.088  30.478  17.484 0.3000000119
63757  40.601  29.913  16.855 0.3000000119
63259  39.008  29.774  16.708 0.4000000060
63271  38.528  28.872  16.165 0.4000000060
63780  33.890  30.812  13.591 0.2000000030
63743  39.295  30.565  17.454 0.4000000060
63272  37.704  29.721  15.991 0.4000000060
63770  36.136  30.855  14.531 0.4000000060
65250  30.415  33.600  11.249 0.3000000119
65232  30.647  32.955  11.956 0.2000000030
64760  30.915  32.515  12.692 0.2000000030
100186  31.981  32.883  15.852 0.3000000119
58287  53.774  19.660  -2.409 0.2000000030
100584  51.586  19.428  -2.856 0.3000000119
57602  51.198  18.782  -3.390 0.2000000030
58914  56.156  20.963  -4.332 0.4000000060
60052  55.638  21.640  -3.478 0.4000000060
58304  55.367  20.360  -4.867 0.4000000060
58907  56.312  20.638  -3.131 0.4000000060
90709  53.980  19.796  -3.465 0.4000000060
58286  54.886  19.618  -2.991 0.2000000030
58901  56.147  20.871  -2.047 0.3000000119
58289  52.169  20.036  -2.936 0.3000000119
57608  51.333  18.801  -4.574 0.2000000030
56873  50.861  18.019  -3.932 0.2000000030
56880  50.887  17.960  -4.914 0.2000000030
56881  50.382  17.608  -4.298 0.1000000015
85228  50.318  17.643  -5.153 0.1000000015
56883  49.309  17.621  -4.342 0.1000000015
87813  48.991  17.915  -4.969 0.1000000015
65790  38.046  34.066  8.050 0.2000000030
65275  39.309  33.189  9.371 0.2000000030
65287  37.746  33.529  8.647 0.2000000030
63740  43.045  30.458  16.987 0.3000000119
60067  54.810  21.943  -4.060 0.4000000060
60080  54.616  21.673  -5.038 0.4000000060
60053  55.022  22.120  -2.904 0.4000000060
100140  53.779  20.838  -5.618 0.4000000060
58298  53.599  20.498  -4.657 0.3000000119
58299  51.653  19.660  -3.743 0.2000000030
56887  49.640  17.649  -5.313 0.1000000015
57609  48.581  18.066  -4.263 0.1000000015
57615  48.942  18.079  -5.779 0.1000000015
57610  48.379  18.367  -5.045 0.1000000015
57616  48.123  18.762  -5.923 0.2000000030
58310  47.404  19.370  -5.470 0.2000000030
59511  46.527  20.707  -6.764 0.2000000030
59512  46.121  21.648  -6.784 0.2000000030
60039  53.361  22.453  -1.646 0.4000000060
97887  53.711  22.203  -2.460 0.4000000060
60081  54.098  21.821  -4.603 0.4000000060
58931  54.249  21.340  -5.535 0.4000000060
96935  53.043  20.875  -4.938 0.4000000060
58306  51.613  19.882  -4.648 0.3000000119
95588  51.565  19.295  -5.578 0.3000000119
57614  51.311  18.479  -5.438 0.3000000119
57619  51.520  18.760  -6.188 0.3000000119
56886  50.839  18.019  -5.793 0.2000000030
95761  50.383  18.007  -6.476 0.1000000015
57621  49.633  17.899  -6.310 0.1000000015
57622  48.903  18.367  -6.926 0.1000000015
60073  44.215  22.347  -3.760 0.1000000015
58315  48.011  19.136  -6.952 0.2000000030
87249  47.554  19.428  -6.272 0.2000000030
60085  44.475  22.825  -4.620 0.1000000015
60094  44.638  23.259  -5.566 0.1000000015
89218  45.676  21.819  -5.786 0.2000000030
60054  52.843  22.106  -2.529 0.4000000060
59479  53.404  21.791  -3.503 0.4000000060
60069  52.463  21.725  -3.492 0.4000000060
59489  53.256  21.329  -4.560 0.4000000060
59502  52.629  20.861  -4.640 0.4000000060
58924  51.867  20.586  -4.534 0.4000000060
59503  51.357  20.962  -4.576 0.4000000060
58925  51.441  20.129  -5.033 0.4000000060
58932  51.374  19.829  -5.990 0.4000000060
99954  51.103  18.384  -6.474 0.3000000119
57620  50.861  18.409  -7.019 0.2000000030
96748  49.323  18.556  -7.963 0.2000000030
60086  43.471  23.241  -4.366 0.1000000015
57628  48.558  19.080  -7.834 0.2000000030
58311  46.981  19.989  -6.042 0.2000000030
60084  45.081  22.287  -5.152 0.2000000030
60093  45.239  22.803  -6.038 0.2000000030
58926  50.803  20.495  -5.066 0.5000000000
58314  51.808  19.471  -6.778 0.3000000119
58939  52.202  19.971  -7.299 0.4000000060
57627  50.081  18.874  -8.352 0.2000000030
60101  45.705  22.523  -6.771 0.2000000030
93714  45.284  23.302  -6.874 0.2000000030
60651  43.961  24.066  -6.228 0.2000000030
59522  49.985  21.771  -8.659 0.3000000119
60123  48.839  21.826  -10.559 0.3000000119
58958  48.178  21.240  -10.313 0.3000000119
58946  47.504  20.386  -8.245 0.2000000030
58947  46.942  20.748  -7.824 0.2000000030
60113  49.278  22.240  -10.263 0.3000000119
59523  47.324  21.360  -9.007 0.3000000119
60124  47.872  22.070  -9.678 0.3000000119
59517  46.599  21.531  -7.868 0.2000000030
59524  46.921  22.505  -8.867 0.2000000030
60100  46.194  22.421  -7.765 0.2000000030
60108  46.339  23.148  -8.491 0.2000000030
60657  45.049  24.219  -7.451 0.2000000030
60650  44.762  23.748  -6.515 0.2000000030
60105  48.990  22.430  -9.071 0.3000000119
60106  48.319  23.442  -8.470 0.4000000060
60114  48.333  22.543  -9.495 0.4000000060
60115  47.738  23.098  -9.215 0.2000000030
61145  42.415  24.351  -6.861 0.1000000015
61608  42.375  24.840  -6.623 0.2000000030
60109  45.647  23.389  -7.807 0.2000000030
62059  43.282  26.169  -4.912 0.2000000030
93311  48.672  24.363  -7.758 0.4000000060
60652  42.733  23.937  -6.581 0.1000000015
61607  43.174  25.062  -6.773 0.1000000015
63410  43.944  29.508  -1.068 0.3000000119
60661  48.719  24.908  -8.963 0.4000000060
60116  47.012  23.619  -9.176 0.2000000030
61144  43.241  24.551  -6.829 0.2000000030
60107  48.112  24.276  -9.678 0.3000000119
86482  43.942  24.821  -6.633 0.2000000030
60662  46.184  24.026  -8.803 0.2000000030
62052  44.219  26.161  -3.952 0.3000000119
62042  44.806  26.552  -2.883 0.2000000030
62510  45.789  27.659  -2.641 0.3000000119
96015  48.393  24.893  -6.512 0.4000000060
61149  48.709  25.273  -7.780 0.4000000060
87001  45.050  30.162  -2.177 0.4000000060
63409  44.609  29.869  -1.585 0.3000000119
60666  48.660  25.220  -10.043 0.3000000119
61602  42.888  25.655  -5.914 0.2000000030
62959  44.582  28.671  -1.382 0.3000000119
60667  46.967  24.670  -9.738 0.4000000060
61143  44.432  24.718  -6.852 0.2000000030
60663  45.443  24.550  -8.409 0.2000000030
62958  45.367  28.237  -2.086 0.3000000119
63894  43.853  30.409  -1.558 0.3000000119
96286  48.328  25.782  -7.114 0.4000000060
63902  44.425  30.771  -2.318 0.4000000060
61158  48.387  26.135  -10.532 0.4000000060
83082  48.286  26.204  -7.969 0.4000000060
60668  46.004  24.923  -9.423 0.3000000119
89729  45.707  29.075  -2.414 0.3000000119
63420  45.546  29.864  -2.560 0.3000000119
62969  46.132  28.597  -2.807 0.3000000119
63419  46.051  29.516  -2.918 0.3000000119
81687  47.781  26.547  -6.951 0.4000000060
81695  46.072  26.133  -8.047 0.4000000060
61606  44.930  25.166  -7.085 0.3000000119
63901  45.233  30.810  -2.885 0.4000000060
83183  47.658  26.935  -8.245 0.4000000060
84323  46.642  26.383  -8.750 0.4000000060
61615  45.976  25.805  -8.852 0.4000000060
61150  45.061  24.939  -7.853 0.3000000119
85541  45.052  31.706  -3.737 0.4000000060
85774  44.896  32.517  -4.297 0.4000000060
61621  46.701  26.104  -10.520 0.4000000060
61154  45.597  25.221  -8.741 0.3000000119
63910  45.729  31.219  -3.741 0.4000000060
64380  45.517  32.073  -4.555 0.4000000060
63909  46.250  30.743  -3.863 0.3000000119
63432  45.897  30.365  -3.191 0.4000000060
83890  46.233  31.486  -4.552 0.4000000060
62041  45.665  26.865  -2.981 0.3000000119
62057  48.144  28.081  -3.509 0.4000000060
91982  46.538  25.641  -4.558 0.4000000060
88651  46.746  26.088  -6.561 0.4000000060
83930  44.406  25.251  -6.270 0.2000000030
61601  43.951  25.712  -5.456 0.3000000119
64897  45.595  32.780  -4.666 0.4000000060
65386  44.883  33.086  -4.208 0.4000000060
96921  46.353  32.584  -4.872 0.4000000060
61595  44.893  25.791  -4.473 0.3000000119
64394  46.971  31.571  -5.052 0.4000000060
64395  46.192  32.185  -4.998 0.4000000060
97559  46.955  29.662  -3.819 0.3000000119
95418  46.517  29.318  -3.229 0.3000000119
62518  46.465  27.687  -3.155 0.3000000119
62979  46.850  28.847  -3.306 0.3000000119
63430  47.416  29.880  -4.641 0.3000000119
63927  47.604  30.672  -5.308 0.3000000119
65858  42.494  34.449  -2.113 0.4000000060
65857  43.563  34.485  -1.930 0.4000000060
65880  42.893  34.019  -2.775 0.6000000238
65879  43.979  34.044  -2.547 0.6000000238
65366  44.995  33.527  -3.330 0.6000000238
82598  48.860  28.754  -4.686 0.4000000060
81689  46.491  25.613  -5.484 0.4000000060
93333  45.629  33.399  -3.829 0.5000000000
61600  45.120  25.524  -5.239 0.3000000119
64896  47.100  32.577  -4.598 0.4000000060
100445  47.439  31.688  -5.186 0.5000000000
64912  46.865  32.120  -5.107 0.5000000000
62050  46.169  26.484  -3.663 0.3000000119
62051  45.286  26.153  -3.647 0.3000000119
63926  48.296  31.000  -5.907 0.5000000000
86657  48.050  31.461  -5.500 0.5000000000
62517  47.188  28.440  -3.443 0.3000000119
63447  47.848  29.821  -5.297 0.3000000119
63446  48.237  30.165  -5.907 0.3000000119
65836  43.110  34.845  -1.029 0.3000000119
65835  44.118  35.008  -1.005 0.4000000060
65856  44.604  34.555  -1.799 0.5000000000
65878  44.907  34.031  -2.524 0.5000000000
97118  49.146  28.451  -5.718 0.4000000060
65876  46.647  34.099  -2.469 0.6000000238
65877  45.789  34.023  -2.739 0.6000000238
81692  46.435  26.014  -4.275 0.4000000060
81691  47.492  28.232  -3.505 0.4000000060
65364  47.079  33.606  -3.034 0.6000000238
62058  45.706  25.871  -4.439 0.3000000119
85784  47.833  29.092  -3.921 0.3000000119
83627  48.643  28.547  -7.363 0.4000000060
64911  47.784  31.992  -5.008 0.5000000000
64408  47.691  31.352  -5.364 0.5000000000
64407  48.624  31.215  -5.858 0.5000000000
62984  47.840  29.439  -4.765 0.3000000119
98076  48.817  29.286  -7.294 0.4000000060
63937  48.732  30.639  -6.583 0.5000000000
64413  48.916  31.065  -6.423 0.5000000000
66396  45.175  35.193  -1.062 0.3000000119
82854  49.432  28.422  -5.121 0.5000000000
66395  45.954  35.074  -1.469 0.5000000000
82165  49.665  27.877  -6.178 0.5000000000
65855  45.514  34.600  -1.924 0.5000000000
81693  49.335  27.445  -7.331 0.4000000060
65854  46.264  34.616  -1.979 0.6000000238
81701  49.000  28.210  -6.724 0.4000000060
62523  46.847  27.266  -3.489 0.4000000060
81705  48.676  27.005  -9.002 0.4000000060
82544  48.640  28.831  -5.952 0.4000000060
65384  47.590  33.023  -3.583 0.6999999881
81707  48.756  28.646  -6.688 0.4000000060
81712  48.442  28.019  -8.001 0.4000000060
93338  48.656  32.124  -4.560 0.6000000238
81711  48.733  28.721  -7.859 0.5000000000
97772  48.960  28.198  -9.163 0.5000000000
64393  48.762  31.638  -5.264 0.6999999881
63471  49.341  28.983  -8.544 0.5000000000
63462  49.277  29.564  -7.690 0.5000000000
63945  49.731  30.240  -7.355 0.5000000000
63936  49.276  30.832  -6.929 0.5000000000
64412  49.574  31.003  -6.494 0.5000000000
64406  49.234  31.265  -5.911 0.6999999881
63461  50.114  29.745  -8.096 0.5000000000
94576  50.727  27.576  -5.920 0.5000000000
81698  50.422  27.126  -6.918 0.6000000238
81700  50.019  26.626  -8.654 0.5000000000
83561  48.903  27.029  -8.400 0.4000000060
81697  49.123  26.716  -9.099 0.5000000000
64894  49.136  32.501  -3.831 0.6999999881
62090  49.861  27.044  -10.625 0.5000000000
62557  49.968  27.556  -10.733 0.5000000000
64910  49.468  32.075  -4.497 0.6999999881
63009  50.239  28.341  -10.614 0.6000000238
64405  50.139  31.243  -5.782 0.6999999881
63001  49.749  28.710  -9.564 0.6000000238
63935  50.048  30.606  -6.940 0.6000000238
63481  51.324  28.762  -11.220 0.6000000238
63470  50.426  29.424  -9.025 0.6000000238
63944  50.650  29.982  -7.459 0.6000000238
63460  51.297  29.663  -8.439 0.6000000238
83683  51.442  26.594  -7.073 0.5000000000
62073  52.061  26.408  -7.833 0.6000000238
62078  51.113  26.412  -8.826 0.5000000000
82806  50.102  26.517  -9.701 0.6000000238
85877  52.184  26.426  -9.011 0.6999999881
62089  50.724  26.978  -11.202 0.6000000238
62096  51.631  27.477  -11.887 0.6000000238
62081  53.960  27.041  -9.807 0.6999999881
62556  50.729  27.513  -11.557 0.6000000238
63015  51.877  28.279  -12.062 0.6000000238
63020  52.621  27.918  -12.204 0.6000000238
63480  52.318  28.758  -11.472 0.6999999881
63475  51.858  29.255  -10.445 0.6999999881
91961  52.778  29.059  -10.450 0.6999999881
63007  53.605  27.920  -10.968 0.6000000238
63008  53.003  28.368  -11.338 0.6999999881
65286  38.724  33.556  8.646 0.2000000030
57626  51.202  18.956  -7.758 0.3000000119
58320  52.061  19.786  -8.098 0.3000000119
58332  49.294  20.274  -10.084 0.2000000030
58322  48.155  19.889  -8.625 0.2000000030
58942  47.272  19.960  -7.099 0.2000000030
58952  47.809  20.660  -9.298 0.2000000030
58940  51.321  20.180  -6.835 0.4000000060
59521  50.433  20.816  -7.481 0.3000000119
58945  51.883  20.425  -7.982 0.3000000119
62087  52.879  27.281  -11.612 0.6000000238
96058  52.597  26.839  -10.855 0.6000000238
88673  55.921  21.144  -1.328 0.4000000060
60036  55.691  21.644  -2.435 0.4000000060
59468  56.150  21.186  -2.219 0.4000000060
84201  52.929  20.460  -3.105 0.3000000119
58906  56.486  21.036  -3.577 0.4000000060
58296  55.670  19.998  -3.670 0.4000000060
92757  54.944  20.846  -5.673 0.4000000060
58305  54.458  20.550  -5.490 0.4000000060
58916  52.313  20.497  -4.116 0.3000000119
58923  53.599  20.956  -5.473 0.4000000060
95161  50.158  17.716  -5.834 0.1000000015
57625  51.692  18.940  -6.962 0.3000000119
84934  50.009  18.160  -7.383 0.2000000030
86164  47.866  19.662  -7.706 0.2000000030
58321  49.102  19.393  -8.907 0.2000000030
58319  52.114  19.686  -7.534 0.3000000119
58327  52.264  20.130  -8.069 0.3000000119
58328  50.095  19.785  -9.224 0.3000000119
59530  49.928  22.244  -9.768 0.3000000119
59529  50.586  21.831  -9.840 0.3000000119
90300  51.005  21.044  -8.878 0.3000000119
60121  49.812  21.876  -10.855 0.3000000119
58957  48.912  20.928  -10.760 0.3000000119
58951  48.441  20.379  -9.856 0.3000000119
61153  49.110  25.961  -9.073 0.4000000060
63915  46.834  30.593  -4.451 0.3000000119
82525  46.899  26.492  -7.556 0.4000000060
61611  45.494  25.560  -8.034 0.3000000119
83147  45.850  26.081  -7.255 0.4000000060
65385  46.474  33.185  -4.114 0.5000000000
81690  45.651  25.546  -6.074 0.4000000060
94342  48.376  28.885  -3.855 0.4000000060
62063  45.968  25.668  -5.129 0.3000000119
65365  46.325  33.690  -3.224 0.6000000238
64895  48.145  32.528  -4.144 0.6000000238
65837  42.106  34.839  -1.177 0.2000000030
84827  49.773  26.919  -7.938 0.5000000000
87973  48.457  27.498  -8.545 0.5000000000
62083  51.575  26.463  -10.112 0.6000000238
62088  51.822  26.920  -11.381 0.6000000238
58331  50.906  20.596  -9.191 0.3000000119
98215  50.077  20.565  -10.073 0.3000000119
64233  34.075  31.984  15.380 0.2000000030
64219  32.439  32.922  16.336 0.2000000030
64788  36.105  32.626  10.559 0.2000000030
65247  35.061  32.995  12.006 0.2000000030
64775  35.899  32.577  11.509 0.2000000030
65227  35.041  32.873  13.284 0.2000000030
64758  36.550  32.378  12.384 0.2000000030
64744  35.447  32.548  14.103 0.2000000030
64745  34.790  32.664  15.043 0.2000000030
92848  34.010  33.248  15.627 0.2000000030
65208  32.275  33.561  15.607 0.2000000030
64743  36.352  32.175  13.685 0.2000000030
64729  35.739  32.000  14.549 0.2000000030
65266  35.456  32.929  10.680 0.2000000030
65228  34.286  33.377  13.224 0.2000000030
90510  37.058  32.144  12.980 0.2000000030
65229  33.371  33.862  13.477 0.2000000030
64732  31.757  33.048  15.039 0.2000000030
89564  32.697  34.020  14.752 0.2000000030
65218  31.945  33.537  14.333 0.2000000030
64231  36.380  31.326  14.698 0.3000000119
99148  37.456  33.876  8.309 0.1000000015
65777  36.952  33.710  8.561 0.1000000015
65278  36.229  33.623  8.971 0.1000000015
65277  37.034  33.065  9.216 0.1000000015
65265  35.948  33.035  9.744 0.2000000030
65758  35.652  33.862  9.576 0.2000000030
65739  34.889  33.568  10.975 0.2000000030
64787  36.880  32.650  10.199 0.2000000030
65723  33.822  33.780  12.521 0.2000000030
64774  36.891  32.444  11.293 0.2000000030
64757  37.781  32.018  12.918 0.2000000030
65248  34.368  33.662  11.933 0.2000000030
65230  32.495  33.798  13.104 0.2000000030
64742  37.199  31.868  13.761 0.3000000119
64728  36.676  31.611  14.474 0.2000000030
68732  33.486  40.908  16.470 0.1000000015
68733  32.791  40.544  16.160 0.1000000015
65801  38.627  34.716  7.564 0.1000000015
95178  37.076  34.394  8.189 0.1000000015
65789  39.168  34.085  8.040 0.1000000015
99883  36.493  34.196  8.613 0.1000000015
64248  26.118  31.471  13.068 0.1000000015
63787  25.946  30.656  13.413 0.1000000015
65276  38.287  33.107  9.338 0.1000000015
84537  35.344  33.434  10.148 0.2000000030
63314  26.383  30.201  13.174 0.1000000015
84037  37.713  32.454  10.833 0.2000000030
64773  37.720  32.306  11.540 0.2000000030
97448  38.392  32.311  11.326 0.2000000030
83863  38.179  32.142  12.102 0.2000000030
65760  34.633  34.621  11.030 0.2000000030
64243  38.014  31.786  13.729 0.3000000119
65231  31.686  33.348  12.881 0.2000000030
64229  38.046  31.774  14.455 0.3000000119
93524  37.174  31.334  15.229 0.2000000030
63759  36.740  30.690  15.205 0.3000000119
69305  35.547  41.982  16.552 0.1000000015
69296  35.016  41.475  17.117 0.1000000015
69295  35.829  41.605  17.355 0.1000000015
69306  34.739  41.825  16.254 0.1000000015
69307  33.962  41.541  15.928 0.1000000015
68741  33.223  41.175  15.581 0.1000000015
68194  32.171  40.116  15.838 0.1000000015
68195  31.593  39.690  15.484 0.1000000015
68743  31.919  40.315  14.996 0.1000000015
67698  31.095  39.382  15.142 0.1000000015
67223  29.524  37.561  14.660 0.1000000015
65700  27.210  34.767  14.465 0.1000000015
64747  26.085  32.436  13.149 0.1000000015
64764  26.504  32.150  12.376 0.1000000015
63802  26.427  30.827  12.925 0.1000000015
65788  40.159  34.198  8.116 0.1000000015
65778  36.082  34.484  9.139 0.1000000015
64785  38.944  32.718  10.125 0.1000000015
65759  35.283  34.346  10.369 0.2000000030
65264  39.818  32.858  10.044 0.1000000015
86228  39.196  32.406  10.972 0.2000000030
84250  39.005  32.202  11.881 0.2000000030
65740  33.929  34.237  11.746 0.2000000030
65724  33.293  34.078  12.340 0.2000000030
64771  40.495  32.704  11.456 0.2000000030
64756  38.680  32.044  12.897 0.2000000030
64772  39.827  32.424  11.619 0.2000000030
64740  39.385  32.239  13.513 0.2000000030
64215  37.763  31.705  15.477 0.3000000119
64727  38.466  32.057  14.863 0.3000000119
64216  37.514  31.258  16.089 0.2000000030
63758  37.209  30.640  15.871 0.3000000119
85615  38.013  31.744  16.570 0.4000000060
63745  37.754  30.733  16.458 0.3000000119
63273  36.920  30.006  15.405 0.3000000119
63260  38.370  30.018  16.465 0.3000000119
94789  36.372  40.607  18.834 0.1000000015
68715  35.937  40.197  19.277 0.1000000015
68718  36.282  41.217  18.179 0.1000000015
68714  36.774  40.214  19.345 0.1000000015
69287  37.153  41.566  18.011 0.1000000015
68717  37.126  40.877  18.768 0.1000000015
69304  36.220  42.219  16.046 0.1000000015
69303  36.834  42.186  16.536 0.1000000015
69294  36.602  41.802  17.374 0.1000000015
69285  38.454  41.818  18.703 0.1000000015
69293  37.379  42.123  17.194 0.1000000015
69292  37.905  41.955  17.907 0.1000000015
69320  33.799  41.506  15.058 0.1000000015
84592  33.001  41.077  14.597 0.1000000015
68742  32.541  40.728  15.293 0.1000000015
67699  30.642  38.852  15.136 0.1000000015
68754  32.291  40.711  14.534 0.1000000015
68203  31.314  39.941  14.702 0.1000000015
67211  30.068  38.160  15.200 0.1000000015
67212  29.659  37.416  15.681 0.1000000015
68214  30.965  40.095  13.952 0.1000000015
68204  30.725  39.475  14.476 0.1000000015
67222  30.183  38.729  14.290 0.1000000015
98912  29.890  38.117  14.502 0.1000000015
66738  28.860  36.916  14.401 0.1000000015
66739  28.382  36.391  14.180 0.1000000015
66232  27.530  35.417  14.005 0.1000000015
98233  28.785  37.449  12.909 0.1000000015
90203  28.025  36.509  12.476 0.1000000015
66241  27.132  35.598  13.139 0.1000000015
91285  26.769  35.184  12.421 0.1000000015
65712  26.414  34.200  12.604 0.1000000015
66300  38.147  35.441  7.216 0.1000000015
65802  37.612  34.893  7.677 0.1000000015
87621  36.887  35.331  8.099 0.1000000015
67281  44.556  37.115  7.361 0.1000000015
66290  36.493  34.984  8.706 0.1000000015
66266  36.005  34.980  10.039 0.2000000030
65249  31.196  33.444  11.821 0.2000000030
64754  40.445  32.644  12.208 0.2000000030
65741  33.422  34.752  11.371 0.2000000030
65725  32.753  34.266  11.778 0.2000000030
65726  31.972  33.845  11.787 0.2000000030
64738  41.128  33.023  12.651 0.2000000030
64739  40.330  32.658  13.332 0.2000000030
93509  39.090  32.211  14.330 0.3000000119
84815  39.727  32.545  14.380 0.3000000119
64726  39.063  32.444  15.248 0.3000000119
65205  41.342  33.359  14.733 0.3000000119
86693  39.784  32.854  15.530 0.3000000119
64712  39.000  32.672  16.505 0.3000000119
65196  40.624  33.218  15.757 0.3000000119
64711  39.820  33.001  16.852 0.3000000119
64206  38.301  31.761  17.248 0.4000000060
64205  38.720  32.138  17.640 0.3000000119
63744  38.446  30.835  17.098 0.3000000119
64700  40.965  32.864  18.233 0.3000000119
64692  39.810  32.392  18.154 0.3000000119
64691  40.502  32.364  18.465 0.2000000030
64204  40.357  31.327  18.167 0.2000000030
63729  41.892  31.065  18.731 0.2000000030
68170  35.764  39.293  20.424 0.1000000015
68172  36.302  39.742  19.889 0.1000000015
69318  35.450  42.045  15.585 0.1000000015
69316  37.042  42.211  15.645 0.1000000015
69799  37.629  42.397  16.236 0.1000000015
69775  38.582  42.354  17.983 0.1000000015
69783  40.172  43.131  18.267 0.1000000015
69319  34.547  41.767  15.392 0.1000000015
69332  35.146  41.627  14.799 0.1000000015
85015  33.954  41.050  14.166 0.1000000015
68769  32.333  40.683  13.859 0.1000000015
68755  31.654  40.470  14.215 0.1000000015
68770  31.551  40.254  13.496 0.1000000015
88060  30.884  39.846  13.119 0.1000000015
68215  30.424  39.477  13.638 0.1000000015
67713  29.688  38.112  13.855 0.1000000015
98100  30.893  39.591  12.308 0.1000000015
67712  29.827  38.914  13.242 0.1000000015
67723  29.728  38.967  12.125 0.1000000015
67238  28.673  37.655  11.906 0.1000000015
66755  28.398  37.065  12.464 0.1000000015
66301  37.339  35.730  7.503 0.1000000015
66811  43.340  36.547  6.770 0.1000000015
66280  36.826  35.934  9.056 0.1000000015
66281  36.472  35.456  9.646 0.1000000015
65743  30.044  34.358  10.665 0.2000000030
66256  34.160  35.090  11.205 0.2000000030
90313  31.142  34.237  10.910 0.2000000030
91412  41.784  31.744  18.849 0.2000000030
64193  42.490  31.682  18.808 0.2000000030
64376  40.860  32.377  -2.492 0.2000000030
64875  40.161  32.656  -2.223 0.3000000119
64880  43.015  32.633  -3.186 0.3000000119
64375  41.721  32.208  -2.612 0.2000000030
64364  42.311  31.423  -2.098 0.2000000030
64382  43.781  32.357  -3.354 0.3000000119
64374  42.552  32.092  -2.744 0.3000000119
64373  43.293  31.849  -2.855 0.3000000119
63904  42.942  31.432  -2.367 0.3000000119
63895  43.012  30.828  -1.749 0.3000000119
98189  44.629  31.383  -3.074 0.3000000119
69317  36.414  41.980  15.161 0.1000000015
84396  35.898  41.623  14.807 0.1000000015
97783  34.436  41.490  14.729 0.1000000015
68768  33.168  40.795  13.836 0.1000000015
68781  32.191  40.201  13.136 0.1000000015
68231  31.655  39.837  12.520 0.1000000015
67722  30.482  39.284  11.715 0.1000000015
68232  30.292  39.410  12.702 0.1000000015
67237  29.269  38.275  11.373 0.1000000015
66309  37.755  36.103  6.890 0.1000000015
66805  37.189  36.499  7.301 0.1000000015
65763  30.487  35.104  10.333 0.2000000030
66267  35.638  35.565  10.426 0.2000000030
98675  32.825  34.784  11.216 0.2000000030
65742  32.176  34.666  10.932 0.2000000030
64690  41.343  32.347  18.640 0.3000000119
64883  40.402  33.090  -2.948 0.3000000119
65370  40.741  33.592  -3.194 0.3000000119
64881  42.008  32.921  -3.211 0.2000000030
64899  43.724  33.058  -3.411 0.3000000119
64898  44.367  32.758  -3.836 0.3000000119
64381  44.386  32.077  -3.657 0.3000000119
64372  43.984  31.577  -2.958 0.3000000119
63903  43.582  31.119  -2.300 0.3000000119
64392  49.761  31.645  -5.169 0.6000000238
68753  34.939  41.004  14.189 0.1000000015
68767  34.720  40.377  13.593 0.1000000015
87771  33.908  40.251  13.347 0.1000000015
68242  32.234  39.421  11.664 0.1000000015
68243  31.327  39.398  11.594 0.1000000015
67236  30.026  38.775  10.972 0.1000000015
67736  30.904  38.976  10.900 0.1000000015
99174  30.622  38.323  10.439 0.1000000015
66764  30.962  37.619  10.090 0.1000000015
98588  30.550  36.984  9.811 0.1000000015
93395  28.848  37.627  10.880 0.1000000015
66815  37.412  36.747  6.589 0.1000000015
66270  30.745  36.063  9.937 0.2000000030
66765  29.801  36.699  9.923 0.1000000015
66796  37.023  36.183  8.078 0.1000000015
66271  29.896  35.841  10.084 0.1000000015
65762  31.387  35.205  10.385 0.2000000030
66257  32.784  35.286  10.838 0.2000000030
92284  44.205  38.181  6.519 0.1000000015
66390  50.482  35.778  -1.802 0.5000000000
66407  50.022  35.158  -2.170 0.5000000000
65851  49.086  34.695  -1.711 0.5000000000
66392  48.476  35.092  -1.205 0.5000000000
65852  47.981  34.460  -1.557 0.5000000000
64882  41.089  32.924  -3.168 0.3000000119
93473  41.352  33.463  -3.247 0.3000000119
65881  41.261  34.038  -3.139 0.3000000119
65358  52.835  33.854  -2.761 0.5000000000
65871  51.218  34.751  -2.631 0.5000000000
65873  49.616  34.314  -2.263 0.5000000000
65368  42.836  33.346  -3.176 0.4000000060
65360  50.862  34.055  -3.004 0.5000000000
65367  44.256  33.570  -3.119 0.5000000000
92970  43.520  33.619  -3.061 0.5000000000
65379  52.290  33.326  -3.327 0.6000000238
65359  51.712  33.999  -2.920 0.5000000000
65378  53.397  33.370  -3.402 0.6000000238
64391  50.741  31.631  -5.035 0.6000000238
64909  50.364  32.111  -4.427 0.6000000238
63924  52.038  30.517  -6.328 0.6000000238
64404  51.273  31.077  -5.611 0.6000000238
63468  53.150  29.233  -9.229 0.6000000238
97125  52.192  30.018  -6.938 0.6000000238
63943  51.765  29.832  -7.521 0.6000000238
63934  51.162  30.207  -6.838 0.6000000238
63469  52.229  29.472  -9.440 0.6000000238
69331  36.653  41.296  14.273 0.1000000015
69330  37.310  41.877  14.646 0.1000000015
68752  35.818  41.022  14.240 0.1000000015
68766  35.601  40.367  13.637 0.1000000015
68229  33.549  39.665  12.657 0.1000000015
67735  31.805  38.964  10.960 0.1000000015
67749  31.407  38.321  10.505 0.1000000015
67257  31.878  37.557  10.312 0.2000000030
66806  37.036  37.166  6.991 0.1000000015
66778  31.478  36.723  10.038 0.2000000030
86356  31.610  35.892  10.158 0.2000000030
90561  37.236  36.647  8.807 0.1000000015
66269  33.642  35.807  10.752 0.2000000030
65761  32.080  35.411  10.462 0.2000000030
66268  34.730  35.759  10.737 0.2000000030
67289  43.157  37.249  6.337 0.1000000015
66820  41.204  37.162  6.016 0.1000000015
67778  43.572  38.015  6.217 0.1000000015
67300  42.119  37.901  5.767 0.1000000015
67781  44.042  38.899  6.109 0.1000000015
66391  49.574  35.419  -1.539 0.5000000000
66393  47.404  34.970  -1.156 0.4000000060
65853  47.007  34.516  -1.750 0.5000000000
66394  46.580  35.044  -1.306 0.4000000060
93565  41.946  34.142  -2.815 0.4000000060
65874  48.602  33.952  -1.970 0.5000000000
65875  47.526  33.965  -2.153 0.5000000000
65362  49.160  33.446  -2.496 0.6000000238
65380  51.313  33.339  -3.352 0.6000000238
65382  49.665  32.946  -3.065 0.6000000238
64889  53.932  32.894  -4.122 0.6000000238
64890  52.818  32.815  -3.937 0.6000000238
64892  50.884  32.663  -3.799 0.6000000238
64401  55.089  31.410  -6.029 0.6000000238
64388  53.959  31.805  -5.300 0.6000000238
64389  52.941  31.730  -5.116 0.6000000238
64402  53.784  31.233  -5.842 0.6000000238
64403  52.546  31.128  -5.686 0.6000000238
63458  53.441  29.401  -8.097 0.6000000238
63933  53.174  30.160  -6.917 0.6000000238
63923  53.468  30.676  -6.441 0.6000000238
63467  53.817  28.885  -8.735 0.6999999881
68765  36.587  40.418  13.632 0.1000000015
81764  37.700  41.611  14.073 0.1000000015
68213  35.249  39.599  13.127 0.1000000015
99562  34.590  39.911  13.223 0.1000000015
96651  34.444  39.480  12.834 0.1000000015
68241  33.187  39.238  11.876 0.2000000030
68228  34.142  39.001  12.118 0.2000000030
67734  32.792  38.846  11.097 0.2000000030
89632  33.752  38.671  11.316 0.2000000030
67748  32.344  38.267  10.650 0.2000000030
67256  32.822  37.527  10.470 0.2000000030
67282  37.004  37.691  7.198 0.1000000015
66777  32.348  36.923  10.285 0.2000000030
96144  37.207  37.149  7.891 0.1000000015
66775  34.272  36.641  10.521 0.2000000030
66776  33.215  36.749  10.444 0.2000000030
99913  37.394  37.774  8.328 0.1000000015
66774  35.410  36.617  10.545 0.2000000030
66772  37.282  36.826  9.820 0.1000000015
66773  36.887  36.156  9.932 0.1000000015
85163  36.450  35.912  10.150 0.2000000030
95308  51.019  36.587  -1.290 0.5000000000
66364  50.075  36.077  -1.215 0.5000000000
66366  47.871  35.534  -0.628 0.4000000060
66367  46.940  35.535  -0.693 0.3000000119
66368  46.057  35.610  -0.796 0.2000000030
65363  48.108  33.414  -2.628 0.6000000238
65381  50.524  33.167  -3.211 0.6000000238
94751  54.888  33.083  -4.389 0.6000000238
64893  50.052  32.561  -3.778 0.6000000238
65383  48.653  32.904  -3.193 0.6000000238
64906  53.403  32.321  -4.617 0.6000000238
64908  51.276  32.162  -4.401 0.6000000238
63932  54.107  30.295  -6.929 0.6999999881
64390  51.821  31.630  -4.993 0.6000000238
63931  54.661  30.215  -6.678 0.6999999881
81760  37.423  41.248  13.916 0.1000000015
69339  37.207  40.696  13.682 0.1000000015
83219  38.025  41.138  13.622 0.1000000015
68212  36.211  39.642  13.250 0.1000000015
67721  35.172  38.810  12.368 0.2000000030
67733  34.648  38.493  11.467 0.2000000030
67747  33.453  38.143  10.724 0.2000000030
67772  37.193  38.130  7.691 0.1000000015
67766  37.545  38.395  8.636 0.1000000015
99253  37.598  38.167  9.299 0.1000000015
90940  33.794  37.397  10.507 0.2000000030
67265  37.470  37.504  9.044 0.1000000015
90802  36.878  36.599  10.282 0.2000000030
95722  36.292  36.360  10.403 0.2000000030
67381  51.702  37.329  -0.962 0.4000000060
66365  49.012  35.778  -0.765 0.5000000000
93111  37.873  40.410  13.591 0.1000000015
68764  37.498  39.975  13.499 0.1000000015
68211  37.005  39.660  13.275 0.1000000015
86871  35.949  39.043  12.790 0.2000000030
93303  34.253  38.247  10.899 0.2000000030
67746  35.013  38.084  10.866 0.2000000030
67255  34.402  37.818  10.657 0.2000000030
67253  37.111  37.428  10.463 0.2000000030
67254  35.292  37.532  10.649 0.2000000030
98000  34.643  37.270  10.519 0.2000000030
90358  36.355  37.061  10.584 0.2000000030
68227  36.814  39.026  12.822 0.2000000030
68226  37.720  39.395  13.246 0.1000000015
67732  35.585  38.363  11.444 0.2000000030
67720  36.173  38.642  12.196 0.2000000030
67745  36.143  37.885  10.883 0.2000000030
81756  38.287  39.663  13.595 0.1000000015
67731  36.508  38.387  11.319 0.2000000030
67744  37.154  38.296  10.692 0.2000000030
85782  38.462  39.476  13.531 0.1000000015
68240  37.000  38.628  11.943 0.2000000030
64784  40.094  32.635  10.795 0.2000000030
65246  40.927  33.016  10.958 0.2000000030
64725  40.528  32.949  14.539 0.3000000119
67291  41.788  37.359  6.028 0.1000000015
64701  40.071  32.766  17.953 0.3000000119
65235  26.363  33.093  12.391 0.1000000015
66752  29.833  37.756  10.228 0.1000000015
88561  36.422  30.107  14.670 0.3000000119
63730  41.054  30.765  17.800 0.2000000030
63731  39.654  31.338  17.983 0.2000000030
65206  33.594  33.261  16.156 0.2000000030
64730  33.931  32.840  15.845 0.2000000030
63732  38.866  31.489  17.721 0.2000000030
65387  44.403  33.156  -3.688 0.4000000060
63925  50.608  30.759  -6.317 0.6000000238
63459  52.498  29.596  -8.349 0.6000000238
84676  34.990  32.114  14.901 0.2000000030
65207  33.221  33.687  15.986 0.2000000030
64759  35.749  32.604  12.802 0.2000000030
65217  33.715  33.683  14.797 0.2000000030
65216  34.645  33.104  14.554 0.2000000030
84580  37.372  32.238  12.182 0.2000000030
64217  37.081  31.030  15.508 0.3000000119
64794  37.888  32.685  10.030 0.2000000030
64230  37.429  31.662  14.596 0.2000000030
64786  38.444  32.490  10.654 0.2000000030
64741  38.633  31.931  13.891 0.3000000119
65711  26.755  35.005  13.422 0.1000000015
99356  39.523  32.630  10.491 0.1000000015
64755  39.632  32.328  12.541 0.2000000030
64713  38.373  32.178  16.024 0.3000000119
64207  37.971  31.371  16.732 0.4000000060
64703  38.445  32.263  17.111 0.3000000119
69286  37.695  41.441  18.513 0.1000000015
69774  39.315  42.521  18.577 0.1000000015
66743  29.112  37.510  13.697 0.1000000015
66744  28.511  36.841  13.422 0.1000000015
66240  27.859  36.101  13.482 0.1000000015
67724  29.213  38.198  12.788 0.1000000015
87113  27.303  35.914  12.416 0.1000000015
64702  39.193  32.542  17.635 0.3000000119
64196  39.334  32.054  18.014 0.3000000119
64195  40.120  31.923  18.294 0.2000000030
64194  41.001  31.691  18.609 0.2000000030
68780  32.934  40.292  13.233 0.1000000015
64366  40.640  31.868  -1.659 0.2000000030
64365  41.455  31.535  -1.871 0.2000000030
63896  42.122  30.538  -1.206 0.2000000030
68230  32.626  39.796  12.501 0.1000000015
65369  42.010  33.692  -3.101 0.4000000060
85292  32.450  36.105  10.363 0.2000000030
65361  50.115  33.795  -2.752 0.6000000238
64891  51.768  32.772  -3.878 0.6000000238
91677  42.496  38.444  5.639 0.1000000015
64907  52.298  32.240  -4.465 0.6000000238
54121  56.334  12.254  6.793 0.1000000015
54780  55.814  15.448  9.379 0.1000000015
54783  54.382  14.487  8.978 0.1000000015
56091  57.246  15.822  7.877 0.1000000015
54122  54.844  12.981  7.483 0.1000000015
55495  57.454  15.565  8.185 0.1000000015
55487  58.715  15.377  7.054 0.1000000015
55501  58.060  15.475  6.844 0.1000000015
55496  55.764  15.525  9.329 0.1000000015
54784  54.406  14.090  7.962 0.1000000015
56092  56.098  16.402  9.014 0.1000000015
55497  54.417  15.070  9.292 0.1000000015
56097  60.348  16.824  6.334 0.1000000015
56804  59.362  16.679  6.329 0.1000000015
56086  58.712  16.078  8.234 0.1000000015
56100  57.910  16.007  6.808 0.1000000015
56099  58.541  15.836  6.307 0.1000000015
56796  57.166  16.804  7.740 0.1000000015
54123  55.003  13.327  6.910 0.1000000015
55490  55.073  15.969  9.795 0.1000000015
54785  55.479  13.177  5.986 0.1000000015
54137  54.899  13.546  5.587 0.1000000015
56088  61.145  16.964  6.371 0.1000000015
57536  61.004  17.138  6.641 0.1000000015
87890  57.931  17.895  7.096 0.1000000015
56806  57.833  17.106  7.151 0.1000000015
56807  57.055  17.953  7.207 0.1000000015
57532  56.079  18.196  7.526 0.1000000015
55502  54.217  14.577  7.833 0.1000000015
56093  55.060  16.753  9.157 0.1000000015
93375  55.418  17.634  8.225 0.1000000015
54786  54.735  13.834  6.786 0.1000000015
54787  54.315  14.314  6.541 0.1000000015
55507  53.769  14.732  6.340 0.1000000015
54225  50.797  12.609  -2.713 0.1000000015
95430  49.969  12.143  -2.248 0.1000000015
53522  49.183  12.694  -1.313 0.1000000015
57537  59.999  17.746  6.845 0.1000000015
57531  59.050  18.789  7.320 0.1000000015
57538  58.751  17.684  6.955 0.1000000015
58214  57.965  18.816  7.005 0.1000000015
93424  55.160  18.338  8.145 0.1000000015
55498  53.848  15.837  8.513 0.1000000015
87248  54.044  15.289  8.814 0.1000000015
56094  54.106  16.667  8.485 0.1000000015
55503  53.881  15.144  7.526 0.1000000015
55504  53.150  15.352  7.011 0.1000000015
86547  52.969  15.014  6.225 0.1000000015
84184  53.372  14.880  1.331 0.1000000015
54192  52.892  13.873  0.560 0.1000000015
54181  52.369  13.432  1.543 0.1000000015
54182  51.253  13.188  2.323 0.1000000015
54193  52.150  13.334  0.572 0.1000000015
54194  51.417  13.163  1.088 0.1000000015
53500  50.579  12.971  0.229 0.1000000015
85885  51.607  13.051  0.186 0.1000000015
53512  49.090  12.989  -0.312 0.1000000015
54861  50.648  13.886  -3.067 0.1000000015
58835  57.361  21.043  7.079 0.1000000015
58834  58.744  20.571  7.906 0.1000000015
58839  56.698  21.066  6.689 0.1000000015
58215  57.282  19.932  6.951 0.1000000015
58209  58.206  19.812  7.359 0.1000000015
58216  56.688  19.822  6.923 0.1000000015
57539  57.247  18.905  6.838 0.1000000015
91893  54.182  18.129  8.333 0.1000000015
56095  53.379  16.290  7.868 0.1000000015
55499  53.422  15.743  7.704 0.1000000015
56101  52.554  15.893  7.444 0.1000000015
55508  51.398  15.570  5.982 0.1000000015
55515  52.453  15.079  5.448 0.1000000015
55509  51.534  15.468  4.956 0.1000000015
97160  52.673  14.822  3.374 0.1000000015
55530  52.443  15.113  2.732 0.1000000015
55536  52.853  15.343  1.562 0.1000000015
56102  51.628  16.082  7.280 0.1000000015
56106  51.073  15.890  6.566 0.1000000015
94850  50.884  15.926  5.561 0.1000000015
55517  50.788  15.913  4.340 0.1000000015
88346  51.181  15.621  3.233 0.1000000015
97635  51.744  15.410  2.368 0.1000000015
55544  53.385  15.347  0.553 0.1000000015
54832  53.397  15.148  0.014 0.1000000015
56107  50.914  16.484  5.887 0.1000000015
56113  50.638  16.505  4.933 0.1000000015
56114  50.463  16.558  4.101 0.1000000015
55538  50.768  15.752  2.485 0.1000000015
55537  51.483  15.446  1.626 0.1000000015
55545  52.664  15.540  0.600 0.1000000015
54843  53.078  14.477  -0.071 0.1000000015
54204  52.205  13.588  -0.098 0.1000000015
54215  51.438  13.695  -0.641 0.1000000015
57548  51.278  17.799  4.739 0.1000000015
56825  50.278  16.911  3.567 0.1000000015
56127  50.248  16.323  2.335 0.1000000015
56134  50.236  16.176  1.434 0.1000000015
55546  50.953  15.513  0.845 0.1000000015
55557  50.901  15.686  -0.036 0.1000000015
55564  52.758  15.248  -0.327 0.1000000015
54205  51.158  13.173  -0.361 0.1000000015
54217  49.754  13.393  -0.880 0.1000000015
56815  50.608  17.179  4.237 0.1000000015
56824  50.471  17.511  3.275 0.1000000015
56832  50.494  17.688  2.381 0.1000000015
56833  50.075  16.967  2.847 0.1000000015
56849  50.489  16.963  1.031 0.1000000015
56139  50.475  16.158  0.554 0.1000000015
56144  50.679  16.200  -0.348 0.1000000015
91965  50.345  15.285  -1.012 0.1000000015
54854  50.365  14.326  -1.043 0.1000000015
54216  50.184  13.894  -1.211 0.1000000015
57566  51.010  18.349  2.801 0.1000000015
57573  51.101  18.441  1.858 0.1000000015
56841  50.649  17.754  1.446 0.1000000015
56856  50.817  16.956  0.142 0.1000000015
56863  50.814  16.998  -0.888 0.1000000015
56152  50.325  16.012  -1.323 0.1000000015
55572  50.038  15.129  -2.058 0.1000000015
91773  50.805  16.795  -1.972 0.1000000015
59372  58.006  21.285  8.052 0.1000000015
59382  56.704  21.999  6.533 0.1000000015
59383  56.313  21.878  6.509 0.1000000015
57541  56.036  19.021  7.429 0.1000000015
58840  56.193  20.850  6.841 0.1000000015
58211  54.428  18.877  8.606 0.1000000015
58836  55.559  20.344  8.050 0.1000000015
87738  53.315  17.975  8.079 0.1000000015
56800  52.704  17.347  7.669 0.1000000015
56801  52.018  16.964  7.264 0.1000000015
92268  51.855  17.701  6.798 0.1000000015
56103  51.314  16.597  6.740 0.1000000015
56809  51.329  17.478  5.877 0.1000000015
57547  51.867  18.712  4.108 0.1000000015
57555  51.808  18.910  3.181 0.1000000015
57556  51.180  18.052  3.735 0.1000000015
57572  51.828  19.080  1.354 0.1000000015
57576  51.859  19.012  0.433 0.1000000015
57584  51.161  18.360  -0.013 0.1000000015
96576  50.874  17.718  -0.261 0.1000000015
56855  51.197  18.069  -1.099 0.1000000015
98893  51.001  17.348  -1.567 0.1000000015
56151  51.065  16.847  -2.881 0.1000000015
59373  57.088  22.362  6.782 0.1000000015
59955  56.605  22.584  6.633 0.1000000015
59927  55.829  22.220  8.338 0.1000000015
58825  54.873  20.503  9.259 0.1000000015
59384  55.834  21.459  7.008 0.1000000015
58826  54.059  20.228  9.466 0.1000000015
58201  54.608  19.682  8.927 0.1000000015
58203  53.414  19.899  8.978 0.1000000015
57534  52.976  18.837  8.226 0.1000000015
90722  52.506  19.282  7.538 0.1000000015
58842  52.661  20.187  6.865 0.1000000015
98926  52.176  18.623  6.954 0.1000000015
57542  51.946  18.546  6.128 0.1000000015
58223  52.327  19.514  4.419 0.1000000015
58229  52.425  19.612  3.493 0.1000000015
58240  52.558  19.672  2.646 0.1000000015
57583  51.875  18.893  -0.504 0.1000000015
57590  51.484  18.497  -1.849 0.1000000015
56862  51.211  17.612  -2.236 0.1000000015
56868  51.113  17.668  -3.088 0.1000000015
59903  61.581  22.271  9.400 0.1000000015
59907  57.779  22.882  8.849 0.1000000015
59906  58.719  22.440  9.232 0.1000000015
59923  59.578  22.105  8.887 0.1000000015
60538  56.893  23.398  8.006 0.1000000015
59908  55.733  22.701  10.045 0.1000000015
59926  56.163  22.806  8.853 0.1000000015
59363  55.180  21.290  9.533 0.1000000015
58816  54.367  20.969  9.823 0.1000000015
59910  54.290  22.183  10.119 0.1000000015
58827  53.526  20.650  9.267 0.1000000015
58837  53.011  20.437  8.464 0.1000000015
58212  52.899  19.633  8.368 0.1000000015
58845  52.683  20.273  5.782 0.1000000015
58848  52.811  20.345  4.757 0.2000000030
58853  52.981  20.402  3.808 0.2000000030
58860  53.278  20.335  3.005 0.2000000030
58873  55.085  20.782  1.939 0.2000000030
58239  53.600  20.242  2.250 0.1000000015
58261  53.743  20.064  0.475 0.1000000015
58262  52.699  19.635  0.897 0.1000000015
58272  52.704  19.575  -0.041 0.1000000015
58260  54.892  20.400  0.142 0.2000000030
58280  52.676  19.446  -0.915 0.1000000015
57589  51.927  18.916  -1.315 0.1000000015
98877  52.531  19.412  -1.553 0.1000000015
58281  51.931  19.297  -2.113 0.1000000015
89767  62.613  20.894  10.811 0.1000000015
85605  62.641  20.034  10.615 0.1000000015
56767  61.281  18.767  11.739 0.1000000015
58186  62.466  19.355  10.438 0.1000000015
60512  60.413  22.752  10.210 0.1000000015
60511  61.111  23.110  10.770 0.1000000015
59336  62.535  21.573  10.185 0.1000000015
60513  59.458  22.603  10.827 0.1000000015
60501  59.429  22.663  11.718 0.1000000015
60514  58.292  22.689  10.678 0.1000000015
99001  57.161  23.002  9.958 0.2000000030
60503  56.506  23.848  11.543 0.2000000030
60524  59.170  22.554  9.911 0.1000000015
60516  56.009  23.505  10.883 0.2000000030
60527  56.435  23.037  10.298 0.2000000030
59891  55.413  23.023  10.487 0.1000000015
60528  54.104  22.857  10.015 0.2000000030
59909  54.918  22.373  10.225 0.1000000015
59911  53.852  22.100  9.881 0.1000000015
59941  53.541  22.342  8.259 0.2000000030
58841  53.033  20.974  7.399 0.1000000015
59385  53.544  21.796  6.345 0.1000000015
59392  53.722  21.849  5.267 0.2000000030
58844  53.188  20.980  6.136 0.1000000015
58852  53.696  21.126  4.110 0.2000000030
89416  54.172  21.013  3.285 0.2000000030
58851  55.299  21.815  2.517 0.2000000030
58872  55.810  21.286  1.253 0.2000000030
58251  55.013  20.499  1.043 0.2000000030
58871  55.901  21.496  0.778 0.2000000030
58885  55.814  20.927  0.592 0.2000000030
58278  54.684  19.795  -1.740 0.1000000015
58279  53.377  19.660  -1.499 0.1000000015
58288  52.748  19.787  -2.187 0.1000000015
57487  60.547  18.637  14.247 0.1000000015
56765  59.339  17.793  13.503 0.1000000015
98958  60.502  18.648  13.819 0.1000000015
56764  60.658  18.817  13.164 0.1000000015
56768  60.874  18.842  12.352 0.1000000015
60500  60.502  23.070  11.217 0.1000000015
88003  58.595  22.716  11.404 0.1000000015
85150  57.621  23.352  11.641 0.1000000015
61004  56.786  25.456  12.409 0.2000000030
61015  56.175  24.868  11.673 0.2000000030
61016  55.569  25.446  10.891 0.2000000030
60517  55.232  23.672  10.534 0.2000000030
61024  55.187  24.596  10.437 0.2000000030
61497  55.505  25.645  9.847 0.2000000030
61965  56.941  26.723  7.073 0.2000000030
61034  54.575  23.772  10.070 0.2000000030
61511  57.179  26.141  6.194 0.2000000030
61042  54.566  24.185  9.056 0.2000000030
61975  57.225  26.095  5.526 0.2000000030
60540  54.213  23.629  8.456 0.2000000030
61054  54.828  24.221  7.851 0.2000000030
61524  57.238  25.664  6.076 0.2000000030
61068  55.379  23.817  6.548 0.2000000030
60568  55.655  23.609  5.032 0.2000000030
61077  57.538  24.823  3.855 0.2000000030
60570  54.125  23.177  6.709 0.2000000030
60569  54.714  23.489  5.882 0.2000000030
60578  55.019  23.533  4.342 0.2000000030
60577  56.132  23.492  3.562 0.2000000030
59956  53.818  22.607  6.442 0.2000000030
59965  53.967  22.675  5.405 0.2000000030
88826  54.613  23.448  4.530 0.2000000030
59971  54.240  22.816  4.380 0.2000000030
59410  54.599  22.096  3.267 0.2000000030
59409  56.142  22.747  2.469 0.2000000030
91549  55.833  21.853  1.789 0.2000000030
58884  55.938  21.222  0.164 0.2000000030
58270  55.180  20.352  -0.743 0.1000000015
58269  55.554  20.428  -1.549 0.2000000030
58277  55.677  20.083  -2.507 0.1000000015
57464  60.789  18.884  14.798 0.1000000015
56762  59.477  17.956  14.292 0.1000000015
58150  61.377  19.273  13.583 0.1000000015
99801  60.789  18.704  14.008 0.1000000015
59311  61.551  20.961  13.390 0.1000000015
58776  61.629  19.891  13.287 0.1000000015
91208  61.143  19.112  12.974 0.1000000015
59872  61.472  22.268  12.479 0.1000000015
93098  62.024  20.271  12.530 0.1000000015
59320  62.310  21.105  11.692 0.1000000015
59329  61.915  22.206  11.637 0.1000000015
61482  56.083  25.913  11.579 0.2000000030
84566  56.423  27.070  11.342 0.2000000030
61945  55.927  26.372  10.870 0.2000000030
91981  56.913  28.060  9.367 0.2000000030
61953  55.891  26.433  10.085 0.2000000030
97481  56.518  27.223  9.408 0.2000000030
62434  56.537  27.774  8.468 0.2000000030
61496  56.391  26.677  8.896 0.2000000030
61959  56.707  27.191  8.047 0.2000000030
61033  55.077  24.818  9.545 0.2000000030
61504  55.925  25.745  8.658 0.2000000030
61503  56.688  26.443  7.769 0.2000000030
61041  55.393  24.883  8.366 0.2000000030
61513  56.411  25.493  7.580 0.2000000030
61512  57.134  26.096  6.850 0.2000000030
61053  55.954  24.473  7.201 0.2000000030
61067  56.287  24.104  5.901 0.2000000030
61066  57.144  24.722  5.364 0.2000000030
61523  57.391  25.626  5.299 0.2000000030
59456  55.769  21.319  -0.397 0.2000000030
60490  61.215  22.864  12.089 0.1000000015
60474  60.970  22.653  13.216 0.1000000015
58123  55.193  19.721  15.894 0.1000000015
98781  54.579  20.027  15.371 0.1000000015
88926  54.039  18.877  15.960 0.1000000015
56752  53.069  18.352  15.716 0.1000000015
56741  52.088  17.949  16.752 0.1000000015
56721  51.929  17.859  17.600 0.1000000015
58122  56.206  19.614  16.091 0.1000000015
57489  53.451  19.287  15.052 0.1000000015
57455  52.339  18.298  15.844 0.1000000015
57440  51.337  18.405  17.185 0.1000000015
85312  41.748  23.815  -4.880 0.1000000015
61604  41.873  24.563  -6.067 0.1000000015
58753  55.939  20.422  15.868 0.1000000015
58135  53.832  20.016  14.893 0.1000000015
58754  55.154  20.527  15.489 0.1000000015
57456  51.466  18.568  16.228 0.1000000015
61603  42.016  25.350  -5.029 0.1000000015
61596  41.734  25.183  -4.082 0.1000000015
61135  41.451  24.189  -3.857 0.1000000015
84744  41.438  25.006  -3.088 0.1000000015
83952  41.599  25.754  -2.377 0.1000000015
96929  42.355  25.340  -5.766 0.1000000015
58136  52.925  19.657  14.643 0.1000000015
57474  51.762  18.903  15.338 0.1000000015
58125  52.172  19.416  14.827 0.1000000015
57472  53.519  18.817  15.527 0.1000000015
91928  41.855  26.402  -1.685 0.1000000015
97827  42.164  25.815  -4.188 0.1000000015
62054  42.562  26.242  -3.608 0.1000000015
62044  41.921  25.855  -3.330 0.1000000015
62035  42.431  26.944  -1.380 0.1000000015
62496  41.496  27.316  -0.350 0.1000000015
62486  41.099  27.867  0.065 0.1000000015
62945  39.878  28.351  0.760 0.1000000015
62060  42.639  25.973  -4.814 0.1000000015
62495  42.333  27.588  -0.753 0.1000000015
62043  42.342  26.421  -2.518 0.1000000015
62954  41.785  28.124  -0.275 0.1000000015
62944  40.685  28.593  0.352 0.1000000015
89504  40.078  29.041  0.836 0.1000000015
91251  43.183  26.665  -2.839 0.1000000015
62504  43.076  26.955  -1.884 0.1000000015
62953  42.377  28.704  -0.642 0.1000000015
83843  43.991  26.518  -3.024 0.1000000015
62512  44.164  26.949  -2.173 0.1000000015
62505  42.945  27.446  -1.278 0.1000000015
62961  43.079  28.150  -0.951 0.1000000015
84747  43.182  29.121  -0.828 0.1000000015
62502  44.680  27.669  -1.736 0.2000000030
62503  43.805  27.691  -1.373 0.1000000015
62960  43.757  28.598  -1.026 0.1000000015
63398  41.903  29.538  -0.628 0.1000000015
97518  41.733  28.844  -0.376 0.1000000015
63421  45.216  29.307  -1.949 0.2000000030
91061  43.185  30.091  -1.010 0.2000000030
63397  42.562  29.620  -0.768 0.1000000015
63897  41.094  30.994  -1.127 0.1000000015
64367  39.954  32.276  -1.285 0.2000000030
64884  39.960  33.396  -2.514 0.2000000030
64876  39.672  33.096  -1.721 0.2000000030
64865  39.348  32.762  -0.775 0.2000000030
65352  39.236  33.670  -1.054 0.1000000015
65882  40.520  34.136  -2.769 0.2000000030
65859  40.066  34.333  -1.941 0.1000000015
65883  39.958  33.974  -2.432 0.1000000015
93105  40.617  34.462  -1.988 0.2000000030
66894  50.462  36.722  -0.666 0.3000000119
98043  52.077  37.751  -0.749 0.3000000119
67364  51.776  37.963  -0.595 0.2000000030
67339  50.400  37.730  0.716 0.2000000030
67814  50.891  38.755  0.887 0.2000000030
59328  62.399  21.712  11.004 0.1000000015
57507  61.562  18.879  11.921 0.1000000015
59880  61.517  22.952  11.136 0.1000000015
67365  51.250  38.041  -0.101 0.2000000030
58134  61.196  19.342  14.521 0.1000000015
60499  60.982  23.272  11.655 0.1000000015
60502  58.403  23.095  12.174 0.1000000015
61944  56.392  27.214  10.237 0.2000000030
61079  56.511  23.820  4.449 0.2000000030
97736  54.477  20.547  15.086 0.1000000015
61976  56.904  26.495  6.152 0.2000000030
58893  55.919  20.948  -0.817 0.2000000030
62053  43.251  26.425  -3.867 0.1000000015
62511  45.148  27.213  -2.278 0.2000000030
91601  41.412  34.434  -2.337 0.3000000119
55493  58.649  15.426  6.469 0.1000000015
56805  58.403  16.697  6.629 0.1000000015
54135  57.650  13.032  5.401 0.1000000015
55491  54.276  15.922  9.456 0.1000000015
54790  58.207  13.353  4.807 0.1000000015
54136  55.952  13.067  5.045 0.1000000015
56797  56.191  17.398  8.203 0.1000000015
56798  54.640  17.491  8.436 0.1000000015
91676  49.901  13.235  -1.849 0.1000000015
54224  50.869  13.670  -2.443 0.1000000015
53530  48.899  11.943  -1.833 0.1000000015
89026  60.220  19.023  7.405 0.1000000015
58208  59.447  19.851  7.679 0.1000000015
58210  55.284  19.287  8.153 0.1000000015
54792  53.552  14.612  5.384 0.1000000015
55505  51.979  15.511  6.724 0.1000000015
54833  53.396  14.728  0.571 0.1000000015
54180  53.259  14.078  1.437 0.1000000015
56799  53.960  17.469  8.196 0.1000000015
93207  53.378  17.071  7.883 0.1000000015
56096  52.527  16.558  7.569 0.1000000015
83927  51.797  15.303  3.847 0.1000000015
90682  53.085  14.830  2.065 0.1000000015
90119  50.808  17.058  5.190 0.1000000015
55531  50.394  16.298  3.308 0.1000000015
55555  53.189  15.442  -0.072 0.1000000015
97479  50.587  15.788  1.774 0.1000000015
55556  52.265  15.505  -0.033 0.1000000015
54852  53.157  15.095  -0.294 0.1000000015
54853  52.295  14.490  -0.497 0.1000000015
56842  50.173  16.976  1.948 0.1000000015
88394  51.423  15.081  -0.301 0.1000000015
55565  50.538  15.647  -0.616 0.1000000015
57565  51.816  19.027  2.270 0.1000000015
57577  51.166  18.436  0.921 0.1000000015
56848  50.767  17.778  0.534 0.1000000015
59924  58.175  22.529  8.881 0.1000000015
59375  55.653  21.320  8.197 0.1000000015
57527  53.376  19.308  8.656 0.1000000015
57533  53.687  18.761  8.504 0.1000000015
98200  52.476  18.111  7.551 0.1000000015
85143  51.866  18.559  5.112 0.1000000015
59925  57.351  23.230  8.147 0.1000000015
58202  53.903  19.415  8.982 0.1000000015
59350  54.089  21.486  10.010 0.1000000015
58217  52.310  19.418  6.465 0.1000000015
58220  52.274  19.456  5.432 0.1000000015
58253  52.675  19.662  1.799 0.1000000015
57596  51.320  18.602  -2.535 0.1000000015
60526  57.219  23.223  8.976 0.1000000015
60525  57.873  22.756  9.679 0.1000000015
59892  54.669  22.950  10.289 0.2000000030
59351  53.673  21.383  9.596 0.1000000015
95915  52.692  20.111  7.788 0.1000000015
59364  53.286  21.387  8.585 0.1000000015
58847  53.414  21.040  5.081 0.2000000030
96897  54.412  20.787  2.649 0.2000000030
58252  53.774  20.133  1.411 0.1000000015
58271  53.879  19.879  -0.595 0.1000000015
58894  55.712  20.818  -0.088 0.2000000030
58794  62.410  20.103  11.549 0.1000000015
58179  62.263  19.331  11.353 0.1000000015
59888  62.088  22.340  10.634 0.1000000015
86319  56.993  24.327  12.185 0.2000000030
61023  55.713  24.288  11.071 0.2000000030
93144  54.149  23.464  9.482 0.1000000015
59928  53.530  22.009  9.199 0.1000000015
60557  53.920  23.091  7.849 0.2000000030
59376  53.454  21.957  7.394 0.2000000030
59401  54.037  22.016  4.231 0.2000000030
57501  61.164  18.985  12.489 0.1000000015
60556  54.484  23.574  7.246 0.2000000030
61052  56.747  25.086  6.559 0.2000000030
59964  54.298  23.188  5.509 0.2000000030
59400  54.878  22.844  3.403 0.2000000030
61952  56.695  27.647  8.778 0.2000000030
98667  42.401  26.688  -1.870 0.1000000015
62027  41.798  26.808  -0.915 0.1000000015
62487  40.283  27.723  0.296 0.1000000015
62943  41.326  28.537  -0.066 0.1000000015
62488  39.371  27.620  0.315 0.1000000015
97374  39.694  33.706  -1.948 0.1000000015
67382  51.275  37.381  -0.755 0.2000000030
68225  38.344  39.209  12.786 0.1000000015
68239  37.625  38.987  12.379 0.1000000015
97421  37.214  38.709  11.063 0.1000000015
67730  37.787  39.105  11.044 0.1000000015
64359  39.671  31.908  -0.363 0.1000000015
70900  50.860  45.095  13.841 0.1000000015
71462  50.392  45.840  13.597 0.1000000015
71963  52.293  46.500  11.239 0.1000000015
72426  52.244  47.236  10.531 0.1000000015
71978  52.567  46.500  10.162 0.1000000015
65842  35.784  34.281  -0.350 0.1000000015
65829  35.294  34.939  -0.138 0.1000000015
65841  36.657  34.439  -0.165 0.1000000015
65830  34.300  34.863  0.067 0.1000000015
65831  33.255  34.779  0.252 0.1000000015
65839  38.436  34.713  -0.378 0.1000000015
71471  50.003  45.944  13.488 0.1000000015
94881  51.122  46.754  12.699 0.1000000015
71950  51.531  47.163  11.705 0.1000000015
72927  50.524  48.557  11.002 0.1000000015
72438  52.043  47.787  9.943 0.1000000015
72427  51.551  47.832  10.806 0.1000000015
72437  52.456  47.344  9.461 0.1000000015
72944  52.101  48.318  9.192 0.1000000015
96363  52.573  46.474  9.350 0.1000000015
72452  52.528  47.834  8.485 0.1000000015
83892  52.633  45.147  9.000 0.1000000015
92658  52.591  46.879  8.643 0.1000000015
71989  52.534  45.935  8.839 0.1000000015
66378  36.146  35.007  -0.100 0.1000000015
66356  34.730  35.776  0.389 0.1000000015
66357  33.658  35.589  0.544 0.1000000015
65832  32.286  34.838  0.222 0.1000000015
95787  50.674  37.357  -0.179 0.1000000015
65838  39.178  34.715  -0.741 0.1000000015
66354  37.180  36.004  0.424 0.1000000015
66866  35.487  36.400  0.480 0.1000000015
66358  32.652  35.544  0.643 0.1000000015
66399  39.732  34.625  -1.141 0.1000000015
66374  39.606  35.363  -0.432 0.1000000015
66375  38.743  35.408  -0.199 0.1000000015
66397  41.186  34.803  -1.189 0.1000000015
70917  50.458  45.091  12.748 0.1000000015
71951  50.065  46.434  13.348 0.1000000015
71964  49.688  46.703  13.024 0.1000000015
71941  49.777  47.165  12.940 0.1000000015
72410  50.471  47.264  12.610 0.1000000015
72417  50.608  47.821  11.682 0.1000000015
72928  49.660  48.504  11.583 0.1000000015
72946  50.315  49.177  10.500 0.1000000015
72945  51.387  48.416  10.133 0.1000000015
72959  51.613  49.096  8.742 0.1000000015
72958  52.380  48.600  8.146 0.1000000015
71997  52.569  47.325  7.828 0.1000000015
72007  52.449  46.983  7.198 0.1000000015
71506  52.316  46.272  7.970 0.1000000015
71514  51.231  45.340  6.794 0.1000000015
70946  51.803  44.464  8.071 0.1000000015
70951  51.313  44.362  7.126 0.1000000015
88500  36.606  38.075  0.586 0.1000000015
67824  35.870  38.131  0.425 0.1000000015
67825  35.014  38.106  0.222 0.1000000015
67826  34.303  38.037  0.079 0.1000000015
92102  37.874  37.640  0.654 0.1000000015
67352  35.411  37.309  0.482 0.1000000015
67354  33.668  37.631  0.235 0.1000000015
67349  38.287  37.059  0.634 0.1000000015
66865  36.767  36.799  0.640 0.1000000015
86484  36.064  36.823  0.565 0.1000000015
66867  34.629  36.712  0.498 0.1000000015
66868  33.142  36.320  0.733 0.1000000015
66853  49.862  36.849  0.213 0.1000000015
66863  39.767  36.766  0.420 0.1000000015
85721  38.958  36.894  0.500 0.1000000015
94848  38.263  36.251  0.356 0.1000000015
66355  35.750  35.656  0.287 0.1000000015
89522  33.974  36.283  0.577 0.1000000015
66869  32.193  36.308  0.699 0.1000000015
91599  49.119  36.357  -0.137 0.2000000030
66353  41.275  35.879  0.160 0.1000000015
66862  40.665  36.513  0.426 0.1000000015
66373  40.414  35.652  -0.122 0.1000000015
66883  39.208  36.150  0.161 0.1000000015
66878  49.691  36.338  -0.556 0.1000000015
66370  43.560  35.502  -0.291 0.1000000015
66371  42.633  35.369  -0.277 0.1000000015
66372  41.726  35.328  -0.373 0.1000000015
66398  40.314  34.839  -1.024 0.1000000015
69874  45.937  42.389  8.481 0.1000000015
69881  45.647  42.259  8.094 0.1000000015
70382  45.856  43.136  8.346 0.1000000015
69875  45.223  43.007  8.324 0.1000000015
69882  45.190  42.494  7.239 0.1000000015
71482  49.947  45.907  12.289 0.1000000015
71483  49.846  45.734  10.819 0.1000000015
70940  48.584  44.437  9.732 0.1000000015
70941  47.939  44.076  8.864 0.1000000015
90193  47.462  43.458  8.236 0.1000000015
70395  44.448  43.608  7.899 0.1000000015
69883  44.355  43.153  6.738 0.1000000015
69890  44.041  42.662  5.906 0.1000000015
95361  49.562  47.365  12.457 0.1000000015
90064  49.450  46.683  10.391 0.1000000015
71979  48.971  46.335  9.338 0.1000000015
71495  48.290  45.227  9.025 0.1000000015
91732  46.880  44.991  7.078 0.1000000015
70388  44.789  43.832  8.152 0.1000000015
70403  43.383  43.649  6.360 0.1000000015
69395  42.982  43.126  5.486 0.1000000015
69896  42.383  42.993  4.835 0.1000000015
91048  49.158  47.857  11.774 0.1000000015
91617  48.866  48.007  11.029 0.1000000015
71990  49.116  47.531  9.773 0.1000000015
71501  47.575  45.412  8.071 0.1000000015
71509  45.607  45.371  7.469 0.1000000015
70954  44.519  44.757  7.882 0.1000000015
70960  43.345  44.745  7.439 0.1000000015
70397  43.123  44.360  6.758 0.1000000015
70404  42.833  43.889  6.108 0.1000000015
69903  41.866  43.005  4.261 0.1000000015
72936  48.832  49.371  11.308 0.1000000015
72960  48.620  49.933  9.935 0.1000000015
71991  48.452  47.028  8.811 0.1000000015
71992  47.397  46.640  8.443 0.1000000015
71510  44.342  45.603  7.558 0.1000000015
70411  42.587  43.694  5.408 0.1000000015
70412  42.248  43.578  4.648 0.1000000015
73399  50.333  49.665  9.332 0.1000000015
73391  48.837  50.284  10.487 0.1000000015
72454  47.877  47.444  8.254 0.1000000015
71999  46.736  47.039  8.100 0.1000000015
99229  45.732  46.638  7.280 0.1000000015
71516  43.627  45.716  7.414 0.1000000015
70961  43.034  44.963  6.969 0.1000000015
70975  42.538  44.207  5.057 0.1000000015
71524  42.951  45.180  6.390 0.1000000015
72465  52.591  48.151  7.577 0.1000000015
100426  52.634  47.697  7.156 0.1000000015
72008  51.967  46.799  6.649 0.1000000015
70959  50.222  43.973  5.862 0.1000000015
70958  50.771  44.600  6.310 0.1000000015
70401  49.619  43.368  5.473 0.1000000015
70394  50.791  43.746  6.519 0.1000000015
69880  50.222  43.113  6.102 0.1000000015
68320  47.718  39.396  0.268 0.1000000015
67835  46.940  39.003  -0.078 0.1000000015
68342  46.645  39.749  -0.628 0.1000000015
67806  49.472  38.905  1.809 0.1000000015
68312  48.928  39.543  1.784 0.1000000015
99854  47.508  38.706  0.465 0.1000000015
68327  46.154  39.064  -0.448 0.1000000015
67853  45.405  39.018  -0.761 0.1000000015
68333  38.127  39.273  -0.723 0.1000000015
67843  37.740  38.865  -0.063 0.1000000015
67844  36.436  38.679  0.257 0.1000000015
67845  35.506  38.902  -0.130 0.1000000015
67846  34.556  38.626  -0.300 0.1000000015
67847  33.755  38.340  -0.274 0.1000000015
86831  32.986  37.976  -0.116 0.1000000015
67848  32.450  38.277  -0.554 0.1000000015
67807  48.692  38.600  1.396 0.1000000015
67836  45.729  38.324  -0.324 0.1000000015
67854  44.501  39.035  -1.091 0.1000000015
67855  43.496  38.949  -1.097 0.1000000015
68346  42.961  39.404  -1.712 0.1000000015
68329  41.688  39.054  -0.948 0.1000000015
68330  40.783  39.078  -0.955 0.1000000015
67840  40.361  38.515  -0.380 0.1000000015
67841  39.477  38.550  -0.340 0.1000000015
67842  38.605  38.663  -0.221 0.1000000015
67823  37.293  38.356  0.488 0.1000000015
67371  32.180  37.630  -0.125 0.1000000015
67328  49.253  38.213  1.396 0.1000000015
67341  48.467  37.623  0.865 0.1000000015
67815  47.852  38.207  0.809 0.1000000015
67816  47.048  38.131  0.373 0.1000000015
67368  44.878  38.199  -0.373 0.1000000015
95675  43.931  38.346  -0.541 0.1000000015
67837  43.058  38.396  -0.507 0.1000000015
67838  42.163  38.410  -0.441 0.1000000015
67819  40.809  37.915  0.182 0.1000000015
67820  39.943  38.015  0.183 0.1000000015
67821  39.075  38.114  0.238 0.1000000015
67822  38.226  38.259  0.388 0.1000000015
67356  31.780  36.913  0.373 0.1000000015
67849  31.743  38.118  -0.764 0.1000000015
67340  49.473  37.531  0.937 0.1000000015
67817  46.572  37.467  0.267 0.1000000015
67366  46.090  36.855  0.105 0.1000000015
67367  45.519  37.529  -0.044 0.1000000015
67369  44.108  37.620  -0.060 0.1000000015
67344  43.411  37.294  0.295 0.1000000015
67345  42.109  37.169  0.509 0.1000000015
67818  41.706  37.805  0.136 0.1000000015
67346  41.221  37.233  0.518 0.1000000015
67347  40.323  37.338  0.462 0.1000000015
67348  39.472  37.481  0.445 0.1000000015
92858  38.666  37.600  0.543 0.1000000015
67373  30.753  36.988  -0.634 0.1000000015
66880  47.373  36.095  -0.146 0.2000000030
66856  46.940  36.711  0.222 0.1000000015
66857  45.411  36.676  -0.063 0.1000000015
66858  44.679  36.464  -0.026 0.1000000015
92926  44.053  36.943  0.298 0.1000000015
66860  42.517  36.569  0.514 0.1000000015
66881  46.523  36.109  -0.215 0.1000000015
92894  45.889  36.200  -0.255 0.1000000015
87610  45.305  35.941  -0.393 0.1000000015
66350  43.854  36.235  0.151 0.1000000015
66351  43.026  35.987  0.325 0.1000000015
70370  48.952  43.817  10.300 0.1000000015
70376  48.210  43.532  9.753 0.1000000015
69889  44.767  42.265  6.423 0.1000000015
70377  47.649  43.188  9.047 0.1000000015
69870  46.568  42.498  8.700 0.1000000015
69384  45.397  41.478  6.601 0.1000000015
69389  43.704  42.056  5.302 0.1000000015
69396  42.843  42.249  4.863 0.1000000015
69897  42.077  42.174  4.424 0.1000000015
69904  41.353  42.410  3.967 0.1000000015
69918  41.047  42.790  3.173 0.1000000015
84851  50.551  49.817  8.435 0.1000000015
73401  48.970  50.501  9.500 0.1000000015
72979  48.961  49.866  8.688 0.1000000015
72467  46.943  47.532  7.708 0.1000000015
98907  46.470  47.128  7.761 0.1000000015
72010  45.431  46.671  7.017 0.1000000015
72011  44.358  46.209  7.237 0.1000000015
71531  42.998  44.989  5.324 0.1000000015
99602  42.268  44.045  4.337 0.1000000015
70421  41.597  43.168  3.521 0.1000000015
73409  52.145  49.483  7.022 0.1000000015
73411  50.084  50.244  7.646 0.1000000015
73412  49.389  50.056  8.129 0.1000000015
72980  48.762  48.771  7.661 0.1000000015
72478  46.834  47.840  7.109 0.1000000015
72468  46.242  47.142  7.369 0.1000000015
72977  52.547  48.861  7.121 0.1000000015
72476  52.684  48.305  6.773 0.1000000015
73413  49.234  49.645  7.515 0.1000000015
96030  48.489  48.928  6.858 0.1000000015
72479  46.294  47.300  6.720 0.1000000015
71523  43.413  45.651  6.044 0.1000000015
70981  42.733  44.520  4.282 0.1000000015
72016  51.604  47.142  5.949 0.1000000015
72009  51.304  46.198  6.399 0.1000000015
69887  49.630  42.429  5.558 0.1000000015
68863  48.112  40.169  -0.185 0.1000000015
68864  47.298  40.296  -1.025 0.1000000015
98750  46.492  40.154  -1.204 0.1000000015
68343  45.952  39.693  -0.976 0.1000000015
68344  45.267  39.589  -1.408 0.1000000015
68364  43.297  39.828  -2.436 0.1000000015
68365  42.393  39.801  -2.304 0.1000000015
68366  41.551  39.821  -2.172 0.1000000015
68334  37.199  39.581  -0.577 0.1000000015
68335  36.357  39.368  -0.310 0.1000000015
68336  34.790  39.358  -0.835 0.1000000015
94865  44.622  39.618  -1.792 0.1000000015
68345  43.869  39.475  -1.771 0.1000000015
68347  42.075  39.451  -1.599 0.1000000015
68348  41.208  39.489  -1.557 0.1000000015
68331  39.864  39.052  -0.961 0.1000000015
68332  38.977  39.056  -0.901 0.1000000015
67857  32.272  38.863  -1.076 0.1000000015
68367  40.229  40.057  -2.432 0.1000000015
68350  39.296  39.465  -1.576 0.1000000015
68351  38.502  39.552  -1.427 0.1000000015
67858  31.358  38.706  -1.545 0.1000000015
67383  30.952  37.770  -1.031 0.1000000015
66369  44.471  35.709  -0.383 0.1000000015
69388  44.473  41.560  5.989 0.1000000015
69390  43.281  41.403  5.061 0.1000000015
68830  42.765  40.833  4.905 0.1000000015
69397  42.590  41.568  4.696 0.1000000015
98545  41.562  41.843  4.271 0.1000000015
69905  40.619  42.219  3.590 0.1000000015
69919  40.358  42.596  2.890 0.1000000015
70430  40.036  42.960  2.253 0.1000000015
70429  40.771  43.128  2.421 0.1000000015
73410  51.317  49.934  7.324 0.1000000015
73427  49.712  50.231  6.813 0.1000000015
73438  49.861  50.523  5.665 0.1000000015
70427  41.984  43.756  3.072 0.1000000015
70428  41.456  43.372  2.668 0.1000000015
73424  52.455  49.427  6.402 0.1000000015
72487  52.695  48.431  6.145 0.1000000015
73428  49.239  49.673  6.372 0.1000000015
72994  48.401  49.098  5.947 0.1000000015
72491  46.528  47.334  5.715 0.1000000015
72029  45.380  46.598  5.457 0.1000000015
71530  43.847  45.581  4.826 0.1000000015
70982  42.358  44.213  3.604 0.1000000015
73002  52.656  48.965  5.558 0.1000000015
72488  52.386  48.145  5.741 0.1000000015
73004  48.487  49.313  4.877 0.1000000015
73005  47.754  48.475  5.550 0.1000000015
72017  50.869  46.285  5.599 0.1000000015
69895  48.863  42.541  4.305 0.1000000015
70965  50.340  44.774  5.535 0.1000000015
69394  48.908  41.822  3.998 0.1000000015
68829  48.995  41.007  3.634 0.1000000015
68862  49.610  40.613  0.074 0.1000000015
94748  48.890  40.566  -0.399 0.1000000015
83794  46.772  40.571  -1.850 0.1000000015
68870  45.946  40.179  -1.724 0.1000000015
99619  46.263  40.524  -2.192 0.1000000015
68879  45.820  40.446  -2.508 0.1000000015
68362  45.190  40.003  -2.173 0.1000000015
68363  44.304  39.985  -2.543 0.1000000015
68882  42.643  40.216  -3.012 0.1000000015
68883  41.774  40.239  -2.810 0.1000000015
95587  40.846  39.822  -2.091 0.1000000015
68352  37.332  40.284  -1.990 0.1000000015
68897  44.415  40.434  -3.450 0.1000000015
68898  43.709  40.568  -3.971 0.1000000015
68900  41.956  40.626  -3.536 0.1000000015
86699  41.093  40.634  -3.280 0.1000000015
87690  40.970  40.233  -2.609 0.1000000015
68884  40.301  40.506  -3.067 0.1000000015
68369  38.732  39.881  -2.113 0.1000000015
68370  38.104  39.978  -1.887 0.1000000015
68822  44.278  40.635  5.951 0.1000000015
68284  43.364  39.508  5.710 0.1000000015
68823  43.505  40.487  5.501 0.1000000015
68824  42.760  40.006  5.260 0.1000000015
68285  42.067  39.636  4.982 0.1000000015
95240  42.229  40.377  4.844 0.1000000015
68831  41.589  40.237  4.658 0.1000000015
69398  41.854  41.177  4.532 0.1000000015
69408  40.958  41.605  4.152 0.1000000015
69409  40.097  41.698  3.813 0.1000000015
69920  39.575  42.554  2.741 0.1000000015
69933  39.249  42.901  2.102 0.1000000015
70444  38.931  43.292  1.452 0.1000000015
73803  50.872  50.463  6.602 0.1000000015
73426  50.033  50.423  6.800 0.1000000015
73816  50.488  50.781  5.729 0.1000000015
70443  39.767  43.271  1.572 0.1000000015
73425  51.854  50.008  6.470 0.1000000015
73815  51.428  50.559  5.577 0.1000000015
73828  50.703  51.355  4.731 0.1000000015
73446  49.884  51.293  4.623 0.1000000015
73439  49.308  49.938  5.270 0.1000000015
91873  45.990  47.070  5.304 0.1000000015
97140  45.184  46.375  4.695 0.1000000015
71529  44.690  45.988  4.300 0.1000000015
70988  42.956  44.774  3.279 0.1000000015
70440  41.849  44.020  2.216 0.1000000015
70441  41.170  43.591  1.735 0.1000000015
70461  40.406  43.651  1.068 0.1000000015
70462  39.493  43.683  0.906 0.1000000015
73436  52.501  49.494  5.768 0.1000000015
73447  49.285  50.415  4.187 0.1000000015
72515  47.120  48.105  4.112 0.1000000015
72028  45.838  46.937  4.425 0.1000000015
71537  44.207  45.630  3.704 0.1000000015
70994  43.062  45.197  2.176 0.1000000015
70996  41.674  44.239  1.348 0.1000000015
72489  51.527  47.897  5.221 0.1000000015
70966  49.704  44.233  5.082 0.1000000015
90867  50.025  44.960  4.910 0.1000000015
69901  48.645  42.212  3.501 0.1000000015
68844  50.312  40.927  3.071 0.1000000015
69417  50.962  41.463  2.999 0.1000000015
68868  49.398  41.084  -1.050 0.1000000015
85849  48.326  40.731  -1.234 0.1000000015
86911  47.584  40.766  -1.742 0.1000000015
68876  48.178  41.133  -2.082 0.1000000015
68878  46.540  40.840  -2.703 0.1000000015
68880  45.138  40.376  -2.960 0.1000000015
69461  45.912  41.092  -4.092 0.1000000015
68896  45.168  40.722  -3.782 0.1000000015
84989  43.114  40.710  -4.523 0.1000000015
68914  42.146  40.807  -4.414 0.1000000015
68916  40.393  40.908  -4.548 0.1000000015
68912  44.456  40.729  -4.279 0.1000000015
68913  43.821  40.732  -4.637 0.1000000015
68931  42.669  40.737  -5.176 0.1000000015
97915  41.391  40.700  -5.611 0.1000000015
68292  40.577  39.489  4.549 0.1000000015
68832  40.348  40.234  4.367 0.1000000015
69399  40.256  41.020  4.155 0.1000000015
85240  38.895  40.195  4.423 0.1000000015
87278  38.986  40.929  4.298 0.1000000015
69400  39.488  41.316  4.076 0.1000000015
69906  39.859  42.191  3.332 0.1000000015
69907  39.093  42.261  3.260 0.1000000015
70445  38.057  43.367  1.409 0.1000000015
70463  38.618  43.739  0.807 0.1000000015
73444  51.911  50.332  4.612 0.1000000015
73835  50.905  51.907  3.926 0.1000000015
73836  50.179  52.034  4.215 0.1000000015
70464  37.705  43.782  0.736 0.1000000015
73003  52.229  48.683  5.157 0.1000000015
73445  51.784  50.198  3.936 0.1000000015
73452  51.466  51.196  3.841 0.1000000015
73454  49.703  51.919  3.709 0.1000000015
73013  48.481  49.650  3.771 0.1000000015
72035  45.812  47.159  3.307 0.1000000015
71544  43.727  45.365  2.965 0.1000000015
70995  42.313  44.674  1.764 0.1000000015
98690  41.123  43.947  0.971 0.1000000015
97003  39.971  44.086  0.503 0.1000000015
72018  50.354  46.464  4.764 0.1000000015
72043  45.184  46.558  2.783 0.1000000015
83862  43.974  45.884  1.947 0.1000000015
71552  42.719  45.311  1.195 0.1000000015
71004  41.398  44.447  0.577 0.1000000015
71005  40.665  44.214  0.457 0.1000000015
71006  39.237  44.240  0.241 0.1000000015
70409  48.805  43.597  4.316 0.1000000015
70967  49.082  44.149  4.421 0.1000000015
69915  50.361  41.879  2.208 0.1000000015
69414  53.589  41.931  2.532 0.1000000015
68867  50.340  41.424  -1.371 0.1000000015
68877  47.422  41.090  -2.460 0.1000000015
68894  47.118  41.204  -3.106 0.1000000015
68895  46.579  41.150  -3.540 0.1000000015
87462  47.424  41.465  -5.808 0.1000000015
69474  45.924  41.331  -4.984 0.1000000015
68911  45.158  41.052  -4.640 0.1000000015
69484  47.420  41.288  -6.639 0.1000000015
68929  44.348  40.976  -5.190 0.1000000015
87649  43.841  40.896  -5.825 0.1000000015
85055  43.124  40.768  -5.894 0.1000000015
85054  42.203  40.688  -5.913 0.1000000015
68949  48.099  40.937  -6.996 0.1000000015
68834  38.310  40.861  4.566 0.1000000015
69402  37.770  41.574  4.573 0.1000000015
69401  38.646  41.605  4.144 0.1000000015
69411  38.678  42.093  3.723 0.1000000015
69921  38.773  42.587  2.700 0.1000000015
85165  38.369  42.343  3.318 0.1000000015
69922  37.959  42.648  2.733 0.1000000015
69934  38.411  42.987  2.079 0.1000000015
70446  37.139  43.447  1.355 0.1000000015
70465  36.751  43.810  0.598 0.1000000015
70979  48.387  44.684  3.451 0.1000000015
71528  48.703  45.354  3.472 0.1000000015
72500  50.029  47.217  4.060 0.1000000015
73841  50.516  51.592  2.605 0.1000000015
71007  38.276  44.249  0.195 0.1000000015
71008  37.350  44.255  0.075 0.1000000015
72026  49.612  46.290  4.121 0.1000000015
72512  50.512  48.338  3.833 0.1000000015
89568  51.128  49.673  3.363 0.1000000015
73455  49.115  50.912  3.042 0.1000000015
87777  47.520  49.272  2.476 0.1000000015
72527  46.378  47.964  2.755 0.1000000015
72042  45.746  47.520  2.271 0.1000000015
70418  47.941  43.467  3.249 0.1000000015
70410  48.431  43.998  3.832 0.1000000015
72047  45.093  47.083  1.803 0.1000000015
71558  42.445  45.414  0.347 0.1000000015
71559  41.729  45.021  0.098 0.1000000015
71022  40.036  44.571  -0.095 0.1000000015
69916  49.142  41.983  2.245 0.1000000015
70417  48.509  43.086  3.861 0.1000000015
90057  52.385  42.679  2.037 0.1000000015
84825  53.984  42.531  1.554 0.1000000015
69435  51.245  41.682  -1.611 0.1000000015
68869  48.855  41.202  -1.820 0.1000000015
69444  48.836  41.417  -2.485 0.1000000015
69450  48.611  41.547  -3.144 0.1000000015
69458  48.598  41.662  -4.486 0.1000000015
69459  47.706  41.525  -4.423 0.1000000015
69483  48.361  41.318  -6.104 0.1000000015
85870  47.316  41.505  -5.050 0.1000000015
68948  48.942  40.796  -6.765 0.1000000015
69472  48.071  41.537  -5.203 0.1000000015
68825  36.223  40.824  5.418 0.1000000015
69403  37.005  41.495  4.966 0.1000000015
69908  37.979  42.217  4.021 0.1000000015
69898  37.185  42.264  4.608 0.1000000015
87146  37.253  42.619  3.825 0.1000000015
69935  37.532  43.092  2.105 0.1000000015
69936  36.590  43.177  2.067 0.1000000015
71009  36.521  44.173  -0.080 0.1000000015
72027  49.030  46.118  3.586 0.1000000015
72513  49.844  47.789  3.297 0.1000000015
71024  37.923  44.773  -0.413 0.1000000015
73020  50.398  48.913  2.867 0.1000000015
73462  50.110  50.530  1.920 0.1000000015
90635  46.860  48.757  2.332 0.1000000015
72541  46.318  48.698  1.671 0.1000000015
71023  38.827  44.716  -0.299 0.1000000015
89381  49.761  49.742  1.457 0.1000000015
73469  49.406  50.415  1.552 0.1000000015
73470  47.283  49.904  0.852 0.1000000015
72048  44.435  46.691  1.362 0.1000000015
71550  43.721  46.313  0.971 0.1000000015
71557  43.102  45.844  0.600 0.1000000015
100439  39.414  44.646  -0.217 0.1000000015
71568  39.519  45.131  -0.602 0.1000000015
69929  51.052  42.507  1.740 0.1000000015
73030  47.080  49.564  1.548 0.1000000015
72554  45.977  49.202  0.775 0.1000000015
72543  44.937  47.608  0.855 0.1000000015
71565  42.076  45.650  -0.347 0.1000000015
71567  40.434  45.226  -0.574 0.1000000015
70435  54.235  43.048  1.594 0.1000000015
72054  43.437  46.532  0.073 0.1000000015
71564  42.812  45.997  -0.194 0.1000000015
69442  50.553  41.774  -2.454 0.1000000015
84273  49.088  41.770  -3.795 0.1000000015
68975  49.173  40.395  -7.474 0.1000000015
69001  49.392  40.023  -8.236 0.1000000015
68947  49.744  40.743  -6.826 0.1000000015
69891  35.737  42.291  6.185 0.1000000015
69391  36.439  42.033  5.326 0.1000000015
86589  36.756  42.820  4.222 0.1000000015
69923  37.077  42.787  2.914 0.1000000015
95350  36.644  42.853  3.488 0.1000000015
98343  36.061  43.010  2.809 0.1000000015
70447  36.144  43.450  1.206 0.1000000015
69909  36.154  43.097  3.703 0.1000000015
69910  35.370  43.152  3.165 0.1000000015
90123  47.652  43.113  2.663 0.1000000015
70980  47.821  44.212  3.170 0.1000000015
71535  48.014  45.151  2.879 0.1000000015
86517  48.724  46.754  2.511 0.1000000015
69931  48.663  42.612  1.643 0.1000000015
69932  47.630  42.882  1.665 0.1000000015
72034  48.505  46.041  3.037 0.1000000015
72524  49.750  48.255  2.388 0.1000000015
73029  50.153  49.419  1.979 0.1000000015
90427  36.907  44.698  -0.661 0.1000000015
69930  49.777  42.441  1.593 0.1000000015
69941  50.486  42.962  1.009 0.1000000015
70986  47.335  44.403  2.535 0.1000000015
72041  48.113  46.095  2.264 0.1000000015
72040  48.535  47.009  1.584 0.1000000015
72538  49.595  48.747  1.323 0.1000000015
84722  48.864  50.155  1.103 0.1000000015
83855  48.212  50.045  1.075 0.1000000015
71571  36.837  45.247  -1.258 0.1000000015
70453  53.731  43.927  1.148 0.1000000015
72540  48.481  47.412  0.525 0.1000000015
72552  48.913  48.300  -0.034 0.1000000015
73044  48.818  49.073  0.001 0.1000000015
73475  47.536  49.770  0.273 0.1000000015
73039  46.504  49.698  0.737 0.1000000015
72555  45.450  48.813  0.259 0.1000000015
72053  44.174  47.238  0.346 0.1000000015
71566  41.274  45.401  -0.502 0.1000000015
71578  40.005  45.680  -0.939 0.1000000015
71579  39.323  45.818  -1.106 0.1000000015
71569  38.555  45.390  -0.857 0.1000000015
70436  53.975  43.344  1.557 0.1000000015
70471  55.071  44.011  0.740 0.1000000015
73480  48.024  49.273  -0.318 0.1000000015
90435  46.960  49.479  -0.559 0.1000000015
97477  46.229  49.745  -0.338 0.1000000015
72570  44.455  48.098  -0.571 0.1000000015
72060  43.078  46.784  -0.674 0.1000000015
97697  41.636  46.008  -0.823 0.1000000015
87645  40.807  45.986  -1.056 0.1000000015
69939  54.631  43.380  0.817 0.1000000015
69950  53.133  42.256  -1.045 0.1000000015
69441  51.433  42.051  -2.501 0.1000000015
84856  51.055  42.188  -3.047 0.1000000015
85239  49.961  42.172  -3.873 0.1000000015
69457  49.495  41.871  -4.496 0.1000000015
69471  49.020  41.580  -5.271 0.1000000015
69482  49.551  41.294  -6.023 0.1000000015
68999  51.495  40.767  -8.752 0.1000000015
69000  50.205  40.336  -8.324 0.1000000015
68423  49.935  39.363  -9.685 0.1000000015
68406  49.793  39.817  -8.891 0.1000000015
70398  35.580  43.193  6.701 0.1000000015
88079  36.555  43.060  5.470 0.1000000015
70405  36.164  43.408  5.953 0.1000000015
69899  36.800  42.775  4.910 0.1000000015
88020  36.374  43.190  4.595 0.1000000015
69937  35.627  43.187  1.904 0.1000000015
69924  35.250  43.142  2.450 0.1000000015
85331  35.170  43.304  1.073 0.1000000015
70466  35.613  43.752  0.197 0.1000000015
70467  34.588  43.514  0.415 0.1000000015
70472  51.940  44.181  0.007 0.1000000015
70456  49.969  43.296  0.275 0.1000000015
69943  48.166  42.924  0.893 0.1000000015
70437  46.859  43.173  1.445 0.1000000015
71584  34.256  45.000  -2.414 0.1000000015
71016  53.844  44.772  -0.070 0.1000000015
70454  52.474  43.790  0.824 0.1000000015
71542  46.943  44.517  1.907 0.1000000015
71547  47.749  46.294  1.211 0.1000000015
71581  37.186  45.812  -1.539 0.1000000015
71015  54.564  44.588  0.104 0.1000000015
70483  55.213  43.987  -0.376 0.1000000015
72553  48.298  47.819  -0.351 0.1000000015
72566  48.349  48.614  -0.520 0.1000000015
92930  38.703  46.019  -1.317 0.1000000015
71580  38.010  45.933  -1.353 0.1000000015
69949  54.213  42.890  -1.251 0.1000000015
72050  47.345  47.299  -0.507 0.1000000015
73053  46.802  48.962  -1.351 0.1000000015
73046  45.734  49.480  -0.506 0.1000000015
72059  43.748  47.394  -0.531 0.1000000015
69954  53.067  42.375  -2.040 0.1000000015
69961  51.656  42.308  -3.258 0.1000000015
69448  51.175  42.366  -3.712 0.1000000015
69456  50.680  42.305  -4.140 0.1000000015
69470  49.956  41.715  -5.151 0.1000000015
68946  50.534  40.825  -6.939 0.1000000015
69481  50.284  41.096  -6.383 0.1000000015
68420  53.035  40.071  -9.998 0.1000000015
90495  50.907  40.662  -8.367 0.1000000015
68972  51.765  40.798  -7.884 0.1000000015
70390  35.251  43.641  7.350 0.1000000015
70413  35.869  43.595  5.074 0.1000000015
70422  35.583  43.363  4.026 0.1000000015
70448  34.824  43.223  1.789 0.1000000015
70473  50.592  43.790  -0.469 0.1000000015
92792  34.479  43.368  1.102 0.1000000015
70480  33.991  43.755  -0.140 0.1000000015
71025  34.345  44.021  -0.999 0.1000000015
71042  33.759  44.624  -1.578 0.1000000015
70457  48.822  43.189  0.175 0.1000000015
71040  35.264  44.393  -1.292 0.1000000015
72075  33.937  45.745  -2.711 0.1000000015
70438  46.500  43.630  1.566 0.1000000015
70993  46.387  44.176  1.496 0.1000000015
71582  36.345  45.544  -1.779 0.1000000015
71583  35.345  45.046  -2.101 0.1000000015
71596  34.810  45.750  -2.727 0.1000000015
71030  54.359  44.647  -0.664 0.1000000015
71029  54.840  44.278  -0.870 0.1000000015
86628  46.867  43.272  0.197 0.1000000015
71548  46.792  45.168  1.222 0.1000000015
86098  47.820  46.974  0.263 0.1000000015
69952  54.368  43.171  -2.922 0.1000000015
69959  53.627  42.681  -3.514 0.1000000015
71549  45.927  44.522  0.708 0.1000000015
72051  46.255  45.415  0.460 0.1000000015
72057  46.521  47.318  -1.158 0.1000000015
73060  46.020  48.976  -1.696 0.1000000015
73054  45.557  49.190  -1.279 0.1000000015
72582  44.153  48.190  -1.255 0.1000000015
72068  43.469  47.608  -1.251 0.1000000015
72069  42.709  47.133  -1.353 0.1000000015
72586  40.650  46.851  -1.576 0.1000000015
72071  39.950  46.299  -1.319 0.1000000015
72073  38.414  46.534  -1.641 0.1000000015
72074  36.719  46.304  -2.049 0.1000000015
71595  35.810  46.010  -2.382 0.1000000015
98003  53.069  42.417  -2.867 0.1000000015
69960  52.485  42.426  -3.476 0.1000000015
69967  51.866  42.413  -4.032 0.1000000015
72058  45.686  46.175  -0.942 0.1000000015
72581  45.747  48.361  -2.143 0.1000000015
73061  45.309  48.842  -1.984 0.1000000015
72070  41.692  46.723  -1.391 0.1000000015
72587  39.761  47.028  -1.714 0.1000000015
72072  39.179  46.471  -1.499 0.1000000015
69454  52.141  42.151  -4.827 0.1000000015
69455  51.340  42.214  -4.507 0.1000000015
97812  50.738  41.935  -4.918 0.1000000015
69469  50.527  41.490  -5.718 0.1000000015
90701  51.041  41.255  -6.340 0.1000000015
69036  54.629  39.966  -11.469 0.1000000015
69021  53.037  40.157  -9.200 0.1000000015
70384  35.073  44.115  7.942 0.1000000015
88555  35.193  43.207  8.078 0.1000000015
70406  35.631  43.954  5.889 0.1000000015
95986  35.180  44.039  5.165 0.1000000015
70414  34.904  43.732  4.292 0.1000000015
70423  34.853  43.435  3.500 0.1000000015
70431  34.622  43.340  2.629 0.1000000015
70432  33.954  43.746  2.633 0.1000000015
70449  34.107  43.565  1.713 0.1000000015
70997  33.504  44.125  1.296 0.1000000015
71011  33.432  44.187  0.329 0.1000000015
71026  33.484  44.335  -0.616 0.1000000015
71017  52.673  44.701  -0.450 0.1000000015
71572  33.026  45.244  -0.948 0.1000000015
71031  53.322  44.911  -1.059 0.1000000015
72076  33.286  46.435  -2.367 0.1000000015
70475  48.502  43.501  -0.700 0.1000000015
72608  33.445  47.348  -2.578 0.1000000015
70491  54.571  43.717  -2.366 0.1000000015
70485  48.795  43.872  -1.591 0.1000000015
70476  47.229  43.458  -0.686 0.1000000015
70478  45.539  43.945  -0.272 0.1000000015
72052  46.365  46.254  -0.274 0.1000000015
88986  37.593  46.473  -1.805 0.1000000015
72085  35.261  46.684  -2.762 0.1000000015
69965  53.826  42.720  -4.499 0.1000000015
85243  47.993  43.665  -1.348 0.1000000015
70487  46.398  43.710  -1.217 0.1000000015
70488  45.655  43.916  -0.934 0.1000000015
71563  45.221  45.148  -0.752 0.1000000015
71576  45.116  46.058  -1.694 0.1000000015
72066  45.297  47.470  -2.327 0.1000000015
73067  44.931  48.660  -2.426 0.1000000015
73062  44.560  48.826  -2.016 0.1000000015
72583  43.929  48.375  -1.762 0.1000000015
72585  42.307  47.667  -1.931 0.1000000015
72084  36.244  46.874  -2.545 0.1000000015
71577  44.874  45.550  -2.172 0.1000000015
72067  44.769  46.475  -2.497 0.1000000015
72080  44.987  47.779  -2.864 0.1000000015
72598  44.845  48.423  -2.864 0.1000000015
73063  44.077  48.666  -2.234 0.1000000015
72600  41.798  48.312  -2.333 0.1000000015
93331  41.325  47.498  -1.929 0.1000000015
72082  38.056  47.144  -1.993 0.1000000015
72083  37.163  47.052  -2.246 0.1000000015
68970  55.143  40.629  -6.753 0.1000000015
69467  52.537  41.808  -5.618 0.1000000015
73069  43.814  48.778  -2.674 0.1000000015
72599  42.872  48.514  -2.471 0.1000000015
68404  55.691  39.374  -8.648 0.1000000015
69491  53.099  41.302  -6.899 0.1000000015
69480  52.094  41.407  -6.407 0.1000000015
69468  51.482  41.709  -5.472 0.1000000015
68417  56.153  39.386  -9.697 0.1000000015
68971  53.083  40.714  -7.646 0.1000000015
68436  55.044  39.249  -10.714 0.1000000015
68997  53.550  39.987  -8.434 0.1000000015
68945  51.383  41.015  -7.067 0.1000000015
70399  35.262  44.148  6.613 0.1000000015
70976  34.444  44.272  4.803 0.1000000015
95305  34.517  43.664  3.744 0.1000000015
70424  34.273  43.640  3.284 0.1000000015
97544  33.856  43.990  3.276 0.1000000015
91509  33.337  44.908  2.072 0.1000000015
70415  34.100  43.963  3.954 0.1000000015
88888  33.643  44.098  2.096 0.1000000015
71560  32.936  44.995  0.045 0.1000000015
72062  32.547  46.327  -1.245 0.1000000015
71046  52.894  45.160  -1.925 0.1000000015
88191  31.938  48.072  -1.402 0.1000000015
72589  32.499  47.272  -1.916 0.1000000015
72571  32.022  47.300  -0.959 0.1000000015
71575  53.797  45.016  -1.893 0.1000000015
71032  52.236  44.869  -1.441 0.1000000015
71033  50.478  44.202  -1.397 0.1000000015
70484  49.567  43.813  -1.093 0.1000000015
72607  34.600  47.450  -2.799 0.1000000015
93275  54.459  44.168  -2.820 0.1000000015
70496  54.482  43.647  -3.289 0.1000000015
71034  49.646  44.213  -1.883 0.1000000015
72086  34.211  46.525  -2.817 0.1000000015
72606  35.716  47.558  -2.794 0.1000000015
69964  54.463  43.147  -4.781 0.1000000015
70492  48.129  43.906  -2.053 0.1000000015
70493  47.471  43.954  -2.368 0.1000000015
71036  45.873  44.062  -1.760 0.1000000015
71020  45.012  45.027  -1.478 0.1000000015
72081  44.475  46.855  -3.087 0.1000000015
72605  36.710  47.694  -2.629 0.1000000015
69972  53.130  42.274  -5.057 0.1000000015
71038  44.957  44.987  -2.302 0.1000000015
90976  44.663  48.008  -3.220 0.1000000015
72614  44.141  48.451  -3.290 0.1000000015
100378  41.094  47.975  -2.186 0.1000000015
72601  40.433  47.689  -2.006 0.1000000015
72602  39.473  47.729  -2.030 0.1000000015
72603  38.587  47.799  -2.144 0.1000000015
68943  55.135  41.127  -6.660 0.1000000015
69466  53.465  42.042  -5.882 0.1000000015
72088  44.291  47.424  -3.667 0.1000000015
73072  39.971  48.318  -2.169 0.1000000015
72604  37.663  47.790  -2.360 0.1000000015
68403  56.321  39.801  -8.764 0.1000000015
72615  43.835  47.909  -4.175 0.1000000015
73085  43.257  48.577  -3.973 0.1000000015
73070  43.285  48.853  -3.163 0.1000000015
86934  42.420  48.947  -2.836 0.1000000015
73071  41.609  49.095  -2.666 0.1000000015
73074  38.224  48.511  -2.365 0.1000000015
72622  42.994  48.470  -4.877 0.1000000015
73080  42.586  49.075  -3.574 0.1000000015
73081  42.007  49.426  -3.168 0.1000000015
73489  40.935  49.545  -2.496 0.1000000015
73490  39.956  49.182  -2.305 0.1000000015
73073  39.178  48.463  -2.201 0.1000000015
72626  43.375  47.702  -5.830 0.1000000015
72627  42.684  48.227  -5.849 0.1000000015
73502  41.997  49.428  -5.183 0.1000000015
73498  42.006  49.518  -4.084 0.1000000015
73488  41.486  49.820  -2.856 0.1000000015
73094  41.860  48.678  -6.637 0.1000000015
73091  41.576  49.261  -6.291 0.1000000015
73499  41.573  49.949  -3.604 0.1000000015
73503  41.652  49.952  -4.642 0.1000000015
70391  34.908  44.438  7.230 0.1000000015
70962  34.646  44.591  6.558 0.1000000015
70969  34.745  44.427  5.775 0.1000000015
70977  33.761  44.625  4.433 0.1000000015
70983  33.679  44.574  3.605 0.1000000015
70990  33.637  44.413  2.792 0.1000000015
71590  53.847  45.160  -2.715 0.1000000015
71591  53.134  45.338  -2.763 0.1000000015
71047  52.000  45.100  -2.485 0.1000000015
85453  32.560  48.115  -2.293 0.1000000015
70501  54.617  43.682  -4.992 0.1000000015
71600  53.694  45.265  -3.276 0.1000000015
90652  50.385  44.457  -2.113 0.1000000015
73075  35.094  48.297  -2.766 0.1000000015
71049  49.876  44.514  -2.748 0.1000000015
85156  49.107  44.409  -3.092 0.1000000015
70494  46.665  43.906  -2.121 0.1000000015
71052  46.102  44.225  -2.611 0.1000000015
95466  46.278  44.376  -3.346 0.1000000015
71053  45.513  44.478  -2.240 0.1000000015
71063  45.494  44.699  -3.092 0.1000000015
71593  44.544  45.798  -2.856 0.1000000015
93284  37.236  48.503  -2.612 0.1000000015
71073  46.749  44.727  -4.663 0.1000000015
71603  45.136  45.179  -4.014 0.1000000015
71604  44.531  45.725  -3.623 0.1000000015
71594  44.337  46.401  -3.550 0.1000000015
71082  46.712  44.953  -5.309 0.1000000015
71608  45.020  45.530  -4.945 0.1000000015
71609  44.567  45.774  -4.367 0.1000000015
71605  44.315  46.194  -4.047 0.1000000015
84227  45.547  45.551  -5.771 0.1000000015
71615  44.317  46.401  -5.327 0.1000000015
96289  43.888  47.435  -4.586 0.1000000015
73491  38.847  49.239  -2.331 0.1000000015
72093  44.548  46.489  -6.024 0.1000000015
72091  43.959  47.103  -5.040 0.1000000015
89058  41.065  50.363  -2.611 0.1000000015
73871  41.393  50.552  -3.092 0.1000000015
73873  41.500  50.735  -4.121 0.1000000015
70963  34.039  44.859  6.137 0.1000000015
70970  33.939  44.735  5.272 0.1000000015
71539  33.536  45.476  3.979 0.1000000015
73477  32.432  49.479  0.316 0.1000000015
73056  31.813  48.971  -0.756 0.1000000015
90262  31.906  47.853  -0.239 0.1000000015
73064  31.955  48.902  -1.920 0.1000000015
73076  33.728  48.302  -2.639 0.1000000015
83760  51.477  45.054  -4.145 0.1000000015
84385  50.388  44.716  -4.358 0.1000000015
71061  48.797  44.479  -3.748 0.1000000015
71051  47.056  44.163  -3.028 0.1000000015
73495  33.502  49.275  -2.451 0.1000000015
99991  34.551  48.948  -2.592 0.1000000015
71070  49.421  44.581  -4.504 0.1000000015
92346  36.200  48.418  -2.781 0.1000000015
84271  50.033  44.628  -5.187 0.1000000015
71071  48.505  44.554  -4.551 0.1000000015
84261  46.917  44.449  -3.908 0.1000000015
71080  49.031  44.586  -5.384 0.1000000015
84270  48.170  44.636  -5.226 0.1000000015
73492  37.843  49.274  -2.460 0.1000000015
71100  49.517  44.556  -7.023 0.1000000015
71081  48.397  44.660  -5.814 0.1000000015
99870  47.835  44.747  -5.741 0.1000000015
91637  40.370  50.130  -2.408 0.1000000015
91737  41.305  51.204  -3.359 0.1000000015
73865  41.005  51.200  -2.740 0.1000000015
86796  33.132  49.940  0.942 0.1000000015
83779  52.682  45.095  -5.087 0.1000000015
84272  50.989  44.761  -5.017 0.1000000015
92273  35.572  49.115  -2.626 0.1000000015
71079  53.170  44.816  -5.560 0.1000000015
90962  51.912  45.060  -5.012 0.1000000015
99753  51.427  44.737  -5.616 0.1000000015
92019  36.742  49.366  -2.531 0.1000000015
71088  52.869  44.507  -6.401 0.1000000015
85265  50.639  44.603  -5.799 0.1000000015
71098  51.693  44.215  -7.341 0.1000000015
71090  50.360  44.496  -6.539 0.1000000015
71099  50.623  44.327  -7.437 0.1000000015
91184  39.415  50.019  -2.381 0.1000000015
89822  39.869  50.827  -2.438 0.1000000015
96714  40.576  50.828  -2.537 0.1000000015
74224  41.066  51.877  -3.131 0.1000000015
73047  32.536  48.519  0.582 0.1000000015
73057  31.601  49.829  -1.534 0.1000000015
71097  52.514  44.116  -7.213 0.1000000015
92681  52.133  44.429  -6.642 0.1000000015
71089  51.308  44.481  -6.441 0.1000000015
70509  52.851  43.612  -7.864 0.1000000015
71545  33.585  45.263  3.036 0.1000000015
71525  33.490  45.224  4.823 0.1000000015
70932  49.491  44.716  10.342 0.1000000015
71499  52.205  45.266  8.434 0.1000000015
69406  51.341  40.847  3.571 0.1000000015
68861  50.275  41.023  -0.358 0.1000000015
97883  48.162  39.023  1.066 0.1000000015
67805  50.165  39.165  1.645 0.1000000015
69946  54.167  42.708  -0.137 0.1000000015
69913  52.914  42.108  2.729 0.1000000015
69927  53.592  42.713  2.059 0.1000000015
66879  48.309  36.203  -0.125 0.2000000030
67327  49.996  38.323  1.475 0.1000000015
93034  36.479  35.607  0.261 0.1000000015
66377  36.974  35.142  -0.028 0.1000000015
72935  49.415  49.549  11.147 0.1000000015
66376  37.849  35.338  -0.051 0.1000000015
66359  31.673  35.595  0.467 0.1000000015
66864  37.591  36.876  0.664 0.1000000015
72419  49.319  48.033  11.849 0.1000000015
96674  48.741  50.096  11.006 0.1000000015
71998  51.820  46.147  7.141 0.1000000015
71507  51.655  45.311  7.681 0.1000000015
67351  36.306  37.454  0.595 0.1000000015
67350  37.085  37.557  0.705 0.1000000015
67353  34.463  37.454  0.353 0.1000000015
67355  32.774  37.149  0.517 0.1000000015
87647  33.743  36.950  0.538 0.1000000015
66854  48.863  36.786  0.459 0.1000000015
66882  39.920  36.118  0.131 0.1000000015
98042  40.962  35.280  -0.452 0.1000000015
66352  42.161  35.929  0.273 0.1000000015
66861  41.669  36.552  0.498 0.1000000015
70387  46.719  43.471  7.793 0.1000000015
71965  49.526  46.856  11.851 0.1000000015
71494  49.214  45.480  9.821 0.1000000015
98604  47.929  44.682  8.278 0.1000000015
71508  46.212  44.652  7.400 0.1000000015
70396  43.691  44.075  7.266 0.1000000015
70389  43.948  44.415  7.871 0.1000000015
99061  43.892  41.210  5.539 0.1000000015
71500  48.059  46.159  8.771 0.1000000015
71502  46.714  46.165  7.751 0.1000000015
72428  48.732  48.900  11.337 0.1000000015
72439  48.641  49.096  10.674 0.1000000015
72453  49.025  48.284  9.207 0.1000000015
72000  46.128  46.572  7.506 0.1000000015
72947  48.589  49.916  10.992 0.1000000015
72961  48.943  48.617  8.474 0.1000000015
72001  45.165  46.210  7.325 0.1000000015
88546  49.371  50.235  8.801 0.1000000015
72466  47.966  48.010  7.790 0.1000000015
71517  43.174  45.564  6.967 0.1000000015
72477  52.478  47.654  6.509 0.1000000015
71515  50.799  45.439  5.974 0.1000000015
69888  49.112  42.865  5.013 0.1000000015
68326  47.297  39.778  -0.323 0.1000000015
89269  37.719  39.819  -1.286 0.1000000015
68321  37.005  38.996  0.000 0.1000000015
84431  46.360  38.288  -0.038 0.1000000015
100450  46.019  37.707  0.006 0.1000000015
68328  42.581  39.001  -1.009 0.1000000015
67839  41.254  38.469  -0.400 0.1000000015
67342  47.418  37.414  0.535 0.1000000015
99395  43.448  37.861  -0.137 0.1000000015
67370  42.679  37.708  0.109 0.1000000015
66884  31.106  36.605  0.045 0.1000000015
67372  31.366  37.330  -0.309 0.1000000015
66855  47.868  36.740  0.374 0.1000000015
67343  44.808  37.237  -0.038 0.1000000015
97083  42.816  37.106  0.510 0.1000000015
66859  43.292  36.694  0.465 0.1000000015
67859  30.595  38.070  -1.858 0.1000000015
72981  47.614  48.239  7.292 0.1000000015
72020  44.817  46.416  6.480 0.1000000015
72995  47.613  48.396  6.557 0.1000000015
72490  47.035  47.873  6.215 0.1000000015
71522  44.456  46.098  5.518 0.1000000015
71538  43.407  45.130  4.054 0.1000000015
71520  50.389  45.543  5.195 0.1000000015
68349  40.246  39.559  -1.681 0.1000000015
68368  39.472  39.907  -2.269 0.1000000015
67864  31.381  39.316  -2.383 0.1000000015
73829  50.159  51.162  4.959 0.1000000015
72501  47.191  47.886  5.116 0.1000000015
70989  42.431  44.444  2.678 0.1000000015
73011  52.198  49.486  4.817 0.1000000015
73014  47.791  48.664  4.477 0.1000000015
87831  50.936  47.085  5.295 0.1000000015
69419  49.071  41.321  2.773 0.1000000015
100581  48.975  40.880  3.086 0.1000000015
68881  43.548  40.259  -3.198 0.1000000015
83848  45.868  40.772  -3.265 0.1000000015
68899  42.857  40.577  -3.760 0.1000000015
84988  41.197  40.932  -4.028 0.1000000015
68901  40.352  40.875  -3.749 0.1000000015
94778  40.977  40.033  4.537 0.1000000015
88122  40.995  40.734  4.426 0.1000000015
69410  39.306  41.863  3.704 0.1000000015
70442  40.453  43.290  1.788 0.1000000015
73827  51.488  51.036  4.607 0.1000000015
72502  46.546  47.445  4.716 0.1000000015
72036  45.332  46.427  3.799 0.1000000015
73021  47.733  48.914  3.453 0.1000000015
71543  44.520  45.885  2.791 0.1000000015
72499  50.701  47.651  4.662 0.1000000015
70973  49.540  44.831  4.447 0.1000000015
87622  48.643  41.997  2.834 0.1000000015
69914  51.689  42.059  2.553 0.1000000015
69445  48.152  41.358  -2.659 0.1000000015
84276  41.944  40.775  -5.171 0.1000000015
68915  41.276  40.881  -4.843 0.1000000015
84275  40.550  40.712  -5.423 0.1000000015
68930  43.483  40.794  -5.208 0.1000000015
68833  39.600  40.550  4.260 0.1000000015
73453  51.334  51.052  3.086 0.1000000015
73842  49.724  51.809  2.844 0.1000000015
73012  51.443  48.868  4.442 0.1000000015
73848  49.261  51.013  2.326 0.1000000015
73456  48.273  49.971  2.752 0.1000000015
72526  47.024  48.367  3.162 0.1000000015
71003  42.061  44.828  0.885 0.1000000015
71527  49.297  45.466  4.007 0.1000000015
97535  44.664  46.368  2.138 0.1000000015
71021  40.944  44.747  -0.078 0.1000000015
69436  49.606  41.439  -2.074 0.1000000015
69451  47.787  41.399  -3.134 0.1000000015
84575  47.345  41.380  -3.722 0.1000000015
84149  48.181  41.568  -3.773 0.1000000015
69460  46.768  41.369  -4.436 0.1000000015
69473  46.660  41.461  -5.409 0.1000000015
68928  45.160  41.246  -5.575 0.1000000015
68951  44.458  41.061  -6.160 0.1000000015
68953  42.801  40.586  -6.619 0.1000000015
99982  41.505  40.580  -6.243 0.1000000015
92248  37.730  42.512  3.370 0.1000000015
72033  49.399  46.879  3.551 0.1000000015
73847  49.724  51.126  2.210 0.1000000015
73461  50.726  50.309  2.487 0.1000000015
92868  48.842  50.529  1.723 0.1000000015
73464  48.023  50.101  1.768 0.1000000015
72542  45.651  48.043  1.255 0.1000000015
69902  48.193  42.695  3.062 0.1000000015
69928  53.049  43.321  1.562 0.1000000015
69443  49.621  41.720  -3.034 0.1000000015
73037  49.213  49.578  0.827 0.1000000015
73476  46.620  49.921  0.147 0.1000000015
71570  37.572  45.317  -0.999 0.1000000015
69940  51.767  43.105  1.237 0.1000000015
73045  45.991  49.803  0.152 0.1000000015
72556  44.802  48.119  0.055 0.1000000015
72061  42.335  46.352  -0.798 0.1000000015
69449  50.537  42.158  -3.359 0.1000000015
68974  49.942  40.509  -7.595 0.1000000015
70479  34.669  43.733  -0.273 0.1000000015
71010  35.948  44.292  -0.643 0.1000000015
69942  49.265  42.884  0.926 0.1000000015
70426  47.085  43.301  2.131 0.1000000015
72539  49.184  47.945  0.795 0.1000000015
71039  36.128  44.861  -1.301 0.1000000015
70455  51.200  43.511  0.450 0.1000000015
71541  47.478  45.264  2.025 0.1000000015
73474  48.475  49.653  0.497 0.1000000015
71000  54.479  44.357  0.622 0.1000000015
71001  53.220  44.451  0.445 0.1000000015
72569  45.136  48.821  -0.613 0.1000000015
69945  54.962  43.484  -0.188 0.1000000015
72568  47.220  48.222  -1.254 0.1000000015
87125  46.197  49.365  -0.995 0.1000000015
73055  44.872  48.800  -1.370 0.1000000015
69953  53.914  42.788  -2.453 0.1000000015
69440  52.238  42.240  -2.692 0.1000000015
98347  50.202  42.090  -4.498 0.1000000015
68422  50.568  40.284  -9.078 0.1000000015
70468  33.965  43.635  0.723 0.1000000015
70458  47.196  43.031  0.862 0.1000000015
69948  54.497  43.386  -1.886 0.1000000015
72046  47.067  46.182  0.413 0.1000000015
72567  47.910  48.196  -0.875 0.1000000015
72580  46.402  48.301  -1.671 0.1000000015
68437  54.014  39.437  -10.511 0.1000000015
86000  54.624  38.936  -10.049 0.1000000015
68998  52.539  40.603  -8.531 0.1000000015
71018  51.502  44.409  -0.925 0.1000000015
71585  33.412  45.498  -1.991 0.1000000015
70474  49.475  43.497  -0.386 0.1000000015
70439  46.001  43.866  1.106 0.1000000015
71574  54.371  44.628  -1.555 0.1000000015
71045  54.516  44.358  -2.005 0.1000000015
69958  54.288  43.181  -3.884 0.1000000015
69966  52.801  42.465  -4.255 0.1000000015
70477  46.155  43.593  -0.211 0.1000000015
71556  45.630  45.279  -0.043 0.1000000015
72065  45.802  47.348  -1.721 0.1000000015
72584  43.321  48.163  -1.935 0.1000000015
72588  38.916  47.118  -1.854 0.1000000015
72597  45.264  48.385  -2.518 0.1000000015
68419  53.897  39.426  -9.489 0.1000000015
71019  45.304  44.428  -0.775 0.1000000015
71035  48.956  44.210  -2.381 0.1000000015
71037  45.322  44.454  -1.534 0.1000000015
73068  44.467  48.677  -2.610 0.1000000015
71064  44.863  45.242  -3.148 0.1000000015
96195  54.005  40.833  -6.985 0.1000000015
68397  55.543  39.937  -7.380 0.1000000015
92781  53.059  41.651  -6.256 0.1000000015
68969  55.864  40.516  -6.874 0.1000000015
69479  54.149  41.489  -6.602 0.1000000015
68405  54.685  39.546  -8.401 0.1000000015
86642  54.404  40.203  -7.462 0.1000000015
68418  55.379  38.965  -9.852 0.1000000015
71056  54.237  44.692  -2.886 0.1000000015
69971  54.027  42.597  -5.408 0.1000000015
71050  48.193  44.240  -2.924 0.1000000015
69465  54.138  42.111  -6.333 0.1000000015
87256  40.834  48.564  -2.332 0.1000000015
72621  43.505  47.888  -4.964 0.1000000015
100536  43.449  48.237  -4.467 0.1000000015
73090  42.251  48.845  -5.615 0.1000000015
73086  42.548  49.016  -4.534 0.1000000015
72633  42.598  48.151  -6.723 0.1000000015
72094  44.079  47.158  -5.820 0.1000000015
72632  43.504  47.668  -6.572 0.1000000015
73095  41.383  49.223  -7.187 0.1000000015
71067  54.324  44.341  -4.438 0.1000000015
71059  50.625  44.785  -3.494 0.1000000015
71074  46.005  44.615  -4.021 0.1000000015
71072  47.629  44.592  -4.572 0.1000000015
84228  47.398  44.764  -5.254 0.1000000015
71083  45.881  45.054  -4.931 0.1000000015
71614  44.755  45.898  -5.575 0.1000000015
71610  44.273  46.326  -4.647 0.1000000015
71062  47.852  44.425  -3.778 0.1000000015
71091  49.739  44.572  -6.033 0.1000000015
71096  53.284  44.036  -6.971 0.1000000015
58292  45.116  19.801  -1.844 0.1000000015
58919  44.710  20.621  -3.135 0.1000000015
58908  45.122  19.999  -2.785 0.1000000015
58917  45.987  20.112  -4.005 0.1000000015
96883  47.792  18.872  -5.042 0.1000000015
100565  44.874  20.864  -3.810 0.1000000015
100115  45.363  20.730  -4.429 0.1000000015
86778  46.526  19.841  -4.428 0.1000000015
59506  45.298  21.408  -4.984 0.1000000015
58935  46.352  20.493  -5.664 0.1000000015
58936  45.694  20.883  -5.312 0.1000000015
89146  45.968  21.010  -6.076 0.1000000015
58918  45.302  20.329  -3.564 0.1000000015
59507  44.829  21.659  -4.296 0.1000000015
58927  46.107  20.332  -4.811 0.1000000015
58308  46.755  19.890  -5.138 0.1000000015
54232  50.673  12.068  -3.067 0.1000000015
55494  58.236  15.327  7.069 0.1000000015
56023  34.810  16.811  20.405 0.1000000015
56025  36.963  16.763  19.762 0.2000000030
56027  35.349  16.608  19.809 0.2000000030
56042  32.761  16.643  18.476 0.2000000030
56052  33.583  16.658  17.787 0.2000000030
56089  60.409  16.852  6.825 0.1000000015
56090  59.404  16.079  6.579 0.1000000015
56098  59.304  16.118  6.357 0.1000000015
56105  61.038  16.843  6.258 0.1000000015
56673  33.763  17.894  21.393 0.1000000015
56676  41.132  17.604  20.940 0.1000000015
56683  34.180  17.270  21.049 0.1000000015
56708  32.018  16.953  18.726 0.2000000030
56710  31.047  17.837  18.178 0.1000000015
56723  37.343  17.675  17.597 0.2000000030
56727  33.532  17.164  17.007 0.2000000030
56730  30.812  17.994  17.660 0.2000000030
56745  34.288  17.447  16.474 0.2000000030
56747  30.912  17.916  16.933 0.2000000030
56754  36.049  17.886  15.707 0.2000000030
56773  61.107  18.597  11.649 0.1000000015
56802  61.196  17.036  6.170 0.1000000015
56803  60.690  16.891  6.176 0.1000000015
57377  34.579  18.636  22.783 0.1000000015
57404  31.959  18.624  20.231 0.1000000015
57434  31.183  18.119  18.853 0.2000000030
57450  60.112  19.324  16.087 0.2000000030
57461  30.403  18.370  16.413 0.2000000030
57473  52.755  18.839  15.115 0.1000000015
57479  33.901  18.245  15.084 0.2000000030
57483  30.625  18.509  15.627 0.2000000030
57484  29.994  18.714  15.939 0.2000000030
57486  61.150  19.009  13.767 0.1000000015
57495  33.515  18.705  14.477 0.2000000030
57502  60.759  18.933  12.940 0.1000000015
57503  60.713  18.768  13.603 0.1000000015
57506  34.017  19.154  13.701 0.1000000015
57510  62.016  18.847  11.185 0.1000000015
57540  56.680  18.805  7.011 0.1000000015
57634  51.118  19.662  -8.532 0.3000000119
58060  33.081  18.972  20.759 0.1000000015
58093  40.030  20.275  18.700 0.1000000015
58096  30.171  19.232  18.679 0.1000000015
58108  60.272  19.941  16.345 0.2000000030
58116  29.373  19.356  16.759 0.2000000030
58119  60.369  19.361  15.862 0.2000000030
58129  39.632  19.452  15.743 0.1000000015
58147  29.768  19.693  15.104 0.2000000030
58149  61.553  19.322  12.867 0.1000000015
58161  34.243  19.888  13.098 0.2000000030
58164  31.836  20.080  14.058 0.2000000030
58166  62.027  19.317  12.205 0.1000000015
58174  38.105  20.120  12.652 0.1000000015
58297  54.742  19.911  -4.284 0.4000000060
58300  46.613  19.554  -3.753 0.1000000015
58747  60.524  20.303  15.916 0.2000000030
58762  28.906  21.352  15.733 0.2000000030
58765  61.076  20.227  15.077 0.2000000030
58772  30.977  20.108  14.272 0.2000000030
58773  30.199  20.251  14.576 0.2000000030
58774  29.575  20.509  15.058 0.2000000030
58777  61.439  20.095  14.082 0.1000000015
58782  32.270  20.763  13.650 0.2000000030
58817  53.972  20.891  9.789 0.1000000015
58833  60.092  20.834  7.791 0.1000000015
58849  47.769  20.662  3.910 0.4000000060
58900  56.518  21.095  -2.840 0.4000000060
58915  56.110  20.637  -4.149 0.4000000060
58921  55.615  20.850  -5.005 0.4000000060
58922  54.310  20.989  -5.867 0.4000000060
58930  54.673  21.074  -5.805 0.4000000060
58955  50.283  21.388  -10.462 0.3000000119
58956  49.525  20.835  -10.688 0.3000000119
58962  49.874  21.876  -10.839 0.3000000119
58963  49.690  21.399  -10.983 0.3000000119
58964  49.282  21.209  -10.971 0.3000000119
59250  33.876  21.547  20.238 0.1000000015
59276  59.831  20.909  16.324 0.2000000030
59301  52.533  21.193  14.437 0.2000000030
59312  46.178  21.650  13.513 0.3000000119
59318  30.015  21.913  13.832 0.2000000030
59321  61.838  21.446  12.468 0.1000000015
59325  35.578  21.341  11.949 0.1000000015
59349  54.609  21.649  10.039 0.1000000015
59361  57.575  22.456  7.974 0.1000000015
59362  56.935  23.134  7.140 0.1000000015
59374  55.943  22.294  6.962 0.1000000015
59423  47.125  20.907  2.021 0.4000000060
59461  47.149  21.538  -0.418 0.6999999881
59478  56.392  21.253  -3.077 0.4000000060
59488  56.134  21.189  -3.991 0.4000000060
59494  48.445  21.923  -3.841 0.5000000000
59500  55.622  21.117  -4.910 0.4000000060
59501  54.940  21.311  -5.462 0.4000000060
59534  50.334  21.870  -10.474 0.3000000119
59535  49.152  21.459  -10.845 0.3000000119
59539  49.570  21.718  -10.881 0.3000000119
59796  34.702  21.930  21.007 0.1000000015
59806  30.618  22.300  19.090 0.1000000015
59835  60.069  22.534  15.308 0.2000000030
59848  28.046  22.440  15.355 0.2000000030
59859  27.847  22.819  14.478 0.2000000030
59863  33.298  22.128  13.211 0.2000000030
59868  28.464  22.602  14.077 0.2000000030
59889  61.603  22.655  10.283 0.1000000015
59890  61.147  22.664  10.027 0.1000000015
59940  56.456  22.977  7.324 0.1000000015
59968  45.074  22.189  5.692 0.3000000119
60066  55.327  21.508  -4.559 0.4000000060
60068  54.224  22.085  -3.319 0.4000000060
60112  50.070  22.048  -10.498 0.3000000119
60122  49.486  22.102  -10.612 0.3000000119
60128  49.493  21.716  -10.857 0.3000000119
60412  47.380  25.726  20.714 0.2000000030
60471  26.902  24.022  14.011 0.2000000030
60476  59.125  22.686  13.463 0.3000000119
60486  28.013  23.700  13.518 0.2000000030
60487  27.396  23.658  13.838 0.2000000030
60491  60.650  22.993  12.732 0.2000000030
60515  57.102  23.103  10.809 0.2000000030
60539  56.605  23.041  9.283 0.2000000030
60541  53.787  22.809  9.139 0.1000000015
60576  56.767  23.641  3.189 0.3000000119
60585  57.397  24.062  2.632 0.3000000119
60586  57.243  23.863  2.748 0.3000000119
60594  57.382  24.282  2.476 0.3000000119
60595  57.403  23.927  2.624 0.3000000119
60596  57.163  23.949  2.787 0.3000000119
60654  41.844  24.009  -6.376 0.1000000015
60941  48.294  26.116  19.579 0.2000000030
60943  47.761  26.144  20.354 0.2000000030
60989  58.064  23.999  13.506 0.3000000119
60996  31.700  24.711  13.097 0.3000000119
61013  60.369  23.047  12.129 0.2000000030
61017  49.068  24.916  10.994 0.3000000119
61065  57.561  25.015  4.666 0.2000000030
61078  57.187  24.298  4.082 0.2000000030
61087  57.404  24.697  3.061 0.3000000119
61094  57.339  24.545  2.610 0.3000000119
61095  57.257  24.605  2.591 0.3000000119
61096  56.758  24.644  2.639 0.3000000119
61100  57.328  24.590  2.595 0.3000000119
61159  46.697  25.453  -10.247 0.4000000060
61160  46.232  25.564  -9.599 0.4000000060
61162  47.486  26.085  -10.962 0.4000000060
61163  46.908  25.896  -10.825 0.4000000060
61413  47.677  26.770  19.291 0.2000000030
61421  47.267  26.878  20.163 0.2000000030
61484  50.348  25.530  11.301 0.3000000119
61533  57.514  25.348  4.472 0.3000000119
61543  57.078  25.126  3.028 0.3000000119
61550  57.307  24.804  2.831 0.3000000119
61553  43.952  26.249  4.201 0.6000000238
61599  47.306  25.101  -5.176 0.5000000000
61892  59.396  27.858  15.101 0.3000000119
61900  59.477  27.758  14.592 0.3000000119
62076  54.186  27.139  -8.985 0.8999999762
62077  53.314  26.719  -8.677 0.8000000119
62082  52.942  26.683  -9.893 0.6000000238
62086  53.481  27.153  -10.809 0.8999999762
62095  52.429  27.482  -11.962 0.6000000238
62367  59.145  27.709  15.704 0.3000000119
62387  59.509  28.096  14.288 0.3000000119
62388  59.517  27.580  14.130 0.3000000119
62391  39.505  28.881  13.741 0.4000000060
62407  38.845  28.203  12.415 0.2000000030
62411  29.463  27.195  11.872 0.3000000119
62435  55.683  28.079  8.088 0.3000000119
62464  47.078  26.966  3.359 0.6999999881
62515  49.334  28.770  -3.547 0.5000000000
62545  54.363  27.599  -8.732 0.8999999762
62554  53.249  27.548  -11.394 0.6000000238
62555  52.800  27.702  -12.031 0.6000000238
62564  52.950  27.867  -11.886 0.6000000238
62565  52.355  27.868  -12.201 0.6000000238
62566  51.636  27.918  -12.134 0.6000000238
62817  56.504  28.483  17.035 0.3000000119
62820  58.664  28.573  16.268 0.3000000119
62830  59.383  28.817  14.895 0.3000000119
62841  59.472  28.689  14.410 0.3000000119
62842  59.490  28.346  13.908 0.3000000119
62866  30.824  27.922  12.145 0.3000000119
62877  59.094  30.292  10.346 0.3000000119
62905  40.748  28.802  5.054 0.5000000000
62906  40.237  29.113  5.899 0.5000000000
62919  42.498  28.522  3.612 0.6000000238
62933  48.903  28.086  2.124 0.6999999881
62978  47.427  29.278  -3.890 0.3000000119
62990  48.302  29.311  -5.706 0.3000000119
62993  54.403  28.784  -7.513 0.8000000119
63010  49.227  27.777  -9.910 0.5000000000
63014  52.567  28.135  -12.096 0.6000000238
63016  50.893  28.069  -11.655 0.6000000238
63021  52.306  28.010  -12.269 0.6000000238
63276  59.389  29.054  14.652 0.3000000119
63313  26.923  29.889  13.040 0.2000000030
63318  57.755  31.130  11.037 0.3000000119
63323  58.797  30.746  10.233 0.3000000119
63324  58.092  30.796  10.232 0.3000000119
63350  41.119  29.669  4.489 0.5000000000
63359  43.230  30.324  3.334 0.6000000238
63361  41.920  29.356  3.839 0.6000000238
63392  56.385  30.226  -1.181 0.8000000119
63393  55.010  30.226  -0.994 0.8000000119
63402  56.672  30.381  -1.782 0.8000000119
63405  53.996  30.191  -1.823 0.8999999762
63416  53.951  30.105  -3.080 0.8000000119
63431  46.442  30.025  -3.545 0.3000000119
63436  56.790  29.879  -5.086 0.8000000119
63438  54.996  29.749  -5.770 0.8000000119
63443  56.092  29.889  -6.568 0.8000000119
63452  49.021  30.153  -7.148 0.4000000060
63453  48.637  29.514  -6.623 0.4000000060
63457  54.125  29.270  -7.669 0.6999999881
63466  54.230  28.535  -8.326 0.8000000119
63476  50.794  29.137  -10.088 0.6000000238
63822  40.936  30.479  5.856 0.5000000000
63839  46.627  31.112  2.918 0.6999999881
63846  56.417  31.345  1.834 0.6999999881
63855  56.805  31.257  1.028 0.8000000119
63857  56.124  30.860  1.240 0.8000000119
63863  49.826  29.999  1.909 0.6999999881
63872  56.569  30.821  0.687 0.8000000119
63874  54.634  30.617  0.197 0.8999999762
63884  56.817  30.692  -0.796 0.8000000119
63908  56.851  30.605  -3.597 0.8000000119
63914  57.095  30.192  -5.205 0.8000000119
63919  57.272  30.770  -5.658 0.8000000119
63920  57.025  30.224  -5.990 0.8000000119
63922  54.603  30.743  -6.529 0.6000000238
63940  54.311  29.865  -7.151 0.6999999881
63941  53.787  29.808  -7.361 0.6000000238
63942  52.868  29.786  -7.514 0.6000000238
64187  43.255  32.614  18.726 0.5000000000
64218  32.889  32.563  16.381 0.3000000119
64235  32.372  32.451  15.923 0.3000000119
64255  43.436  31.292  12.554 0.6999999881
64267  44.335  32.296  10.562 0.8000000119
64268  43.922  32.142  10.539 0.8000000119
64277  44.561  32.903  8.330 0.8999999762
64284  44.014  32.694  7.471 0.8999999762
64293  43.410  32.190  5.148 0.8000000119
64298  44.474  32.243  4.217 0.8000000119
64306  56.476  32.021  2.944 0.6999999881
64308  55.466  32.068  3.216 0.6999999881
64310  50.285  32.042  2.852 0.8000000119
64313  48.134  31.740  2.856 0.8000000119
64321  56.741  31.895  2.073 0.6999999881
64322  56.610  31.782  2.310 0.6999999881
64338  51.640  31.006  1.521 0.8999999762
64347  56.856  31.444  0.720 0.8000000119
64379  56.915  31.624  -4.254 0.6999999881
64386  57.220  31.323  -5.236 0.8000000119
64399  57.121  30.904  -6.338 0.8000000119
64681  44.212  33.384  19.125 0.5000000000
64714  33.244  33.078  16.453 0.2000000030
64715  32.085  33.186  15.973 0.2000000030
64781  46.801  33.713  10.516 0.8999999762
64783  45.224  32.742  10.902 0.8000000119
64798  46.026  33.647  8.968 0.8999999762
64813  46.227  33.342  5.554 0.8000000119
64819  54.670  32.920  4.649 0.6999999881
64822  51.365  32.844  4.463 0.8999999762
64833  56.367  32.361  3.499 0.6999999881
64834  55.920  32.393  3.841 0.6999999881
64837  51.969  32.375  3.256 0.8999999762
64847  56.551  32.390  2.946 0.6999999881
64852  56.781  32.283  1.679 0.6999999881
64902  57.070  32.024  -5.016 0.8000000119
64905  54.681  32.337  -5.006 0.6000000238
64916  56.783  31.587  -6.044 0.8000000119
65176  43.618  34.260  19.032 0.5000000000
65197  32.592  33.382  16.268 0.2000000030
65203  48.232  33.809  15.200 0.5000000000
65242  47.709  33.758  11.455 0.8000000119
65253  27.575  33.340  10.659 0.2000000030
65260  47.543  33.954  10.799 0.8999999762
65271  47.463  34.250  9.367 0.8999999762
65280  49.744  34.299  7.876 0.8999999762
65289  52.998  33.848  7.198 0.6000000238
65299  54.422  33.931  6.650 0.6000000238
65311  53.916  33.635  5.973 0.6000000238
65314  50.689  33.383  5.543 0.8999999762
65315  49.701  33.395  5.613 0.8999999762
65317  47.870  33.663  5.915 0.8000000119
65319  56.252  33.233  4.032 0.6000000238
65320  55.958  33.193  4.765 0.6000000238
65321  55.396  33.276  5.241 0.6000000238
65324  52.094  33.237  5.117 0.8999999762
65342  56.906  33.845  -0.694 0.6999999881
65371  40.263  33.676  -2.896 0.2000000030
65374  56.659  33.389  -3.483 0.6999999881
65377  54.461  33.580  -3.746 0.6000000238
65390  56.630  32.583  -4.611 0.8000000119
65659  50.036  35.045  18.856 0.6000000238
65665  43.308  34.566  18.567 0.5000000000
65704  53.073  35.326  14.031 0.6000000238
65715  53.217  35.102  13.043 0.6000000238
65730  53.519  35.327  11.176 0.6999999881
65734  49.582  34.583  11.191 0.8000000119
65793  53.446  34.251  7.640 0.6000000238
65807  55.190  34.158  5.882 0.5000000000
65813  55.795  34.199  4.028 0.6000000238
65818  56.416  33.498  3.109 0.6000000238
65820  54.208  34.854  2.134 0.5000000000
65885  55.611  34.564  -3.472 0.6000000238
66211  50.469  35.128  18.062 0.6000000238
66216  53.981  35.988  15.987 0.6000000238
66218  51.688  35.532  15.038 0.6000000238
66226  54.304  35.786  14.894 0.6000000238
66234  54.917  36.018  13.086 0.6000000238
66244  54.358  35.719  12.558 0.6000000238
66247  46.577  35.503  12.742 0.3000000119
66250  27.682  36.126  11.596 0.2000000030
66258  28.639  35.352  10.511 0.2000000030
66276  53.610  35.344  9.182 0.6000000238
66295  43.434  35.891  7.534 0.2000000030
66317  54.962  34.779  5.371 0.6000000238
66329  53.688  34.883  2.335 0.5000000000
66403  54.857  35.851  -3.085 0.6000000238
66721  54.178  36.673  16.183 0.6000000238
66750  47.642  36.249  12.476 0.3000000119
66757  57.337  36.721  9.899 0.6000000238
66759  55.812  36.772  10.699 0.6000000238
66760  54.740  36.460  10.963 0.6999999881
66769  48.075  36.986  11.012 0.3000000119
66781  57.174  36.171  8.801 0.6000000238
66783  55.519  36.317  8.666 0.6000000238
66789  57.317  36.348  8.015 0.6000000238
66791  54.401  36.601  8.572 0.5000000000
66793  45.913  36.957  9.051 0.3000000119
66799  57.243  36.634  7.881 0.6000000238
66808  53.348  36.164  6.374 0.4000000060
66818  53.355  35.784  5.578 0.4000000060
66828  53.274  35.554  4.676 0.5000000000
66840  56.931  36.805  0.975 0.5000000000
66851  53.950  36.613  0.183 0.5000000000
66889  58.229  38.066  -0.925 0.6000000238
66898  56.689  37.198  -2.134 0.6000000238
66899  55.572  37.077  -2.393 0.6000000238
67207  54.231  37.650  15.760 0.6000000238
67220  50.197  37.327  15.206 0.5000000000
67226  55.305  37.363  13.724 0.5000000000
67227  51.399  38.152  13.670 0.5000000000
67229  50.348  37.722  14.353 0.4000000060
67233  55.316  37.626  11.601 0.5000000000
67241  57.252  37.248  10.803 0.6000000238
67243  49.390  37.841  10.978 0.4000000060
67268  57.271  36.844  8.043 0.6000000238
67285  51.431  37.143  6.299 0.3000000119
67290  42.406  37.275  6.171 0.1000000015
67298  49.196  37.190  5.115 0.2000000030
67299  42.840  37.895  5.947 0.1000000015
67310  50.652  36.485  4.407 0.3000000119
67333  57.987  38.306  0.656 0.5000000000
67335  55.885  38.589  0.300 0.5000000000
67361  57.947  38.781  0.085 0.6000000238
67362  56.876  39.353  -0.219 0.5000000000
67380  55.434  38.701  -1.086 0.6999999881
67697  52.700  37.597  14.857 0.6000000238
67716  54.689  38.596  12.776 0.6000000238
67717  51.281  39.471  12.901 0.3000000119
67728  56.104  38.214  11.236 0.4000000060
67740  53.645  39.169  10.205 0.4000000060
67742  49.007  39.104  10.299 0.3000000119
67752  56.229  38.258  9.447 0.5000000000
67753  55.226  38.424  9.517 0.5000000000
67760  56.709  37.461  8.573 0.4000000060
67762  52.569  38.241  8.425 0.3000000119
67764  46.913  38.789  8.819 0.3000000119
67780  48.733  38.151  5.193 0.2000000030
67782  43.159  38.649  5.841 0.1000000015
67796  50.156  37.863  3.336 0.2000000030
67832  55.965  39.280  -0.688 0.6999999881
68220  54.265  39.103  14.179 0.4000000060
68221  51.868  40.293  13.425 0.4000000060
68248  53.153  39.719  10.201 0.3000000119
68249  49.324  39.518  10.726 0.3000000119
68266  51.463  39.382  7.808 0.3000000119
68267  46.292  39.771  7.670 0.3000000119
68281  49.526  39.788  6.144 0.2000000030
68282  48.796  39.271  5.441 0.2000000030
68290  48.643  39.056  4.511 0.2000000030
68291  41.327  39.479  4.757 0.1000000015
68300  49.666  39.047  3.391 0.2000000030
68301  48.898  39.034  3.794 0.2000000030
68311  49.630  39.580  1.965 0.1000000015
68396  56.134  40.019  -7.566 0.1000000015
68757  53.347  39.927  14.977 0.3000000119
68788  54.408  40.536  11.526 0.3000000119
68799  47.864  41.334  9.410 0.2000000030
68802  51.733  40.500  8.466 0.3000000119
68815  49.819  40.760  5.856 0.2000000030
68828  48.913  40.476  4.148 0.2000000030
68845  49.460  40.776  2.953 0.1000000015
68944  52.260  41.110  -7.222 0.1000000015
68973  50.769  40.718  -7.668 0.1000000015
69341  53.957  40.934  14.128 0.4000000060
69343  52.121  41.592  14.423 0.3000000119
69344  51.783  41.520  13.823 0.3000000119
69348  54.212  41.179  12.564 0.4000000060
69349  51.712  42.031  14.089 0.3000000119
69365  52.811  41.282  9.517 0.3000000119
69374  47.048  42.046  9.016 0.2000000030
69383  45.766  41.715  7.291 0.2000000030
69407  48.834  41.472  3.229 0.1000000015
69418  49.728  41.246  2.588 0.1000000015
69854  51.340  42.608  12.261 0.3000000119
69894  49.164  42.120  4.774 0.1000000015
69917  48.189  42.590  2.353 0.1000000015
70374  53.623  43.326  9.997 0.2000000030
70381  46.944  42.904  8.476 0.1000000015
70402  49.152  43.566  4.850 0.1000000015
70419  47.376  43.728  2.690 0.1000000015
70420  41.982  43.642  3.936 0.1000000015
70452  54.500  43.669  1.063 0.1000000015
70459  46.384  43.447  0.811 0.1000000015
70460  45.732  43.875  0.420 0.1000000015
70486  47.303  43.720  -1.644 0.1000000015
70499  54.504  43.689  -4.167 0.1000000015
70947  47.537  44.204  7.638 0.1000000015
70952  46.625  44.185  7.327 0.1000000015
70953  45.574  44.160  7.922 0.1000000015
70955  43.704  45.127  7.731 0.1000000015
70968  42.769  44.481  6.104 0.1000000015
70974  48.946  44.732  3.908 0.1000000015
70987  46.838  43.912  2.121 0.1000000015
71002  45.433  44.470  -0.049 0.1000000015
71014  55.064  44.308  0.125 0.1000000015
71041  34.579  44.509  -1.777 0.1000000015
71057  54.036  44.900  -3.616 0.1000000015
71060  49.709  44.587  -3.681 0.1000000015
71461  51.264  46.005  13.212 0.1000000015
71521  49.907  45.549  4.546 0.1000000015
71536  44.837  46.042  3.446 0.1000000015
71551  43.327  45.712  1.369 0.1000000015
71589  54.150  44.873  -2.370 0.1000000015
71599  54.036  45.066  -2.989 0.1000000015
71613  46.305  45.217  -5.689 0.1000000015
71940  50.421  46.646  13.302 0.1000000015
72019  45.741  46.871  6.187 0.1000000015
72021  43.804  46.096  6.746 0.1000000015
72089  44.115  46.908  -4.232 0.1000000015
72418  49.869  47.757  12.293 0.1000000015
72514  49.266  47.296  2.846 0.1000000015
72516  46.447  47.626  3.749 0.1000000015
72525  49.197  47.613  1.932 0.1000000015
72978  51.918  49.256  7.782 0.1000000015
72993  52.734  48.897  6.256 0.1000000015
73010  52.328  49.675  5.225 0.1000000015
73038  49.225  48.741  0.459 0.1000000015
73052  47.629  48.834  -0.961 0.1000000015
73389  50.948  49.094  9.684 0.1000000015
73390  49.350  50.140  10.434 0.1000000015
73400  49.143  50.540  9.621 0.1000000015
73437  52.070  50.199  5.277 0.1000000015
73463  48.715  50.571  2.303 0.1000000015
73814  52.227  49.992  5.909 0.1000000015
73852  49.306  50.828  1.923 0.1000000015
81688  47.218  27.178  -3.472 0.4000000060
81694  48.006  26.822  -9.414 0.4000000060
81699  50.821  26.600  -7.815 0.6000000238
81702  47.530  26.623  -10.467 0.4000000060
81703  46.425  26.110  -9.813 0.4000000060
81704  47.273  26.861  -9.481 0.4000000060
81706  48.608  27.359  -8.435 0.4000000060
81708  47.000  26.270  -10.818 0.4000000060
81709  48.531  27.443  -9.223 0.4000000060
81710  48.564  28.081  -8.529 0.4000000060
82365  48.761  28.813  -5.424 0.4000000060
82450  48.842  27.553  -7.834 0.4000000060
82549  48.613  27.875  -7.748 0.4000000060
83178  49.243  26.790  -9.782 0.5000000000
83194  49.031  27.133  -9.873 0.5000000000
83601  46.834  26.464  -10.215 0.4000000060
83635  59.483  16.479  7.465 0.1000000015
83996  49.777  34.976  12.885 0.5000000000
84135  47.689  32.611  14.185 0.5000000000
84313  50.351  52.142  3.418 0.1000000015
84461  47.752  43.161  0.117 0.1000000015
84935  56.573  12.959  5.534 0.1000000015
85318  45.783  31.812  13.089 0.6999999881
85483  50.110  30.852  1.854 0.8000000119
85512  59.894  18.375  13.659 0.1000000015
85629  46.726  20.783  3.631 0.4000000060
85796  54.714  34.147  6.483 0.6000000238
85888  51.231  44.619  -1.849 0.1000000015
86007  45.358  40.031  6.362 0.2000000030
86113  51.241  34.444  10.176 0.8999999762
86140  60.303  22.888  13.861 0.3000000119
86806  52.470  40.050  14.515 0.4000000060
86823  52.231  44.780  -5.820 0.1000000015
87299  54.057  27.583  -7.326 0.8999999762
87323  46.555  32.929  12.376 0.8999999762
87678  56.350  38.391  10.401 0.5000000000
87688  49.948  36.224  17.425 0.6000000238
87740  51.502  34.392  8.808 0.6999999881
88006  41.716  24.487  -4.986 0.1000000015
88082  36.660  18.250  15.327 0.1000000015
88194  53.075  30.411  0.289 0.8999999762
88337  56.739  32.919  1.157 0.6999999881
88889  54.916  39.012  -9.355 0.1000000015
89071  36.301  36.198  0.502 0.1000000015
89368  29.974  24.822  12.486 0.2000000030
89557  28.898  23.857  13.190 0.2000000030
89651  57.075  34.559  -2.333 0.6999999881
89716  54.430  30.133  -2.377 0.8999999762
89915  50.816  21.372  -9.564 0.3000000119
89924  42.804  29.396  3.471 0.6000000238
89940  46.583  25.854  -10.338 0.4000000060
90070  53.743  22.664  7.322 0.2000000030
90144  44.673  28.169  3.595 0.6000000238
90172  56.471  36.120  8.956 0.6000000238
90479  44.605  31.923  11.962 0.8000000119
90480  30.426  28.528  12.480 0.3000000119
90741  55.703  29.996  -1.457 0.8000000119
90752  44.489  45.905  -4.987 0.1000000015
90805  51.859  36.068  4.565 0.4000000060
90807  54.353  44.293  -3.541 0.1000000015
91167  28.863  21.095  18.235 0.1000000015
91246  56.906  31.694  -1.068 0.8000000119
91260  55.395  22.030  9.792 0.1000000015
91425  28.185  22.394  16.426 0.1000000015
91492  55.990  19.840  7.380 0.1000000015
92238  54.723  39.500  11.018 0.3000000119
92286  56.887  31.282  -1.900 0.6999999881
92496  48.861  43.143  4.514 0.1000000015
92560  36.162  20.237  12.307 0.1000000015
92655  52.057  41.837  14.390 0.2000000030
92761  52.725  32.721  3.811 0.8999999762
92766  39.560  20.193  17.749 0.1000000015
92920  47.650  26.553  1.904 0.6999999881
93012  50.759  26.651  -10.640 0.6000000238
93163  54.846  43.906  -1.332 0.1000000015
93317  51.532  20.596  -8.635 0.3000000119
93528  55.832  30.598  -6.607 0.8000000119
93652  49.316  39.660  -8.754 0.1000000015
93689  50.043  26.784  -10.395 0.6000000238
93717  45.578  34.528  13.647 0.4000000060
94395  48.276  29.165  -5.006 0.4000000060
94857  40.939  36.598  6.291 0.2000000030
94995  55.020  35.975  14.294 0.6000000238
95062  56.401  35.387  -2.526 0.6000000238
95194  48.747  35.557  17.296 0.6000000238
95260  46.235  28.064  3.575 0.6999999881
95285  35.158  43.961  -0.647 0.1000000015
95561  46.732  26.468  -9.623 0.4000000060
95573  58.014  36.083  -1.685 0.6000000238
95628  56.288  34.099  2.412 0.6000000238
95760  48.968  46.594  3.123 0.1000000015
95905  44.846  29.959  3.164 0.6999999881
95906  54.355  34.194  6.861 0.6000000238
95917  61.078  18.912  12.283 0.1000000015
96250  55.157  21.028  -5.554 0.4000000060
96298  59.923  16.765  6.341 0.1000000015
96534  49.258  47.368  11.279 0.1000000015
96771  57.351  36.545  7.895 0.6000000238
96778  52.469  22.367  -1.726 0.5000000000
96813  54.427  22.230  -2.389 0.4000000060
96814  59.704  22.071  15.667 0.2000000030
96880  56.476  29.630  -4.592 0.8000000119
96947  49.924  34.912  18.869 0.6000000238
97079  49.388  26.782  -8.581 0.5000000000
97301  54.842  43.609  -0.954 0.1000000015
97315  35.642  18.931  13.814 0.1000000015
97638  47.633  25.483  -10.436 0.4000000060
97670  43.301  31.994  10.054 0.6999999881
97698  51.351  29.461  -9.469 0.6999999881
97738  36.199  42.028  16.791 0.1000000015
97801  45.757  21.354  13.759 0.2000000030
97875  47.543  23.896  8.791 0.3000000119
97877  51.924  20.195  -8.479 0.3000000119
97930  50.638  33.793  6.772 0.8999999762
97965  34.048  23.448  12.907 0.2000000030
97988  56.778  34.888  1.178 0.6000000238
98036  55.188  43.946  0.350 0.1000000015
98227  52.312  38.167  13.912 0.5000000000
98584  54.889  29.818  -4.742 0.8000000119
98686  45.352  18.734  21.404 0.2000000030
99204  45.561  32.745  17.179 0.6000000238
99225  43.939  31.033  12.703 0.6000000238
99244  47.579  42.940  2.238 0.1000000015
99359  40.008  42.793  18.847 0.1000000015
99483  51.044  51.859  3.276 0.1000000015
99770  48.653  39.375  10.032 0.3000000119
99781  44.362  32.722  8.526 0.8999999762
99996  43.266  45.234  7.449 0.1000000015
100091  56.286  40.254  -8.055 0.1000000015
100179  46.401  24.485  17.642 0.1000000015
100286  55.171  38.058  13.775 0.6000000238
100346  46.463  24.588  19.283 0.1000000015
100372  50.110  50.596  5.957 0.1000000015
100545  28.160  27.206  12.357 0.2000000030
100574  53.769  38.893  14.226 0.5000000000
100599  49.054  24.690  12.558 0.3000000119
