
Sat Mar  7 00:57:12 CET 2026
cd /out/sourcedata/freesurfer/sub-v1s18x0051229_ses-1
setenv SUBJECTS_DIR /out/sourcedata/freesurfer
/opt/freesurfer/bin/recon-all -autorecon1 -i /work/fmriprep_25_2_wf/sub_v1s18x0051229_ses_1_wf/anat_fit_wf/anat_validate/sub-v1s18x0051229_ses-1_T1w_noise_corrected_ras_valid.nii.gz -noskullstrip -noT2pial -noFLAIRpial -openmp 16 -subjid sub-v1s18x0051229_ses-1 -sd /out/sourcedata/freesurfer

subjid sub-v1s18x0051229_ses-1
setenv SUBJECTS_DIR /out/sourcedata/freesurfer
FREESURFER_HOME /opt/freesurfer
Actual FREESURFER_HOME /opt/freesurfer
build-stamp.txt: freesurfer-linux-ubuntu22_x86_64-7.3.2-20220804-6354275
Linux dna078 5.14.0-427.37.1.el9_4.x86_64 #1 SMP PREEMPT_DYNAMIC Fri Sep 13 12:41:50 EDT 2024 x86_64 x86_64 x86_64 GNU/Linux
cputime      unlimited
filesize     unlimited
datasize     unlimited
stacksize    8192 kbytes
coredumpsize 0 kbytes
memoryuse    67108864 kbytes
vmemoryuse   unlimited
descriptors  1024 
memorylocked unlimited
maxproc      2061970 
maxlocks     unlimited
maxsignal    2062029 
maxmessage   819200 
maxnice      0 
maxrtprio    0 
maxrttime    unlimited

               total        used        free      shared  buff/cache   available
Mem:           503Gi        46Gi       408Gi       6.3Gi        48Gi       447Gi
Swap:             0B          0B          0B

########################################
program versions used
7.3.2 (freesurfer-linux-ubuntu22_x86_64-7.3.2-20220804-6354275)
7.3.2

ProgramName: lta_convert  ProgramArguments: lta_convert -all-info  ProgramVersion: 7.3.2  TimeStamp: 2026/03/06-23:57:12-GMT  BuildTime: Aug  4 2022 06:17:15  BuildStamp: freesurfer-linux-ubuntu22_x86_64-7.3.2-20220804-6354275  User: oesteban  Machine: dna078  Platform: Linux  PlatformVersion: 5.14.0-427.37.1.el9_4.x86_64  CompilerName: GCC  CompilerVersion: 8.4.0
ProgramName: mri_and  ProgramArguments: mri_and -all-info  ProgramVersion: 7.3.2  TimeStamp: 2026/03/06-23:57:12-GMT  BuildTime: Aug  4 2022 06:17:15  BuildStamp: freesurfer-linux-ubuntu22_x86_64-7.3.2-20220804-6354275  User: oesteban  Machine: dna078  Platform: Linux  PlatformVersion: 5.14.0-427.37.1.el9_4.x86_64  CompilerName: GCC  CompilerVersion: 8.4.0
ProgramName: mri_annotation2label  ProgramArguments: mri_annotation2label -all-info  ProgramVersion: 7.3.2  TimeStamp: 2026/03/06-23:57:12-GMT  BuildTime: Aug  4 2022 06:17:15  BuildStamp: freesurfer-linux-ubuntu22_x86_64-7.3.2-20220804-6354275  User: oesteban  Machine: dna078  Platform: Linux  PlatformVersion: 5.14.0-427.37.1.el9_4.x86_64  CompilerName: GCC  CompilerVersion: 8.4.0
ProgramName: mri_aparc2aseg  ProgramArguments: mri_aparc2aseg -all-info  ProgramVersion: 7.3.2  TimeStamp: 2026/03/06-23:57:12-GMT  BuildTime: Aug  4 2022 06:17:15  BuildStamp: freesurfer-linux-ubuntu22_x86_64-7.3.2-20220804-6354275  User: oesteban  Machine: dna078  Platform: Linux  PlatformVersion: 5.14.0-427.37.1.el9_4.x86_64  CompilerName: GCC  CompilerVersion: 8.4.0
ProgramName: mri_surf2volseg  ProgramArguments: mri_surf2volseg -all-info  ProgramVersion: 7.3.2  TimeStamp: 2026/03/06-23:57:12-GMT  BuildTime: Aug  4 2022 06:17:15  BuildStamp: freesurfer-linux-ubuntu22_x86_64-7.3.2-20220804-6354275  User: oesteban  Machine: dna078  Platform: Linux  PlatformVersion: 5.14.0-427.37.1.el9_4.x86_64  CompilerName: GCC  CompilerVersion: 8.4.0
ProgramName: mri_binarize  ProgramArguments: mri_binarize -all-info  ProgramVersion: 7.3.2  TimeStamp: 2026/03/06-23:57:12-GMT  BuildTime: Aug  4 2022 06:17:15  BuildStamp: freesurfer-linux-ubuntu22_x86_64-7.3.2-20220804-6354275  User: oesteban  Machine: dna078  Platform: Linux  PlatformVersion: 5.14.0-427.37.1.el9_4.x86_64  CompilerName: GCC  CompilerVersion: 8.4.0
ProgramName: mri_ca_label  ProgramArguments: mri_ca_label -all-info  ProgramVersion: 7.3.2  TimeStamp: 2026/03/06-23:57:12-GMT  BuildTime: Aug  4 2022 06:17:15  BuildStamp: freesurfer-linux-ubuntu22_x86_64-7.3.2-20220804-6354275  User: oesteban  Machine: dna078  Platform: Linux  PlatformVersion: 5.14.0-427.37.1.el9_4.x86_64  CompilerName: GCC  CompilerVersion: 8.4.0
ProgramName: mri_ca_normalize  ProgramArguments: mri_ca_normalize -all-info  ProgramVersion: 7.3.2  TimeStamp: 2026/03/06-23:57:12-GMT  BuildTime: Aug  4 2022 06:17:15  BuildStamp: freesurfer-linux-ubuntu22_x86_64-7.3.2-20220804-6354275  User: oesteban  Machine: dna078  Platform: Linux  PlatformVersion: 5.14.0-427.37.1.el9_4.x86_64  CompilerName: GCC  CompilerVersion: 8.4.0
ProgramName: mri_ca_register  ProgramArguments: mri_ca_register -all-info  ProgramVersion: 7.3.2  TimeStamp: 2026/03/06-23:57:12-GMT  BuildTime: Aug  4 2022 06:17:15  BuildStamp: freesurfer-linux-ubuntu22_x86_64-7.3.2-20220804-6354275  User: oesteban  Machine: dna078  Platform: Linux  PlatformVersion: 5.14.0-427.37.1.el9_4.x86_64  CompilerName: GCC  CompilerVersion: 8.4.0
ProgramName: mri_cc  ProgramArguments: mri_cc -all-info  ProgramVersion: 7.3.2  TimeStamp: 2026/03/06-23:57:12-GMT  BuildTime: Aug  4 2022 06:17:15  BuildStamp: freesurfer-linux-ubuntu22_x86_64-7.3.2-20220804-6354275  User: oesteban  Machine: dna078  Platform: Linux  PlatformVersion: 5.14.0-427.37.1.el9_4.x86_64  CompilerName: GCC  CompilerVersion: 8.4.0
ProgramName: mri_compute_overlap  ProgramArguments: mri_compute_overlap -all-info  ProgramVersion: 7.3.2  TimeStamp: 2026/03/06-23:57:12-GMT  BuildTime: Aug  4 2022 06:17:15  BuildStamp: freesurfer-linux-ubuntu22_x86_64-7.3.2-20220804-6354275  User: oesteban  Machine: dna078  Platform: Linux  PlatformVersion: 5.14.0-427.37.1.el9_4.x86_64  CompilerName: GCC  CompilerVersion: 8.4.0
ProgramName: mri_compute_seg_overlap  ProgramArguments: mri_compute_seg_overlap -all-info  ProgramVersion: 7.3.2  TimeStamp: 2026/03/06-23:57:12-GMT  BuildTime: Aug  4 2022 06:17:15  BuildStamp: freesurfer-linux-ubuntu22_x86_64-7.3.2-20220804-6354275  User: oesteban  Machine: dna078  Platform: Linux  PlatformVersion: 5.14.0-427.37.1.el9_4.x86_64  CompilerName: GCC  CompilerVersion: 8.4.0
ProgramName: mri_concat  ProgramArguments: mri_concat -all-info  ProgramVersion: 7.3.2  TimeStamp: 2026/03/06-23:57:12-GMT  BuildTime: Aug  4 2022 06:17:15  BuildStamp: freesurfer-linux-ubuntu22_x86_64-7.3.2-20220804-6354275  User: oesteban  Machine: dna078  Platform: Linux  PlatformVersion: 5.14.0-427.37.1.el9_4.x86_64  CompilerName: GCC  CompilerVersion: 8.4.0
ProgramName: mri_concatenate_lta  ProgramArguments: mri_concatenate_lta -all-info  ProgramVersion: 7.3.2  TimeStamp: 2026/03/06-23:57:12-GMT  BuildTime: Aug  4 2022 06:17:15  BuildStamp: freesurfer-linux-ubuntu22_x86_64-7.3.2-20220804-6354275  User: oesteban  Machine: dna078  Platform: Linux  PlatformVersion: 5.14.0-427.37.1.el9_4.x86_64  CompilerName: GCC  CompilerVersion: 8.4.0
mri_convert -all-info 
ProgramName: mri_convert  ProgramArguments: mri_convert -all-info  ProgramVersion: 7.3.2  TimeStamp: 2026/03/06-23:57:12-GMT  BuildTime: Aug  4 2022 06:17:15  BuildStamp: freesurfer-linux-ubuntu22_x86_64-7.3.2-20220804-6354275  User: oesteban  Machine: dna078  Platform: Linux  PlatformVersion: 5.14.0-427.37.1.el9_4.x86_64  CompilerName: GCC  CompilerVersion: 8.4.0
ProgramName: mri_diff  ProgramArguments: mri_diff -all-info  ProgramVersion: 7.3.2  TimeStamp: 2026/03/06-23:57:12-GMT  BuildTime: Aug  4 2022 06:17:15  BuildStamp: freesurfer-linux-ubuntu22_x86_64-7.3.2-20220804-6354275  User: oesteban  Machine: dna078  Platform: Linux  PlatformVersion: 5.14.0-427.37.1.el9_4.x86_64  CompilerName: GCC  CompilerVersion: 8.4.0
ProgramName: mri_edit_wm_with_aseg  ProgramArguments: mri_edit_wm_with_aseg -all-info  ProgramVersion: 7.3.2  TimeStamp: 2026/03/06-23:57:12-GMT  BuildTime: Aug  4 2022 06:17:15  BuildStamp: freesurfer-linux-ubuntu22_x86_64-7.3.2-20220804-6354275  User: oesteban  Machine: dna078  Platform: Linux  PlatformVersion: 5.14.0-427.37.1.el9_4.x86_64  CompilerName: GCC  CompilerVersion: 8.4.0
ProgramName: mri_em_register  ProgramArguments: mri_em_register -all-info  ProgramVersion: 7.3.2  TimeStamp: 2026/03/06-23:57:12-GMT  BuildTime: Aug  4 2022 06:17:15  BuildStamp: freesurfer-linux-ubuntu22_x86_64-7.3.2-20220804-6354275  User: oesteban  Machine: dna078  Platform: Linux  PlatformVersion: 5.14.0-427.37.1.el9_4.x86_64  CompilerName: GCC  CompilerVersion: 8.4.0
ProgramName: mri_fill  ProgramArguments: mri_fill -all-info  ProgramVersion: 7.3.2  TimeStamp: 2026/03/06-23:57:12-GMT  BuildTime: Aug  4 2022 06:17:15  BuildStamp: freesurfer-linux-ubuntu22_x86_64-7.3.2-20220804-6354275  User: oesteban  Machine: dna078  Platform: Linux  PlatformVersion: 5.14.0-427.37.1.el9_4.x86_64  CompilerName: GCC  CompilerVersion: 8.4.0
ProgramName: mri_fuse_segmentations  ProgramArguments: mri_fuse_segmentations -all-info  ProgramVersion: 7.3.2  TimeStamp: 2026/03/06-23:57:12-GMT  BuildTime: Aug  4 2022 06:17:15  BuildStamp: freesurfer-linux-ubuntu22_x86_64-7.3.2-20220804-6354275  User: oesteban  Machine: dna078  Platform: Linux  PlatformVersion: 5.14.0-427.37.1.el9_4.x86_64  CompilerName: GCC  CompilerVersion: 8.4.0
ProgramName: mri_fwhm  ProgramArguments: mri_fwhm -all-info  ProgramVersion: 7.3.2  TimeStamp: 2026/03/06-23:57:12-GMT  BuildTime: Aug  4 2022 06:17:15  BuildStamp: freesurfer-linux-ubuntu22_x86_64-7.3.2-20220804-6354275  User: oesteban  Machine: dna078  Platform: Linux  PlatformVersion: 5.14.0-427.37.1.el9_4.x86_64  CompilerName: GCC  CompilerVersion: 8.4.0
ProgramName: mri_gcut  ProgramArguments: mri_gcut -all-info  ProgramVersion: 7.3.2  TimeStamp: 2026/03/06-23:57:12-GMT  BuildTime: Aug  4 2022 06:17:15  BuildStamp: freesurfer-linux-ubuntu22_x86_64-7.3.2-20220804-6354275  User: oesteban  Machine: dna078  Platform: Linux  PlatformVersion: 5.14.0-427.37.1.el9_4.x86_64  CompilerName: GCC  CompilerVersion: 8.4.0
ProgramName: mri_info  ProgramArguments: mri_info -all-info  ProgramVersion: 7.3.2  TimeStamp: 2026/03/06-23:57:12-GMT  BuildTime: Aug  4 2022 06:17:15  BuildStamp: freesurfer-linux-ubuntu22_x86_64-7.3.2-20220804-6354275  User: oesteban  Machine: dna078  Platform: Linux  PlatformVersion: 5.14.0-427.37.1.el9_4.x86_64  CompilerName: GCC  CompilerVersion: 8.4.0
ProgramName: mri_label2label  ProgramArguments: mri_label2label -all-info  ProgramVersion: 7.3.2  TimeStamp: 2026/03/06-23:57:12-GMT  BuildTime: Aug  4 2022 06:17:15  BuildStamp: freesurfer-linux-ubuntu22_x86_64-7.3.2-20220804-6354275  User: oesteban  Machine: dna078  Platform: Linux  PlatformVersion: 5.14.0-427.37.1.el9_4.x86_64  CompilerName: GCC  CompilerVersion: 8.4.0
ProgramName: mri_label2vol  ProgramArguments: mri_label2vol -all-info  ProgramVersion: 7.3.2  TimeStamp: 2026/03/06-23:57:12-GMT  BuildTime: Aug  4 2022 06:17:15  BuildStamp: freesurfer-linux-ubuntu22_x86_64-7.3.2-20220804-6354275  User: oesteban  Machine: dna078  Platform: Linux  PlatformVersion: 5.14.0-427.37.1.el9_4.x86_64  CompilerName: GCC  CompilerVersion: 8.4.0
ProgramName: mri_log_likelihood  ProgramArguments: mri_log_likelihood -all-info  ProgramVersion: 7.3.2  TimeStamp: 2026/03/06-23:57:12-GMT  BuildTime: Aug  4 2022 06:17:15  BuildStamp: freesurfer-linux-ubuntu22_x86_64-7.3.2-20220804-6354275  User: oesteban  Machine: dna078  Platform: Linux  PlatformVersion: 5.14.0-427.37.1.el9_4.x86_64  CompilerName: GCC  CompilerVersion: 8.4.0
ProgramName: mri_mask  ProgramArguments: mri_mask -all-info  ProgramVersion: 7.3.2  TimeStamp: 2026/03/06-23:57:12-GMT  BuildTime: Aug  4 2022 06:17:15  BuildStamp: freesurfer-linux-ubuntu22_x86_64-7.3.2-20220804-6354275  User: oesteban  Machine: dna078  Platform: Linux  PlatformVersion: 5.14.0-427.37.1.el9_4.x86_64  CompilerName: GCC  CompilerVersion: 8.4.0
ProgramName: mri_matrix_multiply  ProgramArguments: mri_matrix_multiply -all-info  ProgramVersion: 7.3.2  TimeStamp: 2026/03/06-23:57:12-GMT  BuildTime: Aug  4 2022 06:17:15  BuildStamp: freesurfer-linux-ubuntu22_x86_64-7.3.2-20220804-6354275  User: oesteban  Machine: dna078  Platform: Linux  PlatformVersion: 5.14.0-427.37.1.el9_4.x86_64  CompilerName: GCC  CompilerVersion: 8.4.0
ProgramName: mri_normalize  ProgramArguments: mri_normalize -all-info  ProgramVersion: 7.3.2  TimeStamp: 2026/03/06-23:57:12-GMT  BuildTime: Aug  4 2022 06:17:15  BuildStamp: freesurfer-linux-ubuntu22_x86_64-7.3.2-20220804-6354275  User: oesteban  Machine: dna078  Platform: Linux  PlatformVersion: 5.14.0-427.37.1.el9_4.x86_64  CompilerName: GCC  CompilerVersion: 8.4.0
ProgramName: mri_normalize_tp2  ProgramArguments: mri_normalize_tp2 -all-info  ProgramVersion: 7.3.2  TimeStamp: 2026/03/06-23:57:12-GMT  BuildTime: Aug  4 2022 06:17:15  BuildStamp: freesurfer-linux-ubuntu22_x86_64-7.3.2-20220804-6354275  User: oesteban  Machine: dna078  Platform: Linux  PlatformVersion: 5.14.0-427.37.1.el9_4.x86_64  CompilerName: GCC  CompilerVersion: 8.4.0
ProgramName: mri_or  ProgramArguments: mri_or -all-info  ProgramVersion: 7.3.2  TimeStamp: 2026/03/06-23:57:12-GMT  BuildTime: Aug  4 2022 06:17:15  BuildStamp: freesurfer-linux-ubuntu22_x86_64-7.3.2-20220804-6354275  User: oesteban  Machine: dna078  Platform: Linux  PlatformVersion: 5.14.0-427.37.1.el9_4.x86_64  CompilerName: GCC  CompilerVersion: 8.4.0
ProgramName: mri_relabel_hypointensities  ProgramArguments: mri_relabel_hypointensities -all-info  ProgramVersion: 7.3.2  TimeStamp: 2026/03/06-23:57:12-GMT  BuildTime: Aug  4 2022 06:17:15  BuildStamp: freesurfer-linux-ubuntu22_x86_64-7.3.2-20220804-6354275  User: oesteban  Machine: dna078  Platform: Linux  PlatformVersion: 5.14.0-427.37.1.el9_4.x86_64  CompilerName: GCC  CompilerVersion: 8.4.0
ProgramName: mri_relabel_nonwm_hypos  ProgramArguments: mri_relabel_nonwm_hypos -all-info  ProgramVersion: 7.3.2  TimeStamp: 2026/03/06-23:57:12-GMT  BuildTime: Aug  4 2022 06:17:15  BuildStamp: freesurfer-linux-ubuntu22_x86_64-7.3.2-20220804-6354275  User: oesteban  Machine: dna078  Platform: Linux  PlatformVersion: 5.14.0-427.37.1.el9_4.x86_64  CompilerName: GCC  CompilerVersion: 8.4.0
ProgramName: mri_remove_neck  ProgramArguments: mri_remove_neck -all-info  ProgramVersion: 7.3.2  TimeStamp: 2026/03/06-23:57:12-GMT  BuildTime: Aug  4 2022 06:17:15  BuildStamp: freesurfer-linux-ubuntu22_x86_64-7.3.2-20220804-6354275  User: oesteban  Machine: dna078  Platform: Linux  PlatformVersion: 5.14.0-427.37.1.el9_4.x86_64  CompilerName: GCC  CompilerVersion: 8.4.0
7.3.2

ProgramName: mri_robust_register  ProgramArguments: mri_robust_register -all-info  ProgramVersion: 7.3.2  TimeStamp: 2026/03/06-23:57:12-GMT  BuildTime: Aug  4 2022 06:17:15  BuildStamp: freesurfer-linux-ubuntu22_x86_64-7.3.2-20220804-6354275  User: oesteban  Machine: dna078  Platform: Linux  PlatformVersion: 5.14.0-427.37.1.el9_4.x86_64  CompilerName: GCC  CompilerVersion: 8.4.0
7.3.2

ProgramName: mri_robust_template  ProgramArguments: mri_robust_template -all-info  ProgramVersion: 7.3.2  TimeStamp: 2026/03/06-23:57:12-GMT  BuildTime: Aug  4 2022 06:17:15  BuildStamp: freesurfer-linux-ubuntu22_x86_64-7.3.2-20220804-6354275  User: oesteban  Machine: dna078  Platform: Linux  PlatformVersion: 5.14.0-427.37.1.el9_4.x86_64  CompilerName: GCC  CompilerVersion: 8.4.0
ProgramName: mris_anatomical_stats  ProgramArguments: mris_anatomical_stats -all-info  ProgramVersion: 7.3.2  TimeStamp: 2026/03/06-23:57:12-GMT  BuildTime: Aug  4 2022 06:17:15  BuildStamp: freesurfer-linux-ubuntu22_x86_64-7.3.2-20220804-6354275  User: oesteban  Machine: dna078  Platform: Linux  PlatformVersion: 5.14.0-427.37.1.el9_4.x86_64  CompilerName: GCC  CompilerVersion: 8.4.0
ProgramName: mris_ca_label  ProgramArguments: mris_ca_label -all-info  ProgramVersion: 7.3.2  TimeStamp: 2026/03/06-23:57:12-GMT  BuildTime: Aug  4 2022 06:17:15  BuildStamp: freesurfer-linux-ubuntu22_x86_64-7.3.2-20220804-6354275  User: oesteban  Machine: dna078  Platform: Linux  PlatformVersion: 5.14.0-427.37.1.el9_4.x86_64  CompilerName: GCC  CompilerVersion: 8.4.0
ProgramName: mris_calc  ProgramArguments: mris_calc -all-info  ProgramVersion: 7.3.2  TimeStamp: 2026/03/06-23:57:12-GMT  BuildTime: Aug  4 2022 06:17:15  BuildStamp: freesurfer-linux-ubuntu22_x86_64-7.3.2-20220804-6354275  User: oesteban  Machine: dna078  Platform: Linux  PlatformVersion: 5.14.0-427.37.1.el9_4.x86_64  CompilerName: GCC  CompilerVersion: 8.4.0
ProgramName: mris_convert  ProgramArguments: mris_convert -all-info  ProgramVersion: 7.3.2  TimeStamp: 2026/03/06-23:57:12-GMT  BuildTime: Aug  4 2022 06:17:15  BuildStamp: freesurfer-linux-ubuntu22_x86_64-7.3.2-20220804-6354275  User: oesteban  Machine: dna078  Platform: Linux  PlatformVersion: 5.14.0-427.37.1.el9_4.x86_64  CompilerName: GCC  CompilerVersion: 8.4.0
ProgramName: mris_curvature  ProgramArguments: mris_curvature -all-info  ProgramVersion: 7.3.2  TimeStamp: 2026/03/06-23:57:12-GMT  BuildTime: Aug  4 2022 06:17:15  BuildStamp: freesurfer-linux-ubuntu22_x86_64-7.3.2-20220804-6354275  User: oesteban  Machine: dna078  Platform: Linux  PlatformVersion: 5.14.0-427.37.1.el9_4.x86_64  CompilerName: GCC  CompilerVersion: 8.4.0
ProgramName: mris_curvature_stats  ProgramArguments: mris_curvature_stats -all-info  ProgramVersion: 7.3.2  TimeStamp: 2026/03/06-23:57:12-GMT  BuildTime: Aug  4 2022 06:17:15  BuildStamp: freesurfer-linux-ubuntu22_x86_64-7.3.2-20220804-6354275  User: oesteban  Machine: dna078  Platform: Linux  PlatformVersion: 5.14.0-427.37.1.el9_4.x86_64  CompilerName: GCC  CompilerVersion: 8.4.0
ProgramName: mris_diff  ProgramArguments: mris_diff -all-info  ProgramVersion: 7.3.2  TimeStamp: 2026/03/06-23:57:12-GMT  BuildTime: Aug  4 2022 06:17:15  BuildStamp: freesurfer-linux-ubuntu22_x86_64-7.3.2-20220804-6354275  User: oesteban  Machine: dna078  Platform: Linux  PlatformVersion: 5.14.0-427.37.1.el9_4.x86_64  CompilerName: GCC  CompilerVersion: 8.4.0
ProgramName: mris_divide_parcellation  ProgramArguments: mris_divide_parcellation -all-info  ProgramVersion: 7.3.2  TimeStamp: 2026/03/06-23:57:12-GMT  BuildTime: Aug  4 2022 06:17:15  BuildStamp: freesurfer-linux-ubuntu22_x86_64-7.3.2-20220804-6354275  User: oesteban  Machine: dna078  Platform: Linux  PlatformVersion: 5.14.0-427.37.1.el9_4.x86_64  CompilerName: GCC  CompilerVersion: 8.4.0
ProgramName: mri_segment  ProgramArguments: mri_segment -all-info  ProgramVersion: 7.3.2  TimeStamp: 2026/03/06-23:57:12-GMT  BuildTime: Aug  4 2022 06:17:15  BuildStamp: freesurfer-linux-ubuntu22_x86_64-7.3.2-20220804-6354275  User: oesteban  Machine: dna078  Platform: Linux  PlatformVersion: 5.14.0-427.37.1.el9_4.x86_64  CompilerName: GCC  CompilerVersion: 8.4.0
ProgramName: mri_segstats  ProgramArguments: mri_segstats -all-info  ProgramVersion: 7.3.2  TimeStamp: 2026/03/06-23:57:12-GMT  BuildTime: Aug  4 2022 06:17:15  BuildStamp: freesurfer-linux-ubuntu22_x86_64-7.3.2-20220804-6354275  User: oesteban  Machine: dna078  Platform: Linux  PlatformVersion: 5.14.0-427.37.1.el9_4.x86_64  CompilerName: GCC  CompilerVersion: 8.4.0
ProgramName: mris_euler_number  ProgramArguments: mris_euler_number -all-info  ProgramVersion: 7.3.2  TimeStamp: 2026/03/06-23:57:12-GMT  BuildTime: Aug  4 2022 06:17:15  BuildStamp: freesurfer-linux-ubuntu22_x86_64-7.3.2-20220804-6354275  User: oesteban  Machine: dna078  Platform: Linux  PlatformVersion: 5.14.0-427.37.1.el9_4.x86_64  CompilerName: GCC  CompilerVersion: 8.4.0
ProgramName: mris_fix_topology  ProgramArguments: mris_fix_topology -all-info  ProgramVersion: 7.3.2  TimeStamp: 2026/03/06-23:57:12-GMT  BuildTime: Aug  4 2022 06:17:15  BuildStamp: freesurfer-linux-ubuntu22_x86_64-7.3.2-20220804-6354275  User: oesteban  Machine: dna078  Platform: Linux  PlatformVersion: 5.14.0-427.37.1.el9_4.x86_64  CompilerName: GCC  CompilerVersion: 8.4.0
ProgramName: mris_topo_fixer  ProgramArguments: mris_topo_fixer -all-info  ProgramVersion: 7.3.2  TimeStamp: 2026/03/06-23:57:12-GMT  BuildTime: Aug  4 2022 06:17:15  BuildStamp: freesurfer-linux-ubuntu22_x86_64-7.3.2-20220804-6354275  User: oesteban  Machine: dna078  Platform: Linux  PlatformVersion: 5.14.0-427.37.1.el9_4.x86_64  CompilerName: GCC  CompilerVersion: 8.4.0
ProgramName: mris_jacobian  ProgramArguments: mris_jacobian -all-info  ProgramVersion: 7.3.2  TimeStamp: 2026/03/06-23:57:12-GMT  BuildTime: Aug  4 2022 06:17:15  BuildStamp: freesurfer-linux-ubuntu22_x86_64-7.3.2-20220804-6354275  User: oesteban  Machine: dna078  Platform: Linux  PlatformVersion: 5.14.0-427.37.1.el9_4.x86_64  CompilerName: GCC  CompilerVersion: 8.4.0
ProgramName: mris_label2annot  ProgramArguments: mris_label2annot -all-info  ProgramVersion: 7.3.2  TimeStamp: 2026/03/06-23:57:12-GMT  BuildTime: Aug  4 2022 06:17:15  BuildStamp: freesurfer-linux-ubuntu22_x86_64-7.3.2-20220804-6354275  User: oesteban  Machine: dna078  Platform: Linux  PlatformVersion: 5.14.0-427.37.1.el9_4.x86_64  CompilerName: GCC  CompilerVersion: 8.4.0
ProgramName: mris_left_right_register  ProgramArguments: mris_left_right_register -all-info  ProgramVersion: 7.3.2  TimeStamp: 2026/03/06-23:57:12-GMT  BuildTime: Aug  4 2022 06:17:15  BuildStamp: freesurfer-linux-ubuntu22_x86_64-7.3.2-20220804-6354275  User: oesteban  Machine: dna078  Platform: Linux  PlatformVersion: 5.14.0-427.37.1.el9_4.x86_64  CompilerName: GCC  CompilerVersion: 8.4.0
ProgramName: mris_place_surface  ProgramArguments: mris_place_surface -all-info  ProgramVersion: 7.3.2  TimeStamp: 2026/03/06-23:57:12-GMT  BuildTime: Aug  4 2022 06:17:15  BuildStamp: freesurfer-linux-ubuntu22_x86_64-7.3.2-20220804-6354275  User: oesteban  Machine: dna078  Platform: Linux  PlatformVersion: 5.14.0-427.37.1.el9_4.x86_64  CompilerName: GCC  CompilerVersion: 8.4.0
ProgramName: mrisp_paint  ProgramArguments: mrisp_paint -all-info  ProgramVersion: 7.3.2  TimeStamp: 2026/03/06-23:57:12-GMT  BuildTime: Aug  4 2022 06:17:15  BuildStamp: freesurfer-linux-ubuntu22_x86_64-7.3.2-20220804-6354275  User: oesteban  Machine: dna078  Platform: Linux  PlatformVersion: 5.14.0-427.37.1.el9_4.x86_64  CompilerName: GCC  CompilerVersion: 8.4.0
ProgramName: mris_register  ProgramArguments: mris_register -all-info  ProgramVersion: 7.3.2  TimeStamp: 2026/03/06-23:57:12-GMT  BuildTime: Aug  4 2022 06:17:15  BuildStamp: freesurfer-linux-ubuntu22_x86_64-7.3.2-20220804-6354275  User: oesteban  Machine: dna078  Platform: Linux  PlatformVersion: 5.14.0-427.37.1.el9_4.x86_64  CompilerName: GCC  CompilerVersion: 8.4.0
ProgramName: mris_smooth  ProgramArguments: mris_smooth -all-info  ProgramVersion: 7.3.2  TimeStamp: 2026/03/06-23:57:12-GMT  BuildTime: Aug  4 2022 06:17:15  BuildStamp: freesurfer-linux-ubuntu22_x86_64-7.3.2-20220804-6354275  User: oesteban  Machine: dna078  Platform: Linux  PlatformVersion: 5.14.0-427.37.1.el9_4.x86_64  CompilerName: GCC  CompilerVersion: 8.4.0
ProgramName: mris_sphere  ProgramArguments: mris_sphere -all-info  ProgramVersion: 7.3.2  TimeStamp: 2026/03/06-23:57:12-GMT  BuildTime: Aug  4 2022 06:17:15  BuildStamp: freesurfer-linux-ubuntu22_x86_64-7.3.2-20220804-6354275  User: oesteban  Machine: dna078  Platform: Linux  PlatformVersion: 5.14.0-427.37.1.el9_4.x86_64  CompilerName: GCC  CompilerVersion: 8.4.0
ProgramName: mris_surface_stats  ProgramArguments: mris_surface_stats -all-info  ProgramVersion: 7.3.2  TimeStamp: 2026/03/06-23:57:12-GMT  BuildTime: Aug  4 2022 06:17:15  BuildStamp: freesurfer-linux-ubuntu22_x86_64-7.3.2-20220804-6354275  User: oesteban  Machine: dna078  Platform: Linux  PlatformVersion: 5.14.0-427.37.1.el9_4.x86_64  CompilerName: GCC  CompilerVersion: 8.4.0
ProgramName: mri_stats2seg  ProgramArguments: mri_stats2seg -all-info  ProgramVersion: 7.3.2  TimeStamp: 2026/03/06-23:57:12-GMT  BuildTime: Aug  4 2022 06:17:15  BuildStamp: freesurfer-linux-ubuntu22_x86_64-7.3.2-20220804-6354275  User: oesteban  Machine: dna078  Platform: Linux  PlatformVersion: 5.14.0-427.37.1.el9_4.x86_64  CompilerName: GCC  CompilerVersion: 8.4.0
ProgramName: mris_thickness  ProgramArguments: mris_thickness -all-info  ProgramVersion: 7.3.2  TimeStamp: 2026/03/06-23:57:12-GMT  BuildTime: Aug  4 2022 06:17:15  BuildStamp: freesurfer-linux-ubuntu22_x86_64-7.3.2-20220804-6354275  User: oesteban  Machine: dna078  Platform: Linux  PlatformVersion: 5.14.0-427.37.1.el9_4.x86_64  CompilerName: GCC  CompilerVersion: 8.4.0
ProgramName: mris_thickness_diff  ProgramArguments: mris_thickness_diff -all-info  ProgramVersion: 7.3.2  TimeStamp: 2026/03/06-23:57:12-GMT  BuildTime: Aug  4 2022 06:17:15  BuildStamp: freesurfer-linux-ubuntu22_x86_64-7.3.2-20220804-6354275  User: oesteban  Machine: dna078  Platform: Linux  PlatformVersion: 5.14.0-427.37.1.el9_4.x86_64  CompilerName: GCC  CompilerVersion: 8.4.0
ProgramName: mris_topo_fixer  ProgramArguments: mris_topo_fixer -all-info  ProgramVersion: 7.3.2  TimeStamp: 2026/03/06-23:57:12-GMT  BuildTime: Aug  4 2022 06:17:15  BuildStamp: freesurfer-linux-ubuntu22_x86_64-7.3.2-20220804-6354275  User: oesteban  Machine: dna078  Platform: Linux  PlatformVersion: 5.14.0-427.37.1.el9_4.x86_64  CompilerName: GCC  CompilerVersion: 8.4.0
ProgramName: mri_surf2surf  ProgramArguments: mri_surf2surf -all-info  ProgramVersion: 7.3.2  TimeStamp: 2026/03/06-23:57:12-GMT  BuildTime: Aug  4 2022 06:17:15  BuildStamp: freesurfer-linux-ubuntu22_x86_64-7.3.2-20220804-6354275  User: oesteban  Machine: dna078  Platform: Linux  PlatformVersion: 5.14.0-427.37.1.el9_4.x86_64  CompilerName: GCC  CompilerVersion: 8.4.0
ProgramName: mri_surf2vol  ProgramArguments: mri_surf2vol -all-info  ProgramVersion: 7.3.2  TimeStamp: 2026/03/06-23:57:12-GMT  BuildTime: Aug  4 2022 06:17:15  BuildStamp: freesurfer-linux-ubuntu22_x86_64-7.3.2-20220804-6354275  User: oesteban  Machine: dna078  Platform: Linux  PlatformVersion: 5.14.0-427.37.1.el9_4.x86_64  CompilerName: GCC  CompilerVersion: 8.4.0
ProgramName: mri_surfcluster  ProgramArguments: mri_surfcluster -all-info  ProgramVersion: 7.3.2  TimeStamp: 2026/03/06-23:57:12-GMT  BuildTime: Aug  4 2022 06:17:15  BuildStamp: freesurfer-linux-ubuntu22_x86_64-7.3.2-20220804-6354275  User: oesteban  Machine: dna078  Platform: Linux  PlatformVersion: 5.14.0-427.37.1.el9_4.x86_64  CompilerName: GCC  CompilerVersion: 8.4.0
ProgramName: mris_volmask  ProgramArguments: mris_volmask -all-info  ProgramVersion: 7.3.2  TimeStamp: 2026/03/06-23:57:12-GMT  BuildTime: Aug  4 2022 06:17:15  BuildStamp: freesurfer-linux-ubuntu22_x86_64-7.3.2-20220804-6354275  User: oesteban  Machine: dna078  Platform: Linux  PlatformVersion: 5.14.0-427.37.1.el9_4.x86_64  CompilerName: GCC  CompilerVersion: 8.4.0
ProgramName: mri_tessellate  ProgramArguments: mri_tessellate -all-info  ProgramVersion: 7.3.2  TimeStamp: 2026/03/06-23:57:12-GMT  BuildTime: Aug  4 2022 06:17:15  BuildStamp: freesurfer-linux-ubuntu22_x86_64-7.3.2-20220804-6354275  User: oesteban  Machine: dna078  Platform: Linux  PlatformVersion: 5.14.0-427.37.1.el9_4.x86_64  CompilerName: GCC  CompilerVersion: 8.4.0
ProgramName: mri_vol2surf  ProgramArguments: mri_vol2surf -all-info  ProgramVersion: 7.3.2  TimeStamp: 2026/03/06-23:57:12-GMT  BuildTime: Aug  4 2022 06:17:15  BuildStamp: freesurfer-linux-ubuntu22_x86_64-7.3.2-20220804-6354275  User: oesteban  Machine: dna078  Platform: Linux  PlatformVersion: 5.14.0-427.37.1.el9_4.x86_64  CompilerName: GCC  CompilerVersion: 8.4.0
ProgramName: mri_vol2vol  ProgramArguments: mri_vol2vol -all-info  ProgramVersion: 7.3.2  TimeStamp: 2026/03/06-23:57:12-GMT  BuildTime: Aug  4 2022 06:17:15  BuildStamp: freesurfer-linux-ubuntu22_x86_64-7.3.2-20220804-6354275  User: oesteban  Machine: dna078  Platform: Linux  PlatformVersion: 5.14.0-427.37.1.el9_4.x86_64  CompilerName: GCC  CompilerVersion: 8.4.0
ProgramName: mri_voldiff  ProgramArguments: mri_voldiff -all-info  ProgramVersion: 7.3.2  TimeStamp: 2026/03/06-23:57:12-GMT  BuildTime: Aug  4 2022 06:17:15  BuildStamp: freesurfer-linux-ubuntu22_x86_64-7.3.2-20220804-6354275  User: oesteban  Machine: dna078  Platform: Linux  PlatformVersion: 5.14.0-427.37.1.el9_4.x86_64  CompilerName: GCC  CompilerVersion: 8.4.0
ProgramName: mri_watershed  ProgramArguments: mri_watershed -all-info  ProgramVersion: 7.3.2  TimeStamp: 2026/03/06-23:57:12-GMT  BuildTime: Aug  4 2022 06:17:15  BuildStamp: freesurfer-linux-ubuntu22_x86_64-7.3.2-20220804-6354275  User: oesteban  Machine: dna078  Platform: Linux  PlatformVersion: 5.14.0-427.37.1.el9_4.x86_64  CompilerName: GCC  CompilerVersion: 8.4.0
ProgramName: tkregister2  ProgramArguments: tkregister2_cmdl -all-info  ProgramVersion: 7.3.2  TimeStamp: 2026/03/06-23:57:12-GMT  BuildTime: Aug  4 2022 06:17:15  BuildStamp: freesurfer-linux-ubuntu22_x86_64-7.3.2-20220804-6354275  User: oesteban  Machine: dna078  Platform: Linux  PlatformVersion: 5.14.0-427.37.1.el9_4.x86_64  CompilerName: GCC  CompilerVersion: 8.4.0
mri_motion_correct.fsl 7.3.2
mri_convert -all-info 
ProgramName: mri_convert  ProgramArguments: mri_convert -all-info  ProgramVersion: 7.3.2  TimeStamp: 2026/03/06-23:57:12-GMT  BuildTime: Aug  4 2022 06:17:15  BuildStamp: freesurfer-linux-ubuntu22_x86_64-7.3.2-20220804-6354275  User: oesteban  Machine: dna078  Platform: Linux  PlatformVersion: 5.14.0-427.37.1.el9_4.x86_64  CompilerName: GCC  CompilerVersion: 8.4.0
Program nu_correct, built from:
Package MNI N3, version 1.12.0, compiled by nicks@terrier (x86_64-unknown-linux-gnu) on 2015-06-19 at 01:25:34
#######################################
GCADIR /opt/freesurfer/average
GCA RB_all_2020-01-02.gca
GCASkull RB_all_withskull_2020_01_02.gca
AvgCurvTif folding.atlas.acfb40.noaparc.i12.2016-08-02.tif
GCSDIR /opt/freesurfer/average
GCS DKaparc.atlas.acfb40.noaparc.i12.2016-08-02.gcs
#######################################
/out/sourcedata/freesurfer/sub-v1s18x0051229_ses-1

 mri_convert /work/fmriprep_25_2_wf/sub_v1s18x0051229_ses_1_wf/anat_fit_wf/anat_validate/sub-v1s18x0051229_ses-1_T1w_noise_corrected_ras_valid.nii.gz /out/sourcedata/freesurfer/sub-v1s18x0051229_ses-1/mri/orig/001.mgz 

mri_convert /work/fmriprep_25_2_wf/sub_v1s18x0051229_ses_1_wf/anat_fit_wf/anat_validate/sub-v1s18x0051229_ses-1_T1w_noise_corrected_ras_valid.nii.gz /out/sourcedata/freesurfer/sub-v1s18x0051229_ses-1/mri/orig/001.mgz 
reading from /work/fmriprep_25_2_wf/sub_v1s18x0051229_ses_1_wf/anat_fit_wf/anat_validate/sub-v1s18x0051229_ses-1_T1w_noise_corrected_ras_valid.nii.gz...
TR=0.00, TE=0.00, TI=0.00, flip angle=0.00
i_ras = (1, 0, 0)
j_ras = (0, 1, 0)
k_ras = (0, 0, 1)
writing to /out/sourcedata/freesurfer/sub-v1s18x0051229_ses-1/mri/orig/001.mgz...
#--------------------------------------------
#@# MotionCor Sat Mar  7 00:57:14 CET 2026
Found 1 runs
/out/sourcedata/freesurfer/sub-v1s18x0051229_ses-1/mri/orig/001.mgz
Checking for (invalid) multi-frame inputs...
Only one run found so motion
correction will not be performed. I'll
copy the run to rawavg and continue.

 cp /out/sourcedata/freesurfer/sub-v1s18x0051229_ses-1/mri/orig/001.mgz /out/sourcedata/freesurfer/sub-v1s18x0051229_ses-1/mri/rawavg.mgz 


 mri_info /out/sourcedata/freesurfer/sub-v1s18x0051229_ses-1/mri/rawavg.mgz 

rawavg.mgz ========================================
Volume information for /out/sourcedata/freesurfer/sub-v1s18x0051229_ses-1/mri/rawavg.mgz
          type: MGH
    dimensions: 160 x 240 x 256
   voxel sizes: 1.200000, 1.000000, 1.000000
          type: FLOAT (3)
           fov: 256.000
           dof: 1
        xstart: -96.0, xend: 96.0
        ystart: -120.0, yend: 120.0
        zstart: -128.0, zend: 128.0
            TR: 0.00 msec, TE: 0.00 msec, TI: 0.00 msec, flip angle: 0.00 degrees
       nframes: 1
       PhEncDir: UNKNOWN
       FieldStrength: 0.000000
ras xform present
    xform info: x_r =   1.0000, y_r =   0.0000, z_r =   0.0000, c_r =     4.8371
              : x_a =   0.0000, y_a =   1.0000, z_a =   0.0000, c_a =     7.6533
              : x_s =   0.0000, y_s =   0.0000, z_s =   1.0000, c_s =    10.6852

talairach xfm : 
Orientation   : RAS
Primary Slice Direction: axial

voxel to ras transform:
                1.2000   0.0000   0.0000   -91.1629
                0.0000   1.0000   0.0000  -112.3467
                0.0000   0.0000   1.0000  -117.3148
                0.0000   0.0000   0.0000     1.0000

voxel-to-ras determinant 1.2

ras to voxel transform:
                0.8333   0.0000   0.0000    75.9690
                0.0000   1.0000   0.0000   112.3467
                0.0000   0.0000   1.0000   117.3148
                0.0000   0.0000   0.0000     1.0000
/out/sourcedata/freesurfer/sub-v1s18x0051229_ses-1

 mri_convert /out/sourcedata/freesurfer/sub-v1s18x0051229_ses-1/mri/rawavg.mgz /out/sourcedata/freesurfer/sub-v1s18x0051229_ses-1/mri/orig.mgz --conform 

mri_convert /out/sourcedata/freesurfer/sub-v1s18x0051229_ses-1/mri/rawavg.mgz /out/sourcedata/freesurfer/sub-v1s18x0051229_ses-1/mri/orig.mgz --conform 
reading from /out/sourcedata/freesurfer/sub-v1s18x0051229_ses-1/mri/rawavg.mgz...
TR=0.00, TE=0.00, TI=0.00, flip angle=0.00
i_ras = (1, 0, 0)
j_ras = (0, 1, 0)
k_ras = (0, 0, 1)
changing data type from float to uchar (noscale = 0)...
MRIchangeType: Building histogram 0 841.285 1000, flo=0, fhi=0.999, dest_type=0
Reslicing using trilinear interpolation 
writing to /out/sourcedata/freesurfer/sub-v1s18x0051229_ses-1/mri/orig.mgz...

 mri_add_xform_to_header -c /out/sourcedata/freesurfer/sub-v1s18x0051229_ses-1/mri/transforms/talairach.xfm /out/sourcedata/freesurfer/sub-v1s18x0051229_ses-1/mri/orig.mgz /out/sourcedata/freesurfer/sub-v1s18x0051229_ses-1/mri/orig.mgz 

INFO: extension is mgz

 mri_info /out/sourcedata/freesurfer/sub-v1s18x0051229_ses-1/mri/orig.mgz 

orig.mgz ========================================
Volume information for /out/sourcedata/freesurfer/sub-v1s18x0051229_ses-1/mri/orig.mgz
          type: MGH
    dimensions: 256 x 256 x 256
   voxel sizes: 1.000000, 1.000000, 1.000000
          type: UCHAR (0)
           fov: 256.000
           dof: 1
        xstart: -128.0, xend: 128.0
        ystart: -128.0, yend: 128.0
        zstart: -128.0, zend: 128.0
            TR: 0.00 msec, TE: 0.00 msec, TI: 0.00 msec, flip angle: 0.00 degrees
       nframes: 1
       PhEncDir: UNKNOWN
       FieldStrength: 0.000000
ras xform present
    xform info: x_r =  -1.0000, y_r =   0.0000, z_r =   0.0000, c_r =     4.8371
              : x_a =   0.0000, y_a =   0.0000, z_a =   1.0000, c_a =     7.6533
              : x_s =   0.0000, y_s =  -1.0000, z_s =   0.0000, c_s =    10.6852

talairach xfm : /out/sourcedata/freesurfer/sub-v1s18x0051229_ses-1/mri/transforms/talairach.xfm
Orientation   : LIA
Primary Slice Direction: coronal

voxel to ras transform:
               -1.0000   0.0000   0.0000   132.8371
                0.0000   0.0000   1.0000  -120.3467
                0.0000  -1.0000   0.0000   138.6852
                0.0000   0.0000   0.0000     1.0000

voxel-to-ras determinant -1

ras to voxel transform:
               -1.0000  -0.0000  -0.0000   132.8371
               -0.0000  -0.0000  -1.0000   138.6852
               -0.0000   1.0000  -0.0000   120.3467
               -0.0000  -0.0000  -0.0000     1.0000
#--------------------------------------------
#@# Talairach Sat Mar  7 00:57:19 CET 2026
/out/sourcedata/freesurfer/sub-v1s18x0051229_ses-1/mri

 mri_nu_correct.mni --no-rescale --i orig.mgz --o orig_nu.mgz --ants-n4 --n 1 --proto-iters 1000 --distance 50 

/usr/bin/bc
/out/sourcedata/freesurfer/sub-v1s18x0051229_ses-1/mri
/opt/freesurfer/bin/mri_nu_correct.mni
--no-rescale --i orig.mgz --o orig_nu.mgz --ants-n4 --n 1 --proto-iters 1000 --distance 50
nIters 1
mri_nu_correct.mni 7.3.2
Linux dna078 5.14.0-427.37.1.el9_4.x86_64 #1 SMP PREEMPT_DYNAMIC Fri Sep 13 12:41:50 EDT 2024 x86_64 x86_64 x86_64 GNU/Linux
Sat Mar  7 00:57:19 CET 2026
tmpdir is ./tmp.mri_nu_correct.mni.2187591
cd /out/sourcedata/freesurfer/sub-v1s18x0051229_ses-1/mri
AntsN4BiasFieldCorrectionFs -i orig.mgz -o ./tmp.mri_nu_correct.mni.2187591/nu0.mgz --dtype uchar
AntsN4BiasFieldCorrectionFs done
mri_convert ./tmp.mri_nu_correct.mni.2187591/nu0.mgz orig_nu.mgz --like orig.mgz --conform
mri_convert ./tmp.mri_nu_correct.mni.2187591/nu0.mgz orig_nu.mgz --like orig.mgz --conform 
reading from ./tmp.mri_nu_correct.mni.2187591/nu0.mgz...
TR=0.00, TE=0.00, TI=0.00, flip angle=0.00
i_ras = (-1, 0, 0)
j_ras = (0, 0, -1)
k_ras = (0, 1, 0)
INFO: transform src into the like-volume: orig.mgz
writing to orig_nu.mgz...
 
 
Sat Mar  7 00:59:53 CET 2026
mri_nu_correct.mni done

 talairach_avi --i orig_nu.mgz --xfm transforms/talairach.auto.xfm 

talairach_avi log file is transforms/talairach_avi.log...
mv -f /out/sourcedata/freesurfer/sub-v1s18x0051229_ses-1/mri/talsrcimg_to_711-2C_as_mni_average_305_t4_vox2vox.txt /out/sourcedata/freesurfer/sub-v1s18x0051229_ses-1/mri/transforms/talsrcimg_to_711-2C_as_mni_average_305_t4_vox2vox.txt
Started at Sat Mar 7 00:59:53 CET 2026
Ended   at Sat Mar  7 01:00:08 CET 2026
talairach_avi done

 cp transforms/talairach.auto.xfm transforms/talairach.xfm 

lta_convert --src orig.mgz --trg /opt/freesurfer/average/mni305.cor.mgz --inxfm transforms/talairach.xfm --outlta transforms/talairach.xfm.lta --subject fsaverage --ltavox2vox
7.3.2

--src: orig.mgz src image (geometry).
--trg: /opt/freesurfer/average/mni305.cor.mgz trg image (geometry).
--inmni: transforms/talairach.xfm input MNI/XFM transform.
--outlta: transforms/talairach.xfm.lta output LTA.
--s: fsaverage subject name
--ltavox2vox: output LTA as VOX_TO_VOX transform.
 LTA read, type : 1
 1.10443   0.01815  -0.00326  -2.88782;
-0.00658   1.02057   0.26870  -25.55489;
-0.01698  -0.20086   1.05482  -18.84662;
 0.00000   0.00000   0.00000   1.00000;
setting subject to fsaverage
Writing  LTA to file transforms/talairach.xfm.lta...
lta_convert successful.
#--------------------------------------------
#@# Talairach Failure Detection Sat Mar  7 01:00:10 CET 2026
/out/sourcedata/freesurfer/sub-v1s18x0051229_ses-1/mri

 talairach_afd -T 0.005 -xfm transforms/talairach.xfm 

talairach_afd: Talairach Transform: transforms/talairach.xfm OK (p=0.7659, pval=0.6675 >= threshold=0.0050)

 awk -f /opt/freesurfer/bin/extract_talairach_avi_QA.awk /out/sourcedata/freesurfer/sub-v1s18x0051229_ses-1/mri/transforms/talairach_avi.log 


 tal_QC_AZS /out/sourcedata/freesurfer/sub-v1s18x0051229_ses-1/mri/transforms/talairach_avi.log 

TalAviQA: 0.97891
z-score: 0
#--------------------------------------------
#@# Nu Intensity Correction Sat Mar  7 01:00:10 CET 2026

 mri_nu_correct.mni --i orig.mgz --o nu.mgz --uchar transforms/talairach.xfm --n 2 --ants-n4 

/usr/bin/bc
/out/sourcedata/freesurfer/sub-v1s18x0051229_ses-1/mri
/opt/freesurfer/bin/mri_nu_correct.mni
--i orig.mgz --o nu.mgz --uchar transforms/talairach.xfm --n 2 --ants-n4
nIters 2
mri_nu_correct.mni 7.3.2
Linux dna078 5.14.0-427.37.1.el9_4.x86_64 #1 SMP PREEMPT_DYNAMIC Fri Sep 13 12:41:50 EDT 2024 x86_64 x86_64 x86_64 GNU/Linux
Sat Mar  7 01:00:10 CET 2026
tmpdir is ./tmp.mri_nu_correct.mni.2188490
cd /out/sourcedata/freesurfer/sub-v1s18x0051229_ses-1/mri
AntsN4BiasFieldCorrectionFs -i orig.mgz -o ./tmp.mri_nu_correct.mni.2188490/nu0.mgz --dtype uchar
AntsN4BiasFieldCorrectionFs done
mri_binarize --i ./tmp.mri_nu_correct.mni.2188490/nu0.mgz --min -1 --o ./tmp.mri_nu_correct.mni.2188490/ones.mgz

7.3.2
cwd /out/sourcedata/freesurfer/sub-v1s18x0051229_ses-1/mri
cmdline mri_binarize --i ./tmp.mri_nu_correct.mni.2188490/nu0.mgz --min -1 --o ./tmp.mri_nu_correct.mni.2188490/ones.mgz 
sysname  Linux
hostname dna078
machine  x86_64
user     oesteban

input      ./tmp.mri_nu_correct.mni.2188490/nu0.mgz
frame      0
nErode3d   0
nErode2d   0
output     ./tmp.mri_nu_correct.mni.2188490/ones.mgz
Binarizing based on threshold
min        -1
max        +infinity
binval        1
binvalnot     0
fstart = 0, fend = 0, nframes = 1
Starting parallel 1
Found 16777216 values in range
Counting number of voxels in first frame
Found 16777215 voxels in final mask
Writing output to ./tmp.mri_nu_correct.mni.2188490/ones.mgz
Count: 16777215 16777215.000000 16777216 99.999994
mri_binarize done
mri_segstats --id 1 --seg ./tmp.mri_nu_correct.mni.2188490/ones.mgz --i orig.mgz --sum ./tmp.mri_nu_correct.mni.2188490/sum.junk --avgwf ./tmp.mri_nu_correct.mni.2188490/input.mean.dat

7.3.2
cwd 
cmdline mri_segstats --id 1 --seg ./tmp.mri_nu_correct.mni.2188490/ones.mgz --i orig.mgz --sum ./tmp.mri_nu_correct.mni.2188490/sum.junk --avgwf ./tmp.mri_nu_correct.mni.2188490/input.mean.dat 
sysname  Linux
hostname dna078
machine  x86_64
user     oesteban
whitesurfname  white
UseRobust  0
Loading ./tmp.mri_nu_correct.mni.2188490/ones.mgz
Loading orig.mgz
Voxel Volume is 1 mm^3
Generating list of segmentation ids
Found   1 segmentations
Computing statistics for each segmentation

Reporting on   1 segmentations
Using PrintSegStat
Computing spatial average of each frame

Writing to ./tmp.mri_nu_correct.mni.2188490/input.mean.dat
mri_segstats done
mri_segstats --id 1 --seg ./tmp.mri_nu_correct.mni.2188490/ones.mgz --i ./tmp.mri_nu_correct.mni.2188490/nu0.mgz --sum ./tmp.mri_nu_correct.mni.2188490/sum.junk --avgwf ./tmp.mri_nu_correct.mni.2188490/output.mean.dat

7.3.2
cwd 
cmdline mri_segstats --id 1 --seg ./tmp.mri_nu_correct.mni.2188490/ones.mgz --i ./tmp.mri_nu_correct.mni.2188490/nu0.mgz --sum ./tmp.mri_nu_correct.mni.2188490/sum.junk --avgwf ./tmp.mri_nu_correct.mni.2188490/output.mean.dat 
sysname  Linux
hostname dna078
machine  x86_64
user     oesteban
whitesurfname  white
UseRobust  0
Loading ./tmp.mri_nu_correct.mni.2188490/ones.mgz
Loading ./tmp.mri_nu_correct.mni.2188490/nu0.mgz
Voxel Volume is 1 mm^3
Generating list of segmentation ids
Found   1 segmentations
Computing statistics for each segmentation

Reporting on   1 segmentations
Using PrintSegStat
Computing spatial average of each frame

Writing to ./tmp.mri_nu_correct.mni.2188490/output.mean.dat
mri_segstats done
mris_calc -o ./tmp.mri_nu_correct.mni.2188490/nu0.mgz ./tmp.mri_nu_correct.mni.2188490/nu0.mgz mul 1.10112990507176424104
Saving result to './tmp.mri_nu_correct.mni.2188490/nu0.mgz' (type = MGH )                       [ ok ]
mri_convert ./tmp.mri_nu_correct.mni.2188490/nu0.mgz nu.mgz --like orig.mgz
mri_convert ./tmp.mri_nu_correct.mni.2188490/nu0.mgz nu.mgz --like orig.mgz 
reading from ./tmp.mri_nu_correct.mni.2188490/nu0.mgz...
TR=0.00, TE=0.00, TI=0.00, flip angle=0.00
i_ras = (-1, 0, 0)
j_ras = (0, 0, -1)
k_ras = (0, 1, 0)
INFO: transform src into the like-volume: orig.mgz
writing to nu.mgz...
mri_make_uchar nu.mgz transforms/talairach.xfm nu.mgz
type change took 0 minutes and 4 seconds.
FIRST_PERCENTILE 0.010000
WM_PERCENTILE    0.900000
MAX_R 50.000000
i1 = 4, i2 = 61
#mri_make_uchar# mapping  9 142 to  3 110  :  b -4.99035 m 0.807895 : thresh 6.17698 maxsat 321.812 : nzero 11753080 nsat 0
 
 
Sat Mar  7 01:02:57 CET 2026
mri_nu_correct.mni done

 mri_add_xform_to_header -c /out/sourcedata/freesurfer/sub-v1s18x0051229_ses-1/mri/transforms/talairach.xfm nu.mgz nu.mgz 

INFO: extension is mgz
#--------------------------------------------
#@# Intensity Normalization Sat Mar  7 01:02:58 CET 2026
/out/sourcedata/freesurfer/sub-v1s18x0051229_ses-1/mri

 mri_normalize -g 1 -seed 1234 -mprage nu.mgz T1.mgz 

using max gradient = 1.000
setting seed for random number genererator to 1234
assuming input volume is MGH (Van der Kouwe) MP-RAGE
reading mri_src from nu.mgz...
normalizing image...
NOT doing gentle normalization with control points/label
talairach transform
 1.10443   0.01815  -0.00326  -2.88782;
-0.00658   1.02057   0.26870  -25.55489;
-0.01698  -0.20086   1.05482  -18.84662;
 0.00000   0.00000   0.00000   1.00000;
processing without aseg, no1d=0
MRInormInit(): 
INFO: Modifying talairach volume c_(r,a,s) based on average_305
MRInormalize(): 
MRIsplineNormalize(): npeaks = 14
Starting OpenSpline(): npoints = 14
building Voronoi diagram...
performing soap bubble smoothing, sigma = 8...

Iterating 2 times
---------------------------------
3d normalization pass 1 of 2
white matter peak found at 110
white matter peak found at 110
gm peak at 56 (56), valley at 33 (33)
csf peak at 29, setting threshold to 47
building Voronoi diagram...
performing soap bubble smoothing, sigma = 8...
---------------------------------
3d normalization pass 2 of 2
white matter peak found at 110
white matter peak found at 110
gm peak at 58 (58), valley at 34 (34)
csf peak at 30, setting threshold to 48
building Voronoi diagram...
performing soap bubble smoothing, sigma = 8...
Done iterating ---------------------------------
writing output to T1.mgz
3D bias adjustment took 0 minutes and 57 seconds.

Started at Sat Mar 7 00:57:12 CET 2026 
Ended   at Sat Mar 7 01:03:55 CET 2026
#@#%# recon-all-run-time-hours 0.112
recon-all -s sub-v1s18x0051229_ses-1 finished without error at Sat Mar  7 01:03:55 CET 2026



#New# invocation of recon-all 




Sat Mar  7 01:09:51 CET 2026
cd /out/sourcedata/freesurfer/sub-v1s18x0051229_ses-1
setenv SUBJECTS_DIR /out/sourcedata/freesurfer
/opt/freesurfer/bin/recon-all -openmp 16 -subjid sub-v1s18x0051229_ses-1 -sd /out/sourcedata/freesurfer -gcareg

subjid sub-v1s18x0051229_ses-1
setenv SUBJECTS_DIR /out/sourcedata/freesurfer
FREESURFER_HOME /opt/freesurfer
Actual FREESURFER_HOME /opt/freesurfer
build-stamp.txt: freesurfer-linux-ubuntu22_x86_64-7.3.2-20220804-6354275
Linux dna078 5.14.0-427.37.1.el9_4.x86_64 #1 SMP PREEMPT_DYNAMIC Fri Sep 13 12:41:50 EDT 2024 x86_64 x86_64 x86_64 GNU/Linux
cputime      unlimited
filesize     unlimited
datasize     unlimited
stacksize    8192 kbytes
coredumpsize 0 kbytes
memoryuse    67108864 kbytes
vmemoryuse   unlimited
descriptors  1024 
memorylocked unlimited
maxproc      2061970 
maxlocks     unlimited
maxsignal    2062029 
maxmessage   819200 
maxnice      0 
maxrtprio    0 
maxrttime    unlimited

               total        used        free      shared  buff/cache   available
Mem:           503Gi        47Gi       406Gi       6.3Gi        49Gi       446Gi
Swap:             0B          0B          0B

########################################
program versions used
7.3.2 (freesurfer-linux-ubuntu22_x86_64-7.3.2-20220804-6354275)
7.3.2

ProgramName: lta_convert  ProgramArguments: lta_convert -all-info  ProgramVersion: 7.3.2  TimeStamp: 2026/03/07-00:09:51-GMT  BuildTime: Aug  4 2022 06:17:15  BuildStamp: freesurfer-linux-ubuntu22_x86_64-7.3.2-20220804-6354275  User: oesteban  Machine: dna078  Platform: Linux  PlatformVersion: 5.14.0-427.37.1.el9_4.x86_64  CompilerName: GCC  CompilerVersion: 8.4.0
ProgramName: mri_and  ProgramArguments: mri_and -all-info  ProgramVersion: 7.3.2  TimeStamp: 2026/03/07-00:09:51-GMT  BuildTime: Aug  4 2022 06:17:15  BuildStamp: freesurfer-linux-ubuntu22_x86_64-7.3.2-20220804-6354275  User: oesteban  Machine: dna078  Platform: Linux  PlatformVersion: 5.14.0-427.37.1.el9_4.x86_64  CompilerName: GCC  CompilerVersion: 8.4.0
ProgramName: mri_annotation2label  ProgramArguments: mri_annotation2label -all-info  ProgramVersion: 7.3.2  TimeStamp: 2026/03/07-00:09:51-GMT  BuildTime: Aug  4 2022 06:17:15  BuildStamp: freesurfer-linux-ubuntu22_x86_64-7.3.2-20220804-6354275  User: oesteban  Machine: dna078  Platform: Linux  PlatformVersion: 5.14.0-427.37.1.el9_4.x86_64  CompilerName: GCC  CompilerVersion: 8.4.0
ProgramName: mri_aparc2aseg  ProgramArguments: mri_aparc2aseg -all-info  ProgramVersion: 7.3.2  TimeStamp: 2026/03/07-00:09:51-GMT  BuildTime: Aug  4 2022 06:17:15  BuildStamp: freesurfer-linux-ubuntu22_x86_64-7.3.2-20220804-6354275  User: oesteban  Machine: dna078  Platform: Linux  PlatformVersion: 5.14.0-427.37.1.el9_4.x86_64  CompilerName: GCC  CompilerVersion: 8.4.0
ProgramName: mri_surf2volseg  ProgramArguments: mri_surf2volseg -all-info  ProgramVersion: 7.3.2  TimeStamp: 2026/03/07-00:09:51-GMT  BuildTime: Aug  4 2022 06:17:15  BuildStamp: freesurfer-linux-ubuntu22_x86_64-7.3.2-20220804-6354275  User: oesteban  Machine: dna078  Platform: Linux  PlatformVersion: 5.14.0-427.37.1.el9_4.x86_64  CompilerName: GCC  CompilerVersion: 8.4.0
ProgramName: mri_binarize  ProgramArguments: mri_binarize -all-info  ProgramVersion: 7.3.2  TimeStamp: 2026/03/07-00:09:51-GMT  BuildTime: Aug  4 2022 06:17:15  BuildStamp: freesurfer-linux-ubuntu22_x86_64-7.3.2-20220804-6354275  User: oesteban  Machine: dna078  Platform: Linux  PlatformVersion: 5.14.0-427.37.1.el9_4.x86_64  CompilerName: GCC  CompilerVersion: 8.4.0
ProgramName: mri_ca_label  ProgramArguments: mri_ca_label -all-info  ProgramVersion: 7.3.2  TimeStamp: 2026/03/07-00:09:51-GMT  BuildTime: Aug  4 2022 06:17:15  BuildStamp: freesurfer-linux-ubuntu22_x86_64-7.3.2-20220804-6354275  User: oesteban  Machine: dna078  Platform: Linux  PlatformVersion: 5.14.0-427.37.1.el9_4.x86_64  CompilerName: GCC  CompilerVersion: 8.4.0
ProgramName: mri_ca_normalize  ProgramArguments: mri_ca_normalize -all-info  ProgramVersion: 7.3.2  TimeStamp: 2026/03/07-00:09:51-GMT  BuildTime: Aug  4 2022 06:17:15  BuildStamp: freesurfer-linux-ubuntu22_x86_64-7.3.2-20220804-6354275  User: oesteban  Machine: dna078  Platform: Linux  PlatformVersion: 5.14.0-427.37.1.el9_4.x86_64  CompilerName: GCC  CompilerVersion: 8.4.0
ProgramName: mri_ca_register  ProgramArguments: mri_ca_register -all-info  ProgramVersion: 7.3.2  TimeStamp: 2026/03/07-00:09:51-GMT  BuildTime: Aug  4 2022 06:17:15  BuildStamp: freesurfer-linux-ubuntu22_x86_64-7.3.2-20220804-6354275  User: oesteban  Machine: dna078  Platform: Linux  PlatformVersion: 5.14.0-427.37.1.el9_4.x86_64  CompilerName: GCC  CompilerVersion: 8.4.0
ProgramName: mri_cc  ProgramArguments: mri_cc -all-info  ProgramVersion: 7.3.2  TimeStamp: 2026/03/07-00:09:51-GMT  BuildTime: Aug  4 2022 06:17:15  BuildStamp: freesurfer-linux-ubuntu22_x86_64-7.3.2-20220804-6354275  User: oesteban  Machine: dna078  Platform: Linux  PlatformVersion: 5.14.0-427.37.1.el9_4.x86_64  CompilerName: GCC  CompilerVersion: 8.4.0
ProgramName: mri_compute_overlap  ProgramArguments: mri_compute_overlap -all-info  ProgramVersion: 7.3.2  TimeStamp: 2026/03/07-00:09:51-GMT  BuildTime: Aug  4 2022 06:17:15  BuildStamp: freesurfer-linux-ubuntu22_x86_64-7.3.2-20220804-6354275  User: oesteban  Machine: dna078  Platform: Linux  PlatformVersion: 5.14.0-427.37.1.el9_4.x86_64  CompilerName: GCC  CompilerVersion: 8.4.0
ProgramName: mri_compute_seg_overlap  ProgramArguments: mri_compute_seg_overlap -all-info  ProgramVersion: 7.3.2  TimeStamp: 2026/03/07-00:09:51-GMT  BuildTime: Aug  4 2022 06:17:15  BuildStamp: freesurfer-linux-ubuntu22_x86_64-7.3.2-20220804-6354275  User: oesteban  Machine: dna078  Platform: Linux  PlatformVersion: 5.14.0-427.37.1.el9_4.x86_64  CompilerName: GCC  CompilerVersion: 8.4.0
ProgramName: mri_concat  ProgramArguments: mri_concat -all-info  ProgramVersion: 7.3.2  TimeStamp: 2026/03/07-00:09:51-GMT  BuildTime: Aug  4 2022 06:17:15  BuildStamp: freesurfer-linux-ubuntu22_x86_64-7.3.2-20220804-6354275  User: oesteban  Machine: dna078  Platform: Linux  PlatformVersion: 5.14.0-427.37.1.el9_4.x86_64  CompilerName: GCC  CompilerVersion: 8.4.0
ProgramName: mri_concatenate_lta  ProgramArguments: mri_concatenate_lta -all-info  ProgramVersion: 7.3.2  TimeStamp: 2026/03/07-00:09:51-GMT  BuildTime: Aug  4 2022 06:17:15  BuildStamp: freesurfer-linux-ubuntu22_x86_64-7.3.2-20220804-6354275  User: oesteban  Machine: dna078  Platform: Linux  PlatformVersion: 5.14.0-427.37.1.el9_4.x86_64  CompilerName: GCC  CompilerVersion: 8.4.0
mri_convert -all-info 
ProgramName: mri_convert  ProgramArguments: mri_convert -all-info  ProgramVersion: 7.3.2  TimeStamp: 2026/03/07-00:09:51-GMT  BuildTime: Aug  4 2022 06:17:15  BuildStamp: freesurfer-linux-ubuntu22_x86_64-7.3.2-20220804-6354275  User: oesteban  Machine: dna078  Platform: Linux  PlatformVersion: 5.14.0-427.37.1.el9_4.x86_64  CompilerName: GCC  CompilerVersion: 8.4.0
ProgramName: mri_diff  ProgramArguments: mri_diff -all-info  ProgramVersion: 7.3.2  TimeStamp: 2026/03/07-00:09:51-GMT  BuildTime: Aug  4 2022 06:17:15  BuildStamp: freesurfer-linux-ubuntu22_x86_64-7.3.2-20220804-6354275  User: oesteban  Machine: dna078  Platform: Linux  PlatformVersion: 5.14.0-427.37.1.el9_4.x86_64  CompilerName: GCC  CompilerVersion: 8.4.0
ProgramName: mri_edit_wm_with_aseg  ProgramArguments: mri_edit_wm_with_aseg -all-info  ProgramVersion: 7.3.2  TimeStamp: 2026/03/07-00:09:51-GMT  BuildTime: Aug  4 2022 06:17:15  BuildStamp: freesurfer-linux-ubuntu22_x86_64-7.3.2-20220804-6354275  User: oesteban  Machine: dna078  Platform: Linux  PlatformVersion: 5.14.0-427.37.1.el9_4.x86_64  CompilerName: GCC  CompilerVersion: 8.4.0
ProgramName: mri_em_register  ProgramArguments: mri_em_register -all-info  ProgramVersion: 7.3.2  TimeStamp: 2026/03/07-00:09:51-GMT  BuildTime: Aug  4 2022 06:17:15  BuildStamp: freesurfer-linux-ubuntu22_x86_64-7.3.2-20220804-6354275  User: oesteban  Machine: dna078  Platform: Linux  PlatformVersion: 5.14.0-427.37.1.el9_4.x86_64  CompilerName: GCC  CompilerVersion: 8.4.0
ProgramName: mri_fill  ProgramArguments: mri_fill -all-info  ProgramVersion: 7.3.2  TimeStamp: 2026/03/07-00:09:51-GMT  BuildTime: Aug  4 2022 06:17:15  BuildStamp: freesurfer-linux-ubuntu22_x86_64-7.3.2-20220804-6354275  User: oesteban  Machine: dna078  Platform: Linux  PlatformVersion: 5.14.0-427.37.1.el9_4.x86_64  CompilerName: GCC  CompilerVersion: 8.4.0
ProgramName: mri_fuse_segmentations  ProgramArguments: mri_fuse_segmentations -all-info  ProgramVersion: 7.3.2  TimeStamp: 2026/03/07-00:09:51-GMT  BuildTime: Aug  4 2022 06:17:15  BuildStamp: freesurfer-linux-ubuntu22_x86_64-7.3.2-20220804-6354275  User: oesteban  Machine: dna078  Platform: Linux  PlatformVersion: 5.14.0-427.37.1.el9_4.x86_64  CompilerName: GCC  CompilerVersion: 8.4.0
ProgramName: mri_fwhm  ProgramArguments: mri_fwhm -all-info  ProgramVersion: 7.3.2  TimeStamp: 2026/03/07-00:09:51-GMT  BuildTime: Aug  4 2022 06:17:15  BuildStamp: freesurfer-linux-ubuntu22_x86_64-7.3.2-20220804-6354275  User: oesteban  Machine: dna078  Platform: Linux  PlatformVersion: 5.14.0-427.37.1.el9_4.x86_64  CompilerName: GCC  CompilerVersion: 8.4.0
ProgramName: mri_gcut  ProgramArguments: mri_gcut -all-info  ProgramVersion: 7.3.2  TimeStamp: 2026/03/07-00:09:51-GMT  BuildTime: Aug  4 2022 06:17:15  BuildStamp: freesurfer-linux-ubuntu22_x86_64-7.3.2-20220804-6354275  User: oesteban  Machine: dna078  Platform: Linux  PlatformVersion: 5.14.0-427.37.1.el9_4.x86_64  CompilerName: GCC  CompilerVersion: 8.4.0
ProgramName: mri_info  ProgramArguments: mri_info -all-info  ProgramVersion: 7.3.2  TimeStamp: 2026/03/07-00:09:51-GMT  BuildTime: Aug  4 2022 06:17:15  BuildStamp: freesurfer-linux-ubuntu22_x86_64-7.3.2-20220804-6354275  User: oesteban  Machine: dna078  Platform: Linux  PlatformVersion: 5.14.0-427.37.1.el9_4.x86_64  CompilerName: GCC  CompilerVersion: 8.4.0
ProgramName: mri_label2label  ProgramArguments: mri_label2label -all-info  ProgramVersion: 7.3.2  TimeStamp: 2026/03/07-00:09:51-GMT  BuildTime: Aug  4 2022 06:17:15  BuildStamp: freesurfer-linux-ubuntu22_x86_64-7.3.2-20220804-6354275  User: oesteban  Machine: dna078  Platform: Linux  PlatformVersion: 5.14.0-427.37.1.el9_4.x86_64  CompilerName: GCC  CompilerVersion: 8.4.0
ProgramName: mri_label2vol  ProgramArguments: mri_label2vol -all-info  ProgramVersion: 7.3.2  TimeStamp: 2026/03/07-00:09:51-GMT  BuildTime: Aug  4 2022 06:17:15  BuildStamp: freesurfer-linux-ubuntu22_x86_64-7.3.2-20220804-6354275  User: oesteban  Machine: dna078  Platform: Linux  PlatformVersion: 5.14.0-427.37.1.el9_4.x86_64  CompilerName: GCC  CompilerVersion: 8.4.0
ProgramName: mri_log_likelihood  ProgramArguments: mri_log_likelihood -all-info  ProgramVersion: 7.3.2  TimeStamp: 2026/03/07-00:09:51-GMT  BuildTime: Aug  4 2022 06:17:15  BuildStamp: freesurfer-linux-ubuntu22_x86_64-7.3.2-20220804-6354275  User: oesteban  Machine: dna078  Platform: Linux  PlatformVersion: 5.14.0-427.37.1.el9_4.x86_64  CompilerName: GCC  CompilerVersion: 8.4.0
ProgramName: mri_mask  ProgramArguments: mri_mask -all-info  ProgramVersion: 7.3.2  TimeStamp: 2026/03/07-00:09:51-GMT  BuildTime: Aug  4 2022 06:17:15  BuildStamp: freesurfer-linux-ubuntu22_x86_64-7.3.2-20220804-6354275  User: oesteban  Machine: dna078  Platform: Linux  PlatformVersion: 5.14.0-427.37.1.el9_4.x86_64  CompilerName: GCC  CompilerVersion: 8.4.0
ProgramName: mri_matrix_multiply  ProgramArguments: mri_matrix_multiply -all-info  ProgramVersion: 7.3.2  TimeStamp: 2026/03/07-00:09:51-GMT  BuildTime: Aug  4 2022 06:17:15  BuildStamp: freesurfer-linux-ubuntu22_x86_64-7.3.2-20220804-6354275  User: oesteban  Machine: dna078  Platform: Linux  PlatformVersion: 5.14.0-427.37.1.el9_4.x86_64  CompilerName: GCC  CompilerVersion: 8.4.0
ProgramName: mri_normalize  ProgramArguments: mri_normalize -all-info  ProgramVersion: 7.3.2  TimeStamp: 2026/03/07-00:09:51-GMT  BuildTime: Aug  4 2022 06:17:15  BuildStamp: freesurfer-linux-ubuntu22_x86_64-7.3.2-20220804-6354275  User: oesteban  Machine: dna078  Platform: Linux  PlatformVersion: 5.14.0-427.37.1.el9_4.x86_64  CompilerName: GCC  CompilerVersion: 8.4.0
ProgramName: mri_normalize_tp2  ProgramArguments: mri_normalize_tp2 -all-info  ProgramVersion: 7.3.2  TimeStamp: 2026/03/07-00:09:51-GMT  BuildTime: Aug  4 2022 06:17:15  BuildStamp: freesurfer-linux-ubuntu22_x86_64-7.3.2-20220804-6354275  User: oesteban  Machine: dna078  Platform: Linux  PlatformVersion: 5.14.0-427.37.1.el9_4.x86_64  CompilerName: GCC  CompilerVersion: 8.4.0
ProgramName: mri_or  ProgramArguments: mri_or -all-info  ProgramVersion: 7.3.2  TimeStamp: 2026/03/07-00:09:51-GMT  BuildTime: Aug  4 2022 06:17:15  BuildStamp: freesurfer-linux-ubuntu22_x86_64-7.3.2-20220804-6354275  User: oesteban  Machine: dna078  Platform: Linux  PlatformVersion: 5.14.0-427.37.1.el9_4.x86_64  CompilerName: GCC  CompilerVersion: 8.4.0
ProgramName: mri_relabel_hypointensities  ProgramArguments: mri_relabel_hypointensities -all-info  ProgramVersion: 7.3.2  TimeStamp: 2026/03/07-00:09:51-GMT  BuildTime: Aug  4 2022 06:17:15  BuildStamp: freesurfer-linux-ubuntu22_x86_64-7.3.2-20220804-6354275  User: oesteban  Machine: dna078  Platform: Linux  PlatformVersion: 5.14.0-427.37.1.el9_4.x86_64  CompilerName: GCC  CompilerVersion: 8.4.0
ProgramName: mri_relabel_nonwm_hypos  ProgramArguments: mri_relabel_nonwm_hypos -all-info  ProgramVersion: 7.3.2  TimeStamp: 2026/03/07-00:09:51-GMT  BuildTime: Aug  4 2022 06:17:15  BuildStamp: freesurfer-linux-ubuntu22_x86_64-7.3.2-20220804-6354275  User: oesteban  Machine: dna078  Platform: Linux  PlatformVersion: 5.14.0-427.37.1.el9_4.x86_64  CompilerName: GCC  CompilerVersion: 8.4.0
ProgramName: mri_remove_neck  ProgramArguments: mri_remove_neck -all-info  ProgramVersion: 7.3.2  TimeStamp: 2026/03/07-00:09:51-GMT  BuildTime: Aug  4 2022 06:17:15  BuildStamp: freesurfer-linux-ubuntu22_x86_64-7.3.2-20220804-6354275  User: oesteban  Machine: dna078  Platform: Linux  PlatformVersion: 5.14.0-427.37.1.el9_4.x86_64  CompilerName: GCC  CompilerVersion: 8.4.0
7.3.2

ProgramName: mri_robust_register  ProgramArguments: mri_robust_register -all-info  ProgramVersion: 7.3.2  TimeStamp: 2026/03/07-00:09:51-GMT  BuildTime: Aug  4 2022 06:17:15  BuildStamp: freesurfer-linux-ubuntu22_x86_64-7.3.2-20220804-6354275  User: oesteban  Machine: dna078  Platform: Linux  PlatformVersion: 5.14.0-427.37.1.el9_4.x86_64  CompilerName: GCC  CompilerVersion: 8.4.0
7.3.2

ProgramName: mri_robust_template  ProgramArguments: mri_robust_template -all-info  ProgramVersion: 7.3.2  TimeStamp: 2026/03/07-00:09:51-GMT  BuildTime: Aug  4 2022 06:17:15  BuildStamp: freesurfer-linux-ubuntu22_x86_64-7.3.2-20220804-6354275  User: oesteban  Machine: dna078  Platform: Linux  PlatformVersion: 5.14.0-427.37.1.el9_4.x86_64  CompilerName: GCC  CompilerVersion: 8.4.0
ProgramName: mris_anatomical_stats  ProgramArguments: mris_anatomical_stats -all-info  ProgramVersion: 7.3.2  TimeStamp: 2026/03/07-00:09:51-GMT  BuildTime: Aug  4 2022 06:17:15  BuildStamp: freesurfer-linux-ubuntu22_x86_64-7.3.2-20220804-6354275  User: oesteban  Machine: dna078  Platform: Linux  PlatformVersion: 5.14.0-427.37.1.el9_4.x86_64  CompilerName: GCC  CompilerVersion: 8.4.0
ProgramName: mris_ca_label  ProgramArguments: mris_ca_label -all-info  ProgramVersion: 7.3.2  TimeStamp: 2026/03/07-00:09:51-GMT  BuildTime: Aug  4 2022 06:17:15  BuildStamp: freesurfer-linux-ubuntu22_x86_64-7.3.2-20220804-6354275  User: oesteban  Machine: dna078  Platform: Linux  PlatformVersion: 5.14.0-427.37.1.el9_4.x86_64  CompilerName: GCC  CompilerVersion: 8.4.0
ProgramName: mris_calc  ProgramArguments: mris_calc -all-info  ProgramVersion: 7.3.2  TimeStamp: 2026/03/07-00:09:51-GMT  BuildTime: Aug  4 2022 06:17:15  BuildStamp: freesurfer-linux-ubuntu22_x86_64-7.3.2-20220804-6354275  User: oesteban  Machine: dna078  Platform: Linux  PlatformVersion: 5.14.0-427.37.1.el9_4.x86_64  CompilerName: GCC  CompilerVersion: 8.4.0
ProgramName: mris_convert  ProgramArguments: mris_convert -all-info  ProgramVersion: 7.3.2  TimeStamp: 2026/03/07-00:09:51-GMT  BuildTime: Aug  4 2022 06:17:15  BuildStamp: freesurfer-linux-ubuntu22_x86_64-7.3.2-20220804-6354275  User: oesteban  Machine: dna078  Platform: Linux  PlatformVersion: 5.14.0-427.37.1.el9_4.x86_64  CompilerName: GCC  CompilerVersion: 8.4.0
ProgramName: mris_curvature  ProgramArguments: mris_curvature -all-info  ProgramVersion: 7.3.2  TimeStamp: 2026/03/07-00:09:51-GMT  BuildTime: Aug  4 2022 06:17:15  BuildStamp: freesurfer-linux-ubuntu22_x86_64-7.3.2-20220804-6354275  User: oesteban  Machine: dna078  Platform: Linux  PlatformVersion: 5.14.0-427.37.1.el9_4.x86_64  CompilerName: GCC  CompilerVersion: 8.4.0
ProgramName: mris_curvature_stats  ProgramArguments: mris_curvature_stats -all-info  ProgramVersion: 7.3.2  TimeStamp: 2026/03/07-00:09:51-GMT  BuildTime: Aug  4 2022 06:17:15  BuildStamp: freesurfer-linux-ubuntu22_x86_64-7.3.2-20220804-6354275  User: oesteban  Machine: dna078  Platform: Linux  PlatformVersion: 5.14.0-427.37.1.el9_4.x86_64  CompilerName: GCC  CompilerVersion: 8.4.0
ProgramName: mris_diff  ProgramArguments: mris_diff -all-info  ProgramVersion: 7.3.2  TimeStamp: 2026/03/07-00:09:51-GMT  BuildTime: Aug  4 2022 06:17:15  BuildStamp: freesurfer-linux-ubuntu22_x86_64-7.3.2-20220804-6354275  User: oesteban  Machine: dna078  Platform: Linux  PlatformVersion: 5.14.0-427.37.1.el9_4.x86_64  CompilerName: GCC  CompilerVersion: 8.4.0
ProgramName: mris_divide_parcellation  ProgramArguments: mris_divide_parcellation -all-info  ProgramVersion: 7.3.2  TimeStamp: 2026/03/07-00:09:51-GMT  BuildTime: Aug  4 2022 06:17:15  BuildStamp: freesurfer-linux-ubuntu22_x86_64-7.3.2-20220804-6354275  User: oesteban  Machine: dna078  Platform: Linux  PlatformVersion: 5.14.0-427.37.1.el9_4.x86_64  CompilerName: GCC  CompilerVersion: 8.4.0
ProgramName: mri_segment  ProgramArguments: mri_segment -all-info  ProgramVersion: 7.3.2  TimeStamp: 2026/03/07-00:09:51-GMT  BuildTime: Aug  4 2022 06:17:15  BuildStamp: freesurfer-linux-ubuntu22_x86_64-7.3.2-20220804-6354275  User: oesteban  Machine: dna078  Platform: Linux  PlatformVersion: 5.14.0-427.37.1.el9_4.x86_64  CompilerName: GCC  CompilerVersion: 8.4.0
ProgramName: mri_segstats  ProgramArguments: mri_segstats -all-info  ProgramVersion: 7.3.2  TimeStamp: 2026/03/07-00:09:51-GMT  BuildTime: Aug  4 2022 06:17:15  BuildStamp: freesurfer-linux-ubuntu22_x86_64-7.3.2-20220804-6354275  User: oesteban  Machine: dna078  Platform: Linux  PlatformVersion: 5.14.0-427.37.1.el9_4.x86_64  CompilerName: GCC  CompilerVersion: 8.4.0
ProgramName: mris_euler_number  ProgramArguments: mris_euler_number -all-info  ProgramVersion: 7.3.2  TimeStamp: 2026/03/07-00:09:51-GMT  BuildTime: Aug  4 2022 06:17:15  BuildStamp: freesurfer-linux-ubuntu22_x86_64-7.3.2-20220804-6354275  User: oesteban  Machine: dna078  Platform: Linux  PlatformVersion: 5.14.0-427.37.1.el9_4.x86_64  CompilerName: GCC  CompilerVersion: 8.4.0
ProgramName: mris_fix_topology  ProgramArguments: mris_fix_topology -all-info  ProgramVersion: 7.3.2  TimeStamp: 2026/03/07-00:09:51-GMT  BuildTime: Aug  4 2022 06:17:15  BuildStamp: freesurfer-linux-ubuntu22_x86_64-7.3.2-20220804-6354275  User: oesteban  Machine: dna078  Platform: Linux  PlatformVersion: 5.14.0-427.37.1.el9_4.x86_64  CompilerName: GCC  CompilerVersion: 8.4.0
ProgramName: mris_topo_fixer  ProgramArguments: mris_topo_fixer -all-info  ProgramVersion: 7.3.2  TimeStamp: 2026/03/07-00:09:51-GMT  BuildTime: Aug  4 2022 06:17:15  BuildStamp: freesurfer-linux-ubuntu22_x86_64-7.3.2-20220804-6354275  User: oesteban  Machine: dna078  Platform: Linux  PlatformVersion: 5.14.0-427.37.1.el9_4.x86_64  CompilerName: GCC  CompilerVersion: 8.4.0
ProgramName: mris_jacobian  ProgramArguments: mris_jacobian -all-info  ProgramVersion: 7.3.2  TimeStamp: 2026/03/07-00:09:51-GMT  BuildTime: Aug  4 2022 06:17:15  BuildStamp: freesurfer-linux-ubuntu22_x86_64-7.3.2-20220804-6354275  User: oesteban  Machine: dna078  Platform: Linux  PlatformVersion: 5.14.0-427.37.1.el9_4.x86_64  CompilerName: GCC  CompilerVersion: 8.4.0
ProgramName: mris_label2annot  ProgramArguments: mris_label2annot -all-info  ProgramVersion: 7.3.2  TimeStamp: 2026/03/07-00:09:51-GMT  BuildTime: Aug  4 2022 06:17:15  BuildStamp: freesurfer-linux-ubuntu22_x86_64-7.3.2-20220804-6354275  User: oesteban  Machine: dna078  Platform: Linux  PlatformVersion: 5.14.0-427.37.1.el9_4.x86_64  CompilerName: GCC  CompilerVersion: 8.4.0
ProgramName: mris_left_right_register  ProgramArguments: mris_left_right_register -all-info  ProgramVersion: 7.3.2  TimeStamp: 2026/03/07-00:09:51-GMT  BuildTime: Aug  4 2022 06:17:15  BuildStamp: freesurfer-linux-ubuntu22_x86_64-7.3.2-20220804-6354275  User: oesteban  Machine: dna078  Platform: Linux  PlatformVersion: 5.14.0-427.37.1.el9_4.x86_64  CompilerName: GCC  CompilerVersion: 8.4.0
ProgramName: mris_place_surface  ProgramArguments: mris_place_surface -all-info  ProgramVersion: 7.3.2  TimeStamp: 2026/03/07-00:09:51-GMT  BuildTime: Aug  4 2022 06:17:15  BuildStamp: freesurfer-linux-ubuntu22_x86_64-7.3.2-20220804-6354275  User: oesteban  Machine: dna078  Platform: Linux  PlatformVersion: 5.14.0-427.37.1.el9_4.x86_64  CompilerName: GCC  CompilerVersion: 8.4.0
ProgramName: mrisp_paint  ProgramArguments: mrisp_paint -all-info  ProgramVersion: 7.3.2  TimeStamp: 2026/03/07-00:09:51-GMT  BuildTime: Aug  4 2022 06:17:15  BuildStamp: freesurfer-linux-ubuntu22_x86_64-7.3.2-20220804-6354275  User: oesteban  Machine: dna078  Platform: Linux  PlatformVersion: 5.14.0-427.37.1.el9_4.x86_64  CompilerName: GCC  CompilerVersion: 8.4.0
ProgramName: mris_register  ProgramArguments: mris_register -all-info  ProgramVersion: 7.3.2  TimeStamp: 2026/03/07-00:09:51-GMT  BuildTime: Aug  4 2022 06:17:15  BuildStamp: freesurfer-linux-ubuntu22_x86_64-7.3.2-20220804-6354275  User: oesteban  Machine: dna078  Platform: Linux  PlatformVersion: 5.14.0-427.37.1.el9_4.x86_64  CompilerName: GCC  CompilerVersion: 8.4.0
ProgramName: mris_smooth  ProgramArguments: mris_smooth -all-info  ProgramVersion: 7.3.2  TimeStamp: 2026/03/07-00:09:51-GMT  BuildTime: Aug  4 2022 06:17:15  BuildStamp: freesurfer-linux-ubuntu22_x86_64-7.3.2-20220804-6354275  User: oesteban  Machine: dna078  Platform: Linux  PlatformVersion: 5.14.0-427.37.1.el9_4.x86_64  CompilerName: GCC  CompilerVersion: 8.4.0
ProgramName: mris_sphere  ProgramArguments: mris_sphere -all-info  ProgramVersion: 7.3.2  TimeStamp: 2026/03/07-00:09:51-GMT  BuildTime: Aug  4 2022 06:17:15  BuildStamp: freesurfer-linux-ubuntu22_x86_64-7.3.2-20220804-6354275  User: oesteban  Machine: dna078  Platform: Linux  PlatformVersion: 5.14.0-427.37.1.el9_4.x86_64  CompilerName: GCC  CompilerVersion: 8.4.0
ProgramName: mris_surface_stats  ProgramArguments: mris_surface_stats -all-info  ProgramVersion: 7.3.2  TimeStamp: 2026/03/07-00:09:51-GMT  BuildTime: Aug  4 2022 06:17:15  BuildStamp: freesurfer-linux-ubuntu22_x86_64-7.3.2-20220804-6354275  User: oesteban  Machine: dna078  Platform: Linux  PlatformVersion: 5.14.0-427.37.1.el9_4.x86_64  CompilerName: GCC  CompilerVersion: 8.4.0
ProgramName: mri_stats2seg  ProgramArguments: mri_stats2seg -all-info  ProgramVersion: 7.3.2  TimeStamp: 2026/03/07-00:09:51-GMT  BuildTime: Aug  4 2022 06:17:15  BuildStamp: freesurfer-linux-ubuntu22_x86_64-7.3.2-20220804-6354275  User: oesteban  Machine: dna078  Platform: Linux  PlatformVersion: 5.14.0-427.37.1.el9_4.x86_64  CompilerName: GCC  CompilerVersion: 8.4.0
ProgramName: mris_thickness  ProgramArguments: mris_thickness -all-info  ProgramVersion: 7.3.2  TimeStamp: 2026/03/07-00:09:51-GMT  BuildTime: Aug  4 2022 06:17:15  BuildStamp: freesurfer-linux-ubuntu22_x86_64-7.3.2-20220804-6354275  User: oesteban  Machine: dna078  Platform: Linux  PlatformVersion: 5.14.0-427.37.1.el9_4.x86_64  CompilerName: GCC  CompilerVersion: 8.4.0
ProgramName: mris_thickness_diff  ProgramArguments: mris_thickness_diff -all-info  ProgramVersion: 7.3.2  TimeStamp: 2026/03/07-00:09:51-GMT  BuildTime: Aug  4 2022 06:17:15  BuildStamp: freesurfer-linux-ubuntu22_x86_64-7.3.2-20220804-6354275  User: oesteban  Machine: dna078  Platform: Linux  PlatformVersion: 5.14.0-427.37.1.el9_4.x86_64  CompilerName: GCC  CompilerVersion: 8.4.0
ProgramName: mris_topo_fixer  ProgramArguments: mris_topo_fixer -all-info  ProgramVersion: 7.3.2  TimeStamp: 2026/03/07-00:09:51-GMT  BuildTime: Aug  4 2022 06:17:15  BuildStamp: freesurfer-linux-ubuntu22_x86_64-7.3.2-20220804-6354275  User: oesteban  Machine: dna078  Platform: Linux  PlatformVersion: 5.14.0-427.37.1.el9_4.x86_64  CompilerName: GCC  CompilerVersion: 8.4.0
ProgramName: mri_surf2surf  ProgramArguments: mri_surf2surf -all-info  ProgramVersion: 7.3.2  TimeStamp: 2026/03/07-00:09:51-GMT  BuildTime: Aug  4 2022 06:17:15  BuildStamp: freesurfer-linux-ubuntu22_x86_64-7.3.2-20220804-6354275  User: oesteban  Machine: dna078  Platform: Linux  PlatformVersion: 5.14.0-427.37.1.el9_4.x86_64  CompilerName: GCC  CompilerVersion: 8.4.0
ProgramName: mri_surf2vol  ProgramArguments: mri_surf2vol -all-info  ProgramVersion: 7.3.2  TimeStamp: 2026/03/07-00:09:51-GMT  BuildTime: Aug  4 2022 06:17:15  BuildStamp: freesurfer-linux-ubuntu22_x86_64-7.3.2-20220804-6354275  User: oesteban  Machine: dna078  Platform: Linux  PlatformVersion: 5.14.0-427.37.1.el9_4.x86_64  CompilerName: GCC  CompilerVersion: 8.4.0
ProgramName: mri_surfcluster  ProgramArguments: mri_surfcluster -all-info  ProgramVersion: 7.3.2  TimeStamp: 2026/03/07-00:09:51-GMT  BuildTime: Aug  4 2022 06:17:15  BuildStamp: freesurfer-linux-ubuntu22_x86_64-7.3.2-20220804-6354275  User: oesteban  Machine: dna078  Platform: Linux  PlatformVersion: 5.14.0-427.37.1.el9_4.x86_64  CompilerName: GCC  CompilerVersion: 8.4.0
ProgramName: mris_volmask  ProgramArguments: mris_volmask -all-info  ProgramVersion: 7.3.2  TimeStamp: 2026/03/07-00:09:51-GMT  BuildTime: Aug  4 2022 06:17:15  BuildStamp: freesurfer-linux-ubuntu22_x86_64-7.3.2-20220804-6354275  User: oesteban  Machine: dna078  Platform: Linux  PlatformVersion: 5.14.0-427.37.1.el9_4.x86_64  CompilerName: GCC  CompilerVersion: 8.4.0
ProgramName: mri_tessellate  ProgramArguments: mri_tessellate -all-info  ProgramVersion: 7.3.2  TimeStamp: 2026/03/07-00:09:51-GMT  BuildTime: Aug  4 2022 06:17:15  BuildStamp: freesurfer-linux-ubuntu22_x86_64-7.3.2-20220804-6354275  User: oesteban  Machine: dna078  Platform: Linux  PlatformVersion: 5.14.0-427.37.1.el9_4.x86_64  CompilerName: GCC  CompilerVersion: 8.4.0
ProgramName: mri_vol2surf  ProgramArguments: mri_vol2surf -all-info  ProgramVersion: 7.3.2  TimeStamp: 2026/03/07-00:09:51-GMT  BuildTime: Aug  4 2022 06:17:15  BuildStamp: freesurfer-linux-ubuntu22_x86_64-7.3.2-20220804-6354275  User: oesteban  Machine: dna078  Platform: Linux  PlatformVersion: 5.14.0-427.37.1.el9_4.x86_64  CompilerName: GCC  CompilerVersion: 8.4.0
ProgramName: mri_vol2vol  ProgramArguments: mri_vol2vol -all-info  ProgramVersion: 7.3.2  TimeStamp: 2026/03/07-00:09:51-GMT  BuildTime: Aug  4 2022 06:17:15  BuildStamp: freesurfer-linux-ubuntu22_x86_64-7.3.2-20220804-6354275  User: oesteban  Machine: dna078  Platform: Linux  PlatformVersion: 5.14.0-427.37.1.el9_4.x86_64  CompilerName: GCC  CompilerVersion: 8.4.0
ProgramName: mri_voldiff  ProgramArguments: mri_voldiff -all-info  ProgramVersion: 7.3.2  TimeStamp: 2026/03/07-00:09:51-GMT  BuildTime: Aug  4 2022 06:17:15  BuildStamp: freesurfer-linux-ubuntu22_x86_64-7.3.2-20220804-6354275  User: oesteban  Machine: dna078  Platform: Linux  PlatformVersion: 5.14.0-427.37.1.el9_4.x86_64  CompilerName: GCC  CompilerVersion: 8.4.0
ProgramName: mri_watershed  ProgramArguments: mri_watershed -all-info  ProgramVersion: 7.3.2  TimeStamp: 2026/03/07-00:09:51-GMT  BuildTime: Aug  4 2022 06:17:15  BuildStamp: freesurfer-linux-ubuntu22_x86_64-7.3.2-20220804-6354275  User: oesteban  Machine: dna078  Platform: Linux  PlatformVersion: 5.14.0-427.37.1.el9_4.x86_64  CompilerName: GCC  CompilerVersion: 8.4.0
ProgramName: tkregister2  ProgramArguments: tkregister2_cmdl -all-info  ProgramVersion: 7.3.2  TimeStamp: 2026/03/07-00:09:51-GMT  BuildTime: Aug  4 2022 06:17:15  BuildStamp: freesurfer-linux-ubuntu22_x86_64-7.3.2-20220804-6354275  User: oesteban  Machine: dna078  Platform: Linux  PlatformVersion: 5.14.0-427.37.1.el9_4.x86_64  CompilerName: GCC  CompilerVersion: 8.4.0
mri_motion_correct.fsl 7.3.2
mri_convert -all-info 
ProgramName: mri_convert  ProgramArguments: mri_convert -all-info  ProgramVersion: 7.3.2  TimeStamp: 2026/03/07-00:09:51-GMT  BuildTime: Aug  4 2022 06:17:15  BuildStamp: freesurfer-linux-ubuntu22_x86_64-7.3.2-20220804-6354275  User: oesteban  Machine: dna078  Platform: Linux  PlatformVersion: 5.14.0-427.37.1.el9_4.x86_64  CompilerName: GCC  CompilerVersion: 8.4.0
Program nu_correct, built from:
Package MNI N3, version 1.12.0, compiled by nicks@terrier (x86_64-unknown-linux-gnu) on 2015-06-19 at 01:25:34
#######################################
GCADIR /opt/freesurfer/average
GCA RB_all_2020-01-02.gca
GCASkull RB_all_withskull_2020_01_02.gca
AvgCurvTif folding.atlas.acfb40.noaparc.i12.2016-08-02.tif
GCSDIR /opt/freesurfer/average
GCS DKaparc.atlas.acfb40.noaparc.i12.2016-08-02.gcs
#######################################
#-------------------------------------
#@# EM Registration Sat Mar  7 01:09:51 CET 2026
/out/sourcedata/freesurfer/sub-v1s18x0051229_ses-1/mri

 mri_em_register -uns 3 -mask brainmask.mgz nu.mgz /opt/freesurfer/average/RB_all_2020-01-02.gca transforms/talairach.lta 

setting unknown_nbr_spacing = 3
using MR volume brainmask.mgz to mask input volume...

== Number of threads available to mri_em_register for OpenMP = 16 == 
reading 1 input volumes...
logging results to talairach.log
reading '/opt/freesurfer/average/RB_all_2020-01-02.gca'...
GCAread took 0 minutes and 1 seconds.
average std = 7.2   using min determinant for regularization = 5.2
0 singular and 884 ill-conditioned covariance matrices regularized
reading 'nu.mgz'...
MRImask(): AllowDiffGeom = 1
MRImask(): AllowDiffGeom = 1
MRImask(): AllowDiffGeom = 1
MRImask(): AllowDiffGeom = 1
MRImask(): AllowDiffGeom = 1
freeing gibbs priors...done.
accounting for voxel sizes in initial transform
bounding unknown intensity as < 5.9 or > 519.0 
total sample mean = 79.1 (1017 zeros)
************************************************
spacing=8, using 2841 sample points, tol=1.00e-05...
************************************************
register_mri: find_optimal_transform
find_optimal_transform: nsamples 2841, passno 0, spacing 8
resetting wm mean[0]: 98 --> 107
resetting gm mean[0]: 61 --> 61
input volume #1 is the most T1-like
using real data threshold=28.1
skull bounding box = (62, 51, 44) --> (193, 185, 207)
finding center of left hemi white matter
using (106, 96, 126) as brain centroid of Right_Cerebral_White_Matter...
MRImask(): AllowDiffGeom = 1
mean wm in atlas = 107, using box (90,80,106) --> (122, 112,146) to find MRI wm
before smoothing, mri peak at 112
robust fit to distribution - 109 +- 4.7
after smoothing, mri peak at 110, scaling input intensities by 0.973
scaling channel 0 by 0.972727
initial log_p = -4.179
************************************************
First Search limited to translation only.
************************************************
max log p =    -3.797284 @ (-10.526, 10.526, -10.526)
max log p =    -3.575920 @ (5.263, -5.263, -5.263)
max log p =    -3.575920 @ (0.000, 0.000, 0.000)
max log p =    -3.575920 @ (0.000, 0.000, 0.000)
max log p =    -3.553192 @ (-0.658, 1.974, 3.289)
max log p =    -3.553192 @ (0.000, 0.000, 0.000)
max log p =    -3.553192 @ (0.000, 0.000, 0.000)
max log p =    -3.553192 @ (0.000, 0.000, 0.000)
Found translation: (-5.9, 7.2, -12.5): log p = -3.553
****************************************
Nine parameter search.  iteration 0 nscales = 0 ...
****************************************
Result so far: scale 1.000: max_log_p=-3.248, old_max_log_p =-3.553 (thresh=-3.5)
 1.06375   0.00000   0.00000  -14.38216;
 0.00000   1.04996   0.15634  -16.79742;
 0.00000  -0.11999   1.07125  -7.45717;
 0.00000   0.00000   0.00000   1.00000;
iteration took 0 minutes and 9 seconds.
****************************************
Nine parameter search.  iteration 1 nscales = 0 ...
****************************************
Result so far: scale 1.000: max_log_p=-3.248, old_max_log_p =-3.248 (thresh=-3.2)
 1.06375   0.00000   0.00000  -14.38216;
 0.00000   1.04996   0.15634  -16.79742;
 0.00000  -0.11999   1.07125  -7.45717;
 0.00000   0.00000   0.00000   1.00000;
reducing scale to 0.2500
iteration took 0 minutes and 9 seconds.
****************************************
Nine parameter search.  iteration 2 nscales = 1 ...
****************************************
Result so far: scale 0.250: max_log_p=-3.051, old_max_log_p =-3.248 (thresh=-3.2)
 1.10364   0.00000   0.00000  -17.80158;
 0.00000   1.07157   0.27164  -34.81295;
 0.00000  -0.21692   1.03142   9.90399;
 0.00000   0.00000   0.00000   1.00000;
iteration took 0 minutes and 9 seconds.
****************************************
Nine parameter search.  iteration 3 nscales = 1 ...
****************************************
Result so far: scale 0.250: max_log_p=-3.047, old_max_log_p =-3.051 (thresh=-3.0)
 1.10305   0.03527   0.00778  -22.66131;
-0.03679   1.09772   0.24207  -29.53217;
 0.00000  -0.17833   1.02026   6.79754;
 0.00000   0.00000   0.00000   1.00000;
iteration took 0 minutes and 9 seconds.
****************************************
Nine parameter search.  iteration 4 nscales = 1 ...
****************************************
Result so far: scale 0.250: max_log_p=-3.047, old_max_log_p =-3.047 (thresh=-3.0)
 1.10305   0.03527   0.00778  -22.66131;
-0.03679   1.09772   0.24207  -29.53217;
 0.00000  -0.17833   1.02026   6.79754;
 0.00000   0.00000   0.00000   1.00000;
reducing scale to 0.0625
iteration took 0 minutes and 9 seconds.
****************************************
Nine parameter search.  iteration 5 nscales = 2 ...
****************************************
Result so far: scale 0.062: max_log_p=-3.020, old_max_log_p =-3.047 (thresh=-3.0)
 1.09940   0.02466   0.01417  -21.24784;
-0.02766   1.09264   0.24954  -30.55618;
-0.00884  -0.18721   1.01699   9.81226;
 0.00000   0.00000   0.00000   1.00000;
iteration took 0 minutes and 9 seconds.
****************************************
Nine parameter search.  iteration 6 nscales = 2 ...
****************************************
Result so far: scale 0.062: max_log_p=-3.018, old_max_log_p =-3.020 (thresh=-3.0)
 1.09701   0.01891  -0.00462  -18.56759;
-0.01867   1.08742   0.25696  -31.99701;
 0.00932  -0.19636   1.01859   8.76548;
 0.00000   0.00000   0.00000   1.00000;
min search scale 0.025000 reached
***********************************************
Computing MAP estimate using 2841 samples...
***********************************************
dt = 5.00e-06, momentum=0.80, tol=1.00e-05
l_intensity = 1.0000
Aligning input volume to GCA...
Transform matrix
 1.09701   0.01891  -0.00462  -18.56759;
-0.01867   1.08742   0.25696  -31.99701;
 0.00932  -0.19636   1.01859   8.76548;
 0.00000   0.00000   0.00000   1.00000;
nsamples 2841
Quasinewton: input matrix
 1.09701   0.01891  -0.00462  -18.56759;
-0.01867   1.08742   0.25696  -31.99701;
 0.00932  -0.19636   1.01859   8.76548;
 0.00000   0.00000   0.00000   1.00000;
 IFLAG= -1  LINE SEARCH FAILED. SEE DOCUMENTATION OF ROUTINE MCSRCH ERROR RETURN OF LINE SEARCH: INFO= 3 POSSIBLE CAUSES: FUNCTION OR GRADIENT ARE INCORRECT OR INCORRECT TOLERANCESoutof QuasiNewtonEMA: 009: -log(p) =   -0.0  tol 0.000010
Resulting transform:
 1.09701   0.01891  -0.00462  -18.56759;
-0.01867   1.08742   0.25696  -31.99701;
 0.00932  -0.19636   1.01859   8.76548;
 0.00000   0.00000   0.00000   1.00000;

pass 1, spacing 8: log(p) = -3.018 (old=-4.179)
transform before final EM align:
 1.09701   0.01891  -0.00462  -18.56759;
-0.01867   1.08742   0.25696  -31.99701;
 0.00932  -0.19636   1.01859   8.76548;
 0.00000   0.00000   0.00000   1.00000;

**************************************************
 EM alignment process ...
 Computing final MAP estimate using 315638 samples. 
**************************************************
dt = 5.00e-06, momentum=0.80, tol=1.00e-07
l_intensity = 1.0000
Aligning input volume to GCA...
Transform matrix
 1.09701   0.01891  -0.00462  -18.56759;
-0.01867   1.08742   0.25696  -31.99701;
 0.00932  -0.19636   1.01859   8.76548;
 0.00000   0.00000   0.00000   1.00000;
nsamples 315638
Quasinewton: input matrix
 1.09701   0.01891  -0.00462  -18.56759;
-0.01867   1.08742   0.25696  -31.99701;
 0.00932  -0.19636   1.01859   8.76548;
 0.00000   0.00000   0.00000   1.00000;
dfp_em_step_func: 010: -log(p) = 3.7
after pass:transform: ( 1.10, 0.02, -0.00, -18.57)
                      ( -0.02, 1.09, 0.26, -32.00)
                      ( 0.01, -0.20, 1.02, 8.77)
dfp_em_step_func: 011: -log(p) = 3.7
after pass:transform: ( 1.10, 0.02, -0.00, -18.57)
                      ( -0.02, 1.09, 0.26, -32.00)
                      ( 0.01, -0.20, 1.02, 8.77)
dfp_em_step_func: 012: -log(p) = 3.7
after pass:transform: ( 1.10, 0.02, -0.00, -18.57)
                      ( -0.02, 1.09, 0.26, -32.00)
                      ( 0.01, -0.20, 1.02, 8.77)
 IFLAG= -1  LINE SEARCH FAILED. SEE DOCUMENTATION OF ROUTINE MCSRCH ERROR RETURN OF LINE SEARCH: INFO= 3 POSSIBLE CAUSES: FUNCTION OR GRADIENT ARE INCORRECT OR INCORRECT TOLERANCESpass 2 through quasi-newton minimization...
 IFLAG= -1  LINE SEARCH FAILED. SEE DOCUMENTATION OF ROUTINE MCSRCH ERROR RETURN OF LINE SEARCH: INFO= 6 POSSIBLE CAUSES: FUNCTION OR GRADIENT ARE INCORRECT OR INCORRECT TOLERANCESoutof QuasiNewtonEMA: 014: -log(p) =    3.7  tol 0.000000
final transform:
 1.09745   0.01930  -0.00417  -18.56759;
-0.01839   1.08765   0.25716  -31.99701;
 0.00944  -0.19629   1.01865   8.76548;
 0.00000   0.00000   0.00000   1.00000;

writing output transformation to transforms/talairach.lta...
#VMPC# mri_em_register VmPeak  891284
FSRUNTIME@ mri_em_register  0.0280 hours 16 threads
registration took 1 minutes and 41 seconds.

Started at Sat Mar 7 01:09:51 CET 2026 
Ended   at Sat Mar 7 01:11:32 CET 2026
#@#%# recon-all-run-time-hours 0.028
recon-all -s sub-v1s18x0051229_ses-1 finished without error at Sat Mar  7 01:11:32 CET 2026



#New# invocation of recon-all 




Sat Mar  7 01:11:33 CET 2026
cd /out/sourcedata/freesurfer/sub-v1s18x0051229_ses-1
setenv SUBJECTS_DIR /out/sourcedata/freesurfer
/opt/freesurfer/bin/recon-all -autorecon2-volonly -openmp 16 -subjid sub-v1s18x0051229_ses-1 -sd /out/sourcedata/freesurfer -nogcareg

subjid sub-v1s18x0051229_ses-1
setenv SUBJECTS_DIR /out/sourcedata/freesurfer
FREESURFER_HOME /opt/freesurfer
Actual FREESURFER_HOME /opt/freesurfer
build-stamp.txt: freesurfer-linux-ubuntu22_x86_64-7.3.2-20220804-6354275
Linux dna078 5.14.0-427.37.1.el9_4.x86_64 #1 SMP PREEMPT_DYNAMIC Fri Sep 13 12:41:50 EDT 2024 x86_64 x86_64 x86_64 GNU/Linux
cputime      unlimited
filesize     unlimited
datasize     unlimited
stacksize    8192 kbytes
coredumpsize 0 kbytes
memoryuse    67108864 kbytes
vmemoryuse   unlimited
descriptors  1024 
memorylocked unlimited
maxproc      2061970 
maxlocks     unlimited
maxsignal    2062029 
maxmessage   819200 
maxnice      0 
maxrtprio    0 
maxrttime    unlimited

               total        used        free      shared  buff/cache   available
Mem:           503Gi        47Gi       406Gi       6.3Gi        49Gi       446Gi
Swap:             0B          0B          0B

########################################
program versions used
7.3.2 (freesurfer-linux-ubuntu22_x86_64-7.3.2-20220804-6354275)
7.3.2

ProgramName: lta_convert  ProgramArguments: lta_convert -all-info  ProgramVersion: 7.3.2  TimeStamp: 2026/03/07-00:11:33-GMT  BuildTime: Aug  4 2022 06:17:15  BuildStamp: freesurfer-linux-ubuntu22_x86_64-7.3.2-20220804-6354275  User: oesteban  Machine: dna078  Platform: Linux  PlatformVersion: 5.14.0-427.37.1.el9_4.x86_64  CompilerName: GCC  CompilerVersion: 8.4.0
ProgramName: mri_and  ProgramArguments: mri_and -all-info  ProgramVersion: 7.3.2  TimeStamp: 2026/03/07-00:11:33-GMT  BuildTime: Aug  4 2022 06:17:15  BuildStamp: freesurfer-linux-ubuntu22_x86_64-7.3.2-20220804-6354275  User: oesteban  Machine: dna078  Platform: Linux  PlatformVersion: 5.14.0-427.37.1.el9_4.x86_64  CompilerName: GCC  CompilerVersion: 8.4.0
ProgramName: mri_annotation2label  ProgramArguments: mri_annotation2label -all-info  ProgramVersion: 7.3.2  TimeStamp: 2026/03/07-00:11:33-GMT  BuildTime: Aug  4 2022 06:17:15  BuildStamp: freesurfer-linux-ubuntu22_x86_64-7.3.2-20220804-6354275  User: oesteban  Machine: dna078  Platform: Linux  PlatformVersion: 5.14.0-427.37.1.el9_4.x86_64  CompilerName: GCC  CompilerVersion: 8.4.0
ProgramName: mri_aparc2aseg  ProgramArguments: mri_aparc2aseg -all-info  ProgramVersion: 7.3.2  TimeStamp: 2026/03/07-00:11:33-GMT  BuildTime: Aug  4 2022 06:17:15  BuildStamp: freesurfer-linux-ubuntu22_x86_64-7.3.2-20220804-6354275  User: oesteban  Machine: dna078  Platform: Linux  PlatformVersion: 5.14.0-427.37.1.el9_4.x86_64  CompilerName: GCC  CompilerVersion: 8.4.0
ProgramName: mri_surf2volseg  ProgramArguments: mri_surf2volseg -all-info  ProgramVersion: 7.3.2  TimeStamp: 2026/03/07-00:11:33-GMT  BuildTime: Aug  4 2022 06:17:15  BuildStamp: freesurfer-linux-ubuntu22_x86_64-7.3.2-20220804-6354275  User: oesteban  Machine: dna078  Platform: Linux  PlatformVersion: 5.14.0-427.37.1.el9_4.x86_64  CompilerName: GCC  CompilerVersion: 8.4.0
ProgramName: mri_binarize  ProgramArguments: mri_binarize -all-info  ProgramVersion: 7.3.2  TimeStamp: 2026/03/07-00:11:33-GMT  BuildTime: Aug  4 2022 06:17:15  BuildStamp: freesurfer-linux-ubuntu22_x86_64-7.3.2-20220804-6354275  User: oesteban  Machine: dna078  Platform: Linux  PlatformVersion: 5.14.0-427.37.1.el9_4.x86_64  CompilerName: GCC  CompilerVersion: 8.4.0
ProgramName: mri_ca_label  ProgramArguments: mri_ca_label -all-info  ProgramVersion: 7.3.2  TimeStamp: 2026/03/07-00:11:33-GMT  BuildTime: Aug  4 2022 06:17:15  BuildStamp: freesurfer-linux-ubuntu22_x86_64-7.3.2-20220804-6354275  User: oesteban  Machine: dna078  Platform: Linux  PlatformVersion: 5.14.0-427.37.1.el9_4.x86_64  CompilerName: GCC  CompilerVersion: 8.4.0
ProgramName: mri_ca_normalize  ProgramArguments: mri_ca_normalize -all-info  ProgramVersion: 7.3.2  TimeStamp: 2026/03/07-00:11:33-GMT  BuildTime: Aug  4 2022 06:17:15  BuildStamp: freesurfer-linux-ubuntu22_x86_64-7.3.2-20220804-6354275  User: oesteban  Machine: dna078  Platform: Linux  PlatformVersion: 5.14.0-427.37.1.el9_4.x86_64  CompilerName: GCC  CompilerVersion: 8.4.0
ProgramName: mri_ca_register  ProgramArguments: mri_ca_register -all-info  ProgramVersion: 7.3.2  TimeStamp: 2026/03/07-00:11:33-GMT  BuildTime: Aug  4 2022 06:17:15  BuildStamp: freesurfer-linux-ubuntu22_x86_64-7.3.2-20220804-6354275  User: oesteban  Machine: dna078  Platform: Linux  PlatformVersion: 5.14.0-427.37.1.el9_4.x86_64  CompilerName: GCC  CompilerVersion: 8.4.0
ProgramName: mri_cc  ProgramArguments: mri_cc -all-info  ProgramVersion: 7.3.2  TimeStamp: 2026/03/07-00:11:33-GMT  BuildTime: Aug  4 2022 06:17:15  BuildStamp: freesurfer-linux-ubuntu22_x86_64-7.3.2-20220804-6354275  User: oesteban  Machine: dna078  Platform: Linux  PlatformVersion: 5.14.0-427.37.1.el9_4.x86_64  CompilerName: GCC  CompilerVersion: 8.4.0
ProgramName: mri_compute_overlap  ProgramArguments: mri_compute_overlap -all-info  ProgramVersion: 7.3.2  TimeStamp: 2026/03/07-00:11:33-GMT  BuildTime: Aug  4 2022 06:17:15  BuildStamp: freesurfer-linux-ubuntu22_x86_64-7.3.2-20220804-6354275  User: oesteban  Machine: dna078  Platform: Linux  PlatformVersion: 5.14.0-427.37.1.el9_4.x86_64  CompilerName: GCC  CompilerVersion: 8.4.0
ProgramName: mri_compute_seg_overlap  ProgramArguments: mri_compute_seg_overlap -all-info  ProgramVersion: 7.3.2  TimeStamp: 2026/03/07-00:11:33-GMT  BuildTime: Aug  4 2022 06:17:15  BuildStamp: freesurfer-linux-ubuntu22_x86_64-7.3.2-20220804-6354275  User: oesteban  Machine: dna078  Platform: Linux  PlatformVersion: 5.14.0-427.37.1.el9_4.x86_64  CompilerName: GCC  CompilerVersion: 8.4.0
ProgramName: mri_concat  ProgramArguments: mri_concat -all-info  ProgramVersion: 7.3.2  TimeStamp: 2026/03/07-00:11:33-GMT  BuildTime: Aug  4 2022 06:17:15  BuildStamp: freesurfer-linux-ubuntu22_x86_64-7.3.2-20220804-6354275  User: oesteban  Machine: dna078  Platform: Linux  PlatformVersion: 5.14.0-427.37.1.el9_4.x86_64  CompilerName: GCC  CompilerVersion: 8.4.0
ProgramName: mri_concatenate_lta  ProgramArguments: mri_concatenate_lta -all-info  ProgramVersion: 7.3.2  TimeStamp: 2026/03/07-00:11:33-GMT  BuildTime: Aug  4 2022 06:17:15  BuildStamp: freesurfer-linux-ubuntu22_x86_64-7.3.2-20220804-6354275  User: oesteban  Machine: dna078  Platform: Linux  PlatformVersion: 5.14.0-427.37.1.el9_4.x86_64  CompilerName: GCC  CompilerVersion: 8.4.0
mri_convert -all-info 
ProgramName: mri_convert  ProgramArguments: mri_convert -all-info  ProgramVersion: 7.3.2  TimeStamp: 2026/03/07-00:11:33-GMT  BuildTime: Aug  4 2022 06:17:15  BuildStamp: freesurfer-linux-ubuntu22_x86_64-7.3.2-20220804-6354275  User: oesteban  Machine: dna078  Platform: Linux  PlatformVersion: 5.14.0-427.37.1.el9_4.x86_64  CompilerName: GCC  CompilerVersion: 8.4.0
ProgramName: mri_diff  ProgramArguments: mri_diff -all-info  ProgramVersion: 7.3.2  TimeStamp: 2026/03/07-00:11:33-GMT  BuildTime: Aug  4 2022 06:17:15  BuildStamp: freesurfer-linux-ubuntu22_x86_64-7.3.2-20220804-6354275  User: oesteban  Machine: dna078  Platform: Linux  PlatformVersion: 5.14.0-427.37.1.el9_4.x86_64  CompilerName: GCC  CompilerVersion: 8.4.0
ProgramName: mri_edit_wm_with_aseg  ProgramArguments: mri_edit_wm_with_aseg -all-info  ProgramVersion: 7.3.2  TimeStamp: 2026/03/07-00:11:33-GMT  BuildTime: Aug  4 2022 06:17:15  BuildStamp: freesurfer-linux-ubuntu22_x86_64-7.3.2-20220804-6354275  User: oesteban  Machine: dna078  Platform: Linux  PlatformVersion: 5.14.0-427.37.1.el9_4.x86_64  CompilerName: GCC  CompilerVersion: 8.4.0
ProgramName: mri_em_register  ProgramArguments: mri_em_register -all-info  ProgramVersion: 7.3.2  TimeStamp: 2026/03/07-00:11:33-GMT  BuildTime: Aug  4 2022 06:17:15  BuildStamp: freesurfer-linux-ubuntu22_x86_64-7.3.2-20220804-6354275  User: oesteban  Machine: dna078  Platform: Linux  PlatformVersion: 5.14.0-427.37.1.el9_4.x86_64  CompilerName: GCC  CompilerVersion: 8.4.0
ProgramName: mri_fill  ProgramArguments: mri_fill -all-info  ProgramVersion: 7.3.2  TimeStamp: 2026/03/07-00:11:33-GMT  BuildTime: Aug  4 2022 06:17:15  BuildStamp: freesurfer-linux-ubuntu22_x86_64-7.3.2-20220804-6354275  User: oesteban  Machine: dna078  Platform: Linux  PlatformVersion: 5.14.0-427.37.1.el9_4.x86_64  CompilerName: GCC  CompilerVersion: 8.4.0
ProgramName: mri_fuse_segmentations  ProgramArguments: mri_fuse_segmentations -all-info  ProgramVersion: 7.3.2  TimeStamp: 2026/03/07-00:11:33-GMT  BuildTime: Aug  4 2022 06:17:15  BuildStamp: freesurfer-linux-ubuntu22_x86_64-7.3.2-20220804-6354275  User: oesteban  Machine: dna078  Platform: Linux  PlatformVersion: 5.14.0-427.37.1.el9_4.x86_64  CompilerName: GCC  CompilerVersion: 8.4.0
ProgramName: mri_fwhm  ProgramArguments: mri_fwhm -all-info  ProgramVersion: 7.3.2  TimeStamp: 2026/03/07-00:11:33-GMT  BuildTime: Aug  4 2022 06:17:15  BuildStamp: freesurfer-linux-ubuntu22_x86_64-7.3.2-20220804-6354275  User: oesteban  Machine: dna078  Platform: Linux  PlatformVersion: 5.14.0-427.37.1.el9_4.x86_64  CompilerName: GCC  CompilerVersion: 8.4.0
ProgramName: mri_gcut  ProgramArguments: mri_gcut -all-info  ProgramVersion: 7.3.2  TimeStamp: 2026/03/07-00:11:33-GMT  BuildTime: Aug  4 2022 06:17:15  BuildStamp: freesurfer-linux-ubuntu22_x86_64-7.3.2-20220804-6354275  User: oesteban  Machine: dna078  Platform: Linux  PlatformVersion: 5.14.0-427.37.1.el9_4.x86_64  CompilerName: GCC  CompilerVersion: 8.4.0
ProgramName: mri_info  ProgramArguments: mri_info -all-info  ProgramVersion: 7.3.2  TimeStamp: 2026/03/07-00:11:33-GMT  BuildTime: Aug  4 2022 06:17:15  BuildStamp: freesurfer-linux-ubuntu22_x86_64-7.3.2-20220804-6354275  User: oesteban  Machine: dna078  Platform: Linux  PlatformVersion: 5.14.0-427.37.1.el9_4.x86_64  CompilerName: GCC  CompilerVersion: 8.4.0
ProgramName: mri_label2label  ProgramArguments: mri_label2label -all-info  ProgramVersion: 7.3.2  TimeStamp: 2026/03/07-00:11:33-GMT  BuildTime: Aug  4 2022 06:17:15  BuildStamp: freesurfer-linux-ubuntu22_x86_64-7.3.2-20220804-6354275  User: oesteban  Machine: dna078  Platform: Linux  PlatformVersion: 5.14.0-427.37.1.el9_4.x86_64  CompilerName: GCC  CompilerVersion: 8.4.0
ProgramName: mri_label2vol  ProgramArguments: mri_label2vol -all-info  ProgramVersion: 7.3.2  TimeStamp: 2026/03/07-00:11:33-GMT  BuildTime: Aug  4 2022 06:17:15  BuildStamp: freesurfer-linux-ubuntu22_x86_64-7.3.2-20220804-6354275  User: oesteban  Machine: dna078  Platform: Linux  PlatformVersion: 5.14.0-427.37.1.el9_4.x86_64  CompilerName: GCC  CompilerVersion: 8.4.0
ProgramName: mri_log_likelihood  ProgramArguments: mri_log_likelihood -all-info  ProgramVersion: 7.3.2  TimeStamp: 2026/03/07-00:11:33-GMT  BuildTime: Aug  4 2022 06:17:15  BuildStamp: freesurfer-linux-ubuntu22_x86_64-7.3.2-20220804-6354275  User: oesteban  Machine: dna078  Platform: Linux  PlatformVersion: 5.14.0-427.37.1.el9_4.x86_64  CompilerName: GCC  CompilerVersion: 8.4.0
ProgramName: mri_mask  ProgramArguments: mri_mask -all-info  ProgramVersion: 7.3.2  TimeStamp: 2026/03/07-00:11:33-GMT  BuildTime: Aug  4 2022 06:17:15  BuildStamp: freesurfer-linux-ubuntu22_x86_64-7.3.2-20220804-6354275  User: oesteban  Machine: dna078  Platform: Linux  PlatformVersion: 5.14.0-427.37.1.el9_4.x86_64  CompilerName: GCC  CompilerVersion: 8.4.0
ProgramName: mri_matrix_multiply  ProgramArguments: mri_matrix_multiply -all-info  ProgramVersion: 7.3.2  TimeStamp: 2026/03/07-00:11:33-GMT  BuildTime: Aug  4 2022 06:17:15  BuildStamp: freesurfer-linux-ubuntu22_x86_64-7.3.2-20220804-6354275  User: oesteban  Machine: dna078  Platform: Linux  PlatformVersion: 5.14.0-427.37.1.el9_4.x86_64  CompilerName: GCC  CompilerVersion: 8.4.0
ProgramName: mri_normalize  ProgramArguments: mri_normalize -all-info  ProgramVersion: 7.3.2  TimeStamp: 2026/03/07-00:11:33-GMT  BuildTime: Aug  4 2022 06:17:15  BuildStamp: freesurfer-linux-ubuntu22_x86_64-7.3.2-20220804-6354275  User: oesteban  Machine: dna078  Platform: Linux  PlatformVersion: 5.14.0-427.37.1.el9_4.x86_64  CompilerName: GCC  CompilerVersion: 8.4.0
ProgramName: mri_normalize_tp2  ProgramArguments: mri_normalize_tp2 -all-info  ProgramVersion: 7.3.2  TimeStamp: 2026/03/07-00:11:33-GMT  BuildTime: Aug  4 2022 06:17:15  BuildStamp: freesurfer-linux-ubuntu22_x86_64-7.3.2-20220804-6354275  User: oesteban  Machine: dna078  Platform: Linux  PlatformVersion: 5.14.0-427.37.1.el9_4.x86_64  CompilerName: GCC  CompilerVersion: 8.4.0
ProgramName: mri_or  ProgramArguments: mri_or -all-info  ProgramVersion: 7.3.2  TimeStamp: 2026/03/07-00:11:33-GMT  BuildTime: Aug  4 2022 06:17:15  BuildStamp: freesurfer-linux-ubuntu22_x86_64-7.3.2-20220804-6354275  User: oesteban  Machine: dna078  Platform: Linux  PlatformVersion: 5.14.0-427.37.1.el9_4.x86_64  CompilerName: GCC  CompilerVersion: 8.4.0
ProgramName: mri_relabel_hypointensities  ProgramArguments: mri_relabel_hypointensities -all-info  ProgramVersion: 7.3.2  TimeStamp: 2026/03/07-00:11:33-GMT  BuildTime: Aug  4 2022 06:17:15  BuildStamp: freesurfer-linux-ubuntu22_x86_64-7.3.2-20220804-6354275  User: oesteban  Machine: dna078  Platform: Linux  PlatformVersion: 5.14.0-427.37.1.el9_4.x86_64  CompilerName: GCC  CompilerVersion: 8.4.0
ProgramName: mri_relabel_nonwm_hypos  ProgramArguments: mri_relabel_nonwm_hypos -all-info  ProgramVersion: 7.3.2  TimeStamp: 2026/03/07-00:11:33-GMT  BuildTime: Aug  4 2022 06:17:15  BuildStamp: freesurfer-linux-ubuntu22_x86_64-7.3.2-20220804-6354275  User: oesteban  Machine: dna078  Platform: Linux  PlatformVersion: 5.14.0-427.37.1.el9_4.x86_64  CompilerName: GCC  CompilerVersion: 8.4.0
ProgramName: mri_remove_neck  ProgramArguments: mri_remove_neck -all-info  ProgramVersion: 7.3.2  TimeStamp: 2026/03/07-00:11:33-GMT  BuildTime: Aug  4 2022 06:17:15  BuildStamp: freesurfer-linux-ubuntu22_x86_64-7.3.2-20220804-6354275  User: oesteban  Machine: dna078  Platform: Linux  PlatformVersion: 5.14.0-427.37.1.el9_4.x86_64  CompilerName: GCC  CompilerVersion: 8.4.0
7.3.2

ProgramName: mri_robust_register  ProgramArguments: mri_robust_register -all-info  ProgramVersion: 7.3.2  TimeStamp: 2026/03/07-00:11:33-GMT  BuildTime: Aug  4 2022 06:17:15  BuildStamp: freesurfer-linux-ubuntu22_x86_64-7.3.2-20220804-6354275  User: oesteban  Machine: dna078  Platform: Linux  PlatformVersion: 5.14.0-427.37.1.el9_4.x86_64  CompilerName: GCC  CompilerVersion: 8.4.0
7.3.2

ProgramName: mri_robust_template  ProgramArguments: mri_robust_template -all-info  ProgramVersion: 7.3.2  TimeStamp: 2026/03/07-00:11:33-GMT  BuildTime: Aug  4 2022 06:17:15  BuildStamp: freesurfer-linux-ubuntu22_x86_64-7.3.2-20220804-6354275  User: oesteban  Machine: dna078  Platform: Linux  PlatformVersion: 5.14.0-427.37.1.el9_4.x86_64  CompilerName: GCC  CompilerVersion: 8.4.0
ProgramName: mris_anatomical_stats  ProgramArguments: mris_anatomical_stats -all-info  ProgramVersion: 7.3.2  TimeStamp: 2026/03/07-00:11:33-GMT  BuildTime: Aug  4 2022 06:17:15  BuildStamp: freesurfer-linux-ubuntu22_x86_64-7.3.2-20220804-6354275  User: oesteban  Machine: dna078  Platform: Linux  PlatformVersion: 5.14.0-427.37.1.el9_4.x86_64  CompilerName: GCC  CompilerVersion: 8.4.0
ProgramName: mris_ca_label  ProgramArguments: mris_ca_label -all-info  ProgramVersion: 7.3.2  TimeStamp: 2026/03/07-00:11:33-GMT  BuildTime: Aug  4 2022 06:17:15  BuildStamp: freesurfer-linux-ubuntu22_x86_64-7.3.2-20220804-6354275  User: oesteban  Machine: dna078  Platform: Linux  PlatformVersion: 5.14.0-427.37.1.el9_4.x86_64  CompilerName: GCC  CompilerVersion: 8.4.0
ProgramName: mris_calc  ProgramArguments: mris_calc -all-info  ProgramVersion: 7.3.2  TimeStamp: 2026/03/07-00:11:33-GMT  BuildTime: Aug  4 2022 06:17:15  BuildStamp: freesurfer-linux-ubuntu22_x86_64-7.3.2-20220804-6354275  User: oesteban  Machine: dna078  Platform: Linux  PlatformVersion: 5.14.0-427.37.1.el9_4.x86_64  CompilerName: GCC  CompilerVersion: 8.4.0
ProgramName: mris_convert  ProgramArguments: mris_convert -all-info  ProgramVersion: 7.3.2  TimeStamp: 2026/03/07-00:11:33-GMT  BuildTime: Aug  4 2022 06:17:15  BuildStamp: freesurfer-linux-ubuntu22_x86_64-7.3.2-20220804-6354275  User: oesteban  Machine: dna078  Platform: Linux  PlatformVersion: 5.14.0-427.37.1.el9_4.x86_64  CompilerName: GCC  CompilerVersion: 8.4.0
ProgramName: mris_curvature  ProgramArguments: mris_curvature -all-info  ProgramVersion: 7.3.2  TimeStamp: 2026/03/07-00:11:33-GMT  BuildTime: Aug  4 2022 06:17:15  BuildStamp: freesurfer-linux-ubuntu22_x86_64-7.3.2-20220804-6354275  User: oesteban  Machine: dna078  Platform: Linux  PlatformVersion: 5.14.0-427.37.1.el9_4.x86_64  CompilerName: GCC  CompilerVersion: 8.4.0
ProgramName: mris_curvature_stats  ProgramArguments: mris_curvature_stats -all-info  ProgramVersion: 7.3.2  TimeStamp: 2026/03/07-00:11:33-GMT  BuildTime: Aug  4 2022 06:17:15  BuildStamp: freesurfer-linux-ubuntu22_x86_64-7.3.2-20220804-6354275  User: oesteban  Machine: dna078  Platform: Linux  PlatformVersion: 5.14.0-427.37.1.el9_4.x86_64  CompilerName: GCC  CompilerVersion: 8.4.0
ProgramName: mris_diff  ProgramArguments: mris_diff -all-info  ProgramVersion: 7.3.2  TimeStamp: 2026/03/07-00:11:33-GMT  BuildTime: Aug  4 2022 06:17:15  BuildStamp: freesurfer-linux-ubuntu22_x86_64-7.3.2-20220804-6354275  User: oesteban  Machine: dna078  Platform: Linux  PlatformVersion: 5.14.0-427.37.1.el9_4.x86_64  CompilerName: GCC  CompilerVersion: 8.4.0
ProgramName: mris_divide_parcellation  ProgramArguments: mris_divide_parcellation -all-info  ProgramVersion: 7.3.2  TimeStamp: 2026/03/07-00:11:33-GMT  BuildTime: Aug  4 2022 06:17:15  BuildStamp: freesurfer-linux-ubuntu22_x86_64-7.3.2-20220804-6354275  User: oesteban  Machine: dna078  Platform: Linux  PlatformVersion: 5.14.0-427.37.1.el9_4.x86_64  CompilerName: GCC  CompilerVersion: 8.4.0
ProgramName: mri_segment  ProgramArguments: mri_segment -all-info  ProgramVersion: 7.3.2  TimeStamp: 2026/03/07-00:11:33-GMT  BuildTime: Aug  4 2022 06:17:15  BuildStamp: freesurfer-linux-ubuntu22_x86_64-7.3.2-20220804-6354275  User: oesteban  Machine: dna078  Platform: Linux  PlatformVersion: 5.14.0-427.37.1.el9_4.x86_64  CompilerName: GCC  CompilerVersion: 8.4.0
ProgramName: mri_segstats  ProgramArguments: mri_segstats -all-info  ProgramVersion: 7.3.2  TimeStamp: 2026/03/07-00:11:33-GMT  BuildTime: Aug  4 2022 06:17:15  BuildStamp: freesurfer-linux-ubuntu22_x86_64-7.3.2-20220804-6354275  User: oesteban  Machine: dna078  Platform: Linux  PlatformVersion: 5.14.0-427.37.1.el9_4.x86_64  CompilerName: GCC  CompilerVersion: 8.4.0
ProgramName: mris_euler_number  ProgramArguments: mris_euler_number -all-info  ProgramVersion: 7.3.2  TimeStamp: 2026/03/07-00:11:33-GMT  BuildTime: Aug  4 2022 06:17:15  BuildStamp: freesurfer-linux-ubuntu22_x86_64-7.3.2-20220804-6354275  User: oesteban  Machine: dna078  Platform: Linux  PlatformVersion: 5.14.0-427.37.1.el9_4.x86_64  CompilerName: GCC  CompilerVersion: 8.4.0
ProgramName: mris_fix_topology  ProgramArguments: mris_fix_topology -all-info  ProgramVersion: 7.3.2  TimeStamp: 2026/03/07-00:11:33-GMT  BuildTime: Aug  4 2022 06:17:15  BuildStamp: freesurfer-linux-ubuntu22_x86_64-7.3.2-20220804-6354275  User: oesteban  Machine: dna078  Platform: Linux  PlatformVersion: 5.14.0-427.37.1.el9_4.x86_64  CompilerName: GCC  CompilerVersion: 8.4.0
ProgramName: mris_topo_fixer  ProgramArguments: mris_topo_fixer -all-info  ProgramVersion: 7.3.2  TimeStamp: 2026/03/07-00:11:33-GMT  BuildTime: Aug  4 2022 06:17:15  BuildStamp: freesurfer-linux-ubuntu22_x86_64-7.3.2-20220804-6354275  User: oesteban  Machine: dna078  Platform: Linux  PlatformVersion: 5.14.0-427.37.1.el9_4.x86_64  CompilerName: GCC  CompilerVersion: 8.4.0
ProgramName: mris_jacobian  ProgramArguments: mris_jacobian -all-info  ProgramVersion: 7.3.2  TimeStamp: 2026/03/07-00:11:33-GMT  BuildTime: Aug  4 2022 06:17:15  BuildStamp: freesurfer-linux-ubuntu22_x86_64-7.3.2-20220804-6354275  User: oesteban  Machine: dna078  Platform: Linux  PlatformVersion: 5.14.0-427.37.1.el9_4.x86_64  CompilerName: GCC  CompilerVersion: 8.4.0
ProgramName: mris_label2annot  ProgramArguments: mris_label2annot -all-info  ProgramVersion: 7.3.2  TimeStamp: 2026/03/07-00:11:33-GMT  BuildTime: Aug  4 2022 06:17:15  BuildStamp: freesurfer-linux-ubuntu22_x86_64-7.3.2-20220804-6354275  User: oesteban  Machine: dna078  Platform: Linux  PlatformVersion: 5.14.0-427.37.1.el9_4.x86_64  CompilerName: GCC  CompilerVersion: 8.4.0
ProgramName: mris_left_right_register  ProgramArguments: mris_left_right_register -all-info  ProgramVersion: 7.3.2  TimeStamp: 2026/03/07-00:11:33-GMT  BuildTime: Aug  4 2022 06:17:15  BuildStamp: freesurfer-linux-ubuntu22_x86_64-7.3.2-20220804-6354275  User: oesteban  Machine: dna078  Platform: Linux  PlatformVersion: 5.14.0-427.37.1.el9_4.x86_64  CompilerName: GCC  CompilerVersion: 8.4.0
ProgramName: mris_place_surface  ProgramArguments: mris_place_surface -all-info  ProgramVersion: 7.3.2  TimeStamp: 2026/03/07-00:11:33-GMT  BuildTime: Aug  4 2022 06:17:15  BuildStamp: freesurfer-linux-ubuntu22_x86_64-7.3.2-20220804-6354275  User: oesteban  Machine: dna078  Platform: Linux  PlatformVersion: 5.14.0-427.37.1.el9_4.x86_64  CompilerName: GCC  CompilerVersion: 8.4.0
ProgramName: mrisp_paint  ProgramArguments: mrisp_paint -all-info  ProgramVersion: 7.3.2  TimeStamp: 2026/03/07-00:11:33-GMT  BuildTime: Aug  4 2022 06:17:15  BuildStamp: freesurfer-linux-ubuntu22_x86_64-7.3.2-20220804-6354275  User: oesteban  Machine: dna078  Platform: Linux  PlatformVersion: 5.14.0-427.37.1.el9_4.x86_64  CompilerName: GCC  CompilerVersion: 8.4.0
ProgramName: mris_register  ProgramArguments: mris_register -all-info  ProgramVersion: 7.3.2  TimeStamp: 2026/03/07-00:11:33-GMT  BuildTime: Aug  4 2022 06:17:15  BuildStamp: freesurfer-linux-ubuntu22_x86_64-7.3.2-20220804-6354275  User: oesteban  Machine: dna078  Platform: Linux  PlatformVersion: 5.14.0-427.37.1.el9_4.x86_64  CompilerName: GCC  CompilerVersion: 8.4.0
ProgramName: mris_smooth  ProgramArguments: mris_smooth -all-info  ProgramVersion: 7.3.2  TimeStamp: 2026/03/07-00:11:33-GMT  BuildTime: Aug  4 2022 06:17:15  BuildStamp: freesurfer-linux-ubuntu22_x86_64-7.3.2-20220804-6354275  User: oesteban  Machine: dna078  Platform: Linux  PlatformVersion: 5.14.0-427.37.1.el9_4.x86_64  CompilerName: GCC  CompilerVersion: 8.4.0
ProgramName: mris_sphere  ProgramArguments: mris_sphere -all-info  ProgramVersion: 7.3.2  TimeStamp: 2026/03/07-00:11:33-GMT  BuildTime: Aug  4 2022 06:17:15  BuildStamp: freesurfer-linux-ubuntu22_x86_64-7.3.2-20220804-6354275  User: oesteban  Machine: dna078  Platform: Linux  PlatformVersion: 5.14.0-427.37.1.el9_4.x86_64  CompilerName: GCC  CompilerVersion: 8.4.0
ProgramName: mris_surface_stats  ProgramArguments: mris_surface_stats -all-info  ProgramVersion: 7.3.2  TimeStamp: 2026/03/07-00:11:33-GMT  BuildTime: Aug  4 2022 06:17:15  BuildStamp: freesurfer-linux-ubuntu22_x86_64-7.3.2-20220804-6354275  User: oesteban  Machine: dna078  Platform: Linux  PlatformVersion: 5.14.0-427.37.1.el9_4.x86_64  CompilerName: GCC  CompilerVersion: 8.4.0
ProgramName: mri_stats2seg  ProgramArguments: mri_stats2seg -all-info  ProgramVersion: 7.3.2  TimeStamp: 2026/03/07-00:11:33-GMT  BuildTime: Aug  4 2022 06:17:15  BuildStamp: freesurfer-linux-ubuntu22_x86_64-7.3.2-20220804-6354275  User: oesteban  Machine: dna078  Platform: Linux  PlatformVersion: 5.14.0-427.37.1.el9_4.x86_64  CompilerName: GCC  CompilerVersion: 8.4.0
ProgramName: mris_thickness  ProgramArguments: mris_thickness -all-info  ProgramVersion: 7.3.2  TimeStamp: 2026/03/07-00:11:33-GMT  BuildTime: Aug  4 2022 06:17:15  BuildStamp: freesurfer-linux-ubuntu22_x86_64-7.3.2-20220804-6354275  User: oesteban  Machine: dna078  Platform: Linux  PlatformVersion: 5.14.0-427.37.1.el9_4.x86_64  CompilerName: GCC  CompilerVersion: 8.4.0
ProgramName: mris_thickness_diff  ProgramArguments: mris_thickness_diff -all-info  ProgramVersion: 7.3.2  TimeStamp: 2026/03/07-00:11:33-GMT  BuildTime: Aug  4 2022 06:17:15  BuildStamp: freesurfer-linux-ubuntu22_x86_64-7.3.2-20220804-6354275  User: oesteban  Machine: dna078  Platform: Linux  PlatformVersion: 5.14.0-427.37.1.el9_4.x86_64  CompilerName: GCC  CompilerVersion: 8.4.0
ProgramName: mris_topo_fixer  ProgramArguments: mris_topo_fixer -all-info  ProgramVersion: 7.3.2  TimeStamp: 2026/03/07-00:11:33-GMT  BuildTime: Aug  4 2022 06:17:15  BuildStamp: freesurfer-linux-ubuntu22_x86_64-7.3.2-20220804-6354275  User: oesteban  Machine: dna078  Platform: Linux  PlatformVersion: 5.14.0-427.37.1.el9_4.x86_64  CompilerName: GCC  CompilerVersion: 8.4.0
ProgramName: mri_surf2surf  ProgramArguments: mri_surf2surf -all-info  ProgramVersion: 7.3.2  TimeStamp: 2026/03/07-00:11:33-GMT  BuildTime: Aug  4 2022 06:17:15  BuildStamp: freesurfer-linux-ubuntu22_x86_64-7.3.2-20220804-6354275  User: oesteban  Machine: dna078  Platform: Linux  PlatformVersion: 5.14.0-427.37.1.el9_4.x86_64  CompilerName: GCC  CompilerVersion: 8.4.0
ProgramName: mri_surf2vol  ProgramArguments: mri_surf2vol -all-info  ProgramVersion: 7.3.2  TimeStamp: 2026/03/07-00:11:33-GMT  BuildTime: Aug  4 2022 06:17:15  BuildStamp: freesurfer-linux-ubuntu22_x86_64-7.3.2-20220804-6354275  User: oesteban  Machine: dna078  Platform: Linux  PlatformVersion: 5.14.0-427.37.1.el9_4.x86_64  CompilerName: GCC  CompilerVersion: 8.4.0
ProgramName: mri_surfcluster  ProgramArguments: mri_surfcluster -all-info  ProgramVersion: 7.3.2  TimeStamp: 2026/03/07-00:11:33-GMT  BuildTime: Aug  4 2022 06:17:15  BuildStamp: freesurfer-linux-ubuntu22_x86_64-7.3.2-20220804-6354275  User: oesteban  Machine: dna078  Platform: Linux  PlatformVersion: 5.14.0-427.37.1.el9_4.x86_64  CompilerName: GCC  CompilerVersion: 8.4.0
ProgramName: mris_volmask  ProgramArguments: mris_volmask -all-info  ProgramVersion: 7.3.2  TimeStamp: 2026/03/07-00:11:33-GMT  BuildTime: Aug  4 2022 06:17:15  BuildStamp: freesurfer-linux-ubuntu22_x86_64-7.3.2-20220804-6354275  User: oesteban  Machine: dna078  Platform: Linux  PlatformVersion: 5.14.0-427.37.1.el9_4.x86_64  CompilerName: GCC  CompilerVersion: 8.4.0
ProgramName: mri_tessellate  ProgramArguments: mri_tessellate -all-info  ProgramVersion: 7.3.2  TimeStamp: 2026/03/07-00:11:33-GMT  BuildTime: Aug  4 2022 06:17:15  BuildStamp: freesurfer-linux-ubuntu22_x86_64-7.3.2-20220804-6354275  User: oesteban  Machine: dna078  Platform: Linux  PlatformVersion: 5.14.0-427.37.1.el9_4.x86_64  CompilerName: GCC  CompilerVersion: 8.4.0
ProgramName: mri_vol2surf  ProgramArguments: mri_vol2surf -all-info  ProgramVersion: 7.3.2  TimeStamp: 2026/03/07-00:11:33-GMT  BuildTime: Aug  4 2022 06:17:15  BuildStamp: freesurfer-linux-ubuntu22_x86_64-7.3.2-20220804-6354275  User: oesteban  Machine: dna078  Platform: Linux  PlatformVersion: 5.14.0-427.37.1.el9_4.x86_64  CompilerName: GCC  CompilerVersion: 8.4.0
ProgramName: mri_vol2vol  ProgramArguments: mri_vol2vol -all-info  ProgramVersion: 7.3.2  TimeStamp: 2026/03/07-00:11:33-GMT  BuildTime: Aug  4 2022 06:17:15  BuildStamp: freesurfer-linux-ubuntu22_x86_64-7.3.2-20220804-6354275  User: oesteban  Machine: dna078  Platform: Linux  PlatformVersion: 5.14.0-427.37.1.el9_4.x86_64  CompilerName: GCC  CompilerVersion: 8.4.0
ProgramName: mri_voldiff  ProgramArguments: mri_voldiff -all-info  ProgramVersion: 7.3.2  TimeStamp: 2026/03/07-00:11:33-GMT  BuildTime: Aug  4 2022 06:17:15  BuildStamp: freesurfer-linux-ubuntu22_x86_64-7.3.2-20220804-6354275  User: oesteban  Machine: dna078  Platform: Linux  PlatformVersion: 5.14.0-427.37.1.el9_4.x86_64  CompilerName: GCC  CompilerVersion: 8.4.0
ProgramName: mri_watershed  ProgramArguments: mri_watershed -all-info  ProgramVersion: 7.3.2  TimeStamp: 2026/03/07-00:11:33-GMT  BuildTime: Aug  4 2022 06:17:15  BuildStamp: freesurfer-linux-ubuntu22_x86_64-7.3.2-20220804-6354275  User: oesteban  Machine: dna078  Platform: Linux  PlatformVersion: 5.14.0-427.37.1.el9_4.x86_64  CompilerName: GCC  CompilerVersion: 8.4.0
ProgramName: tkregister2  ProgramArguments: tkregister2_cmdl -all-info  ProgramVersion: 7.3.2  TimeStamp: 2026/03/07-00:11:33-GMT  BuildTime: Aug  4 2022 06:17:15  BuildStamp: freesurfer-linux-ubuntu22_x86_64-7.3.2-20220804-6354275  User: oesteban  Machine: dna078  Platform: Linux  PlatformVersion: 5.14.0-427.37.1.el9_4.x86_64  CompilerName: GCC  CompilerVersion: 8.4.0
mri_motion_correct.fsl 7.3.2
mri_convert -all-info 
ProgramName: mri_convert  ProgramArguments: mri_convert -all-info  ProgramVersion: 7.3.2  TimeStamp: 2026/03/07-00:11:33-GMT  BuildTime: Aug  4 2022 06:17:15  BuildStamp: freesurfer-linux-ubuntu22_x86_64-7.3.2-20220804-6354275  User: oesteban  Machine: dna078  Platform: Linux  PlatformVersion: 5.14.0-427.37.1.el9_4.x86_64  CompilerName: GCC  CompilerVersion: 8.4.0
Program nu_correct, built from:
Package MNI N3, version 1.12.0, compiled by nicks@terrier (x86_64-unknown-linux-gnu) on 2015-06-19 at 01:25:34
#######################################
GCADIR /opt/freesurfer/average
GCA RB_all_2020-01-02.gca
GCASkull RB_all_withskull_2020_01_02.gca
AvgCurvTif folding.atlas.acfb40.noaparc.i12.2016-08-02.tif
GCSDIR /opt/freesurfer/average
GCS DKaparc.atlas.acfb40.noaparc.i12.2016-08-02.gcs
#######################################
#--------------------------------------
#@# CA Normalize Sat Mar  7 01:11:33 CET 2026
/out/sourcedata/freesurfer/sub-v1s18x0051229_ses-1/mri

 mri_ca_normalize -c ctrl_pts.mgz -mask brainmask.mgz nu.mgz /opt/freesurfer/average/RB_all_2020-01-02.gca transforms/talairach.lta norm.mgz 

writing control point volume to ctrl_pts.mgz
using MR volume brainmask.mgz to mask input volume...
reading 1 input volume
reading atlas from '/opt/freesurfer/average/RB_all_2020-01-02.gca'...
reading transform from 'transforms/talairach.lta'...
reading input volume from nu.mgz...
resetting wm mean[0]: 98 --> 107
resetting gm mean[0]: 61 --> 61
input volume #1 is the most T1-like
using real data threshold=28.1
skull bounding box = (62, 51, 44) --> (193, 185, 207)
finding center of left hemi white matter
using (106, 96, 126) as brain centroid of Right_Cerebral_White_Matter...
mean wm in atlas = 107, using box (90,80,106) --> (122, 112,146) to find MRI wm
before smoothing, mri peak at 112
robust fit to distribution - 109 +- 4.7
after smoothing, mri peak at 110, scaling input intensities by 0.973
scaling channel 0 by 0.972727
using 246437 sample points...
INFO: compute sample coordinates transform
 1.09745   0.01930  -0.00417  -18.56759;
-0.01839   1.08765   0.25716  -31.99701;
 0.00944  -0.19629   1.01865   8.76548;
 0.00000   0.00000   0.00000   1.00000;
INFO: transform used
finding control points in Left_Cerebral_White_Matter....
found 40230 control points for structure...
bounding box (129, 54, 42) --> (191, 160, 201)
Left_Cerebral_White_Matter: limiting intensities to 96.0 --> 130.0
22 of 6883 (0.3%) samples deleted
finding control points in Right_Cerebral_White_Matter....
found 39478 control points for structure...
bounding box (72, 54, 41) --> (132, 156, 201)
Right_Cerebral_White_Matter: limiting intensities to 91.0 --> 130.0
10 of 6519 (0.2%) samples deleted
finding control points in Left_Cerebellum_White_Matter....
found 3105 control points for structure...
bounding box (131, 133, 68) --> (175, 177, 120)
Left_Cerebellum_White_Matter: limiting intensities to 88.0 --> 130.0
456 of 549 (83.1%) samples deleted
finding control points in Right_Cerebellum_White_Matter....
found 2710 control points for structure...
bounding box (89, 133, 66) --> (130, 174, 121)
Right_Cerebellum_White_Matter: limiting intensities to 88.0 --> 130.0
431 of 460 (93.7%) samples deleted
finding control points in Brain_Stem....
found 3475 control points for structure...
bounding box (115, 124, 103) --> (146, 187, 131)
Brain_Stem: limiting intensities to 88.0 --> 130.0
231 of 531 (43.5%) samples deleted
using 14942 total control points for intensity normalization...
bias field = 0.998 +- 0.039
10 of 13792 control points discarded
finding control points in Left_Cerebral_White_Matter....
found 40230 control points for structure...
bounding box (129, 54, 42) --> (191, 160, 201)
Left_Cerebral_White_Matter: limiting intensities to 93.0 --> 126.0
24 of 7065 (0.3%) samples deleted
finding control points in Right_Cerebral_White_Matter....
found 39478 control points for structure...
bounding box (72, 54, 41) --> (132, 156, 201)
Right_Cerebral_White_Matter: limiting intensities to 89.0 --> 126.0
10 of 6577 (0.2%) samples deleted
finding control points in Left_Cerebellum_White_Matter....
found 3105 control points for structure...
bounding box (131, 133, 68) --> (175, 177, 120)
Left_Cerebellum_White_Matter: limiting intensities to 88.0 --> 126.0
550 of 574 (95.8%) samples deleted
finding control points in Right_Cerebellum_White_Matter....
found 2710 control points for structure...
bounding box (89, 133, 66) --> (130, 174, 121)
Right_Cerebellum_White_Matter: limiting intensities to 88.0 --> 126.0
471 of 482 (97.7%) samples deleted
finding control points in Brain_Stem....
found 3475 control points for structure...
bounding box (115, 124, 103) --> (146, 187, 131)
Brain_Stem: limiting intensities to 88.0 --> 126.0
489 of 761 (64.3%) samples deleted
using 15459 total control points for intensity normalization...
bias field = 1.030 +- 0.037
9 of 13837 control points discarded
finding control points in Left_Cerebral_White_Matter....
found 40230 control points for structure...
bounding box (129, 54, 42) --> (191, 160, 201)
Left_Cerebral_White_Matter: limiting intensities to 93.0 --> 126.0
22 of 7014 (0.3%) samples deleted
finding control points in Right_Cerebral_White_Matter....
found 39478 control points for structure...
bounding box (72, 54, 41) --> (132, 156, 201)
Right_Cerebral_White_Matter: limiting intensities to 89.0 --> 126.0
10 of 6623 (0.2%) samples deleted
finding control points in Left_Cerebellum_White_Matter....
found 3105 control points for structure...
bounding box (131, 133, 68) --> (175, 177, 120)
Left_Cerebellum_White_Matter: limiting intensities to 88.0 --> 126.0
548 of 568 (96.5%) samples deleted
finding control points in Right_Cerebellum_White_Matter....
found 2710 control points for structure...
bounding box (89, 133, 66) --> (130, 174, 121)
Right_Cerebellum_White_Matter: limiting intensities to 88.0 --> 126.0
481 of 485 (99.2%) samples deleted
finding control points in Brain_Stem....
found 3475 control points for structure...
bounding box (115, 124, 103) --> (146, 187, 131)
Brain_Stem: limiting intensities to 88.0 --> 126.0
532 of 777 (68.5%) samples deleted
using 15467 total control points for intensity normalization...
bias field = 1.030 +- 0.035
10 of 13714 control points discarded
writing normalized volume to norm.mgz...
writing control points to ctrl_pts.mgz
freeing GCA...done.
normalization took 0 minutes and 52 seconds.
#--------------------------------------
#@# CA Reg Sat Mar  7 01:12:26 CET 2026
/out/sourcedata/freesurfer/sub-v1s18x0051229_ses-1/mri

 mri_ca_register -nobigventricles -T transforms/talairach.lta -align-after -mask brainmask.mgz norm.mgz /opt/freesurfer/average/RB_all_2020-01-02.gca transforms/talairach.m3z 

not handling expanded ventricles...
using previously computed transform transforms/talairach.lta
renormalizing sequences with structure alignment, equivalent to:
	-renormalize
	-regularize_mean 0.500
	-regularize 0.500
using MR volume brainmask.mgz to mask input volume...

== Number of threads available to mri_ca_register for OpenMP = 16 == 
reading 1 input volumes...
logging results to talairach.log
reading input volume 'norm.mgz'...
reading GCA '/opt/freesurfer/average/RB_all_2020-01-02.gca'...
label assignment complete, 0 changed (0.00%)
freeing gibbs priors...done.
average std[0] = 5.0
Starting GCAMregister()
label assignment complete, 0 changed (0.00%)
npasses = 1, nlevels = 6
#pass# 1 of 1 ************************
enabling zero nodes
setting smoothness cost coefficient to 0.156

#GCAMreg# pass 0 level1 5 level2 0 tsec 0 sigma 2
l_jacobian=1.00 l_label=1.00 l_log_likelihood=0.20 l_smoothness=0.16 
tol=2.50e-01, dt=5.00e-02, exp_k=20.0, momentum=0.90, levels=6, niter=500, lbl_dist=10.00, avgs=256, sigma=2.0,type=2, relabel=0, neg=no

blurring input image with Gaussian with sigma=2.000...
GCAMRegisterLevel(): init RMS 0.8201
#FOTS# QuadFit found better minimum quadopt=(dt=173.197,rms=0.759959) vs oldopt=(dt=92.48,rms=0.772885)
#GCMRL#    0 dt 173.196765 rms  0.760  7.333% neg 0  invalid 762 tFOTS 3.9080 tGradient 2.4570 tsec 6.6650
#FOTS# QuadFit found better minimum quadopt=(dt=179.2,rms=0.738825) vs oldopt=(dt=92.48,rms=0.744512)
#GCMRL#    1 dt 179.200000 rms  0.739  2.781% neg 0  invalid 762 tFOTS 3.7220 tGradient 2.3350 tsec 6.3430
#FOTS# QuadFit found better minimum quadopt=(dt=199.298,rms=0.729524) vs oldopt=(dt=92.48,rms=0.732412)
#GCMRL#    2 dt 199.298246 rms  0.730  1.259% neg 0  invalid 762 tFOTS 3.8360 tGradient 2.3170 tsec 6.4400
#FOTS# QuadFit found better minimum quadopt=(dt=150.655,rms=0.724244) vs oldopt=(dt=92.48,rms=0.72534)
#GCMRL#    3 dt 150.654867 rms  0.724  0.724% neg 0  invalid 762 tFOTS 3.7170 tGradient 2.5410 tsec 6.5480
#GCMRL#    4 dt 369.920000 rms  0.719  0.669% neg 0  invalid 762 tFOTS 3.7260 tGradient 2.4300 tsec 6.4440
#FOTS# QuadFit found better minimum quadopt=(dt=129.472,rms=0.715929) vs oldopt=(dt=92.48,rms=0.716167)
#GCMRL#    5 dt 129.472000 rms  0.716  0.482% neg 0  invalid 762 tFOTS 3.7310 tGradient 2.3750 tsec 6.3960
#GCMRL#    6 dt 369.920000 rms  0.714  0.303% neg 0  invalid 762 tFOTS 3.8310 tGradient 2.3150 tsec 6.4240
#FOTS# QuadFit found better minimum quadopt=(dt=129.472,rms=0.711572) vs oldopt=(dt=92.48,rms=0.711898)
#GCMRL#    7 dt 129.472000 rms  0.712  0.307% neg 0  invalid 762 tFOTS 3.7620 tGradient 2.3980 tsec 6.4420
#GCMRL#    8 dt 369.920000 rms  0.710  0.000% neg 0  invalid 762 tFOTS 3.7290 tGradient 2.3640 tsec 6.3960

#GCAMreg# pass 0 level1 5 level2 1 tsec 69.16 sigma 0.5
l_jacobian=1.00 l_label=1.00 l_log_likelihood=0.20 l_smoothness=0.16 
tol=2.50e-01, dt=5.00e-02, exp_k=20.0, momentum=0.90, levels=6, niter=500, lbl_dist=10.00, avgs=256, sigma=0.5,type=2, relabel=0, neg=no

blurring input image with Gaussian with sigma=0.500...
GCAMRegisterLevel(): init RMS 0.71075
#FOTS# QuadFit found better minimum quadopt=(dt=129.472,rms=0.709212) vs oldopt=(dt=92.48,rms=0.709373)
#GCMRL#   10 dt 129.472000 rms  0.709  0.216% neg 0  invalid 762 tFOTS 3.7620 tGradient 2.3530 tsec 6.4030
#FOTS# QuadFit found better minimum quadopt=(dt=18.496,rms=0.709199) vs oldopt=(dt=23.12,rms=0.709199)
#GCMRL#   11 dt  18.496000 rms  0.709  0.000% neg 0  invalid 762 tFOTS 4.0580 tGradient 2.3220 tsec 6.6750
setting smoothness cost coefficient to 0.615

#GCAMreg# pass 0 level1 4 level2 0 tsec 0 sigma 2
l_jacobian=1.00 l_label=1.00 l_log_likelihood=0.20 l_smoothness=0.62 
tol=2.50e-01, dt=5.00e-02, exp_k=20.0, momentum=0.90, levels=6, niter=500, lbl_dist=10.00, avgs=64, sigma=2.0,type=2, relabel=0, neg=no

blurring input image with Gaussian with sigma=2.000...
GCAMRegisterLevel(): init RMS 0.71421
#FOTS# QuadFit found better minimum quadopt=(dt=272.231,rms=0.691183) vs oldopt=(dt=103.68,rms=0.699079)
#GCMRL#   13 dt 272.230548 rms  0.691  3.224% neg 0  invalid 762 tFOTS 3.7720 tGradient 1.8920 tsec 5.9380
#FOTS# QuadFit found better minimum quadopt=(dt=88.1244,rms=0.679649) vs oldopt=(dt=103.68,rms=0.680021)
#GCMRL#   14 dt  88.124352 rms  0.680  1.669% neg 0  invalid 762 tFOTS 3.7240 tGradient 1.8160 tsec 5.8190
#FOTS# QuadFit found better minimum quadopt=(dt=62.6785,rms=0.677641) vs oldopt=(dt=103.68,rms=0.678164)
#GCMRL#   15 dt  62.678466 rms  0.678  0.295% neg 0  invalid 762 tFOTS 3.7120 tGradient 1.7620 tsec 5.7410
#FOTS# QuadFit found better minimum quadopt=(dt=145.152,rms=0.676143) vs oldopt=(dt=103.68,rms=0.676363)
#GCMRL#   16 dt 145.152000 rms  0.676  0.000% neg 0  invalid 762 tFOTS 3.6700 tGradient 1.8240 tsec 5.7840
#GCMRL#   17 dt 145.152000 rms  0.675  0.209% neg 0  invalid 762 tFOTS 0.0000 tGradient 1.7710 tsec 2.0170
#GCMRL#   18 dt 145.152000 rms  0.670  0.746% neg 0  invalid 762 tFOTS 0.0000 tGradient 1.9990 tsec 2.2450
#GCMRL#   19 dt 145.152000 rms  0.667  0.463% neg 0  invalid 762 tFOTS 0.0000 tGradient 1.8620 tsec 2.1120
#GCMRL#   20 dt 145.152000 rms  0.662  0.652% neg 0  invalid 762 tFOTS 0.0000 tGradient 1.7550 tsec 1.9990
#GCMRL#   21 dt 145.152000 rms  0.658  0.707% neg 0  invalid 762 tFOTS 0.0000 tGradient 1.8610 tsec 2.1130
#GCMRL#   22 dt 145.152000 rms  0.657  0.161% neg 0  invalid 762 tFOTS 0.0000 tGradient 1.7820 tsec 2.0280
#GCMRL#   23 dt 145.152000 rms  0.655  0.209% neg 0  invalid 762 tFOTS 0.0000 tGradient 1.7370 tsec 1.9870
#GCMRL#   24 dt 145.152000 rms  0.653  0.327% neg 0  invalid 762 tFOTS 0.0000 tGradient 1.7780 tsec 2.0250
#GCMRL#   25 dt 145.152000 rms  0.653 -0.071% neg 0  invalid 762 tFOTS 0.0000 tGradient 1.7350 tsec 2.2040
#FOTS# QuadFit found better minimum quadopt=(dt=36.288,rms=0.652625) vs oldopt=(dt=25.92,rms=0.652665)
#GCMRL#   26 dt  36.288000 rms  0.653  0.038% neg 0  invalid 762 tFOTS 3.9830 tGradient 1.7420 tsec 6.0300

#GCAMreg# pass 0 level1 4 level2 1 tsec 62.585 sigma 0.5
l_jacobian=1.00 l_label=1.00 l_log_likelihood=0.20 l_smoothness=0.62 
tol=2.50e-01, dt=5.00e-02, exp_k=20.0, momentum=0.90, levels=6, niter=500, lbl_dist=10.00, avgs=64, sigma=0.5,type=2, relabel=0, neg=no

blurring input image with Gaussian with sigma=0.500...
GCAMRegisterLevel(): init RMS 0.653224
#GCMRL#   28 dt   0.000000 rms  0.653  0.097% neg 0  invalid 762 tFOTS 3.9300 tGradient 1.7590 tsec 5.9820
setting smoothness cost coefficient to 2.353

#GCAMreg# pass 0 level1 3 level2 0 tsec 0 sigma 2
l_jacobian=1.00 l_label=1.00 l_log_likelihood=0.20 l_smoothness=2.35 
tol=2.50e-01, dt=5.00e-02, exp_k=20.0, momentum=0.90, levels=6, niter=500, lbl_dist=10.00, avgs=16, sigma=2.0,type=2, relabel=0, neg=no

blurring input image with Gaussian with sigma=2.000...
GCAMRegisterLevel(): init RMS 0.680818
#GCMRL#   30 dt   0.000000 rms  0.680  0.090% neg 0  invalid 762 tFOTS 3.4170 tGradient 1.5070 tsec 5.2130

#GCAMreg# pass 0 level1 3 level2 1 tsec 18.598 sigma 0.5
l_jacobian=1.00 l_label=1.00 l_log_likelihood=0.20 l_smoothness=2.35 
tol=2.50e-01, dt=5.00e-02, exp_k=20.0, momentum=0.90, levels=6, niter=500, lbl_dist=10.00, avgs=16, sigma=0.5,type=2, relabel=0, neg=no

blurring input image with Gaussian with sigma=0.500...
GCAMRegisterLevel(): init RMS 0.680818
#GCMRL#   32 dt   0.000000 rms  0.680  0.090% neg 0  invalid 762 tFOTS 3.4350 tGradient 1.4680 tsec 5.1870
setting smoothness cost coefficient to 8.000

#GCAMreg# pass 0 level1 2 level2 0 tsec 0 sigma 2
l_jacobian=1.00 l_label=1.00 l_log_likelihood=0.20 l_smoothness=8.00 
tol=2.50e-01, dt=5.00e-02, exp_k=20.0, momentum=0.90, levels=6, niter=500, lbl_dist=10.00, avgs=4, sigma=2.0,type=2, relabel=0, neg=no

blurring input image with Gaussian with sigma=2.000...
GCAMRegisterLevel(): init RMS 0.763642
#FOTS# QuadFit found better minimum quadopt=(dt=2.53988,rms=0.734055) vs oldopt=(dt=2.88,rms=0.734591)
#GCMRL#   34 dt   2.539882 rms  0.734  3.874% neg 0  invalid 762 tFOTS 3.6610 tGradient 1.5070 tsec 5.4720
#FOTS# QuadFit found better minimum quadopt=(dt=1.75676,rms=0.730769) vs oldopt=(dt=0.72,rms=0.73187)
#GCMRL#   35 dt   1.756757 rms  0.731  0.448% neg 0  invalid 762 tFOTS 3.5820 tGradient 1.4320 tsec 5.2930
#FOTS# QuadFit found better minimum quadopt=(dt=0.933333,rms=0.730376) vs oldopt=(dt=0.72,rms=0.730392)
#GCMRL#   36 dt   0.933333 rms  0.730  0.000% neg 0  invalid 762 tFOTS 3.5780 tGradient 1.4900 tsec 5.3730

#GCAMreg# pass 0 level1 2 level2 1 tsec 26.124 sigma 0.5
l_jacobian=1.00 l_label=1.00 l_log_likelihood=0.20 l_smoothness=8.00 
tol=2.50e-01, dt=5.00e-02, exp_k=20.0, momentum=0.90, levels=6, niter=500, lbl_dist=10.00, avgs=4, sigma=0.5,type=2, relabel=0, neg=no

blurring input image with Gaussian with sigma=0.500...
GCAMRegisterLevel(): init RMS 0.730797
#FOTS# QuadFit found better minimum quadopt=(dt=0.00225,rms=0.730384) vs oldopt=(dt=0.0028125,rms=0.730385)
#GCMRL#   38 dt   0.002250 rms  0.730  0.056% neg 0  invalid 762 tFOTS 3.5290 tGradient 1.4890 tsec 5.3040
setting smoothness cost coefficient to 20.000

#GCAMreg# pass 0 level1 1 level2 0 tsec 0 sigma 2
l_jacobian=1.00 l_label=1.00 l_log_likelihood=0.20 l_smoothness=20.00 
tol=2.50e-01, dt=5.00e-02, exp_k=20.0, momentum=0.90, levels=6, niter=500, lbl_dist=10.00, avgs=1, sigma=2.0,type=2, relabel=0, neg=no

blurring input image with Gaussian with sigma=2.000...
GCAMRegisterLevel(): init RMS 0.786077
#FOTS# QuadFit found better minimum quadopt=(dt=0.448,rms=0.783343) vs oldopt=(dt=0.32,rms=0.783599)
#GCMRL#   40 dt   0.448000 rms  0.783  0.348% neg 0  invalid 762 tFOTS 3.3980 tGradient 1.3240 tsec 4.9810
#FOTS# QuadFit found better minimum quadopt=(dt=0.791139,rms=0.776869) vs oldopt=(dt=1.28,rms=0.778936)
#GCMRL#   41 dt   0.791139 rms  0.777  0.826% neg 0  invalid 762 tFOTS 3.2810 tGradient 1.2480 tsec 4.8120
#FOTS# QuadFit found better minimum quadopt=(dt=0.192,rms=0.775276) vs oldopt=(dt=0.32,rms=0.775835)
#GCMRL#   42 dt   0.192000 rms  0.775  0.000% neg 0  invalid 762 tFOTS 3.2880 tGradient 1.3240 tsec 4.9160
#GCMRL#   43 dt   0.192000 rms  0.775  0.081% neg 0  invalid 762 tFOTS 0.0000 tGradient 1.2080 tsec 1.4730
#GCMRL#   44 dt   0.192000 rms  0.774  0.097% neg 0  invalid 762 tFOTS 0.0000 tGradient 1.2640 tsec 1.5220
#GCMRL#   45 dt   0.192000 rms  0.772  0.239% neg 0  invalid 762 tFOTS 0.0000 tGradient 1.3110 tsec 1.5710
#GCMRL#   46 dt   0.192000 rms  0.770  0.317% neg 0  invalid 762 tFOTS 0.0000 tGradient 1.3440 tsec 1.6150
#GCMRL#   47 dt   0.192000 rms  0.768  0.214% neg 0  invalid 762 tFOTS 0.0000 tGradient 1.2690 tsec 1.5380
#GCMRL#   48 dt   0.192000 rms  0.767  0.074% neg 0  invalid 762 tFOTS 0.0000 tGradient 1.3390 tsec 1.6090
#GCMRL#   49 dt   0.192000 rms  0.767 -0.052% neg 0  invalid 762 tFOTS 0.0000 tGradient 1.3350 tsec 1.8130
#FOTS# QuadFit found better minimum quadopt=(dt=0.112,rms=0.76726) vs oldopt=(dt=0.08,rms=0.767284)
#GCMRL#   50 dt   0.112000 rms  0.767  0.016% neg 0  invalid 762 tFOTS 3.5910 tGradient 1.2830 tsec 5.1600
#FOTS# QuadFit found better minimum quadopt=(dt=0.448,rms=0.76674) vs oldopt=(dt=0.32,rms=0.766845)
#GCMRL#   51 dt   0.448000 rms  0.767  0.068% neg 0  invalid 762 tFOTS 3.3620 tGradient 1.3000 tsec 4.9310
#GCMRL#   52 dt   1.280000 rms  0.765  0.289% neg 0  invalid 762 tFOTS 3.3740 tGradient 1.3740 tsec 5.0330
#FOTS# QuadFit found better minimum quadopt=(dt=0.112,rms=0.764317) vs oldopt=(dt=0.08,rms=0.764334)
#GCMRL#   53 dt   0.112000 rms  0.764  0.000% neg 0  invalid 762 tFOTS 3.3770 tGradient 1.4600 tsec 5.1310

#GCAMreg# pass 0 level1 1 level2 1 tsec 56.23 sigma 0.5
l_jacobian=1.00 l_label=1.00 l_log_likelihood=0.20 l_smoothness=20.00 
tol=2.50e-01, dt=5.00e-02, exp_k=20.0, momentum=0.90, levels=6, niter=500, lbl_dist=10.00, avgs=1, sigma=0.5,type=2, relabel=0, neg=no

blurring input image with Gaussian with sigma=0.500...
GCAMRegisterLevel(): init RMS 0.764705
#FOTS# QuadFit found better minimum quadopt=(dt=0.112,rms=0.764231) vs oldopt=(dt=0.08,rms=0.764236)
#GCMRL#   55 dt   0.112000 rms  0.764  0.062% neg 0  invalid 762 tFOTS 3.4750 tGradient 1.4000 tsec 5.1660
#FOTS# QuadFit found better minimum quadopt=(dt=0.028,rms=0.76423) vs oldopt=(dt=0.02,rms=0.76423)
#GCMRL#   56 dt   0.028000 rms  0.764  0.000% neg 0  invalid 762 tFOTS 3.4320 tGradient 1.4190 tsec 5.1480
resetting metric properties...
setting smoothness cost coefficient to 40.000

#GCAMreg# pass 0 level1 0 level2 0 tsec 0 sigma 2
l_jacobian=1.00 l_label=1.00 l_log_likelihood=0.20 l_smoothness=40.00 
tol=2.50e-01, dt=5.00e-02, exp_k=20.0, momentum=0.90, levels=6, niter=500, lbl_dist=10.00, avgs=0, sigma=2.0,type=2, relabel=0, neg=no

blurring input image with Gaussian with sigma=2.000...
GCAMRegisterLevel(): init RMS 0.734918
#FOTS# QuadFit found better minimum quadopt=(dt=0.22429,rms=0.729673) vs oldopt=(dt=0.32,rms=0.730321)
#GCMRL#   58 dt   0.224290 rms  0.730  0.714% neg 0  invalid 762 tFOTS 3.4190 tGradient 1.1000 tsec 4.7840
#FOTS# QuadFit found better minimum quadopt=(dt=0.024,rms=0.729423) vs oldopt=(dt=0.02,rms=0.729427)
#GCMRL#   59 dt   0.024000 rms  0.729  0.000% neg 0  invalid 762 tFOTS 3.4450 tGradient 0.8820 tsec 4.6390

#GCAMreg# pass 0 level1 0 level2 1 tsec 19.095 sigma 0.5
l_jacobian=1.00 l_label=1.00 l_log_likelihood=0.20 l_smoothness=40.00 
tol=2.50e-01, dt=5.00e-02, exp_k=20.0, momentum=0.90, levels=6, niter=500, lbl_dist=10.00, avgs=0, sigma=0.5,type=2, relabel=0, neg=no

blurring input image with Gaussian with sigma=0.500...
GCAMRegisterLevel(): init RMS 0.729798
#FOTS# QuadFit found better minimum quadopt=(dt=0.007,rms=0.729396) vs oldopt=(dt=0.005,rms=0.7294)
#GCMRL#   61 dt   0.007000 rms  0.729  0.055% neg 0  invalid 762 tFOTS 3.2970 tGradient 0.9820 tsec 4.5330
#FOTS# QuadFit found better minimum quadopt=(dt=0.00175,rms=0.729395) vs oldopt=(dt=0.00125,rms=0.729395)
#GCMRL#   62 dt   0.001750 rms  0.729  0.000% neg 0  invalid 762 tFOTS 3.3230 tGradient 0.9770 tsec 4.5780
GCAMregister done in 5.50475 min
Starting GCAmapRenormalizeWithAlignment() without scales
renormalizing by structure alignment....
renormalizing input #0
gca peak = 0.10253 (16)
mri peak = 0.13236 (12)
Left_Lateral_Ventricle (4): linear fit = 0.62 x + 0.0 (1581 voxels, overlap=0.020)
Left_Lateral_Ventricle (4): linear fit = 0.62 x + 0.0 (1581 voxels, peak = 10), gca=9.8
gca peak = 0.17690 (16)
mri peak = 0.13862 (12)
Right_Lateral_Ventricle (43): linear fit = 0.69 x + 0.0 (1083 voxels, overlap=0.271)
Right_Lateral_Ventricle (43): linear fit = 0.69 x + 0.0 (1083 voxels, peak = 11), gca=11.0
gca peak = 0.28275 (96)
mri peak = 0.09014 (99)
Right_Pallidum (52): linear fit = 1.02 x + 0.0 (833 voxels, overlap=1.005)
Right_Pallidum (52): linear fit = 1.02 x + 0.0 (833 voxels, peak = 98), gca=98.4
gca peak = 0.18948 (93)
mri peak = 0.11319 (99)
Left_Pallidum (13): linear fit = 1.10 x + 0.0 (761 voxels, overlap=0.724)
Left_Pallidum (13): linear fit = 1.10 x + 0.0 (761 voxels, peak = 102), gca=101.8
gca peak = 0.20755 (55)
mri peak = 0.11111 (65)
Right_Hippocampus (53): linear fit = 1.15 x + 0.0 (866 voxels, overlap=0.129)
Right_Hippocampus (53): linear fit = 1.15 x + 0.0 (866 voxels, peak = 64), gca=63.5
gca peak = 0.31831 (58)
mri peak = 0.20498 (62)
Left_Hippocampus (17): linear fit = 1.04 x + 0.0 (839 voxels, overlap=0.622)
Left_Hippocampus (17): linear fit = 1.04 x + 0.0 (839 voxels, peak = 61), gca=60.6
gca peak = 0.11957 (102)
mri peak = 0.12949 (104)
Right_Cerebral_White_Matter (41): linear fit = 1.02 x + 0.0 (50228 voxels, overlap=0.644)
Right_Cerebral_White_Matter (41): linear fit = 1.02 x + 0.0 (50228 voxels, peak = 105), gca=104.5
gca peak = 0.11429 (102)
mri peak = 0.17234 (105)
Left_Cerebral_White_Matter (2): linear fit = 1.01 x + 0.0 (52478 voxels, overlap=0.597)
Left_Cerebral_White_Matter (2): linear fit = 1.01 x + 0.0 (52478 voxels, peak = 104), gca=103.5
gca peak = 0.14521 (59)
mri peak = 0.06096 (53)
Left_Cerebral_Cortex (3): linear fit = 0.89 x + 0.0 (23888 voxels, overlap=0.688)
Left_Cerebral_Cortex (3): linear fit = 0.89 x + 0.0 (23888 voxels, peak = 53), gca=52.8
gca peak = 0.14336 (58)
mri peak = 0.05586 (53)
Right_Cerebral_Cortex (42): linear fit = 0.94 x + 0.0 (23560 voxels, overlap=0.928)
Right_Cerebral_Cortex (42): linear fit = 0.94 x + 0.0 (23560 voxels, peak = 55), gca=54.8
gca peak = 0.13305 (70)
mri peak = 0.13633 (67)
Right_Caudate (50): linear fit = 0.96 x + 0.0 (412 voxels, overlap=0.726)
Right_Caudate (50): linear fit = 0.96 x + 0.0 (412 voxels, peak = 68), gca=67.5
gca peak = 0.15761 (71)
mri peak = 0.20293 (70)
Left_Caudate (11): linear fit = 0.93 x + 0.0 (779 voxels, overlap=0.661)
Left_Caudate (11): linear fit = 0.93 x + 0.0 (779 voxels, peak = 66), gca=65.7
gca peak = 0.13537 (57)
mri peak = 0.07870 (54)
Left_Cerebellum_Cortex (8): linear fit = 0.94 x + 0.0 (24085 voxels, overlap=0.990)
Left_Cerebellum_Cortex (8): linear fit = 0.94 x + 0.0 (24085 voxels, peak = 54), gca=53.9
gca peak = 0.13487 (56)
mri peak = 0.07733 (54)
Right_Cerebellum_Cortex (47): linear fit = 1.04 x + 0.0 (26744 voxels, overlap=0.980)
Right_Cerebellum_Cortex (47): linear fit = 1.04 x + 0.0 (26744 voxels, peak = 59), gca=58.5
gca peak = 0.19040 (84)
mri peak = 0.19957 (84)
Left_Cerebellum_White_Matter (7): linear fit = 1.00 x + 0.0 (8831 voxels, overlap=0.746)
Left_Cerebellum_White_Matter (7): linear fit = 1.00 x + 0.0 (8831 voxels, peak = 84), gca=84.0
gca peak = 0.18871 (83)
mri peak = 0.11405 (82)
Right_Cerebellum_White_Matter (46): linear fit = 0.99 x + 0.0 (8050 voxels, overlap=0.948)
Right_Cerebellum_White_Matter (46): linear fit = 0.99 x + 0.0 (8050 voxels, peak = 82), gca=81.8
gca peak = 0.24248 (57)
mri peak = 0.16625 (62)
Left_Amygdala (18): linear fit = 1.08 x + 0.0 (388 voxels, overlap=0.607)
Left_Amygdala (18): linear fit = 1.08 x + 0.0 (388 voxels, peak = 61), gca=61.3
gca peak = 0.35833 (56)
mri peak = 0.17148 (61)
Right_Amygdala (54): linear fit = 1.08 x + 0.0 (550 voxels, overlap=0.442)
Right_Amygdala (54): linear fit = 1.08 x + 0.0 (550 voxels, peak = 60), gca=60.2
gca peak = 0.12897 (85)
mri peak = 0.07081 (92)
Left_Thalamus (10): linear fit = 1.08 x + 0.0 (5205 voxels, overlap=0.534)
Left_Thalamus (10): linear fit = 1.08 x + 0.0 (5205 voxels, peak = 91), gca=91.4
gca peak = 0.13127 (83)
mri peak = 0.06774 (84)
Right_Thalamus (49): linear fit = 1.08 x + 0.0 (4546 voxels, overlap=0.839)
Right_Thalamus (49): linear fit = 1.08 x + 0.0 (4546 voxels, peak = 89), gca=89.2
gca peak = 0.12974 (78)
mri peak = 0.10731 (84)
Left_Putamen (12): linear fit = 1.04 x + 0.0 (2277 voxels, overlap=0.925)
Left_Putamen (12): linear fit = 1.04 x + 0.0 (2277 voxels, peak = 82), gca=81.5
gca peak = 0.17796 (79)
mri peak = 0.09116 (82)
Right_Putamen (51): linear fit = 1.05 x + 0.0 (2309 voxels, overlap=0.800)
Right_Putamen (51): linear fit = 1.05 x + 0.0 (2309 voxels, peak = 83), gca=83.3
gca peak = 0.10999 (80)
mri peak = 0.08438 (82)
Brain_Stem (16): linear fit = 1.10 x + 0.0 (12011 voxels, overlap=0.416)
Brain_Stem (16): linear fit = 1.10 x + 0.0 (12011 voxels, peak = 88), gca=87.6
gca peak = 0.13215 (88)
mri peak = 0.08911 (99)
Right_VentralDC (60): linear fit = 1.18 x + 0.0 (1481 voxels, overlap=0.103)
Right_VentralDC (60): linear fit = 1.18 x + 0.0 (1481 voxels, peak = 104), gca=104.3
gca peak = 0.11941 (89)
mri peak = 0.08318 (100)
Left_VentralDC (28): linear fit = 1.15 x + 0.0 (1701 voxels, overlap=0.166)
Left_VentralDC (28): linear fit = 1.15 x + 0.0 (1701 voxels, peak = 103), gca=102.8
gca peak = 0.20775 (25)
uniform distribution in MR - rejecting arbitrary fit
gca peak = 0.13297 (21)
mri peak = 0.07080 (13)
Fourth_Ventricle (15): linear fit = 0.56 x + 0.0 (410 voxels, overlap=0.110)
Fourth_Ventricle (15): linear fit = 0.56 x + 0.0 (410 voxels, peak = 12), gca=11.9
gca peak Unknown = 0.94777 ( 0)
gca peak Left_Inf_Lat_Vent = 0.19087 (28)
gca peak Third_Ventricle = 0.20775 (25)
gca peak Fourth_Ventricle = 0.13297 (21)
gca peak CSF = 0.16821 (33)
gca peak Left_Accumbens_area = 0.32850 (63)
gca peak Left_undetermined = 0.98480 (28)
gca peak Left_vessel = 0.40887 (53)
gca peak Left_choroid_plexus = 0.10898 (46)
gca peak Right_Inf_Lat_Vent = 0.17798 (26)
gca peak Right_Accumbens_area = 0.30137 (64)
gca peak Right_vessel = 0.47828 (52)
gca peak Right_choroid_plexus = 0.11612 (45)
gca peak Fifth_Ventricle = 0.59466 (35)
gca peak WM_hypointensities = 0.10053 (78)
gca peak non_WM_hypointensities = 0.07253 (60)
gca peak Optic_Chiasm = 0.25330 (73)
not using caudate to estimate GM means
estimating mean gm scale to be 1.03 x + 0.0
estimating mean wm scale to be 1.02 x + 0.0
estimating mean csf scale to be 0.65 x + 0.0
Left_Pallidum too bright - rescaling by 0.991 (from 1.095) to 100.9 (was 101.8)
saving intensity scales to talairach.label_intensities.txt
GCAmapRenormalizeWithAlignment() took 2.16667 min
noneg pre
Starting GCAMregister()
label assignment complete, 0 changed (0.00%)
npasses = 1, nlevels = 6
#pass# 1 of 1 ************************
enabling zero nodes
setting smoothness cost coefficient to 0.008

#GCAMreg# pass 0 level1 5 level2 0 tsec 0 sigma 2
l_jacobian=1.00 l_label=1.00 l_log_likelihood=0.20 l_smoothness=0.01 
tol=5.00e-02, dt=5.00e-02, exp_k=20.0, momentum=0.90, levels=6, niter=500, lbl_dist=10.00, avgs=256, sigma=2.0,type=2, relabel=0, neg=no

blurring input image with Gaussian with sigma=2.000...
GCAMRegisterLevel(): init RMS 0.750393
#FOTS# QuadFit found better minimum quadopt=(dt=277.598,rms=0.732903) vs oldopt=(dt=369.92,rms=0.734514)
#GCMRL#   64 dt 277.597640 rms  0.733  2.331% neg 0  invalid 762 tFOTS 3.7010 tGradient 2.4650 tsec 6.4440
#FOTS# QuadFit found better minimum quadopt=(dt=295.936,rms=0.724199) vs oldopt=(dt=369.92,rms=0.724573)
#GCMRL#   65 dt 295.936000 rms  0.724  1.188% neg 0  invalid 762 tFOTS 3.3310 tGradient 2.3990 tsec 5.9950
#FOTS# QuadFit found better minimum quadopt=(dt=129.472,rms=0.721816) vs oldopt=(dt=92.48,rms=0.721938)
#GCMRL#   66 dt 129.472000 rms  0.722  0.329% neg 0  invalid 762 tFOTS 3.6930 tGradient 2.3610 tsec 6.3180
#FOTS# QuadFit found better minimum quadopt=(dt=295.936,rms=0.719064) vs oldopt=(dt=369.92,rms=0.719098)
#GCMRL#   67 dt 295.936000 rms  0.719  0.381% neg 0  invalid 762 tFOTS 3.4590 tGradient 2.3980 tsec 6.1070
#FOTS# QuadFit found better minimum quadopt=(dt=129.472,rms=0.71769) vs oldopt=(dt=92.48,rms=0.71777)
#GCMRL#   68 dt 129.472000 rms  0.718  0.191% neg 0  invalid 762 tFOTS 3.4420 tGradient 2.3370 tsec 6.0320
#FOTS# QuadFit found better minimum quadopt=(dt=443.904,rms=0.715167) vs oldopt=(dt=369.92,rms=0.7152)
#GCMRL#   69 dt 443.904000 rms  0.715  0.351% neg 0  invalid 762 tFOTS 3.4320 tGradient 2.3320 tsec 6.0150
#GCMRL#   70 dt  92.480000 rms  0.714  0.207% neg 0  invalid 762 tFOTS 3.6370 tGradient 2.3510 tsec 6.2530
#FOTS# QuadFit found better minimum quadopt=(dt=2071.55,rms=0.705887) vs oldopt=(dt=1479.68,rms=0.707291)
#GCMRL#   71 dt 2071.552000 rms  0.706  1.093% neg 0  invalid 762 tFOTS 3.4290 tGradient 2.3180 tsec 6.0060
#FOTS# QuadFit found better minimum quadopt=(dt=129.472,rms=0.704202) vs oldopt=(dt=92.48,rms=0.70435)
#GCMRL#   72 dt 129.472000 rms  0.704  0.239% neg 0  invalid 762 tFOTS 3.4100 tGradient 2.2700 tsec 5.9390
#FOTS# QuadFit found better minimum quadopt=(dt=129.472,rms=0.703709) vs oldopt=(dt=92.48,rms=0.703802)
#GCMRL#   73 dt 129.472000 rms  0.704  0.070% neg 0  invalid 762 tFOTS 3.4460 tGradient 2.3340 tsec 6.0410
#FOTS# QuadFit found better minimum quadopt=(dt=517.888,rms=0.702436) vs oldopt=(dt=369.92,rms=0.702643)
#GCMRL#   74 dt 517.888000 rms  0.702  0.181% neg 0  invalid 762 tFOTS 3.6050 tGradient 2.3830 tsec 6.2510
#FOTS# QuadFit found better minimum quadopt=(dt=110.976,rms=0.701792) vs oldopt=(dt=92.48,rms=0.701802)
#GCMRL#   75 dt 110.976000 rms  0.702  0.092% neg 0  invalid 762 tFOTS 3.4080 tGradient 2.3460 tsec 6.0180
#FOTS# QuadFit found better minimum quadopt=(dt=517.888,rms=0.700855) vs oldopt=(dt=369.92,rms=0.701014)
#GCMRL#   76 dt 517.888000 rms  0.701  0.134% neg 0  invalid 762 tFOTS 3.6490 tGradient 2.3660 tsec 6.2780
#GCMRL#   77 dt  92.480000 rms  0.700  0.086% neg 0  invalid 762 tFOTS 3.4140 tGradient 2.2740 tsec 5.9480
#FOTS# QuadFit found better minimum quadopt=(dt=7102.46,rms=0.691627) vs oldopt=(dt=5918.72,rms=0.691754)
#GCMRL#   78 dt 7102.464000 rms  0.692  1.232% neg 0  invalid 762 tFOTS 3.6380 tGradient 2.3980 tsec 6.2960
#FOTS# QuadFit found better minimum quadopt=(dt=129.472,rms=0.688089) vs oldopt=(dt=92.48,rms=0.688282)
#GCMRL#   79 dt 129.472000 rms  0.688  0.512% neg 0  invalid 762 tFOTS 3.4990 tGradient 2.2750 tsec 6.0390
#FOTS# QuadFit found better minimum quadopt=(dt=129.472,rms=0.687615) vs oldopt=(dt=92.48,rms=0.687703)
#GCMRL#   80 dt 129.472000 rms  0.688  0.069% neg 0  invalid 762 tFOTS 3.4390 tGradient 2.3930 tsec 6.1190
#FOTS# QuadFit found better minimum quadopt=(dt=517.888,rms=0.686971) vs oldopt=(dt=369.92,rms=0.687035)
#GCMRL#   81 dt 517.888000 rms  0.687  0.094% neg 0  invalid 762 tFOTS 3.6360 tGradient 2.3680 tsec 6.2620
#FOTS# QuadFit found better minimum quadopt=(dt=129.472,rms=0.686779) vs oldopt=(dt=92.48,rms=0.686799)
#GCMRL#   82 dt 129.472000 rms  0.687  0.000% neg 0  invalid 762 tFOTS 3.4230 tGradient 2.4870 tsec 6.1800
#GCMRL#   83 dt 129.472000 rms  0.687  0.037% neg 0  invalid 762 tFOTS 0.0000 tGradient 2.3510 tsec 2.5820
#GCMRL#   84 dt 129.472000 rms  0.686  0.039% neg 0  invalid 762 tFOTS 0.0000 tGradient 2.3570 tsec 2.5790
#GCMRL#   85 dt 129.472000 rms  0.686  0.052% neg 0  invalid 762 tFOTS 0.0000 tGradient 2.5200 tsec 2.7480
#GCMRL#   86 dt 129.472000 rms  0.685  0.068% neg 0  invalid 762 tFOTS 0.0000 tGradient 2.3560 tsec 2.5770
#GCMRL#   87 dt 129.472000 rms  0.685  0.081% neg 0  invalid 762 tFOTS 0.0000 tGradient 2.3770 tsec 2.6090
#GCMRL#   88 dt 129.472000 rms  0.684  0.087% neg 0  invalid 762 tFOTS 0.0000 tGradient 2.3550 tsec 2.5800
#GCMRL#   89 dt 129.472000 rms  0.684  0.082% neg 0  invalid 762 tFOTS 0.0000 tGradient 2.3730 tsec 2.5960
#GCMRL#   90 dt 129.472000 rms  0.683  0.085% neg 0  invalid 762 tFOTS 0.0000 tGradient 2.2530 tsec 2.4700
#GCMRL#   91 dt 129.472000 rms  0.683  0.092% neg 0  invalid 762 tFOTS 0.0000 tGradient 2.2940 tsec 2.5170
#GCMRL#   92 dt 129.472000 rms  0.682  0.109% neg 0  invalid 762 tFOTS 0.0000 tGradient 2.3160 tsec 2.5320
#GCMRL#   93 dt 129.472000 rms  0.681  0.123% neg 0  invalid 762 tFOTS 0.0000 tGradient 2.2990 tsec 2.5270
#GCMRL#   94 dt 129.472000 rms  0.680  0.120% neg 0  invalid 762 tFOTS 0.0000 tGradient 2.3610 tsec 2.5810
#GCMRL#   95 dt 129.472000 rms  0.679  0.115% neg 0  invalid 762 tFOTS 0.0000 tGradient 2.3560 tsec 2.5840
#GCMRL#   96 dt 129.472000 rms  0.679  0.113% neg 0  invalid 762 tFOTS 0.0000 tGradient 2.3180 tsec 2.5420
#GCMRL#   97 dt 129.472000 rms  0.678  0.111% neg 0  invalid 762 tFOTS 0.0000 tGradient 2.3870 tsec 2.6120
#GCMRL#   98 dt 129.472000 rms  0.677  0.106% neg 0  invalid 762 tFOTS 0.0000 tGradient 2.3740 tsec 2.5980
#GCMRL#   99 dt 129.472000 rms  0.676  0.099% neg 0  invalid 762 tFOTS 0.0000 tGradient 2.4000 tsec 2.6280
#GCMRL#  100 dt 129.472000 rms  0.676  0.101% neg 0  invalid 762 tFOTS 0.0000 tGradient 2.5620 tsec 2.7760
#GCMRL#  101 dt 129.472000 rms  0.675  0.095% neg 0  invalid 762 tFOTS 0.0000 tGradient 2.3870 tsec 2.6130
#GCMRL#  102 dt 129.472000 rms  0.674  0.093% neg 0  invalid 762 tFOTS 0.0000 tGradient 2.4090 tsec 2.6370
#GCMRL#  103 dt 129.472000 rms  0.674  0.089% neg 0  invalid 762 tFOTS 0.0000 tGradient 2.3080 tsec 2.5390
#GCMRL#  104 dt 129.472000 rms  0.673  0.083% neg 0  invalid 762 tFOTS 0.0000 tGradient 2.3510 tsec 2.5800
#GCMRL#  105 dt 129.472000 rms  0.673  0.082% neg 0  invalid 762 tFOTS 0.0000 tGradient 2.4360 tsec 2.6720
#GCMRL#  106 dt 129.472000 rms  0.672  0.077% neg 0  invalid 762 tFOTS 0.0000 tGradient 2.3920 tsec 2.6200
#GCMRL#  107 dt 129.472000 rms  0.672  0.075% neg 0  invalid 762 tFOTS 0.0000 tGradient 2.3740 tsec 2.6100
#GCMRL#  108 dt 129.472000 rms  0.671  0.073% neg 0  invalid 762 tFOTS 0.0000 tGradient 2.4250 tsec 2.6540
#GCMRL#  109 dt 129.472000 rms  0.671  0.070% neg 0  invalid 762 tFOTS 0.0000 tGradient 2.3800 tsec 2.6100
#GCMRL#  110 dt 129.472000 rms  0.670  0.066% neg 0  invalid 762 tFOTS 0.0000 tGradient 2.2680 tsec 2.4930
#GCMRL#  111 dt 129.472000 rms  0.670  0.064% neg 0  invalid 762 tFOTS 0.0000 tGradient 2.2580 tsec 2.4860
#GCMRL#  112 dt 129.472000 rms  0.669  0.063% neg 0  invalid 762 tFOTS 0.0000 tGradient 2.2440 tsec 2.4760
#GCMRL#  113 dt 129.472000 rms  0.669  0.060% neg 0  invalid 762 tFOTS 0.0000 tGradient 2.2230 tsec 2.4520
#GCMRL#  114 dt 129.472000 rms  0.669  0.060% neg 0  invalid 762 tFOTS 0.0000 tGradient 2.3790 tsec 2.6100
#GCMRL#  115 dt 129.472000 rms  0.668  0.060% neg 0  invalid 762 tFOTS 0.0000 tGradient 2.2960 tsec 2.5330
#GCMRL#  116 dt 129.472000 rms  0.668  0.053% neg 0  invalid 762 tFOTS 0.0000 tGradient 2.2430 tsec 2.4740
#GCMRL#  117 dt 129.472000 rms  0.668  0.050% neg 0  invalid 762 tFOTS 0.0000 tGradient 2.3120 tsec 2.5400
#GCMRL#  118 dt 129.472000 rms  0.667  0.049% neg 0  invalid 762 tFOTS 0.0000 tGradient 2.2650 tsec 2.4960
#GCMRL#  119 dt 129.472000 rms  0.667  0.052% neg 0  invalid 762 tFOTS 0.0000 tGradient 2.2220 tsec 2.4520
#GCMRL#  120 dt 129.472000 rms  0.667  0.052% neg 0  invalid 762 tFOTS 0.0000 tGradient 2.2070 tsec 2.4450
#GCMRL#  121 dt 129.472000 rms  0.666  0.048% neg 0  invalid 762 tFOTS 0.0000 tGradient 2.2410 tsec 2.4680
#GCMRL#  122 dt 129.472000 rms  0.666  0.047% neg 0  invalid 762 tFOTS 0.0000 tGradient 2.2180 tsec 2.4500
#GCMRL#  123 dt 129.472000 rms  0.666  0.041% neg 0  invalid 762 tFOTS 0.0000 tGradient 2.1980 tsec 2.4340
#GCMRL#  124 dt 129.472000 rms  0.665  0.040% neg 0  invalid 762 tFOTS 0.0000 tGradient 2.2260 tsec 2.4620
#GCMRL#  125 dt 129.472000 rms  0.665  0.041% neg 0  invalid 762 tFOTS 0.0000 tGradient 2.2440 tsec 2.4720
#GCMRL#  126 dt 129.472000 rms  0.665  0.039% neg 0  invalid 762 tFOTS 0.0000 tGradient 2.3030 tsec 2.5320
#GCMRL#  127 dt 129.472000 rms  0.665  0.037% neg 0  invalid 762 tFOTS 0.0000 tGradient 2.3160 tsec 2.5470
#GCMRL#  128 dt 129.472000 rms  0.664  0.035% neg 0  invalid 762 tFOTS 0.0000 tGradient 2.2280 tsec 2.4670
#GCMRL#  129 dt 129.472000 rms  0.664  0.035% neg 0  invalid 762 tFOTS 0.0000 tGradient 2.2450 tsec 2.4750
#GCMRL#  130 dt 129.472000 rms  0.664  0.032% neg 0  invalid 762 tFOTS 0.0000 tGradient 2.2160 tsec 2.4380
#GCMRL#  131 dt 129.472000 rms  0.664  0.034% neg 0  invalid 762 tFOTS 0.0000 tGradient 2.2130 tsec 2.4450
#GCMRL#  132 dt 129.472000 rms  0.663  0.033% neg 0  invalid 762 tFOTS 0.0000 tGradient 2.2440 tsec 2.4700
#GCMRL#  133 dt 129.472000 rms  0.663  0.033% neg 0  invalid 762 tFOTS 0.0000 tGradient 2.2840 tsec 2.5120
#GCMRL#  134 dt 129.472000 rms  0.663  0.034% neg 0  invalid 762 tFOTS 0.0000 tGradient 2.2220 tsec 2.4460
#GCMRL#  135 dt 129.472000 rms  0.663  0.032% neg 0  invalid 762 tFOTS 0.0000 tGradient 2.3310 tsec 2.5580
#GCMRL#  136 dt 129.472000 rms  0.663  0.030% neg 0  invalid 762 tFOTS 0.0000 tGradient 2.2780 tsec 2.4890
#GCMRL#  137 dt 129.472000 rms  0.662  0.030% neg 0  invalid 762 tFOTS 0.0000 tGradient 2.2750 tsec 2.4950
#GCMRL#  138 dt 129.472000 rms  0.662  0.031% neg 0  invalid 762 tFOTS 0.0000 tGradient 2.2250 tsec 2.4570
#GCMRL#  139 dt 129.472000 rms  0.662  0.029% neg 0  invalid 762 tFOTS 0.0000 tGradient 2.2350 tsec 2.4470
#GCMRL#  140 dt 129.472000 rms  0.662  0.029% neg 0  invalid 762 tFOTS 0.0000 tGradient 2.2910 tsec 2.5030
#GCMRL#  141 dt 129.472000 rms  0.662  0.028% neg 0  invalid 762 tFOTS 0.0000 tGradient 2.2580 tsec 2.4740
#GCMRL#  142 dt 129.472000 rms  0.661  0.028% neg 0  invalid 762 tFOTS 0.0000 tGradient 2.3040 tsec 2.5110
#GCMRL#  143 dt 129.472000 rms  0.661  0.026% neg 0  invalid 762 tFOTS 0.0000 tGradient 2.2720 tsec 2.4830
#GCMRL#  144 dt 129.472000 rms  0.661  0.025% neg 0  invalid 762 tFOTS 0.0000 tGradient 2.2940 tsec 2.5050
#GCMRL#  145 dt 129.472000 rms  0.661  0.025% neg 0  invalid 762 tFOTS 0.0000 tGradient 2.2350 tsec 2.4450
#GCMRL#  146 dt 129.472000 rms  0.661  0.028% neg 0  invalid 762 tFOTS 0.0000 tGradient 2.2850 tsec 2.4980
#GCMRL#  147 dt 129.472000 rms  0.661  0.027% neg 0  invalid 762 tFOTS 0.0000 tGradient 2.2730 tsec 2.4990
#GCMRL#  148 dt 129.472000 rms  0.660  0.026% neg 0  invalid 762 tFOTS 0.0000 tGradient 2.3340 tsec 2.5480
#GCMRL#  149 dt 129.472000 rms  0.660  0.025% neg 0  invalid 762 tFOTS 0.0000 tGradient 2.3090 tsec 2.5270
#GCMRL#  150 dt 129.472000 rms  0.660  0.025% neg 0  invalid 762 tFOTS 0.0000 tGradient 2.3280 tsec 2.5510
#GCMRL#  151 dt 1479.680000 rms  0.660  0.000% neg 0  invalid 762 tFOTS 3.4230 tGradient 2.2910 tsec 5.9660

#GCAMreg# pass 0 level1 5 level2 1 tsec 305.435 sigma 0.5
l_jacobian=1.00 l_label=1.00 l_log_likelihood=0.20 l_smoothness=0.01 
tol=5.00e-02, dt=5.00e-02, exp_k=20.0, momentum=0.90, levels=6, niter=500, lbl_dist=10.00, avgs=256, sigma=0.5,type=2, relabel=0, neg=no

blurring input image with Gaussian with sigma=0.500...
GCAMRegisterLevel(): init RMS 0.660531
#FOTS# QuadFit found better minimum quadopt=(dt=129.472,rms=0.659773) vs oldopt=(dt=92.48,rms=0.659806)
#GCMRL#  153 dt 129.472000 rms  0.660  0.115% neg 0  invalid 762 tFOTS 3.2610 tGradient 2.3470 tsec 5.8580
#GCMRL#  154 dt  92.480000 rms  0.660  0.000% neg 0  invalid 762 tFOTS 3.4230 tGradient 2.3080 tsec 5.9930
#GCMRL#  155 dt  92.480000 rms  0.660  0.002% neg 0  invalid 762 tFOTS 0.0000 tGradient 2.2650 tsec 2.4780
setting smoothness cost coefficient to 0.031

#GCAMreg# pass 0 level1 4 level2 0 tsec 0 sigma 2
l_jacobian=1.00 l_label=1.00 l_log_likelihood=0.20 l_smoothness=0.03 
tol=5.00e-02, dt=5.00e-02, exp_k=20.0, momentum=0.90, levels=6, niter=500, lbl_dist=10.00, avgs=64, sigma=2.0,type=2, relabel=0, neg=no

blurring input image with Gaussian with sigma=2.000...
GCAMRegisterLevel(): init RMS 0.661992
#FOTS# QuadFit found better minimum quadopt=(dt=331.776,rms=0.649513) vs oldopt=(dt=414.72,rms=0.650019)
#GCMRL#  157 dt 331.776000 rms  0.650  1.885% neg 0  invalid 762 tFOTS 3.0090 tGradient 1.7470 tsec 5.0020
#FOTS# QuadFit found better minimum quadopt=(dt=79.4937,rms=0.64093) vs oldopt=(dt=103.68,rms=0.641711)
#GCMRL#  158 dt  79.493745 rms  0.641  1.321% neg 0  invalid 762 tFOTS 3.2330 tGradient 1.7500 tsec 5.2330
#FOTS# QuadFit found better minimum quadopt=(dt=100.461,rms=0.637484) vs oldopt=(dt=103.68,rms=0.637489)
#GCMRL#  159 dt 100.460606 rms  0.637  0.538% neg 0  invalid 762 tFOTS 3.2150 tGradient 1.7340 tsec 5.1850
#FOTS# QuadFit found better minimum quadopt=(dt=87.8806,rms=0.634675) vs oldopt=(dt=103.68,rms=0.634766)
#GCMRL#  160 dt  87.880597 rms  0.635  0.441% neg 0  invalid 762 tFOTS 3.2940 tGradient 1.7930 tsec 5.3300
#FOTS# QuadFit found better minimum quadopt=(dt=91.5469,rms=0.631874) vs oldopt=(dt=103.68,rms=0.631924)
#GCMRL#  161 dt  91.546926 rms  0.632  0.441% neg 0  invalid 762 tFOTS 3.1570 tGradient 1.7510 tsec 5.1420
#FOTS# QuadFit found better minimum quadopt=(dt=87.7419,rms=0.629629) vs oldopt=(dt=103.68,rms=0.62969)
#GCMRL#  162 dt  87.741935 rms  0.630  0.355% neg 0  invalid 762 tFOTS 3.3410 tGradient 1.8020 tsec 5.3810
#FOTS# QuadFit found better minimum quadopt=(dt=89.2694,rms=0.62722) vs oldopt=(dt=103.68,rms=0.627274)
#GCMRL#  163 dt  89.269373 rms  0.627  0.382% neg 0  invalid 762 tFOTS 3.2870 tGradient 1.7590 tsec 5.3020
#FOTS# QuadFit found better minimum quadopt=(dt=92.2353,rms=0.625286) vs oldopt=(dt=103.68,rms=0.625324)
#GCMRL#  164 dt  92.235294 rms  0.625  0.308% neg 0  invalid 762 tFOTS 3.4540 tGradient 1.7780 tsec 5.5050
#FOTS# QuadFit found better minimum quadopt=(dt=86.1634,rms=0.623164) vs oldopt=(dt=103.68,rms=0.623258)
#GCMRL#  165 dt  86.163424 rms  0.623  0.339% neg 0  invalid 762 tFOTS 2.8740 tGradient 1.7700 tsec 4.8750
#FOTS# QuadFit found better minimum quadopt=(dt=92.9524,rms=0.621464) vs oldopt=(dt=103.68,rms=0.621492)
#GCMRL#  166 dt  92.952381 rms  0.621  0.273% neg 0  invalid 762 tFOTS 2.8000 tGradient 1.6300 tsec 4.6600
#FOTS# QuadFit found better minimum quadopt=(dt=84.1802,rms=0.61964) vs oldopt=(dt=103.68,rms=0.619738)
#GCMRL#  167 dt  84.180180 rms  0.620  0.293% neg 0  invalid 762 tFOTS 2.7460 tGradient 1.4950 tsec 4.4630
#FOTS# QuadFit found better minimum quadopt=(dt=96.4638,rms=0.618158) vs oldopt=(dt=103.68,rms=0.618174)
#GCMRL#  168 dt  96.463768 rms  0.618  0.239% neg 0  invalid 762 tFOTS 2.6790 tGradient 1.5480 tsec 4.4420
#FOTS# QuadFit found better minimum quadopt=(dt=75.0769,rms=0.616587) vs oldopt=(dt=103.68,rms=0.616778)
#GCMRL#  169 dt  75.076923 rms  0.617  0.254% neg 0  invalid 762 tFOTS 2.6800 tGradient 1.5260 tsec 4.4200
#GCMRL#  170 dt 103.680000 rms  0.615  0.206% neg 0  invalid 762 tFOTS 2.5240 tGradient 1.5460 tsec 4.2850
#FOTS# QuadFit found better minimum quadopt=(dt=72,rms=0.613861) vs oldopt=(dt=103.68,rms=0.614056)
#GCMRL#  171 dt  72.000000 rms  0.614  0.236% neg 0  invalid 762 tFOTS 2.6920 tGradient 1.5410 tsec 4.4490
#FOTS# QuadFit found better minimum quadopt=(dt=124.416,rms=0.612566) vs oldopt=(dt=103.68,rms=0.612605)
#GCMRL#  172 dt 124.416000 rms  0.613  0.211% neg 0  invalid 762 tFOTS 2.7070 tGradient 1.6520 tsec 4.5860
#FOTS# QuadFit found better minimum quadopt=(dt=62.208,rms=0.611268) vs oldopt=(dt=103.68,rms=0.611664)
#GCMRL#  173 dt  62.208000 rms  0.611  0.212% neg 0  invalid 762 tFOTS 2.9240 tGradient 1.6730 tsec 4.8360
#FOTS# QuadFit found better minimum quadopt=(dt=145.152,rms=0.610035) vs oldopt=(dt=103.68,rms=0.610187)
#GCMRL#  174 dt 145.152000 rms  0.610  0.202% neg 0  invalid 762 tFOTS 2.9320 tGradient 1.5770 tsec 4.7480
#FOTS# QuadFit found better minimum quadopt=(dt=36.288,rms=0.609046) vs oldopt=(dt=25.92,rms=0.609246)
#GCMRL#  175 dt  36.288000 rms  0.609  0.162% neg 0  invalid 762 tFOTS 2.5790 tGradient 1.6990 tsec 4.5030
#FOTS# QuadFit found better minimum quadopt=(dt=580.608,rms=0.605146) vs oldopt=(dt=414.72,rms=0.60568)
#GCMRL#  176 dt 580.608000 rms  0.605  0.640% neg 0  invalid 762 tFOTS 3.1250 tGradient 1.6630 tsec 5.0340
#FOTS# QuadFit found better minimum quadopt=(dt=64.7273,rms=0.602998) vs oldopt=(dt=25.92,rms=0.603488)
#GCMRL#  177 dt  64.727273 rms  0.603  0.355% neg 0  invalid 762 tFOTS 3.2250 tGradient 1.7960 tsec 5.2640
#FOTS# QuadFit found better minimum quadopt=(dt=62.208,rms=0.602168) vs oldopt=(dt=103.68,rms=0.602394)
#GCMRL#  178 dt  62.208000 rms  0.602  0.138% neg 0  invalid 762 tFOTS 3.1110 tGradient 1.7280 tsec 5.0880
#FOTS# QuadFit found better minimum quadopt=(dt=145.152,rms=0.601486) vs oldopt=(dt=103.68,rms=0.601534)
#GCMRL#  179 dt 145.152000 rms  0.601  0.113% neg 0  invalid 762 tFOTS 3.4750 tGradient 1.7690 tsec 5.4890
#FOTS# QuadFit found better minimum quadopt=(dt=36.288,rms=0.600833) vs oldopt=(dt=25.92,rms=0.60096)
#GCMRL#  180 dt  36.288000 rms  0.601  0.109% neg 0  invalid 762 tFOTS 2.9270 tGradient 1.7670 tsec 4.9290
#FOTS# QuadFit found better minimum quadopt=(dt=580.608,rms=0.59809) vs oldopt=(dt=414.72,rms=0.598536)
#GCMRL#  181 dt 580.608000 rms  0.598  0.457% neg 0  invalid 762 tFOTS 3.1210 tGradient 1.7350 tsec 5.0970
#FOTS# QuadFit found better minimum quadopt=(dt=36.288,rms=0.596762) vs oldopt=(dt=25.92,rms=0.597011)
#GCMRL#  182 dt  36.288000 rms  0.597  0.222% neg 0  invalid 762 tFOTS 3.2710 tGradient 1.8370 tsec 5.3600
#FOTS# QuadFit found better minimum quadopt=(dt=145.152,rms=0.596043) vs oldopt=(dt=103.68,rms=0.596117)
#GCMRL#  183 dt 145.152000 rms  0.596  0.120% neg 0  invalid 762 tFOTS 3.4900 tGradient 1.7770 tsec 5.5200
#FOTS# QuadFit found better minimum quadopt=(dt=36.288,rms=0.595579) vs oldopt=(dt=25.92,rms=0.59567)
#GCMRL#  184 dt  36.288000 rms  0.596  0.078% neg 0  invalid 762 tFOTS 3.5910 tGradient 1.7080 tsec 5.5960
#FOTS# QuadFit found better minimum quadopt=(dt=580.608,rms=0.593364) vs oldopt=(dt=414.72,rms=0.593765)
#GCMRL#  185 dt 580.608000 rms  0.593  0.372% neg 0  invalid 762 tFOTS 3.3690 tGradient 1.7040 tsec 5.3330
#FOTS# QuadFit found better minimum quadopt=(dt=36.288,rms=0.592304) vs oldopt=(dt=25.92,rms=0.592517)
#GCMRL#  186 dt  36.288000 rms  0.592  0.179% neg 0  invalid 762 tFOTS 3.5260 tGradient 1.7990 tsec 5.6040
#FOTS# QuadFit found better minimum quadopt=(dt=124.416,rms=0.591755) vs oldopt=(dt=103.68,rms=0.591775)
#GCMRL#  187 dt 124.416000 rms  0.592  0.093% neg 0  invalid 762 tFOTS 3.5180 tGradient 1.7580 tsec 5.5500
#FOTS# QuadFit found better minimum quadopt=(dt=36.288,rms=0.591424) vs oldopt=(dt=25.92,rms=0.591492)
#GCMRL#  188 dt  36.288000 rms  0.591  0.056% neg 0  invalid 762 tFOTS 3.4790 tGradient 1.8750 tsec 5.6260
#FOTS# QuadFit found better minimum quadopt=(dt=1327.1,rms=0.588626) vs oldopt=(dt=1658.88,rms=0.588781)
#GCMRL#  189 dt 1327.104000 rms  0.589  0.473% neg 0  invalid 762 tFOTS 3.4480 tGradient 1.8020 tsec 5.5140
#FOTS# QuadFit found better minimum quadopt=(dt=62.208,rms=0.585698) vs oldopt=(dt=103.68,rms=0.586569)
#GCMRL#  190 dt  62.208000 rms  0.586  0.497% neg 0  invalid 762 tFOTS 3.4430 tGradient 1.7620 tsec 5.4710
#GCMRL#  191 dt 103.680000 rms  0.585  0.084% neg 0  invalid 762 tFOTS 3.5000 tGradient 1.7880 tsec 5.5660
#FOTS# QuadFit found better minimum quadopt=(dt=145.152,rms=0.584654) vs oldopt=(dt=103.68,rms=0.58472)
#GCMRL#  192 dt 145.152000 rms  0.585  0.095% neg 0  invalid 762 tFOTS 3.5510 tGradient 1.7160 tsec 5.5240
#FOTS# QuadFit found better minimum quadopt=(dt=82.944,rms=0.584385) vs oldopt=(dt=103.68,rms=0.58442)
#GCMRL#  193 dt  82.944000 rms  0.584  0.000% neg 0  invalid 762 tFOTS 3.4770 tGradient 1.7770 tsec 5.5450
#GCMRL#  194 dt  82.944000 rms  0.584  0.053% neg 0  invalid 762 tFOTS 0.0000 tGradient 1.7190 tsec 1.9530
#GCMRL#  195 dt  82.944000 rms  0.584  0.081% neg 0  invalid 762 tFOTS 0.0000 tGradient 1.6810 tsec 1.9140
#GCMRL#  196 dt  82.944000 rms  0.583  0.126% neg 0  invalid 762 tFOTS 0.0000 tGradient 1.7010 tsec 1.9390
#GCMRL#  197 dt  82.944000 rms  0.582  0.137% neg 0  invalid 762 tFOTS 0.0000 tGradient 1.7270 tsec 1.9630
#GCMRL#  198 dt  82.944000 rms  0.581  0.179% neg 0  invalid 762 tFOTS 0.0000 tGradient 1.7260 tsec 1.9930
#GCMRL#  199 dt  82.944000 rms  0.580  0.178% neg 0  invalid 762 tFOTS 0.0000 tGradient 1.8320 tsec 2.0830
#GCMRL#  200 dt  82.944000 rms  0.579  0.212% neg 0  invalid 762 tFOTS 0.0000 tGradient 1.7220 tsec 1.9500
#GCMRL#  201 dt  82.944000 rms  0.578  0.205% neg 0  invalid 762 tFOTS 0.0000 tGradient 1.7100 tsec 1.9350
#GCMRL#  202 dt  82.944000 rms  0.576  0.224% neg 0  invalid 762 tFOTS 0.0000 tGradient 1.7190 tsec 1.9440
#GCMRL#  203 dt  82.944000 rms  0.575  0.206% neg 0  invalid 762 tFOTS 0.0000 tGradient 1.7380 tsec 1.9780
#GCMRL#  204 dt  82.944000 rms  0.574  0.206% neg 0  invalid 762 tFOTS 0.0000 tGradient 1.7630 tsec 2.0300
#GCMRL#  205 dt  82.944000 rms  0.573  0.207% neg 0  invalid 762 tFOTS 0.0000 tGradient 1.7000 tsec 1.9410
#GCMRL#  206 dt  82.944000 rms  0.572  0.211% neg 0  invalid 762 tFOTS 0.0000 tGradient 1.8580 tsec 2.0950
#GCMRL#  207 dt  82.944000 rms  0.570  0.196% neg 0  invalid 762 tFOTS 0.0000 tGradient 1.9250 tsec 2.1450
#GCMRL#  208 dt  82.944000 rms  0.569  0.190% neg 0  invalid 762 tFOTS 0.0000 tGradient 1.7910 tsec 2.0100
#GCMRL#  209 dt  82.944000 rms  0.568  0.188% neg 0  invalid 762 tFOTS 0.0000 tGradient 1.7860 tsec 2.0620
#GCMRL#  210 dt  82.944000 rms  0.567  0.188% neg 0  invalid 762 tFOTS 0.0000 tGradient 1.8420 tsec 2.0780
#GCMRL#  211 dt  82.944000 rms  0.566  0.171% neg 0  invalid 762 tFOTS 0.0000 tGradient 1.7990 tsec 2.0440
#GCMRL#  212 dt  82.944000 rms  0.565  0.159% neg 0  invalid 762 tFOTS 0.0000 tGradient 1.8660 tsec 2.0950
#GCMRL#  213 dt  82.944000 rms  0.564  0.147% neg 0  invalid 762 tFOTS 0.0000 tGradient 1.8370 tsec 2.0680
#GCMRL#  214 dt  82.944000 rms  0.564  0.140% neg 0  invalid 762 tFOTS 0.0000 tGradient 1.7910 tsec 2.0170
#GCMRL#  215 dt  82.944000 rms  0.563  0.137% neg 0  invalid 762 tFOTS 0.0000 tGradient 2.0960 tsec 2.3960
#GCMRL#  216 dt  82.944000 rms  0.562  0.132% neg 0  invalid 762 tFOTS 0.0000 tGradient 1.7180 tsec 1.9610
#GCMRL#  217 dt  82.944000 rms  0.561  0.126% neg 0  invalid 762 tFOTS 0.0000 tGradient 1.7720 tsec 2.0090
#GCMRL#  218 dt  82.944000 rms  0.561  0.117% neg 0  invalid 762 tFOTS 0.0000 tGradient 1.7920 tsec 2.0250
#GCMRL#  219 dt  82.944000 rms  0.560  0.109% neg 0  invalid 762 tFOTS 0.0000 tGradient 1.8870 tsec 2.1300
#GCMRL#  220 dt  82.944000 rms  0.560  0.105% neg 0  invalid 762 tFOTS 0.0000 tGradient 1.7800 tsec 2.0200
#GCMRL#  221 dt  82.944000 rms  0.559  0.099% neg 0  invalid 762 tFOTS 0.0000 tGradient 1.7650 tsec 2.0100
#GCMRL#  222 dt  82.944000 rms  0.559  0.089% neg 0  invalid 762 tFOTS 0.0000 tGradient 1.7870 tsec 2.0230
#GCMRL#  223 dt  82.944000 rms  0.558  0.084% neg 0  invalid 762 tFOTS 0.0000 tGradient 1.8150 tsec 2.0520
#GCMRL#  224 dt  82.944000 rms  0.558  0.086% neg 0  invalid 762 tFOTS 0.0000 tGradient 1.8320 tsec 2.0700
#GCMRL#  225 dt  82.944000 rms  0.557  0.084% neg 0  invalid 762 tFOTS 0.0000 tGradient 1.8230 tsec 2.0630
#GCMRL#  226 dt  82.944000 rms  0.557  0.075% neg 0  invalid 762 tFOTS 0.0000 tGradient 1.8080 tsec 2.0510
#GCMRL#  227 dt  82.944000 rms  0.556  0.064% neg 0  invalid 762 tFOTS 0.0000 tGradient 1.8500 tsec 2.0950
#GCMRL#  228 dt  82.944000 rms  0.556  0.078% neg 0  invalid 762 tFOTS 0.0000 tGradient 1.7470 tsec 1.9870
#GCMRL#  229 dt  82.944000 rms  0.555  0.081% neg 0  invalid 762 tFOTS 0.0000 tGradient 1.8050 tsec 2.0400
#GCMRL#  230 dt  82.944000 rms  0.555  0.065% neg 0  invalid 762 tFOTS 0.0000 tGradient 1.8630 tsec 2.1130
#GCMRL#  231 dt  82.944000 rms  0.555  0.069% neg 0  invalid 762 tFOTS 0.0000 tGradient 1.9880 tsec 2.2230
#GCMRL#  232 dt  82.944000 rms  0.554  0.081% neg 0  invalid 762 tFOTS 0.0000 tGradient 1.7330 tsec 1.9750
#GCMRL#  233 dt  82.944000 rms  0.554  0.067% neg 0  invalid 762 tFOTS 0.0000 tGradient 1.9930 tsec 2.2400
#GCMRL#  234 dt  82.944000 rms  0.554  0.057% neg 0  invalid 762 tFOTS 0.0000 tGradient 1.7070 tsec 1.9470
#GCMRL#  235 dt  82.944000 rms  0.553  0.053% neg 0  invalid 762 tFOTS 0.0000 tGradient 1.7680 tsec 2.0150
#GCMRL#  236 dt  82.944000 rms  0.553  0.071% neg 0  invalid 762 tFOTS 0.0000 tGradient 2.0000 tsec 2.2360
#GCMRL#  237 dt  82.944000 rms  0.553  0.053% neg 0  invalid 762 tFOTS 0.0000 tGradient 1.9980 tsec 2.2600
#GCMRL#  238 dt  82.944000 rms  0.552  0.041% neg 0  invalid 762 tFOTS 0.0000 tGradient 1.9630 tsec 2.1940
#GCMRL#  239 dt  82.944000 rms  0.552  0.057% neg 0  invalid 762 tFOTS 0.0000 tGradient 1.8020 tsec 2.0420
#GCMRL#  240 dt  82.944000 rms  0.552  0.058% neg 0  invalid 762 tFOTS 0.0000 tGradient 2.0250 tsec 2.2790
#GCMRL#  241 dt  82.944000 rms  0.552  0.045% neg 0  invalid 762 tFOTS 0.0000 tGradient 1.7490 tsec 1.9730
#GCMRL#  242 dt  82.944000 rms  0.551  0.039% neg 0  invalid 762 tFOTS 0.0000 tGradient 1.8050 tsec 2.0210
#GCMRL#  243 dt  82.944000 rms  0.551  0.050% neg 0  invalid 762 tFOTS 0.0000 tGradient 1.6790 tsec 1.9020
#GCMRL#  244 dt  82.944000 rms  0.551  0.045% neg 0  invalid 762 tFOTS 0.0000 tGradient 1.7890 tsec 2.0180
#GCMRL#  245 dt  82.944000 rms  0.551  0.041% neg 0  invalid 762 tFOTS 0.0000 tGradient 1.7660 tsec 1.9990
#GCMRL#  246 dt  82.944000 rms  0.550  0.033% neg 0  invalid 762 tFOTS 0.0000 tGradient 1.7480 tsec 1.9700
#GCMRL#  247 dt  82.944000 rms  0.550  0.048% neg 0  invalid 762 tFOTS 0.0000 tGradient 1.6870 tsec 1.9330
#GCMRL#  248 dt  82.944000 rms  0.550  0.047% neg 0  invalid 762 tFOTS 0.0000 tGradient 1.8140 tsec 2.0510
#GCMRL#  249 dt  82.944000 rms  0.550  0.035% neg 0  invalid 762 tFOTS 0.0000 tGradient 1.7330 tsec 1.9680
#GCMRL#  250 dt  82.944000 rms  0.549  0.030% neg 0  invalid 762 tFOTS 0.0000 tGradient 1.7000 tsec 1.9340
#GCMRL#  251 dt  82.944000 rms  0.549  0.034% neg 0  invalid 762 tFOTS 0.0000 tGradient 1.7230 tsec 1.9530
#GCMRL#  252 dt  82.944000 rms  0.549  0.043% neg 0  invalid 762 tFOTS 0.0000 tGradient 1.7850 tsec 2.0190
#GCMRL#  253 dt  82.944000 rms  0.549  0.032% neg 0  invalid 762 tFOTS 0.0000 tGradient 1.7020 tsec 1.9330
#GCMRL#  254 dt  82.944000 rms  0.549  0.022% neg 0  invalid 762 tFOTS 0.0000 tGradient 1.6730 tsec 1.8960
#GCMRL#  255 dt  82.944000 rms  0.549  0.033% neg 0  invalid 762 tFOTS 0.0000 tGradient 1.7680 tsec 2.0050
#GCMRL#  256 dt  82.944000 rms  0.548  0.038% neg 0  invalid 762 tFOTS 0.0000 tGradient 1.7180 tsec 1.9570
#GCMRL#  257 dt  82.944000 rms  0.548  0.032% neg 0  invalid 762 tFOTS 0.0000 tGradient 1.7280 tsec 1.9640
#GCMRL#  258 dt  82.944000 rms  0.548  0.029% neg 0  invalid 762 tFOTS 0.0000 tGradient 1.6990 tsec 1.9360
#GCMRL#  259 dt  82.944000 rms  0.548  0.026% neg 0  invalid 762 tFOTS 0.0000 tGradient 1.6630 tsec 1.8990
#GCMRL#  260 dt  82.944000 rms  0.548  0.035% neg 0  invalid 762 tFOTS 0.0000 tGradient 1.6830 tsec 1.9160
#GCMRL#  261 dt  82.944000 rms  0.548  0.027% neg 0  invalid 762 tFOTS 0.0000 tGradient 1.6760 tsec 1.9170
#GCMRL#  262 dt  82.944000 rms  0.547  0.025% neg 0  invalid 762 tFOTS 0.0000 tGradient 1.7890 tsec 2.0300
#GCMRL#  263 dt  82.944000 rms  0.547  0.027% neg 0  invalid 762 tFOTS 0.0000 tGradient 1.7200 tsec 1.9620
#GCMRL#  264 dt  82.944000 rms  0.547  0.034% neg 0  invalid 762 tFOTS 0.0000 tGradient 1.6920 tsec 1.9260
#GCMRL#  265 dt  82.944000 rms  0.547  0.027% neg 0  invalid 762 tFOTS 0.0000 tGradient 1.6900 tsec 1.9250
#GCMRL#  266 dt  82.944000 rms  0.547  0.025% neg 0  invalid 762 tFOTS 0.0000 tGradient 1.7420 tsec 1.9790
#GCMRL#  267 dt  82.944000 rms  0.547  0.024% neg 0  invalid 762 tFOTS 0.0000 tGradient 1.6890 tsec 1.9280
#GCMRL#  268 dt  82.944000 rms  0.546  0.031% neg 0  invalid 762 tFOTS 0.0000 tGradient 1.6880 tsec 1.9320
#GCMRL#  269 dt  82.944000 rms  0.546  0.031% neg 0  invalid 762 tFOTS 0.0000 tGradient 1.7380 tsec 1.9620
#GCMRL#  270 dt  82.944000 rms  0.546  0.022% neg 0  invalid 762 tFOTS 0.0000 tGradient 1.8100 tsec 2.0500
#GCMRL#  271 dt  82.944000 rms  0.546  0.019% neg 0  invalid 762 tFOTS 0.0000 tGradient 1.7510 tsec 1.9980
#FOTS# QuadFit found better minimum quadopt=(dt=145.152,rms=0.546043) vs oldopt=(dt=103.68,rms=0.546054)
#GCMRL#  272 dt 145.152000 rms  0.546  0.000% neg 0  invalid 762 tFOTS 3.5230 tGradient 1.7520 tsec 5.5280

#GCAMreg# pass 0 level1 4 level2 1 tsec 362.794 sigma 0.5
l_jacobian=1.00 l_label=1.00 l_log_likelihood=0.20 l_smoothness=0.03 
tol=5.00e-02, dt=5.00e-02, exp_k=20.0, momentum=0.90, levels=6, niter=500, lbl_dist=10.00, avgs=64, sigma=0.5,type=2, relabel=0, neg=no

blurring input image with Gaussian with sigma=0.500...
GCAMRegisterLevel(): init RMS 0.546947
#FOTS# QuadFit found better minimum quadopt=(dt=124.416,rms=0.544845) vs oldopt=(dt=103.68,rms=0.54489)
#GCMRL#  274 dt 124.416000 rms  0.545  0.384% neg 0  invalid 762 tFOTS 3.6250 tGradient 1.6920 tsec 5.5850
#FOTS# QuadFit found better minimum quadopt=(dt=82.944,rms=0.54437) vs oldopt=(dt=103.68,rms=0.544439)
#GCMRL#  275 dt  82.944000 rms  0.544  0.087% neg 0  invalid 762 tFOTS 3.4280 tGradient 1.7110 tsec 5.4040
#FOTS# QuadFit found better minimum quadopt=(dt=36.288,rms=0.544194) vs oldopt=(dt=25.92,rms=0.544228)
#GCMRL#  276 dt  36.288000 rms  0.544  0.000% neg 0  invalid 762 tFOTS 3.3860 tGradient 1.6790 tsec 5.3530
#GCMRL#  277 dt  36.288000 rms  0.544  0.021% neg 0  invalid 762 tFOTS 0.0000 tGradient 1.7080 tsec 1.9470
#GCMRL#  278 dt  36.288000 rms  0.544  0.031% neg 0  invalid 762 tFOTS 0.0000 tGradient 1.6620 tsec 1.9050
#GCMRL#  279 dt  36.288000 rms  0.544  0.038% neg 0  invalid 762 tFOTS 0.0000 tGradient 1.6370 tsec 1.8780
#GCMRL#  280 dt  36.288000 rms  0.543  0.042% neg 0  invalid 762 tFOTS 0.0000 tGradient 1.7140 tsec 1.9430
#GCMRL#  281 dt  36.288000 rms  0.543  0.039% neg 0  invalid 762 tFOTS 0.0000 tGradient 1.6670 tsec 1.9030
#GCMRL#  282 dt  36.288000 rms  0.543  0.039% neg 0  invalid 762 tFOTS 0.0000 tGradient 1.6700 tsec 1.9030
#GCMRL#  283 dt  36.288000 rms  0.543  0.036% neg 0  invalid 762 tFOTS 0.0000 tGradient 1.7830 tsec 2.0180
#GCMRL#  284 dt  36.288000 rms  0.543  0.036% neg 0  invalid 762 tFOTS 0.0000 tGradient 1.6550 tsec 1.8980
#GCMRL#  285 dt  36.288000 rms  0.542  0.032% neg 0  invalid 762 tFOTS 0.0000 tGradient 1.7000 tsec 1.9400
#GCMRL#  286 dt  36.288000 rms  0.542  0.032% neg 0  invalid 762 tFOTS 0.0000 tGradient 1.6790 tsec 1.9130
#GCMRL#  287 dt  36.288000 rms  0.542  0.032% neg 0  invalid 762 tFOTS 0.0000 tGradient 1.9930 tsec 2.2390
#GCMRL#  288 dt  36.288000 rms  0.542  0.032% neg 0  invalid 762 tFOTS 0.0000 tGradient 1.9790 tsec 2.2180
#GCMRL#  289 dt  36.288000 rms  0.542  0.029% neg 0  invalid 762 tFOTS 0.0000 tGradient 1.9510 tsec 2.1820
#GCMRL#  290 dt  36.288000 rms  0.542  0.030% neg 0  invalid 762 tFOTS 0.0000 tGradient 1.6220 tsec 1.8570
#GCMRL#  291 dt  36.288000 rms  0.541  0.029% neg 0  invalid 762 tFOTS 0.0000 tGradient 1.7070 tsec 1.9230
#GCMRL#  292 dt  36.288000 rms  0.541  0.024% neg 0  invalid 762 tFOTS 0.0000 tGradient 1.6860 tsec 1.8960
#GCMRL#  293 dt  36.288000 rms  0.541  0.025% neg 0  invalid 762 tFOTS 0.0000 tGradient 1.7060 tsec 1.9420
#GCMRL#  294 dt  36.288000 rms  0.541  0.025% neg 0  invalid 762 tFOTS 0.0000 tGradient 1.6070 tsec 1.8340
#GCMRL#  295 dt  36.288000 rms  0.541  0.024% neg 0  invalid 762 tFOTS 0.0000 tGradient 1.6640 tsec 1.8940
#GCMRL#  296 dt  36.288000 rms  0.541  0.026% neg 0  invalid 762 tFOTS 0.0000 tGradient 1.6980 tsec 1.9240
#GCMRL#  297 dt  36.288000 rms  0.541  0.022% neg 0  invalid 762 tFOTS 0.0000 tGradient 1.6560 tsec 1.8970
#GCMRL#  298 dt  36.288000 rms  0.541  0.022% neg 0  invalid 762 tFOTS 0.0000 tGradient 1.6190 tsec 1.8720
#FOTS# QuadFit found better minimum quadopt=(dt=124.416,rms=0.54054) vs oldopt=(dt=103.68,rms=0.540541)
#GCMRL#  299 dt 124.416000 rms  0.541  0.000% neg 0  invalid 762 tFOTS 3.5410 tGradient 1.6720 tsec 5.5130
#GCMRL#  300 dt 124.416000 rms  0.540  0.010% neg 0  invalid 762 tFOTS 0.0000 tGradient 1.6550 tsec 1.8880
#GCMRL#  301 dt 124.416000 rms  0.540  0.015% neg 0  invalid 762 tFOTS 0.0000 tGradient 1.6920 tsec 1.9330
#GCMRL#  302 dt 124.416000 rms  0.540  0.023% neg 0  invalid 762 tFOTS 0.0000 tGradient 1.6830 tsec 1.9200
#GCMRL#  303 dt 124.416000 rms  0.540  0.024% neg 0  invalid 762 tFOTS 0.0000 tGradient 1.7110 tsec 1.9500
#GCMRL#  304 dt 124.416000 rms  0.540  0.025% neg 0  invalid 762 tFOTS 0.0000 tGradient 1.6890 tsec 1.9310
#GCMRL#  305 dt 124.416000 rms  0.540  0.030% neg 0  invalid 762 tFOTS 0.0000 tGradient 1.6530 tsec 1.8940
#GCMRL#  306 dt 124.416000 rms  0.540  0.033% neg 0  invalid 762 tFOTS 0.0000 tGradient 1.6700 tsec 1.9100
#GCMRL#  307 dt 124.416000 rms  0.539  0.035% neg 0  invalid 762 tFOTS 0.0000 tGradient 1.7930 tsec 2.0310
#GCMRL#  308 dt 124.416000 rms  0.539  0.031% neg 0  invalid 762 tFOTS 0.0000 tGradient 1.7200 tsec 1.9560
#GCMRL#  309 dt 124.416000 rms  0.539  0.030% neg 0  invalid 762 tFOTS 0.0000 tGradient 1.7630 tsec 2.0030
#GCMRL#  310 dt 124.416000 rms  0.539  0.045% neg 0  invalid 762 tFOTS 0.0000 tGradient 1.7210 tsec 1.9730
#GCMRL#  311 dt 124.416000 rms  0.539  0.041% neg 0  invalid 762 tFOTS 0.0000 tGradient 1.6940 tsec 1.9350
#GCMRL#  312 dt 124.416000 rms  0.539  0.028% neg 0  invalid 762 tFOTS 0.0000 tGradient 1.6970 tsec 1.9320
#GCMRL#  313 dt 124.416000 rms  0.538  0.024% neg 0  invalid 762 tFOTS 0.0000 tGradient 1.6820 tsec 1.9220
#GCMRL#  314 dt 124.416000 rms  0.538  0.042% neg 0  invalid 762 tFOTS 0.0000 tGradient 1.8820 tsec 2.1170
#GCMRL#  315 dt 124.416000 rms  0.538  0.044% neg 0  invalid 762 tFOTS 0.0000 tGradient 1.6740 tsec 1.9120
#GCMRL#  316 dt 124.416000 rms  0.538  0.028% neg 0  invalid 762 tFOTS 0.0000 tGradient 1.7550 tsec 1.9890
#GCMRL#  317 dt 124.416000 rms  0.538  0.016% neg 0  invalid 762 tFOTS 0.0000 tGradient 1.7910 tsec 2.0280
#GCMRL#  318 dt 124.416000 rms  0.538  0.030% neg 0  invalid 762 tFOTS 0.0000 tGradient 1.6770 tsec 1.9210
#GCMRL#  319 dt 124.416000 rms  0.537  0.037% neg 0  invalid 762 tFOTS 0.0000 tGradient 1.8370 tsec 2.0720
#GCMRL#  320 dt 124.416000 rms  0.537  0.048% neg 0  invalid 762 tFOTS 0.0000 tGradient 1.6340 tsec 1.8710
#GCMRL#  321 dt 124.416000 rms  0.537  0.019% neg 0  invalid 762 tFOTS 0.0000 tGradient 1.7300 tsec 1.9640
#GCMRL#  322 dt 124.416000 rms  0.537  0.040% neg 0  invalid 762 tFOTS 0.0000 tGradient 1.7480 tsec 1.9850
#GCMRL#  323 dt 124.416000 rms  0.537  0.035% neg 0  invalid 762 tFOTS 0.0000 tGradient 1.6710 tsec 1.9080
#GCMRL#  324 dt 124.416000 rms  0.536  0.040% neg 0  invalid 762 tFOTS 0.0000 tGradient 1.7560 tsec 1.9970
#GCMRL#  325 dt 124.416000 rms  0.536  0.030% neg 0  invalid 762 tFOTS 0.0000 tGradient 1.6890 tsec 1.9560
#GCMRL#  326 dt 124.416000 rms  0.536  0.031% neg 0  invalid 762 tFOTS 0.0000 tGradient 1.6910 tsec 1.9240
#GCMRL#  327 dt 124.416000 rms  0.536  0.032% neg 0  invalid 762 tFOTS 0.0000 tGradient 1.7080 tsec 1.9330
#GCMRL#  328 dt 124.416000 rms  0.536  0.030% neg 0  invalid 762 tFOTS 0.0000 tGradient 1.7200 tsec 1.9530
#GCMRL#  329 dt 124.416000 rms  0.536  0.026% neg 0  invalid 762 tFOTS 0.0000 tGradient 1.7360 tsec 1.9700
#GCMRL#  330 dt 124.416000 rms  0.535  0.025% neg 0  invalid 762 tFOTS 0.0000 tGradient 1.7750 tsec 2.0560
#GCMRL#  331 dt 124.416000 rms  0.535  0.025% neg 0  invalid 762 tFOTS 0.0000 tGradient 1.7280 tsec 1.9830
#FOTS# QuadFit found better minimum quadopt=(dt=36.288,rms=0.535269) vs oldopt=(dt=25.92,rms=0.535275)
#GCMRL#  332 dt  36.288000 rms  0.535  0.000% neg 0  invalid 762 tFOTS 3.9690 tGradient 1.7630 tsec 6.0070
#GCMRL#  333 dt  36.288000 rms  0.535  0.002% neg 0  invalid 762 tFOTS 0.0000 tGradient 1.7160 tsec 1.9570
#GCMRL#  334 dt  36.288000 rms  0.535  0.001% neg 0  invalid 762 tFOTS 0.0000 tGradient 1.7210 tsec 1.9580
setting smoothness cost coefficient to 0.118

#GCAMreg# pass 0 level1 3 level2 0 tsec 0 sigma 2
l_jacobian=1.00 l_label=1.00 l_log_likelihood=0.20 l_smoothness=0.12 
tol=5.00e-02, dt=5.00e-02, exp_k=20.0, momentum=0.90, levels=6, niter=500, lbl_dist=10.00, avgs=16, sigma=2.0,type=2, relabel=0, neg=no

blurring input image with Gaussian with sigma=2.000...
GCAMRegisterLevel(): init RMS 0.549746
#FOTS# QuadFit found better minimum quadopt=(dt=11.2,rms=0.548338) vs oldopt=(dt=8,rms=0.548442)
#GCMRL#  336 dt  11.200000 rms  0.548  0.256% neg 0  invalid 762 tFOTS 3.5350 tGradient 1.5090 tsec 5.3160
#FOTS# QuadFit found better minimum quadopt=(dt=19.2,rms=0.547851) vs oldopt=(dt=32,rms=0.54795)
#GCMRL#  337 dt  19.200000 rms  0.548  0.089% neg 0  invalid 762 tFOTS 3.6320 tGradient 1.5020 tsec 5.3980
#FOTS# QuadFit found better minimum quadopt=(dt=38.4,rms=0.547062) vs oldopt=(dt=32,rms=0.547093)
#GCMRL#  338 dt  38.400000 rms  0.547  0.144% neg 0  invalid 762 tFOTS 3.3840 tGradient 1.4930 tsec 5.1500
#FOTS# QuadFit found better minimum quadopt=(dt=44.8,rms=0.545283) vs oldopt=(dt=32,rms=0.545724)
#GCMRL#  339 dt  44.800000 rms  0.545  0.325% neg 0  invalid 762 tFOTS 3.0180 tGradient 1.4280 tsec 4.7100
#FOTS# QuadFit found better minimum quadopt=(dt=153.6,rms=0.541058) vs oldopt=(dt=128,rms=0.541372)
#GCMRL#  340 dt 153.600000 rms  0.541  0.775% neg 0  invalid 762 tFOTS 3.4160 tGradient 1.3790 tsec 5.0510
#FOTS# QuadFit found better minimum quadopt=(dt=38.4,rms=0.539396) vs oldopt=(dt=32,rms=0.539437)
#GCMRL#  341 dt  38.400000 rms  0.539  0.307% neg 0  invalid 762 tFOTS 3.3940 tGradient 1.4270 tsec 5.0840
#GCMRL#  342 dt  32.000000 rms  0.538  0.287% neg 0  invalid 762 tFOTS 2.9270 tGradient 1.3480 tsec 4.5120
#FOTS# QuadFit found better minimum quadopt=(dt=44.8,rms=0.536677) vs oldopt=(dt=32,rms=0.536755)
#GCMRL#  343 dt  44.800000 rms  0.537  0.218% neg 0  invalid 762 tFOTS 2.7750 tGradient 1.2680 tsec 4.2760
#GCMRL#  344 dt  32.000000 rms  0.535  0.241% neg 0  invalid 762 tFOTS 2.9510 tGradient 1.2660 tsec 4.4430
#FOTS# QuadFit found better minimum quadopt=(dt=38.4,rms=0.534525) vs oldopt=(dt=32,rms=0.534537)
#GCMRL#  345 dt  38.400000 rms  0.535  0.161% neg 0  invalid 762 tFOTS 2.7820 tGradient 1.2710 tsec 4.2830
#GCMRL#  346 dt  32.000000 rms  0.534  0.190% neg 0  invalid 762 tFOTS 2.9530 tGradient 1.2820 tsec 4.4620
#GCMRL#  347 dt  32.000000 rms  0.533  0.130% neg 0  invalid 762 tFOTS 2.7660 tGradient 1.3060 tsec 4.3140
#FOTS# QuadFit found better minimum quadopt=(dt=38.4,rms=0.531954) vs oldopt=(dt=32,rms=0.531967)
#GCMRL#  348 dt  38.400000 rms  0.532  0.162% neg 0  invalid 762 tFOTS 3.1930 tGradient 1.3920 tsec 4.8380
#FOTS# QuadFit found better minimum quadopt=(dt=25.6,rms=0.531381) vs oldopt=(dt=32,rms=0.531449)
#GCMRL#  349 dt  25.600000 rms  0.531  0.108% neg 0  invalid 762 tFOTS 2.9540 tGradient 1.3610 tsec 4.5650
#FOTS# QuadFit found better minimum quadopt=(dt=44.8,rms=0.530504) vs oldopt=(dt=32,rms=0.530592)
#GCMRL#  350 dt  44.800000 rms  0.531  0.165% neg 0  invalid 762 tFOTS 3.1960 tGradient 1.3480 tsec 4.7950
#FOTS# QuadFit found better minimum quadopt=(dt=25.6,rms=0.530002) vs oldopt=(dt=32,rms=0.530097)
#GCMRL#  351 dt  25.600000 rms  0.530  0.095% neg 0  invalid 762 tFOTS 3.4240 tGradient 1.3850 tsec 5.0940
#FOTS# QuadFit found better minimum quadopt=(dt=38.4,rms=0.52923) vs oldopt=(dt=32,rms=0.529264)
#GCMRL#  352 dt  38.400000 rms  0.529  0.146% neg 0  invalid 762 tFOTS 3.6770 tGradient 1.4260 tsec 5.3930
#FOTS# QuadFit found better minimum quadopt=(dt=25.6,rms=0.528822) vs oldopt=(dt=32,rms=0.528887)
#GCMRL#  353 dt  25.600000 rms  0.529  0.077% neg 0  invalid 762 tFOTS 3.4740 tGradient 1.4430 tsec 5.1940
#FOTS# QuadFit found better minimum quadopt=(dt=38.4,rms=0.528098) vs oldopt=(dt=32,rms=0.528124)
#GCMRL#  354 dt  38.400000 rms  0.528  0.137% neg 0  invalid 762 tFOTS 3.7700 tGradient 1.4430 tsec 5.5190
#FOTS# QuadFit found better minimum quadopt=(dt=25.6,rms=0.527739) vs oldopt=(dt=32,rms=0.527809)
#GCMRL#  355 dt  25.600000 rms  0.528  0.068% neg 0  invalid 762 tFOTS 3.5210 tGradient 1.4800 tsec 5.2870
#FOTS# QuadFit found better minimum quadopt=(dt=44.8,rms=0.527001) vs oldopt=(dt=32,rms=0.527046)
#GCMRL#  356 dt  44.800000 rms  0.527  0.140% neg 0  invalid 762 tFOTS 3.7260 tGradient 1.4210 tsec 5.4270
#FOTS# QuadFit found better minimum quadopt=(dt=19.2,rms=0.52665) vs oldopt=(dt=32,rms=0.526766)
#GCMRL#  357 dt  19.200000 rms  0.527  0.067% neg 0  invalid 762 tFOTS 3.4230 tGradient 1.4240 tsec 5.1290
#FOTS# QuadFit found better minimum quadopt=(dt=102.4,rms=0.525844) vs oldopt=(dt=128,rms=0.52594)
#GCMRL#  358 dt 102.400000 rms  0.526  0.153% neg 0  invalid 762 tFOTS 3.4760 tGradient 1.3870 tsec 5.1490
#FOTS# QuadFit found better minimum quadopt=(dt=22.8954,rms=0.525089) vs oldopt=(dt=32,rms=0.525308)
#GCMRL#  359 dt  22.895397 rms  0.525  0.144% neg 0  invalid 762 tFOTS 3.3480 tGradient 1.4590 tsec 5.0850
#FOTS# QuadFit found better minimum quadopt=(dt=44.8,rms=0.524419) vs oldopt=(dt=32,rms=0.524486)
#GCMRL#  360 dt  44.800000 rms  0.524  0.128% neg 0  invalid 762 tFOTS 3.3740 tGradient 1.4560 tsec 5.0910
#FOTS# QuadFit found better minimum quadopt=(dt=11.2,rms=0.524242) vs oldopt=(dt=8,rms=0.524291)
#GCMRL#  361 dt  11.200000 rms  0.524  0.000% neg 0  invalid 762 tFOTS 3.2920 tGradient 1.4850 tsec 5.0640
#GCMRL#  362 dt  11.200000 rms  0.524  0.035% neg 0  invalid 762 tFOTS 0.0000 tGradient 1.4580 tsec 1.6750
#GCMRL#  363 dt  11.200000 rms  0.524  0.048% neg 0  invalid 762 tFOTS 0.0000 tGradient 1.4530 tsec 1.6780
#GCMRL#  364 dt  11.200000 rms  0.523  0.070% neg 0  invalid 762 tFOTS 0.0000 tGradient 1.4520 tsec 1.6860
#GCMRL#  365 dt  11.200000 rms  0.523  0.078% neg 0  invalid 762 tFOTS 0.0000 tGradient 1.4500 tsec 1.6890
#GCMRL#  366 dt  11.200000 rms  0.523  0.096% neg 0  invalid 762 tFOTS 0.0000 tGradient 1.4430 tsec 1.6850
#GCMRL#  367 dt  11.200000 rms  0.522  0.107% neg 0  invalid 762 tFOTS 0.0000 tGradient 1.4730 tsec 1.7140
#GCMRL#  368 dt  11.200000 rms  0.522  0.019% neg 0  invalid 762 tFOTS 0.0000 tGradient 1.4910 tsec 1.8680
#GCMRL#  369 dt  11.200000 rms  0.522  0.039% neg 0  invalid 762 tFOTS 0.0000 tGradient 1.5210 tsec 1.7710
#GCMRL#  370 dt  11.200000 rms  0.522  0.023% neg 0  invalid 762 tFOTS 0.0000 tGradient 1.4640 tsec 1.8360
#GCMRL#  371 dt   5.600000 rms  0.521  0.009% neg 0  invalid 762 tFOTS 0.0000 tGradient 1.4540 tsec 1.9530
#FOTS# QuadFit found better minimum quadopt=(dt=0.175,rms=0.5215) vs oldopt=(dt=0.125,rms=0.5215)

#GCAMreg# pass 0 level1 3 level2 1 tsec 158.396 sigma 0.5
l_jacobian=1.00 l_label=1.00 l_log_likelihood=0.20 l_smoothness=0.12 
tol=5.00e-02, dt=5.00e-02, exp_k=20.0, momentum=0.90, levels=6, niter=500, lbl_dist=10.00, avgs=16, sigma=0.5,type=2, relabel=0, neg=no

blurring input image with Gaussian with sigma=0.500...
GCAMRegisterLevel(): init RMS 0.522217
#FOTS# QuadFit found better minimum quadopt=(dt=71.0698,rms=0.518956) vs oldopt=(dt=32,rms=0.519458)
#GCMRL#  373 dt  71.069767 rms  0.519  0.624% neg 0  invalid 762 tFOTS 3.4840 tGradient 1.4960 tsec 5.2420
#FOTS# QuadFit found better minimum quadopt=(dt=25.6,rms=0.518141) vs oldopt=(dt=32,rms=0.518144)
#GCMRL#  374 dt  25.600000 rms  0.518  0.157% neg 0  invalid 762 tFOTS 3.3180 tGradient 1.4570 tsec 5.0540
#FOTS# QuadFit found better minimum quadopt=(dt=44.8,rms=0.517509) vs oldopt=(dt=32,rms=0.517599)
#GCMRL#  375 dt  44.800000 rms  0.518  0.122% neg 0  invalid 762 tFOTS 3.5600 tGradient 1.4490 tsec 5.2780
#FOTS# QuadFit found better minimum quadopt=(dt=19.2,rms=0.517166) vs oldopt=(dt=32,rms=0.517236)
#GCMRL#  376 dt  19.200000 rms  0.517  0.066% neg 0  invalid 762 tFOTS 3.3470 tGradient 1.4460 tsec 5.0730
#FOTS# QuadFit found better minimum quadopt=(dt=44.8,rms=0.516547) vs oldopt=(dt=32,rms=0.516638)
#GCMRL#  377 dt  44.800000 rms  0.517  0.120% neg 0  invalid 762 tFOTS 3.2190 tGradient 1.3880 tsec 4.8680
#FOTS# QuadFit found better minimum quadopt=(dt=11.2,rms=0.516337) vs oldopt=(dt=8,rms=0.516384)
#GCMRL#  378 dt  11.200000 rms  0.516  0.000% neg 0  invalid 762 tFOTS 3.3930 tGradient 1.4540 tsec 5.1560
#GCMRL#  379 dt  11.200000 rms  0.516  0.035% neg 0  invalid 762 tFOTS 0.0000 tGradient 1.4280 tsec 1.6760
#GCMRL#  380 dt  11.200000 rms  0.516  0.048% neg 0  invalid 762 tFOTS 0.0000 tGradient 1.4700 tsec 1.7140
#GCMRL#  381 dt  11.200000 rms  0.516  0.076% neg 0  invalid 762 tFOTS 0.0000 tGradient 1.4390 tsec 1.6890
#GCMRL#  382 dt  11.200000 rms  0.515  0.089% neg 0  invalid 762 tFOTS 0.0000 tGradient 1.4360 tsec 1.6730
#GCMRL#  383 dt  11.200000 rms  0.515  0.096% neg 0  invalid 762 tFOTS 0.0000 tGradient 1.3730 tsec 1.6200
#GCMRL#  384 dt  11.200000 rms  0.514  0.101% neg 0  invalid 762 tFOTS 0.0000 tGradient 1.4680 tsec 1.7230
#GCMRL#  385 dt  11.200000 rms  0.513  0.107% neg 0  invalid 762 tFOTS 0.0000 tGradient 1.4720 tsec 1.7060
#GCMRL#  386 dt  11.200000 rms  0.513  0.112% neg 0  invalid 762 tFOTS 0.0000 tGradient 1.4410 tsec 1.6790
#GCMRL#  387 dt  11.200000 rms  0.512  0.121% neg 0  invalid 762 tFOTS 0.0000 tGradient 1.4310 tsec 1.6670
#GCMRL#  388 dt  11.200000 rms  0.512  0.122% neg 0  invalid 762 tFOTS 0.0000 tGradient 1.4890 tsec 1.7340
#GCMRL#  389 dt  11.200000 rms  0.511  0.120% neg 0  invalid 762 tFOTS 0.0000 tGradient 1.4470 tsec 1.6850
#GCMRL#  390 dt  11.200000 rms  0.510  0.114% neg 0  invalid 762 tFOTS 0.0000 tGradient 1.4290 tsec 1.6920
#GCMRL#  391 dt  11.200000 rms  0.510  0.110% neg 0  invalid 762 tFOTS 0.0000 tGradient 1.3170 tsec 1.5460
#GCMRL#  392 dt  11.200000 rms  0.509  0.111% neg 0  invalid 762 tFOTS 0.0000 tGradient 1.3950 tsec 1.6340
#GCMRL#  393 dt  11.200000 rms  0.509  0.115% neg 0  invalid 762 tFOTS 0.0000 tGradient 1.3920 tsec 1.6400
#GCMRL#  394 dt  11.200000 rms  0.508  0.107% neg 0  invalid 762 tFOTS 0.0000 tGradient 1.4540 tsec 1.6790
#GCMRL#  395 dt  11.200000 rms  0.508  0.110% neg 0  invalid 762 tFOTS 0.0000 tGradient 1.3900 tsec 1.6350
#GCMRL#  396 dt  11.200000 rms  0.507  0.098% neg 0  invalid 762 tFOTS 0.0000 tGradient 1.4460 tsec 1.6820
#GCMRL#  397 dt  11.200000 rms  0.507  0.098% neg 0  invalid 762 tFOTS 0.0000 tGradient 1.4450 tsec 1.6730
#GCMRL#  398 dt  11.200000 rms  0.506  0.091% neg 0  invalid 762 tFOTS 0.0000 tGradient 1.4350 tsec 1.6700
#GCMRL#  399 dt  11.200000 rms  0.506  0.086% neg 0  invalid 762 tFOTS 0.0000 tGradient 1.4220 tsec 1.6640
#GCMRL#  400 dt  11.200000 rms  0.505  0.088% neg 0  invalid 762 tFOTS 0.0000 tGradient 1.4810 tsec 1.7220
#GCMRL#  401 dt  11.200000 rms  0.505  0.080% neg 0  invalid 762 tFOTS 0.0000 tGradient 1.4050 tsec 1.6440
#GCMRL#  402 dt  11.200000 rms  0.505  0.073% neg 0  invalid 762 tFOTS 0.0000 tGradient 1.3920 tsec 1.6310
#GCMRL#  403 dt  11.200000 rms  0.504  0.069% neg 0  invalid 762 tFOTS 0.0000 tGradient 1.4180 tsec 1.6620
#GCMRL#  404 dt  11.200000 rms  0.504  0.062% neg 0  invalid 762 tFOTS 0.0000 tGradient 1.3890 tsec 1.6260
#GCMRL#  405 dt  11.200000 rms  0.504  0.062% neg 0  invalid 762 tFOTS 0.0000 tGradient 1.4310 tsec 1.6720
#GCMRL#  406 dt  11.200000 rms  0.503  0.061% neg 0  invalid 762 tFOTS 0.0000 tGradient 1.3890 tsec 1.6290
#GCMRL#  407 dt  11.200000 rms  0.503  0.058% neg 0  invalid 762 tFOTS 0.0000 tGradient 1.3810 tsec 1.6220
#GCMRL#  408 dt  11.200000 rms  0.503  0.051% neg 0  invalid 762 tFOTS 0.0000 tGradient 1.4060 tsec 1.6480
#GCMRL#  409 dt  11.200000 rms  0.502  0.048% neg 0  invalid 762 tFOTS 0.0000 tGradient 1.4320 tsec 1.6750
#GCMRL#  410 dt  11.200000 rms  0.502  0.043% neg 0  invalid 762 tFOTS 0.0000 tGradient 1.4180 tsec 1.6560
#GCMRL#  411 dt  11.200000 rms  0.502  0.049% neg 0  invalid 762 tFOTS 0.0000 tGradient 1.4380 tsec 1.6780
#GCMRL#  412 dt  11.200000 rms  0.502  0.042% neg 0  invalid 762 tFOTS 0.0000 tGradient 1.3940 tsec 1.6360
#GCMRL#  413 dt  11.200000 rms  0.502  0.045% neg 0  invalid 762 tFOTS 0.0000 tGradient 1.4500 tsec 1.6890
#GCMRL#  414 dt  11.200000 rms  0.501  0.043% neg 0  invalid 762 tFOTS 0.0000 tGradient 1.4160 tsec 1.6630
#GCMRL#  415 dt  11.200000 rms  0.501  0.048% neg 0  invalid 762 tFOTS 0.0000 tGradient 1.3530 tsec 1.5970
#GCMRL#  416 dt  11.200000 rms  0.501  0.036% neg 0  invalid 762 tFOTS 0.0000 tGradient 1.4190 tsec 1.6660
#GCMRL#  417 dt  11.200000 rms  0.501  0.034% neg 0  invalid 762 tFOTS 0.0000 tGradient 1.4640 tsec 1.7140
#GCMRL#  418 dt  11.200000 rms  0.501  0.040% neg 0  invalid 762 tFOTS 0.0000 tGradient 1.4220 tsec 1.6650
#GCMRL#  419 dt  11.200000 rms  0.500  0.036% neg 0  invalid 762 tFOTS 0.0000 tGradient 1.4430 tsec 1.6860
#GCMRL#  420 dt  11.200000 rms  0.500  0.035% neg 0  invalid 762 tFOTS 0.0000 tGradient 1.4530 tsec 1.7010
#GCMRL#  421 dt  11.200000 rms  0.500  0.036% neg 0  invalid 762 tFOTS 0.0000 tGradient 1.4750 tsec 1.7180
#GCMRL#  422 dt  11.200000 rms  0.500  0.032% neg 0  invalid 762 tFOTS 0.0000 tGradient 1.3930 tsec 1.6380
#GCMRL#  423 dt  11.200000 rms  0.500  0.031% neg 0  invalid 762 tFOTS 0.0000 tGradient 1.3780 tsec 1.6250
#GCMRL#  424 dt  11.200000 rms  0.500  0.033% neg 0  invalid 762 tFOTS 0.0000 tGradient 1.4650 tsec 1.7080
#GCMRL#  425 dt  11.200000 rms  0.499  0.030% neg 0  invalid 762 tFOTS 0.0000 tGradient 1.4230 tsec 1.6740
#GCMRL#  426 dt  11.200000 rms  0.499  0.027% neg 0  invalid 762 tFOTS 0.0000 tGradient 1.4610 tsec 1.7030
#GCMRL#  427 dt  11.200000 rms  0.499  0.028% neg 0  invalid 762 tFOTS 0.0000 tGradient 1.4270 tsec 1.6690
#GCMRL#  428 dt  11.200000 rms  0.499  0.024% neg 0  invalid 762 tFOTS 0.0000 tGradient 1.4270 tsec 1.6710
#GCMRL#  429 dt  11.200000 rms  0.499  0.033% neg 0  invalid 762 tFOTS 0.0000 tGradient 1.4450 tsec 1.6890
#GCMRL#  430 dt  11.200000 rms  0.499  0.025% neg 0  invalid 762 tFOTS 0.0000 tGradient 1.4300 tsec 1.6670
#GCMRL#  431 dt  11.200000 rms  0.499  0.024% neg 0  invalid 762 tFOTS 0.0000 tGradient 1.4170 tsec 1.6570
#GCMRL#  432 dt  11.200000 rms  0.498  0.031% neg 0  invalid 762 tFOTS 0.0000 tGradient 1.4010 tsec 1.6480
#GCMRL#  433 dt  11.200000 rms  0.498  0.026% neg 0  invalid 762 tFOTS 0.0000 tGradient 1.4420 tsec 1.6910
#GCMRL#  434 dt  11.200000 rms  0.498  0.019% neg 0  invalid 762 tFOTS 0.0000 tGradient 1.4620 tsec 1.7050
#GCMRL#  435 dt  11.200000 rms  0.498  0.024% neg 0  invalid 762 tFOTS 0.0000 tGradient 1.3180 tsec 1.5630
#GCMRL#  436 dt  11.200000 rms  0.498  0.020% neg 0  invalid 762 tFOTS 0.0000 tGradient 1.4140 tsec 1.6740
#FOTS# QuadFit found better minimum quadopt=(dt=11.2,rms=0.497997) vs oldopt=(dt=8,rms=0.497998)
#GCMRL#  437 dt  11.200000 rms  0.498  0.000% neg 0  invalid 762 tFOTS 3.5600 tGradient 1.4620 tsec 5.3080
#GCMRL#  438 dt  11.200000 rms  0.498  0.003% neg 0  invalid 762 tFOTS 0.0000 tGradient 1.4650 tsec 1.7220
#GCMRL#  439 dt  11.200000 rms  0.498  0.006% neg 0  invalid 762 tFOTS 0.0000 tGradient 1.4200 tsec 1.6630
#GCMRL#  440 dt  11.200000 rms  0.498  0.005% neg 0  invalid 762 tFOTS 0.0000 tGradient 1.4180 tsec 1.6550
setting smoothness cost coefficient to 0.400

#GCAMreg# pass 0 level1 2 level2 0 tsec 0 sigma 2
l_jacobian=1.00 l_label=1.00 l_log_likelihood=0.20 l_smoothness=0.40 
tol=5.00e-02, dt=5.00e-02, exp_k=20.0, momentum=0.90, levels=6, niter=500, lbl_dist=10.00, avgs=4, sigma=2.0,type=2, relabel=0, neg=no

blurring input image with Gaussian with sigma=2.000...
GCAMRegisterLevel(): init RMS 0.526063
#GCMRL#  442 dt   0.000000 rms  0.525  0.115% neg 0  invalid 762 tFOTS 3.2990 tGradient 1.3380 tsec 4.8980
#GCMRL#  443 dt   0.150000 rms  0.525  0.000% neg 0  invalid 762 tFOTS 3.3670 tGradient 1.2440 tsec 5.0650

#GCAMreg# pass 0 level1 2 level2 1 tsec 19.628 sigma 0.5
l_jacobian=1.00 l_label=1.00 l_log_likelihood=0.20 l_smoothness=0.40 
tol=5.00e-02, dt=5.00e-02, exp_k=20.0, momentum=0.90, levels=6, niter=500, lbl_dist=10.00, avgs=4, sigma=0.5,type=2, relabel=0, neg=no

blurring input image with Gaussian with sigma=0.500...
GCAMRegisterLevel(): init RMS 0.526063
#GCMRL#  445 dt   0.000000 rms  0.525  0.115% neg 0  invalid 762 tFOTS 3.2960 tGradient 1.3000 tsec 4.8340
#GCMRL#  446 dt   0.150000 rms  0.525  0.000% neg 0  invalid 762 tFOTS 3.1110 tGradient 1.2670 tsec 4.7760
setting smoothness cost coefficient to 1.000

#GCAMreg# pass 0 level1 1 level2 0 tsec 0 sigma 2
l_jacobian=1.00 l_label=1.00 l_log_likelihood=0.20 l_smoothness=1.00 
tol=5.00e-02, dt=5.00e-02, exp_k=20.0, momentum=0.90, levels=6, niter=500, lbl_dist=10.00, avgs=1, sigma=2.0,type=2, relabel=0, neg=no

blurring input image with Gaussian with sigma=2.000...
GCAMRegisterLevel(): init RMS 0.580206
#FOTS# QuadFit found better minimum quadopt=(dt=1.024,rms=0.577538) vs oldopt=(dt=1.28,rms=0.577745)
#GCMRL#  448 dt   1.024000 rms  0.578  0.460% neg 0  invalid 762 tFOTS 2.7740 tGradient 1.0160 tsec 4.0190
#FOTS# QuadFit found better minimum quadopt=(dt=0.028,rms=0.577503) vs oldopt=(dt=0.02,rms=0.577503)
#GCMRL#  449 dt   0.028000 rms  0.578  0.000% neg 0  invalid 762 tFOTS 2.6820 tGradient 1.0230 tsec 3.9610

#GCAMreg# pass 0 level1 1 level2 1 tsec 17.249 sigma 0.5
l_jacobian=1.00 l_label=1.00 l_log_likelihood=0.20 l_smoothness=1.00 
tol=5.00e-02, dt=5.00e-02, exp_k=20.0, momentum=0.90, levels=6, niter=500, lbl_dist=10.00, avgs=1, sigma=0.5,type=2, relabel=0, neg=no

blurring input image with Gaussian with sigma=0.500...
GCAMRegisterLevel(): init RMS 0.578073
#GCMRL#  451 dt   0.320000 rms  0.577  0.123% neg 0  invalid 762 tFOTS 2.7710 tGradient 1.0460 tsec 4.0570
#FOTS# QuadFit found better minimum quadopt=(dt=0.028,rms=0.577378) vs oldopt=(dt=0.02,rms=0.577378)
#GCMRL#  452 dt   0.028000 rms  0.577  0.000% neg 0  invalid 762 tFOTS 3.2100 tGradient 1.0110 tsec 4.6390
#GCMRL#  453 dt   0.028000 rms  0.577  0.000% neg 0  invalid 762 tFOTS 0.0000 tGradient 1.0260 tsec 1.2600
resetting metric properties...
setting smoothness cost coefficient to 2.000

#GCAMreg# pass 0 level1 0 level2 0 tsec 0 sigma 2
l_jacobian=1.00 l_label=1.00 l_log_likelihood=0.20 l_smoothness=2.00 
tol=5.00e-02, dt=5.00e-02, exp_k=20.0, momentum=0.90, levels=6, niter=500, lbl_dist=10.00, avgs=0, sigma=2.0,type=2, relabel=0, neg=no

blurring input image with Gaussian with sigma=2.000...
GCAMRegisterLevel(): init RMS 0.503308
#FOTS# QuadFit found better minimum quadopt=(dt=0.448,rms=0.488714) vs oldopt=(dt=0.32,rms=0.492548)
#GCMRL#  455 dt   0.448000 rms  0.489  2.900% neg 0  invalid 762 tFOTS 3.0300 tGradient 0.6450 tsec 3.9460
#FOTS# QuadFit found better minimum quadopt=(dt=0.170455,rms=0.487421) vs oldopt=(dt=0.08,rms=0.488083)
#GCMRL#  456 dt   0.170455 rms  0.487  0.265% neg 0  invalid 762 tFOTS 2.8710 tGradient 0.6080 tsec 3.7400
#GCMRL#  457 dt   0.320000 rms  0.485  0.405% neg 0  invalid 762 tFOTS 3.0330 tGradient 0.6110 tsec 3.9330
#FOTS# QuadFit found better minimum quadopt=(dt=0.384,rms=0.483781) vs oldopt=(dt=0.32,rms=0.484054)
#GCMRL#  458 dt   0.384000 rms  0.484  0.343% neg 0  invalid 762 tFOTS 3.0600 tGradient 0.6000 tsec 3.9290
#FOTS# QuadFit found better minimum quadopt=(dt=0.384,rms=0.482665) vs oldopt=(dt=0.32,rms=0.482845)
#GCMRL#  459 dt   0.384000 rms  0.483  0.231% neg 0  invalid 762 tFOTS 2.8050 tGradient 0.5330 tsec 3.5840
#FOTS# QuadFit found better minimum quadopt=(dt=0.384,rms=0.481866) vs oldopt=(dt=0.32,rms=0.481997)
#GCMRL#  460 dt   0.384000 rms  0.482  0.165% neg 0  invalid 762 tFOTS 3.0950 tGradient 0.6470 tsec 4.0080
#FOTS# QuadFit found better minimum quadopt=(dt=0.384,rms=0.481212) vs oldopt=(dt=0.32,rms=0.481312)
#GCMRL#  461 dt   0.384000 rms  0.481  0.136% neg 0  invalid 762 tFOTS 3.1440 tGradient 0.6010 tsec 4.0120
#FOTS# QuadFit found better minimum quadopt=(dt=0.384,rms=0.480748) vs oldopt=(dt=0.32,rms=0.480827)
#GCMRL#  462 dt   0.384000 rms  0.481  0.096% neg 0  invalid 762 tFOTS 2.9630 tGradient 0.6180 tsec 3.8670
#FOTS# QuadFit found better minimum quadopt=(dt=0.384,rms=0.48031) vs oldopt=(dt=0.32,rms=0.480374)
#GCMRL#  463 dt   0.384000 rms  0.480  0.091% neg 0  invalid 762 tFOTS 3.0810 tGradient 0.6190 tsec 3.9670
#FOTS# QuadFit found better minimum quadopt=(dt=0.384,rms=0.480004) vs oldopt=(dt=0.32,rms=0.480056)
#GCMRL#  464 dt   0.384000 rms  0.480  0.064% neg 0  invalid 762 tFOTS 3.0420 tGradient 0.6260 tsec 3.9390
#FOTS# QuadFit found better minimum quadopt=(dt=0.384,rms=0.479696) vs oldopt=(dt=0.32,rms=0.479741)
#GCMRL#  465 dt   0.384000 rms  0.480  0.064% neg 0  invalid 762 tFOTS 2.9920 tGradient 0.6380 tsec 3.8540
#FOTS# QuadFit found better minimum quadopt=(dt=0.384,rms=0.479484) vs oldopt=(dt=0.32,rms=0.47952)
#GCMRL#  466 dt   0.384000 rms  0.479  0.000% neg 0  invalid 762 tFOTS 3.0260 tGradient 0.5680 tsec 3.8630
#GCMRL#  467 dt   0.384000 rms  0.479  0.052% neg 0  invalid 762 tFOTS 0.0000 tGradient 0.6270 tsec 0.8760
#GCMRL#  468 dt   0.192000 rms  0.479  0.016% neg 0  invalid 762 tFOTS 0.0000 tGradient 0.5850 tsec 1.0740
#GCMRL#  469 dt   0.192000 rms  0.479  0.038% neg 0  invalid 762 tFOTS 0.0000 tGradient 0.6320 tsec 0.8690
#GCMRL#  470 dt   0.192000 rms  0.479  0.018% neg 0  invalid 762 tFOTS 0.0000 tGradient 0.6510 tsec 1.0220
#GCMRL#  471 dt   0.192000 rms  0.479  0.021% neg 0  invalid 762 tFOTS 0.0000 tGradient 0.6160 tsec 0.9900
#GCMRL#  472 dt   0.192000 rms  0.479  0.026% neg 0  invalid 762 tFOTS 0.0000 tGradient 0.5820 tsec 0.8440
#GCMRL#  473 dt   0.192000 rms  0.478  0.039% neg 0  invalid 762 tFOTS 0.0000 tGradient 0.6030 tsec 0.8490
#GCMRL#  474 dt   0.192000 rms  0.478  0.052% neg 0  invalid 762 tFOTS 0.0000 tGradient 0.6190 tsec 0.8650
#GCMRL#  475 dt   0.192000 rms  0.478  0.048% neg 0  invalid 762 tFOTS 0.0000 tGradient 0.6120 tsec 0.8560
#GCMRL#  476 dt   0.192000 rms  0.478  0.045% neg 0  invalid 762 tFOTS 0.0000 tGradient 0.6070 tsec 0.8470
#GCMRL#  477 dt   0.192000 rms  0.478  0.005% neg 0  invalid 762 tFOTS 0.0000 tGradient 0.5540 tsec 0.9200
#GCMRL#  478 dt   0.192000 rms  0.478  0.008% neg 0  invalid 762 tFOTS 0.0000 tGradient 0.6150 tsec 0.8720
#GCMRL#  479 dt   0.096000 rms  0.478  0.004% neg 0  invalid 762 tFOTS 0.0000 tGradient 0.5800 tsec 1.1120
#FOTS# QuadFit found better minimum quadopt=(dt=0.112,rms=0.477687) vs oldopt=(dt=0.08,rms=0.477691)
#GCMRL#  480 dt   0.112000 rms  0.478  0.000% neg 0  invalid 762 tFOTS 2.8130 tGradient 0.6030 tsec 3.6970
#GCMRL#  481 dt   0.112000 rms  0.478  0.003% neg 0  invalid 762 tFOTS 0.0000 tGradient 0.5700 tsec 0.8220
#GCMRL#  482 dt   0.112000 rms  0.478  0.003% neg 0  invalid 762 tFOTS 0.0000 tGradient 0.6380 tsec 0.9260
#GCMRL#  483 dt   0.112000 rms  0.478  0.007% neg 0  invalid 762 tFOTS 0.0000 tGradient 0.6430 tsec 0.9090

#GCAMreg# pass 0 level1 0 level2 1 tsec 73.897 sigma 0.5
l_jacobian=1.00 l_label=1.00 l_log_likelihood=0.20 l_smoothness=2.00 
tol=5.00e-02, dt=5.00e-02, exp_k=20.0, momentum=0.90, levels=6, niter=500, lbl_dist=10.00, avgs=0, sigma=0.5,type=2, relabel=0, neg=no

blurring input image with Gaussian with sigma=0.500...
GCAMRegisterLevel(): init RMS 0.478295
#FOTS# QuadFit found better minimum quadopt=(dt=0.159722,rms=0.476257) vs oldopt=(dt=0.08,rms=0.476912)
#GCMRL#  485 dt   0.159722 rms  0.476  0.426% neg 0  invalid 762 tFOTS 2.9690 tGradient 0.6260 tsec 3.8780
#FOTS# QuadFit found better minimum quadopt=(dt=0.112,rms=0.475638) vs oldopt=(dt=0.08,rms=0.475816)
#GCMRL#  486 dt   0.112000 rms  0.476  0.130% neg 0  invalid 762 tFOTS 3.0980 tGradient 0.6260 tsec 4.0060
#FOTS# QuadFit found better minimum quadopt=(dt=0.112,rms=0.475159) vs oldopt=(dt=0.08,rms=0.475297)
#GCMRL#  487 dt   0.112000 rms  0.475  0.101% neg 0  invalid 762 tFOTS 3.0280 tGradient 0.6370 tsec 3.9440
#FOTS# QuadFit found better minimum quadopt=(dt=0.112,rms=0.474778) vs oldopt=(dt=0.08,rms=0.474884)
#GCMRL#  488 dt   0.112000 rms  0.475  0.080% neg 0  invalid 762 tFOTS 2.9530 tGradient 0.6400 tsec 3.8300
#FOTS# QuadFit found better minimum quadopt=(dt=0.112,rms=0.474498) vs oldopt=(dt=0.08,rms=0.47458)
#GCMRL#  489 dt   0.112000 rms  0.474  0.059% neg 0  invalid 762 tFOTS 3.0340 tGradient 0.5630 tsec 3.8780
#FOTS# QuadFit found better minimum quadopt=(dt=0.112,rms=0.474263) vs oldopt=(dt=0.08,rms=0.474328)
#GCMRL#  490 dt   0.112000 rms  0.474  0.000% neg 0  invalid 762 tFOTS 2.9290 tGradient 0.6270 tsec 3.8330
#GCMRL#  491 dt   0.112000 rms  0.474  0.036% neg 0  invalid 762 tFOTS 0.0000 tGradient 0.6610 tsec 0.9090
#GCMRL#  492 dt   0.112000 rms  0.474  0.064% neg 0  invalid 762 tFOTS 0.0000 tGradient 0.6470 tsec 0.8970
#GCMRL#  493 dt   0.112000 rms  0.473  0.069% neg 0  invalid 762 tFOTS 0.0000 tGradient 0.6430 tsec 0.8990
#GCMRL#  494 dt   0.112000 rms  0.473  0.063% neg 0  invalid 762 tFOTS 0.0000 tGradient 0.6440 tsec 0.8940
#GCMRL#  495 dt   0.112000 rms  0.473  0.043% neg 0  invalid 762 tFOTS 0.0000 tGradient 0.6540 tsec 0.9170
#GCMRL#  496 dt   0.112000 rms  0.473  0.020% neg 0  invalid 762 tFOTS 0.0000 tGradient 0.6680 tsec 0.9130
#GCMRL#  497 dt   0.112000 rms  0.473 -0.008% neg 0  invalid 762 tFOTS 0.0000 tGradient 0.5750 tsec 1.0060
GCAMregister done in 21.5959 min
********************* ALLOWING NEGATIVE NODES IN DEFORMATION********************************
noneg post
Starting GCAMregister()
label assignment complete, 0 changed (0.00%)
npasses = 1, nlevels = 6
#pass# 1 of 1 ************************
enabling zero nodes
setting smoothness cost coefficient to 0.008

#GCAMreg# pass 0 level1 5 level2 0 tsec 0 sigma 2
l_jacobian=1.00 l_label=1.00 l_log_likelihood=0.20 l_smoothness=0.01 
tol=2.50e-01, dt=5.00e-02, exp_k=20.0, momentum=0.90, levels=6, niter=500, lbl_dist=10.00, avgs=256, sigma=2.0,type=2, relabel=0, neg=yes

blurring input image with Gaussian with sigma=2.000...
GCAMRegisterLevel(): init RMS 0.471458
#FOTS# QuadFit found better minimum quadopt=(dt=6.936,rms=0.470741) vs oldopt=(dt=5.78,rms=0.470741)
#GCMRL#  499 dt   6.936000 rms  0.471  0.152% neg 0  invalid 762 tFOTS 3.8760 tGradient 1.8150 tsec 5.9530
#FOTS# QuadFit found better minimum quadopt=(dt=4.624,rms=0.470736) vs oldopt=(dt=5.78,rms=0.470736)
#GCMRL#  500 dt   4.624000 rms  0.471  0.000% neg 0  invalid 762 tFOTS 3.4450 tGradient 1.7530 tsec 5.4670
#GCMRL#  501 dt   4.624000 rms  0.471  0.001% neg 0  invalid 762 tFOTS 0.0000 tGradient 1.8140 tsec 2.0350

#GCAMreg# pass 0 level1 5 level2 1 tsec 22.823 sigma 0.5
l_jacobian=1.00 l_label=1.00 l_log_likelihood=0.20 l_smoothness=0.01 
tol=2.50e-01, dt=5.00e-02, exp_k=20.0, momentum=0.90, levels=6, niter=500, lbl_dist=10.00, avgs=256, sigma=0.5,type=2, relabel=0, neg=yes

blurring input image with Gaussian with sigma=0.500...
GCAMRegisterLevel(): init RMS 0.471452
#FOTS# QuadFit found better minimum quadopt=(dt=129.472,rms=0.470492) vs oldopt=(dt=92.48,rms=0.470533)
#GCMRL#  503 dt 129.472000 rms  0.470  0.204% neg 0  invalid 762 tFOTS 3.6010 tGradient 1.8460 tsec 5.7020
#FOTS# QuadFit found better minimum quadopt=(dt=110.976,rms=0.470422) vs oldopt=(dt=92.48,rms=0.470423)
#GCMRL#  504 dt 110.976000 rms  0.470  0.000% neg 0  invalid 762 tFOTS 3.6640 tGradient 1.8300 tsec 5.7840
#GCMRL#  505 dt 110.976000 rms  0.470  0.019% neg 0  invalid 762 tFOTS 0.0000 tGradient 1.7900 tsec 2.0180
#GCMRL#  506 dt 110.976000 rms  0.470  0.034% neg 0  invalid 762 tFOTS 0.0000 tGradient 1.7540 tsec 1.9820
#GCMRL#  507 dt 110.976000 rms  0.470  0.018% neg 0  invalid 762 tFOTS 0.0000 tGradient 1.7610 tsec 1.9810
#GCMRL#  508 dt 110.976000 rms  0.470  0.039% neg 0  invalid 762 tFOTS 0.0000 tGradient 1.7730 tsec 1.9730
setting smoothness cost coefficient to 0.031

#GCAMreg# pass 0 level1 4 level2 0 tsec 0 sigma 2
l_jacobian=1.00 l_label=1.00 l_log_likelihood=0.20 l_smoothness=0.03 
tol=2.50e-01, dt=5.00e-02, exp_k=20.0, momentum=0.90, levels=6, niter=500, lbl_dist=10.00, avgs=64, sigma=2.0,type=2, relabel=0, neg=yes

blurring input image with Gaussian with sigma=2.000...
GCAMRegisterLevel(): init RMS 0.470584
#FOTS# QuadFit found better minimum quadopt=(dt=36.288,rms=0.469427) vs oldopt=(dt=25.92,rms=0.469467)
#GCMRL#  510 dt  36.288000 rms  0.469  0.246% neg 0  invalid 762 tFOTS 3.3130 tGradient 1.4140 tsec 4.9520
#FOTS# QuadFit found better minimum quadopt=(dt=62.208,rms=0.469111) vs oldopt=(dt=103.68,rms=0.469206)
#GCMRL#  511 dt  62.208000 rms  0.469  0.000% neg 0  invalid 762 tFOTS 3.9970 tGradient 1.3920 tsec 5.7300
#GCMRL#  512 dt  62.208000 rms  0.469  0.079% neg 0  invalid 762 tFOTS 0.0000 tGradient 1.8550 tsec 2.1500
#GCMRL#  513 dt  62.208000 rms  0.469  0.043% neg 0  invalid 762 tFOTS 0.0000 tGradient 1.3470 tsec 1.5660

#GCAMreg# pass 0 level1 4 level2 1 tsec 23.894 sigma 0.5
l_jacobian=1.00 l_label=1.00 l_log_likelihood=0.20 l_smoothness=0.03 
tol=2.50e-01, dt=5.00e-02, exp_k=20.0, momentum=0.90, levels=6, niter=500, lbl_dist=10.00, avgs=64, sigma=0.5,type=2, relabel=0, neg=yes

blurring input image with Gaussian with sigma=0.500...
GCAMRegisterLevel(): init RMS 0.469286
#FOTS# QuadFit found better minimum quadopt=(dt=90.2905,rms=0.466656) vs oldopt=(dt=103.68,rms=0.466705)
#GCMRL#  515 dt  90.290456 rms  0.467  0.561% neg 0  invalid 762 tFOTS 4.6620 tGradient 1.7420 tsec 6.7460
#FOTS# QuadFit found better minimum quadopt=(dt=36.288,rms=0.465977) vs oldopt=(dt=25.92,rms=0.466082)
#GCMRL#  516 dt  36.288000 rms  0.466  0.000% neg 0  invalid 762 tFOTS 3.5770 tGradient 1.8690 tsec 5.7310
#GCMRL#  517 dt  36.288000 rms  0.466  0.051% neg 0  invalid 762 tFOTS 0.0000 tGradient 1.3730 tsec 1.5950
#GCMRL#  518 dt  36.288000 rms  0.465  0.090% neg 0  invalid 762 tFOTS 0.0000 tGradient 1.3530 tsec 1.5730
#GCMRL#  519 dt  36.288000 rms  0.465  0.118% neg 0  invalid 762 tFOTS 0.0000 tGradient 1.3750 tsec 1.6040
#GCMRL#  520 dt  36.288000 rms  0.464  0.106% neg 0  invalid 762 tFOTS 0.0000 tGradient 1.3830 tsec 1.6120
#GCMRL#  521 dt  36.288000 rms  0.464  0.114% neg 0  invalid 762 tFOTS 0.0000 tGradient 1.4390 tsec 1.6720
#GCMRL#  522 dt  36.288000 rms  0.463  0.099% neg 0  invalid 762 tFOTS 0.0000 tGradient 1.4520 tsec 1.7010
#FOTS# QuadFit found better minimum quadopt=(dt=82.944,rms=0.46317) vs oldopt=(dt=103.68,rms=0.463178)
setting smoothness cost coefficient to 0.118

#GCAMreg# pass 0 level1 3 level2 0 tsec 0 sigma 2
l_jacobian=1.00 l_label=1.00 l_log_likelihood=0.20 l_smoothness=0.12 
tol=2.50e-01, dt=5.00e-02, exp_k=20.0, momentum=0.90, levels=6, niter=500, lbl_dist=10.00, avgs=16, sigma=2.0,type=2, relabel=0, neg=yes

blurring input image with Gaussian with sigma=2.000...
GCAMRegisterLevel(): init RMS 0.464128
#GCMRL#  524 dt  32.000000 rms  0.462  0.525% neg 0  invalid 762 tFOTS 3.8580 tGradient 1.3850 tsec 5.5090
#FOTS# QuadFit found better minimum quadopt=(dt=38.4,rms=0.459808) vs oldopt=(dt=32,rms=0.459821)
iter 0, gcam->neg = 1
after 4 iterations, nbhd size=0, neg = 0
#GCMRL#  525 dt  38.400000 rms  0.460  0.404% neg 0  invalid 762 tFOTS 3.8740 tGradient 1.3030 tsec 6.4850
#FOTS# QuadFit found better minimum quadopt=(dt=22.8186,rms=0.458679) vs oldopt=(dt=32,rms=0.458899)
#GCMRL#  526 dt  22.818565 rms  0.459  0.000% neg 0  invalid 762 tFOTS 3.7480 tGradient 1.2980 tsec 5.2960
#GCMRL#  527 dt  22.818565 rms  0.458  0.219% neg 0  invalid 762 tFOTS 0.0000 tGradient 1.2720 tsec 1.4970
iter 0, gcam->neg = 1
after 0 iterations, nbhd size=0, neg = 0
#GCMRL#  528 dt  22.818565 rms  0.457  0.251% neg 0  invalid 762 tFOTS 0.0000 tGradient 1.6720 tsec 2.4040
iter 0, gcam->neg = 2
after 0 iterations, nbhd size=0, neg = 0
#GCMRL#  529 dt  22.818565 rms  0.456  0.224% neg 0  invalid 762 tFOTS 0.0000 tGradient 1.6960 tsec 2.3890
iter 0, gcam->neg = 8
after 7 iterations, nbhd size=1, neg = 0
#GCMRL#  530 dt  22.818565 rms  0.454  0.237% neg 0  invalid 762 tFOTS 0.0000 tGradient 1.3620 tsec 3.4530
iter 0, gcam->neg = 5
after 1 iterations, nbhd size=0, neg = 0
#GCMRL#  531 dt  22.818565 rms  0.453  0.232% neg 0  invalid 762 tFOTS 0.0000 tGradient 1.3170 tsec 2.1610
iter 0, gcam->neg = 16
after 13 iterations, nbhd size=1, neg = 0
#GCMRL#  532 dt  22.818565 rms  0.453  0.182% neg 0  invalid 762 tFOTS 0.0000 tGradient 1.3940 tsec 5.3970
iter 0, gcam->neg = 8
after 8 iterations, nbhd size=0, neg = 0
#GCMRL#  533 dt  22.818565 rms  0.452  0.150% neg 0  invalid 762 tFOTS 0.0000 tGradient 1.5230 tsec 3.7850
iter 0, gcam->neg = 31
after 10 iterations, nbhd size=0, neg = 0
#GCMRL#  534 dt  22.818565 rms  0.451  0.174% neg 0  invalid 762 tFOTS 0.0000 tGradient 1.2650 tsec 4.0950
iter 0, gcam->neg = 25
after 9 iterations, nbhd size=0, neg = 0
#GCMRL#  535 dt  22.818565 rms  0.451  0.101% neg 0  invalid 762 tFOTS 0.0000 tGradient 1.2990 tsec 4.1950
iter 0, gcam->neg = 21
after 7 iterations, nbhd size=0, neg = 0
#GCMRL#  536 dt  22.818565 rms  0.451  0.020% neg 0  invalid 762 tFOTS 0.0000 tGradient 2.0190 tsec 4.3050
#GCMRL#  537 dt  32.000000 rms  0.450  0.074% neg 0  invalid 762 tFOTS 3.8540 tGradient 1.2850 tsec 5.4200
#FOTS# QuadFit found better minimum quadopt=(dt=11.2,rms=0.450089) vs oldopt=(dt=8,rms=0.450117)
#GCMRL#  538 dt  11.200000 rms  0.450  0.000% neg 0  invalid 762 tFOTS 4.0790 tGradient 1.4040 tsec 5.7960
#GCMRL#  539 dt  11.200000 rms  0.450  0.028% neg 0  invalid 762 tFOTS 0.0000 tGradient 1.4180 tsec 1.6850
#GCMRL#  540 dt  11.200000 rms  0.450  0.049% neg 0  invalid 762 tFOTS 0.0000 tGradient 1.3860 tsec 1.6200
#GCMRL#  541 dt  11.200000 rms  0.449  0.059% neg 0  invalid 762 tFOTS 0.0000 tGradient 1.2720 tsec 1.5030
#GCMRL#  542 dt  11.200000 rms  0.449  0.076% neg 0  invalid 762 tFOTS 0.0000 tGradient 1.3940 tsec 1.6460
#GCMRL#  543 dt  11.200000 rms  0.449  0.069% neg 0  invalid 762 tFOTS 0.0000 tGradient 1.3820 tsec 1.6280

#GCAMreg# pass 0 level1 3 level2 1 tsec 78.85 sigma 0.5
l_jacobian=1.00 l_label=1.00 l_log_likelihood=0.20 l_smoothness=0.12 
tol=2.50e-01, dt=5.00e-02, exp_k=20.0, momentum=0.90, levels=6, niter=500, lbl_dist=10.00, avgs=16, sigma=0.5,type=2, relabel=0, neg=yes

blurring input image with Gaussian with sigma=0.500...
GCAMRegisterLevel(): init RMS 0.449342
#FOTS# QuadFit found better minimum quadopt=(dt=58.3896,rms=0.445105) vs oldopt=(dt=32,rms=0.445615)
iter 0, gcam->neg = 2
after 5 iterations, nbhd size=0, neg = 0
#GCMRL#  545 dt  58.389610 rms  0.445  0.944% neg 0  invalid 762 tFOTS 3.7200 tGradient 1.2330 tsec 6.6990
#FOTS# QuadFit found better minimum quadopt=(dt=11.2,rms=0.444254) vs oldopt=(dt=8,rms=0.444421)
#GCMRL#  546 dt  11.200000 rms  0.444  0.000% neg 0  invalid 762 tFOTS 4.1160 tGradient 1.4030 tsec 5.8680
#GCMRL#  547 dt  11.200000 rms  0.444  0.069% neg 0  invalid 762 tFOTS 0.0000 tGradient 1.6330 tsec 1.8500
iter 0, gcam->neg = 1
after 1 iterations, nbhd size=0, neg = 0
#GCMRL#  548 dt  11.200000 rms  0.444  0.066% neg 0  invalid 762 tFOTS 0.0000 tGradient 1.2550 tsec 2.0790
#GCMRL#  549 dt  11.200000 rms  0.443  0.052% neg 0  invalid 762 tFOTS 0.0000 tGradient 1.3350 tsec 1.5750
#FOTS# QuadFit found better minimum quadopt=(dt=38.4,rms=0.442939) vs oldopt=(dt=32,rms=0.442961)
#GCMRL#  550 dt  38.400000 rms  0.443  0.109% neg 0  invalid 762 tFOTS 4.1160 tGradient 1.2850 tsec 5.6590
#FOTS# QuadFit found better minimum quadopt=(dt=11.2,rms=0.442728) vs oldopt=(dt=8,rms=0.442765)
setting smoothness cost coefficient to 0.400

#GCAMreg# pass 0 level1 2 level2 0 tsec 0 sigma 2
l_jacobian=1.00 l_label=1.00 l_log_likelihood=0.20 l_smoothness=0.40 
tol=2.50e-01, dt=5.00e-02, exp_k=20.0, momentum=0.90, levels=6, niter=500, lbl_dist=10.00, avgs=4, sigma=2.0,type=2, relabel=0, neg=yes

blurring input image with Gaussian with sigma=2.000...
GCAMRegisterLevel(): init RMS 0.449325
#FOTS# QuadFit found better minimum quadopt=(dt=4,rms=0.448292) vs oldopt=(dt=2.88,rms=0.448315)
#GCMRL#  552 dt   4.000000 rms  0.448  0.230% neg 0  invalid 762 tFOTS 3.9660 tGradient 1.3630 tsec 5.6050
#GCMRL#  553 dt   2.880000 rms  0.448  0.000% neg 0  invalid 762 tFOTS 4.1670 tGradient 1.2120 tsec 5.6530
#GCMRL#  554 dt   2.880000 rms  0.448  0.012% neg 0  invalid 762 tFOTS 0.0000 tGradient 1.2190 tsec 1.4430

#GCAMreg# pass 0 level1 2 level2 1 tsec 21.734 sigma 0.5
l_jacobian=1.00 l_label=1.00 l_log_likelihood=0.20 l_smoothness=0.40 
tol=2.50e-01, dt=5.00e-02, exp_k=20.0, momentum=0.90, levels=6, niter=500, lbl_dist=10.00, avgs=4, sigma=0.5,type=2, relabel=0, neg=yes

blurring input image with Gaussian with sigma=0.500...
GCAMRegisterLevel(): init RMS 0.448901
#FOTS# QuadFit found better minimum quadopt=(dt=13.1707,rms=0.446505) vs oldopt=(dt=11.52,rms=0.446531)
iter 0, gcam->neg = 1
after 0 iterations, nbhd size=0, neg = 0
#GCMRL#  556 dt  13.170732 rms  0.447  0.534% neg 0  invalid 762 tFOTS 3.5490 tGradient 1.2200 tsec 5.4300
#FOTS# QuadFit found better minimum quadopt=(dt=29.6585,rms=0.444392) vs oldopt=(dt=11.52,rms=0.445158)
iter 0, gcam->neg = 61
after 15 iterations, nbhd size=1, neg = 0
#GCMRL#  557 dt  29.658537 rms  0.444  0.451% neg 0  invalid 762 tFOTS 3.7790 tGradient 1.2100 tsec 8.8210
#FOTS# QuadFit found better minimum quadopt=(dt=15.8298,rms=0.4432) vs oldopt=(dt=11.52,rms=0.443292)
iter 0, gcam->neg = 7
after 12 iterations, nbhd size=1, neg = 0
#GCMRL#  558 dt  15.829787 rms  0.443  0.287% neg 0  invalid 762 tFOTS 4.0210 tGradient 1.1740 tsec 8.4800
#FOTS# QuadFit found better minimum quadopt=(dt=12.32,rms=0.442286) vs oldopt=(dt=11.52,rms=0.442287)
iter 0, gcam->neg = 5
after 4 iterations, nbhd size=0, neg = 0
#GCMRL#  559 dt  12.320000 rms  0.442  0.000% neg 0  invalid 762 tFOTS 3.6770 tGradient 1.1990 tsec 6.4450
iter 0, gcam->neg = 9
after 9 iterations, nbhd size=0, neg = 0
#GCMRL#  560 dt  12.320000 rms  0.442  0.133% neg 0  invalid 762 tFOTS 0.0000 tGradient 1.2050 tsec 3.7760
iter 0, gcam->neg = 20
after 10 iterations, nbhd size=0, neg = 0
#GCMRL#  561 dt  12.320000 rms  0.441  0.177% neg 0  invalid 762 tFOTS 0.0000 tGradient 1.1810 tsec 3.9150
iter 0, gcam->neg = 17
after 4 iterations, nbhd size=0, neg = 0
#GCMRL#  562 dt  12.320000 rms  0.440  0.214% neg 0  invalid 762 tFOTS 0.0000 tGradient 1.2830 tsec 2.9130
iter 0, gcam->neg = 19
after 5 iterations, nbhd size=0, neg = 0
#GCMRL#  563 dt  12.320000 rms  0.439  0.238% neg 0  invalid 762 tFOTS 0.0000 tGradient 1.2090 tsec 3.0050
iter 0, gcam->neg = 24
after 8 iterations, nbhd size=0, neg = 0
#GCMRL#  564 dt  12.320000 rms  0.438  0.150% neg 0  invalid 762 tFOTS 0.0000 tGradient 1.1600 tsec 3.6650
iter 0, gcam->neg = 26
after 6 iterations, nbhd size=0, neg = 0
#GCMRL#  565 dt  12.320000 rms  0.438  0.091% neg 0  invalid 762 tFOTS 0.0000 tGradient 1.2080 tsec 3.2920
iter 0, gcam->neg = 54
after 5 iterations, nbhd size=0, neg = 0
#GCMRL#  566 dt  12.320000 rms  0.437  0.190% neg 0  invalid 762 tFOTS 0.0000 tGradient 1.2220 tsec 2.9040
iter 0, gcam->neg = 78
after 5 iterations, nbhd size=0, neg = 0
#GCMRL#  567 dt  12.320000 rms  0.436  0.336% neg 0  invalid 762 tFOTS 0.0000 tGradient 1.2180 tsec 2.9370
iter 0, gcam->neg = 107
after 14 iterations, nbhd size=1, neg = 0
#GCMRL#  568 dt  12.320000 rms  0.435  0.157% neg 0  invalid 762 tFOTS 0.0000 tGradient 1.2350 tsec 5.2350
iter 0, gcam->neg = 105
after 7 iterations, nbhd size=0, neg = 0
#GCMRL#  569 dt  12.320000 rms  0.435  0.038% neg 0  invalid 762 tFOTS 0.0000 tGradient 1.2570 tsec 3.6660
iter 0, gcam->neg = 75
after 6 iterations, nbhd size=0, neg = 0
#GCMRL#  570 dt  12.320000 rms  0.434  0.060% neg 0  invalid 762 tFOTS 0.0000 tGradient 1.2390 tsec 3.2450
iter 0, gcam->neg = 59
after 18 iterations, nbhd size=1, neg = 0
#GCMRL#  571 dt  12.320000 rms  0.434  0.024% neg 0  invalid 762 tFOTS 0.0000 tGradient 1.2110 tsec 5.5540
#FOTS# QuadFit found better minimum quadopt=(dt=8.85333,rms=0.434033) vs oldopt=(dt=11.52,rms=0.434073)
iter 0, gcam->neg = 14
after 9 iterations, nbhd size=0, neg = 0
#GCMRL#  572 dt   8.853333 rms  0.434  0.075% neg 0  invalid 762 tFOTS 4.0050 tGradient 1.1960 tsec 8.0270
#FOTS# QuadFit found better minimum quadopt=(dt=9.03226,rms=0.433902) vs oldopt=(dt=11.52,rms=0.433918)
iter 0, gcam->neg = 8
after 3 iterations, nbhd size=0, neg = 0
#GCMRL#  573 dt   9.032258 rms  0.434  0.000% neg 0  invalid 762 tFOTS 3.9820 tGradient 1.2270 tsec 6.6570
iter 0, gcam->neg = 8
after 4 iterations, nbhd size=0, neg = 0
setting smoothness cost coefficient to 1.000

#GCAMreg# pass 0 level1 1 level2 0 tsec 0 sigma 2
l_jacobian=1.00 l_label=1.00 l_log_likelihood=0.20 l_smoothness=1.00 
tol=2.50e-01, dt=5.00e-02, exp_k=20.0, momentum=0.90, levels=6, niter=500, lbl_dist=10.00, avgs=1, sigma=2.0,type=2, relabel=0, neg=yes

blurring input image with Gaussian with sigma=2.000...
GCAMRegisterLevel(): init RMS 0.440543
#GCMRL#  575 dt   0.000000 rms  0.440  0.187% neg 0  invalid 762 tFOTS 3.7750 tGradient 1.0440 tsec 5.0900

#GCAMreg# pass 0 level1 1 level2 1 tsec 17.486 sigma 0.5
l_jacobian=1.00 l_label=1.00 l_log_likelihood=0.20 l_smoothness=1.00 
tol=2.50e-01, dt=5.00e-02, exp_k=20.0, momentum=0.90, levels=6, niter=500, lbl_dist=10.00, avgs=1, sigma=0.5,type=2, relabel=0, neg=yes

blurring input image with Gaussian with sigma=0.500...
GCAMRegisterLevel(): init RMS 0.440543
#GCMRL#  577 dt   0.000000 rms  0.440  0.187% neg 0  invalid 762 tFOTS 3.7940 tGradient 1.0630 tsec 5.1390
resetting metric properties...
setting smoothness cost coefficient to 2.000

#GCAMreg# pass 0 level1 0 level2 0 tsec 0 sigma 2
l_jacobian=1.00 l_label=1.00 l_log_likelihood=0.20 l_smoothness=2.00 
tol=2.50e-01, dt=5.00e-02, exp_k=20.0, momentum=0.90, levels=6, niter=500, lbl_dist=10.00, avgs=0, sigma=2.0,type=2, relabel=0, neg=yes

blurring input image with Gaussian with sigma=2.000...
GCAMRegisterLevel(): init RMS 0.430827
#FOTS# QuadFit found better minimum quadopt=(dt=1.96118,rms=0.404156) vs oldopt=(dt=1.28,rms=0.407502)
iter 0, gcam->neg = 793
after 14 iterations, nbhd size=1, neg = 0
#GCMRL#  579 dt   1.961176 rms  0.404  6.214% neg 0  invalid 762 tFOTS 4.0350 tGradient 0.5990 tsec 8.4100
#GCMRL#  580 dt   0.000013 rms  0.404  0.000% neg 0  invalid 762 tFOTS 4.7700 tGradient 0.5620 tsec 5.6150

#GCAMreg# pass 0 level1 0 level2 1 tsec 22.215 sigma 0.5
l_jacobian=1.00 l_label=1.00 l_log_likelihood=0.20 l_smoothness=2.00 
tol=2.50e-01, dt=5.00e-02, exp_k=20.0, momentum=0.90, levels=6, niter=500, lbl_dist=10.00, avgs=0, sigma=0.5,type=2, relabel=0, neg=yes

blurring input image with Gaussian with sigma=0.500...
GCAMRegisterLevel(): init RMS 0.404897
#FOTS# QuadFit found better minimum quadopt=(dt=0.048,rms=0.403924) vs oldopt=(dt=0.08,rms=0.403952)
#GCMRL#  582 dt   0.048000 rms  0.404  0.240% neg 0  invalid 762 tFOTS 3.8730 tGradient 0.5660 tsec 4.7040
#FOTS# QuadFit found better minimum quadopt=(dt=0.00175,rms=0.403921) vs oldopt=(dt=0.00125,rms=0.403921)
#GCMRL#  583 dt   0.001750 rms  0.404  0.000% neg 0  invalid 762 tFOTS 3.7940 tGradient 0.5730 tsec 4.6380
#GCMRL#  584 dt   0.001750 rms  0.404  0.000% neg 0  invalid 762 tFOTS 0.0000 tGradient 0.5840 tsec 0.8340
label assignment complete, 0 changed (0.00%)
GCAMregister done in 6.42427 min
Starting GCAMcomputeMaxPriorLabels()
Morphing with label term set to 0 *******************************
Starting GCAMregister()
label assignment complete, 0 changed (0.00%)
npasses = 1, nlevels = 6
#pass# 1 of 1 ************************
enabling zero nodes
setting smoothness cost coefficient to 0.008

#GCAMreg# pass 0 level1 5 level2 0 tsec 0 sigma 2
l_jacobian=1.00 l_log_likelihood=0.20 l_smoothness=0.01 
tol=2.50e-01, dt=5.00e-02, exp_k=20.0, momentum=0.90, levels=6, niter=500, lbl_dist=10.00, avgs=256, sigma=2.0,type=2, relabel=0, neg=yes

blurring input image with Gaussian with sigma=2.000...
GCAMRegisterLevel(): init RMS 0.3916

#GCAMreg# pass 0 level1 5 level2 1 tsec 11.959 sigma 0.5
l_jacobian=1.00 l_log_likelihood=0.20 l_smoothness=0.01 
tol=2.50e-01, dt=5.00e-02, exp_k=20.0, momentum=0.90, levels=6, niter=500, lbl_dist=10.00, avgs=256, sigma=0.5,type=2, relabel=0, neg=yes

blurring input image with Gaussian with sigma=0.500...
GCAMRegisterLevel(): init RMS 0.3916
#FOTS# QuadFit found better minimum quadopt=(dt=6.936,rms=0.391599) vs oldopt=(dt=5.78,rms=0.391599)
#GCMRL#  587 dt   6.936000 rms  0.392  0.000% neg 0  invalid 762 tFOTS 3.5880 tGradient 1.4470 tsec 5.2930
#FOTS# QuadFit found better minimum quadopt=(dt=0.289,rms=0.391599) vs oldopt=(dt=0.36125,rms=0.391599)
#GCMRL#  588 dt   0.289000 rms  0.392  0.000% neg 0  invalid 762 tFOTS 3.5690 tGradient 1.4210 tsec 5.2530
#GCMRL#  589 dt   0.289000 rms  0.392  0.000% neg 0  invalid 762 tFOTS 0.0000 tGradient 1.5130 tsec 1.7410
setting smoothness cost coefficient to 0.031

#GCAMreg# pass 0 level1 4 level2 0 tsec 0 sigma 2
l_jacobian=1.00 l_log_likelihood=0.20 l_smoothness=0.03 
tol=2.50e-01, dt=5.00e-02, exp_k=20.0, momentum=0.90, levels=6, niter=500, lbl_dist=10.00, avgs=64, sigma=2.0,type=2, relabel=0, neg=yes

blurring input image with Gaussian with sigma=2.000...
GCAMRegisterLevel(): init RMS 0.391754

#GCAMreg# pass 0 level1 4 level2 1 tsec 12.081 sigma 0.5
l_jacobian=1.00 l_log_likelihood=0.20 l_smoothness=0.03 
tol=2.50e-01, dt=5.00e-02, exp_k=20.0, momentum=0.90, levels=6, niter=500, lbl_dist=10.00, avgs=64, sigma=0.5,type=2, relabel=0, neg=yes

blurring input image with Gaussian with sigma=0.500...
GCAMRegisterLevel(): init RMS 0.391754
#FOTS# QuadFit found better minimum quadopt=(dt=36.288,rms=0.391655) vs oldopt=(dt=25.92,rms=0.391663)
#GCMRL#  592 dt  36.288000 rms  0.392  0.025% neg 0  invalid 762 tFOTS 3.2360 tGradient 1.0450 tsec 4.5330
#FOTS# QuadFit found better minimum quadopt=(dt=62.208,rms=0.39159) vs oldopt=(dt=103.68,rms=0.391607)
#GCMRL#  593 dt  62.208000 rms  0.392  0.000% neg 0  invalid 762 tFOTS 3.2630 tGradient 1.0310 tsec 4.5490
#GCMRL#  594 dt  62.208000 rms  0.392  0.019% neg 0  invalid 762 tFOTS 0.0000 tGradient 1.0370 tsec 1.2510
#GCMRL#  595 dt  62.208000 rms  0.391  0.017% neg 0  invalid 762 tFOTS 0.0000 tGradient 1.0340 tsec 1.2530
setting smoothness cost coefficient to 0.118

#GCAMreg# pass 0 level1 3 level2 0 tsec 0 sigma 2
l_jacobian=1.00 l_log_likelihood=0.20 l_smoothness=0.12 
tol=2.50e-01, dt=5.00e-02, exp_k=20.0, momentum=0.90, levels=6, niter=500, lbl_dist=10.00, avgs=16, sigma=2.0,type=2, relabel=0, neg=yes

blurring input image with Gaussian with sigma=2.000...
GCAMRegisterLevel(): init RMS 0.392042
#FOTS# QuadFit found better minimum quadopt=(dt=9.6,rms=0.39189) vs oldopt=(dt=8,rms=0.391896)
iter 0, gcam->neg = 2
after 0 iterations, nbhd size=0, neg = 0
#GCMRL#  597 dt   9.600000 rms  0.392  0.038% neg 0  invalid 762 tFOTS 3.7030 tGradient 0.8970 tsec 5.2880
#FOTS# QuadFit found better minimum quadopt=(dt=4.8,rms=0.39187) vs oldopt=(dt=8,rms=0.391878)
iter 0, gcam->neg = 1
after 0 iterations, nbhd size=0, neg = 0
#GCMRL#  598 dt   4.800000 rms  0.392  0.000% neg 0  invalid 762 tFOTS 3.7460 tGradient 0.8970 tsec 5.3540
iter 0, gcam->neg = 1
after 0 iterations, nbhd size=0, neg = 0
#GCMRL#  599 dt   4.800000 rms  0.392  0.000% neg 0  invalid 762 tFOTS 0.0000 tGradient 0.8780 tsec 1.5210
iter 0, gcam->neg = 4
after 11 iterations, nbhd size=1, neg = 0

#GCAMreg# pass 0 level1 3 level2 1 tsec 23.735 sigma 0.5
l_jacobian=1.00 l_log_likelihood=0.20 l_smoothness=0.12 
tol=2.50e-01, dt=5.00e-02, exp_k=20.0, momentum=0.90, levels=6, niter=500, lbl_dist=10.00, avgs=16, sigma=0.5,type=2, relabel=0, neg=yes

blurring input image with Gaussian with sigma=0.500...
GCAMRegisterLevel(): init RMS 0.391869
#FOTS# QuadFit found better minimum quadopt=(dt=83.0877,rms=0.389664) vs oldopt=(dt=32,rms=0.390156)
iter 0, gcam->neg = 36
after 18 iterations, nbhd size=1, neg = 0
#GCMRL#  601 dt  83.087719 rms  0.390  0.496% neg 0  invalid 762 tFOTS 3.7440 tGradient 0.8900 tsec 9.8330
#FOTS# QuadFit found better minimum quadopt=(dt=21.5082,rms=0.388941) vs oldopt=(dt=32,rms=0.389249)
iter 0, gcam->neg = 2
after 0 iterations, nbhd size=0, neg = 0
#GCMRL#  602 dt  21.508197 rms  0.389  0.000% neg 0  invalid 762 tFOTS 3.8510 tGradient 0.9570 tsec 5.5790
iter 0, gcam->neg = 1
after 0 iterations, nbhd size=0, neg = 0
#GCMRL#  603 dt  21.508197 rms  0.389  0.049% neg 0  invalid 762 tFOTS 0.0000 tGradient 0.9780 tsec 1.6700
iter 0, gcam->neg = 7
after 5 iterations, nbhd size=0, neg = 0
#GCMRL#  604 dt  21.508197 rms  0.389  0.037% neg 0  invalid 762 tFOTS 0.0000 tGradient 0.9620 tsec 2.8410
iter 0, gcam->neg = 8
after 4 iterations, nbhd size=0, neg = 0
#GCMRL#  605 dt  21.508197 rms  0.388  0.054% neg 0  invalid 762 tFOTS 0.0000 tGradient 0.9930 tsec 2.7070
iter 0, gcam->neg = 9
after 2 iterations, nbhd size=0, neg = 0
#GCMRL#  606 dt  21.508197 rms  0.388  0.038% neg 0  invalid 762 tFOTS 0.0000 tGradient 0.9580 tsec 2.1130
#FOTS# QuadFit found better minimum quadopt=(dt=76.8,rms=0.387831) vs oldopt=(dt=128,rms=0.387962)
iter 0, gcam->neg = 4
after 1 iterations, nbhd size=0, neg = 0
#GCMRL#  607 dt  76.800000 rms  0.388  0.113% neg 0  invalid 762 tFOTS 3.6550 tGradient 0.9810 tsec 5.6140
#FOTS# QuadFit found better minimum quadopt=(dt=25.6,rms=0.387552) vs oldopt=(dt=32,rms=0.387575)
iter 0, gcam->neg = 2
after 1 iterations, nbhd size=0, neg = 0
setting smoothness cost coefficient to 0.400

#GCAMreg# pass 0 level1 2 level2 0 tsec 0 sigma 2
l_jacobian=1.00 l_log_likelihood=0.20 l_smoothness=0.40 
tol=2.50e-01, dt=5.00e-02, exp_k=20.0, momentum=0.90, levels=6, niter=500, lbl_dist=10.00, avgs=4, sigma=2.0,type=2, relabel=0, neg=yes

blurring input image with Gaussian with sigma=2.000...
GCAMRegisterLevel(): init RMS 0.390373
#FOTS# QuadFit found better minimum quadopt=(dt=5.09091,rms=0.390098) vs oldopt=(dt=2.88,rms=0.390163)
iter 0, gcam->neg = 2
after 12 iterations, nbhd size=1, neg = 0
#GCMRL#  609 dt   5.090909 rms  0.390  0.067% neg 0  invalid 762 tFOTS 3.5750 tGradient 0.9010 tsec 7.7980
#FOTS# QuadFit found better minimum quadopt=(dt=4.032,rms=0.39003) vs oldopt=(dt=2.88,rms=0.390038)
iter 0, gcam->neg = 2
after 2 iterations, nbhd size=0, neg = 0
#GCMRL#  610 dt   4.032000 rms  0.390  0.000% neg 0  invalid 762 tFOTS 3.5770 tGradient 0.8310 tsec 5.5670
iter 0, gcam->neg = 5
after 1 iterations, nbhd size=0, neg = 0

#GCAMreg# pass 0 level1 2 level2 1 tsec 22.224 sigma 0.5
l_jacobian=1.00 l_log_likelihood=0.20 l_smoothness=0.40 
tol=2.50e-01, dt=5.00e-02, exp_k=20.0, momentum=0.90, levels=6, niter=500, lbl_dist=10.00, avgs=4, sigma=0.5,type=2, relabel=0, neg=yes

blurring input image with Gaussian with sigma=0.500...
GCAMRegisterLevel(): init RMS 0.390027
#FOTS# QuadFit found better minimum quadopt=(dt=22.5231,rms=0.388124) vs oldopt=(dt=11.52,rms=0.388544)
iter 0, gcam->neg = 19
after 5 iterations, nbhd size=0, neg = 0
#GCMRL#  612 dt  22.523077 rms  0.388  0.497% neg 0  invalid 762 tFOTS 3.6350 tGradient 0.8370 tsec 6.2610
#FOTS# QuadFit found better minimum quadopt=(dt=11.0769,rms=0.387549) vs oldopt=(dt=11.52,rms=0.38755)
iter 0, gcam->neg = 4
after 5 iterations, nbhd size=0, neg = 0
#GCMRL#  613 dt  11.076923 rms  0.388  0.000% neg 0  invalid 762 tFOTS 3.6110 tGradient 0.8270 tsec 6.2290
iter 0, gcam->neg = 5
after 1 iterations, nbhd size=0, neg = 0
#GCMRL#  614 dt  11.076923 rms  0.387  0.083% neg 0  invalid 762 tFOTS 0.0000 tGradient 0.8270 tsec 1.7060
iter 0, gcam->neg = 14
after 4 iterations, nbhd size=0, neg = 0
#GCMRL#  615 dt  11.076923 rms  0.387  0.060% neg 0  invalid 762 tFOTS 0.0000 tGradient 0.8180 tsec 2.3900
iter 0, gcam->neg = 14
after 4 iterations, nbhd size=0, neg = 0
#GCMRL#  616 dt  11.076923 rms  0.387  0.085% neg 0  invalid 762 tFOTS 0.0000 tGradient 0.8250 tsec 2.3970
iter 0, gcam->neg = 34
after 8 iterations, nbhd size=0, neg = 0
#GCMRL#  617 dt  11.076923 rms  0.386  0.116% neg 0  invalid 762 tFOTS 0.0000 tGradient 0.8360 tsec 3.2420
iter 0, gcam->neg = 52
after 19 iterations, nbhd size=1, neg = 0
#GCMRL#  618 dt  11.076923 rms  0.386  0.067% neg 0  invalid 762 tFOTS 0.0000 tGradient 0.8400 tsec 5.7460
#FOTS# QuadFit found better minimum quadopt=(dt=16,rms=0.385648) vs oldopt=(dt=11.52,rms=0.38567)
iter 0, gcam->neg = 39
after 11 iterations, nbhd size=1, neg = 0
#GCMRL#  619 dt  16.000000 rms  0.386  0.069% neg 0  invalid 762 tFOTS 3.6080 tGradient 0.8320 tsec 7.5450
#FOTS# QuadFit found better minimum quadopt=(dt=3.5,rms=0.385668) vs oldopt=(dt=2.88,rms=0.385669)
iter 0, gcam->neg = 4
after 2 iterations, nbhd size=0, neg = 0
setting smoothness cost coefficient to 1.000

#GCAMreg# pass 0 level1 1 level2 0 tsec 0 sigma 2
l_jacobian=1.00 l_log_likelihood=0.20 l_smoothness=1.00 
tol=2.50e-01, dt=5.00e-02, exp_k=20.0, momentum=0.90, levels=6, niter=500, lbl_dist=10.00, avgs=1, sigma=2.0,type=2, relabel=0, neg=yes

blurring input image with Gaussian with sigma=2.000...
GCAMRegisterLevel(): init RMS 0.391131
#GCMRL#  621 dt   0.000050 rms  0.391  0.000% neg 0  invalid 762 tFOTS 4.6830 tGradient 0.6980 tsec 5.6400

#GCAMreg# pass 0 level1 1 level2 1 tsec 17.372 sigma 0.5
l_jacobian=1.00 l_log_likelihood=0.20 l_smoothness=1.00 
tol=2.50e-01, dt=5.00e-02, exp_k=20.0, momentum=0.90, levels=6, niter=500, lbl_dist=10.00, avgs=1, sigma=0.5,type=2, relabel=0, neg=yes

blurring input image with Gaussian with sigma=0.500...
GCAMRegisterLevel(): init RMS 0.391131
resetting metric properties...
setting smoothness cost coefficient to 2.000

#GCAMreg# pass 0 level1 0 level2 0 tsec 0 sigma 2
l_jacobian=1.00 l_log_likelihood=0.20 l_smoothness=2.00 
tol=2.50e-01, dt=5.00e-02, exp_k=20.0, momentum=0.90, levels=6, niter=500, lbl_dist=10.00, avgs=0, sigma=2.0,type=2, relabel=0, neg=yes

blurring input image with Gaussian with sigma=2.000...
GCAMRegisterLevel(): init RMS 0.381984
#FOTS# QuadFit found better minimum quadopt=(dt=1.09428,rms=0.373335) vs oldopt=(dt=1.28,rms=0.373565)
iter 0, gcam->neg = 623
after 15 iterations, nbhd size=1, neg = 0
#GCMRL#  624 dt   1.094281 rms  0.374  2.027% neg 0  invalid 762 tFOTS 3.7440 tGradient 0.2720 tsec 8.0010
#FOTS# QuadFit found better minimum quadopt=(dt=2.34375e-05,rms=0.374242) vs oldopt=(dt=1.95313e-05,rms=0.374242)
#GCMRL#  625 dt   0.000023 rms  0.374  0.000% neg 0  invalid 762 tFOTS 4.7740 tGradient 0.2580 tsec 5.3230

#GCAMreg# pass 0 level1 0 level2 1 tsec 21.107 sigma 0.5
l_jacobian=1.00 l_log_likelihood=0.20 l_smoothness=2.00 
tol=2.50e-01, dt=5.00e-02, exp_k=20.0, momentum=0.90, levels=6, niter=500, lbl_dist=10.00, avgs=0, sigma=0.5,type=2, relabel=0, neg=yes

blurring input image with Gaussian with sigma=0.500...
GCAMRegisterLevel(): init RMS 0.374242
#GCMRL#  627 dt   0.080000 rms  0.374  0.025% neg 0  invalid 762 tFOTS 3.8690 tGradient 0.2560 tsec 4.3940
#FOTS# QuadFit found better minimum quadopt=(dt=0.028,rms=0.374131) vs oldopt=(dt=0.02,rms=0.374135)
#GCMRL#  628 dt   0.028000 rms  0.374  0.000% neg 0  invalid 762 tFOTS 3.8460 tGradient 0.2620 tsec 4.3730
#GCMRL#  629 dt   0.028000 rms  0.374  0.003% neg 0  invalid 762 tFOTS 0.0000 tGradient 0.2930 tsec 0.5380
GCAMregister done in 3.88783 min
writing output transformation to transforms/talairach.m3z...
GCAMwrite
Calls to gcamLogLikelihoodEnergy 4689 tmin = 1.63033
Calls to gcamLabelEnergy         4121 tmin = 0.91045
Calls to gcamJacobianEnergy      4689 tmin = 0.870083
Calls to gcamSmoothnessEnergy    4689 tmin = 4.7524
Calls to gcamLogLikelihoodTerm 631 tmin = 0.601683
Calls to gcamLabelTerm         586 tmin = 4.26525
Calls to gcamJacobianTerm      631 tmin = 0.772133
Calls to gcamSmoothnessTerm    631 tmin = 0.4787
Calls to gcamComputeGradient    631 tmin = 16.3748
Calls to gcamComputeMetricProperties    6725 tmin = 2.21687
mri_ca_register took 0 hours, 39 minutes and 45 seconds.
#VMPC# mri_ca_register VmPeak  3122672
FSRUNTIME@ mri_ca_register  0.6626 hours 16 threads
#--------------------------------------
#@# SubCort Seg Sat Mar  7 01:52:11 CET 2026

 mri_ca_label -relabel_unlikely 9 .3 -prior 0.5 -align norm.mgz transforms/talairach.m3z /opt/freesurfer/average/RB_all_2020-01-02.gca aseg.auto_noCCseg.mgz 

sysname  Linux
hostname dna078
machine  x86_64

setenv SUBJECTS_DIR /out/sourcedata/freesurfer
cd /out/sourcedata/freesurfer/sub-v1s18x0051229_ses-1/mri
mri_ca_label -relabel_unlikely 9 .3 -prior 0.5 -align norm.mgz transforms/talairach.m3z /opt/freesurfer/average/RB_all_2020-01-02.gca aseg.auto_noCCseg.mgz 

relabeling unlikely voxels with window_size = 9 and prior threshold 0.30
using Gibbs prior factor = 0.500
renormalizing sequences with structure alignment, equivalent to:
	-renormalize
	-renormalize_mean 0.500
	-regularize 0.500

== Number of threads available to for OpenMP = 16 == 
reading 1 input volumes
reading classifier array from /opt/freesurfer/average/RB_all_2020-01-02.gca
reading input volume from norm.mgz
average std[0] = 7.2
reading transform from transforms/talairach.m3z
setting orig areas to linear transform determinant scaled 6.29
Atlas used for the 3D morph was /opt/freesurfer/average/RB_all_2020-01-02.gca
average std = 7.2   using min determinant for regularization = 5.2
0 singular and 0 ill-conditioned covariance matrices regularized
labeling volume...
renormalizing by structure alignment....
renormalizing input #0
gca peak = 0.15521 (20)
mri peak = 0.10709 (12)
Left_Lateral_Ventricle (4): linear fit = 0.55 x + 0.0 (4295 voxels, overlap=0.005)
Left_Lateral_Ventricle (4): linear fit = 0.55 x + 0.0 (4295 voxels, peak = 11), gca=10.9
gca peak = 0.20380 (13)
mri peak = 0.12301 (13)
Right_Lateral_Ventricle (43): linear fit = 0.77 x + 0.0 (3033 voxels, overlap=0.408)
Right_Lateral_Ventricle (43): linear fit = 0.77 x + 0.0 (3033 voxels, peak = 10), gca=10.1
gca peak = 0.26283 (96)
mri peak = 0.15633 (99)
Right_Pallidum (52): linear fit = 1.04 x + 0.0 (774 voxels, overlap=1.014)
Right_Pallidum (52): linear fit = 1.04 x + 0.0 (774 voxels, peak = 100), gca=100.3
gca peak = 0.15814 (97)
mri peak = 0.11894 (107)
Left_Pallidum (13): linear fit = 1.10 x + 0.0 (866 voxels, overlap=0.366)
Left_Pallidum (13): linear fit = 1.10 x + 0.0 (866 voxels, peak = 106), gca=106.2
gca peak = 0.27624 (56)
mri peak = 0.10385 (62)
Right_Hippocampus (53): linear fit = 1.13 x + 0.0 (1149 voxels, overlap=0.213)
Right_Hippocampus (53): linear fit = 1.13 x + 0.0 (1149 voxels, peak = 64), gca=63.6
gca peak = 0.28723 (59)
mri peak = 0.20139 (62)
Left_Hippocampus (17): linear fit = 1.03 x + 0.0 (855 voxels, overlap=1.009)
Left_Hippocampus (17): linear fit = 1.03 x + 0.0 (855 voxels, peak = 61), gca=61.1
gca peak = 0.07623 (103)
mri peak = 0.14228 (104)
Right_Cerebral_White_Matter (41): linear fit = 1.00 x + 0.0 (35295 voxels, overlap=0.662)
Right_Cerebral_White_Matter (41): linear fit = 1.00 x + 0.0 (35295 voxels, peak = 103), gca=103.0
gca peak = 0.07837 (105)
mri peak = 0.18364 (105)
Left_Cerebral_White_Matter (2): linear fit = 1.00 x + 0.0 (39296 voxels, overlap=0.569)
Left_Cerebral_White_Matter (2): linear fit = 1.00 x + 0.0 (39296 voxels, peak = 104), gca=104.5
gca peak = 0.10165 (58)
mri peak = 0.07558 (54)
Left_Cerebral_Cortex (3): linear fit = 0.90 x + 0.0 (33977 voxels, overlap=0.796)
Left_Cerebral_Cortex (3): linear fit = 0.90 x + 0.0 (33977 voxels, peak = 52), gca=52.5
gca peak = 0.11113 (58)
mri peak = 0.05857 (53)
Right_Cerebral_Cortex (42): linear fit = 0.96 x + 0.0 (34121 voxels, overlap=0.903)
Right_Cerebral_Cortex (42): linear fit = 0.96 x + 0.0 (34121 voxels, peak = 56), gca=56.0
gca peak = 0.27796 (67)
mri peak = 0.20082 (70)
Right_Caudate (50): linear fit = 1.02 x + 0.0 (849 voxels, overlap=1.005)
Right_Caudate (50): linear fit = 1.02 x + 0.0 (849 voxels, peak = 69), gca=68.7
gca peak = 0.14473 (69)
mri peak = 0.24072 (70)
Left_Caudate (11): linear fit = 0.96 x + 0.0 (832 voxels, overlap=0.674)
Left_Caudate (11): linear fit = 0.96 x + 0.0 (832 voxels, peak = 67), gca=66.6
gca peak = 0.14301 (56)
mri peak = 0.09868 (54)
Left_Cerebellum_Cortex (8): linear fit = 0.96 x + 0.0 (23455 voxels, overlap=0.984)
Left_Cerebellum_Cortex (8): linear fit = 0.96 x + 0.0 (23455 voxels, peak = 54), gca=54.0
gca peak = 0.14610 (55)
mri peak = 0.08905 (54)
Right_Cerebellum_Cortex (47): linear fit = 1.04 x + 0.0 (26991 voxels, overlap=0.990)
Right_Cerebellum_Cortex (47): linear fit = 1.04 x + 0.0 (26991 voxels, peak = 57), gca=57.5
gca peak = 0.16309 (85)
mri peak = 0.25253 (84)
Left_Cerebellum_White_Matter (7): linear fit = 1.00 x + 0.0 (6919 voxels, overlap=0.879)
Left_Cerebellum_White_Matter (7): linear fit = 1.00 x + 0.0 (6919 voxels, peak = 85), gca=85.0
gca peak = 0.15172 (84)
mri peak = 0.15402 (82)
Right_Cerebellum_White_Matter (46): linear fit = 0.98 x + 0.0 (5717 voxels, overlap=0.851)
Right_Cerebellum_White_Matter (46): linear fit = 0.98 x + 0.0 (5717 voxels, peak = 82), gca=81.9
gca peak = 0.30461 (58)
mri peak = 0.12290 (62)
Left_Amygdala (18): linear fit = 1.10 x + 0.0 (591 voxels, overlap=0.202)
Left_Amygdala (18): linear fit = 1.10 x + 0.0 (591 voxels, peak = 64), gca=63.5
gca peak = 0.32293 (57)
mri peak = 0.16080 (61)
Right_Amygdala (54): linear fit = 1.10 x + 0.0 (661 voxels, overlap=0.371)
Right_Amygdala (54): linear fit = 1.10 x + 0.0 (661 voxels, peak = 62), gca=62.4
gca peak = 0.11083 (90)
mri peak = 0.09791 (92)
Left_Thalamus (10): linear fit = 1.01 x + 0.0 (3776 voxels, overlap=0.885)
Left_Thalamus (10): linear fit = 1.01 x + 0.0 (3776 voxels, peak = 91), gca=91.3
gca peak = 0.11393 (83)
mri peak = 0.08383 (84)
Right_Thalamus (49): linear fit = 1.05 x + 0.0 (4318 voxels, overlap=0.889)
Right_Thalamus (49): linear fit = 1.05 x + 0.0 (4318 voxels, peak = 88), gca=87.6
gca peak = 0.08575 (81)
mri peak = 0.11556 (84)
Left_Putamen (12): linear fit = 1.05 x + 0.0 (1800 voxels, overlap=0.818)
Left_Putamen (12): linear fit = 1.05 x + 0.0 (1800 voxels, peak = 85), gca=85.5
gca peak = 0.08618 (78)
mri peak = 0.09195 (82)
Right_Putamen (51): linear fit = 1.05 x + 0.0 (2225 voxels, overlap=0.801)
Right_Putamen (51): linear fit = 1.05 x + 0.0 (2225 voxels, peak = 82), gca=82.3
gca peak = 0.08005 (78)
mri peak = 0.08905 (89)
Brain_Stem (16): linear fit = 1.12 x + 0.0 (9706 voxels, overlap=0.492)
Brain_Stem (16): linear fit = 1.12 x + 0.0 (9706 voxels, peak = 88), gca=87.8
gca peak = 0.12854 (88)
mri peak = 0.09680 (105)
Right_VentralDC (60): linear fit = 1.16 x + 0.0 (1511 voxels, overlap=0.023)
Right_VentralDC (60): linear fit = 1.16 x + 0.0 (1511 voxels, peak = 103), gca=102.5
gca peak = 0.15703 (87)
mri peak = 0.09821 (105)
Left_VentralDC (28): linear fit = 1.15 x + 0.0 (1502 voxels, overlap=0.180)
Left_VentralDC (28): linear fit = 1.15 x + 0.0 (1502 voxels, peak = 100), gca=100.5
gca peak = 0.17522 (25)
mri peak = 1.00000 (23)
gca peak = 0.17113 (14)
mri peak = 0.15242 (11)
Fourth_Ventricle (15): linear fit = 0.74 x + 0.0 (198 voxels, overlap=0.249)
Fourth_Ventricle (15): linear fit = 0.74 x + 0.0 (198 voxels, peak = 10), gca=10.3
gca peak Unknown = 0.94777 ( 0)
gca peak Left_Inf_Lat_Vent = 0.16627 (28)
gca peak Third_Ventricle = 0.17522 (25)
gca peak CSF = 0.20346 (36)
gca peak Left_Accumbens_area = 0.70646 (62)
gca peak Left_undetermined = 1.00000 (28)
gca peak Left_vessel = 0.89917 (53)
gca peak Left_choroid_plexus = 0.11689 (35)
gca peak Right_Inf_Lat_Vent = 0.25504 (23)
gca peak Right_Accumbens_area = 0.31650 (65)
gca peak Right_vessel = 0.77268 (52)
gca peak Right_choroid_plexus = 0.13275 (38)
gca peak Fifth_Ventricle = 0.60973 (33)
gca peak WM_hypointensities = 0.11013 (77)
gca peak non_WM_hypointensities = 0.11354 (41)
gca peak Optic_Chiasm = 0.51646 (76)
not using caudate to estimate GM means
estimating mean gm scale to be 1.04 x + 0.0
estimating mean wm scale to be 1.00 x + 0.0
estimating mean csf scale to be 0.68 x + 0.0
Left_Pallidum too bright - rescaling by 0.947 (from 1.095) to 100.6 (was 106.2)
Right_Pallidum too bright - rescaling by 1.003 (from 1.045) to 100.6 (was 100.3)
saving intensity scales to aseg.auto_noCCseg.label_intensities.txt
renormalizing by structure alignment....
renormalizing input #0
gca peak = 0.26885 (11)
mri peak = 0.10709 (12)
Left_Lateral_Ventricle (4): linear fit = 1.04 x + 0.0 (4295 voxels, overlap=0.929)
Left_Lateral_Ventricle (4): linear fit = 1.04 x + 0.0 (4295 voxels, peak = 11), gca=11.5
gca peak = 0.24461 (10)
mri peak = 0.12301 (13)
Right_Lateral_Ventricle (43): linear fit = 0.96 x + 0.0 (3033 voxels, overlap=0.657)
Right_Lateral_Ventricle (43): linear fit = 0.96 x + 0.0 (3033 voxels, peak = 10), gca=9.6
gca peak = 0.21134 (100)
mri peak = 0.15633 (99)
Right_Pallidum (52): linear fit = 1.00 x + 0.0 (774 voxels, overlap=1.004)
Right_Pallidum (52): linear fit = 1.00 x + 0.0 (774 voxels, peak = 100), gca=100.5
gca peak = 0.18255 (98)
mri peak = 0.11894 (107)
Left_Pallidum (13): linear fit = 1.04 x + 0.0 (866 voxels, overlap=0.785)
Left_Pallidum (13): linear fit = 1.04 x + 0.0 (866 voxels, peak = 102), gca=102.4
gca peak = 0.24464 (63)
mri peak = 0.10385 (62)
Right_Hippocampus (53): linear fit = 0.96 x + 0.0 (1149 voxels, overlap=0.998)
Right_Hippocampus (53): linear fit = 0.96 x + 0.0 (1149 voxels, peak = 61), gca=60.8
gca peak = 0.28350 (61)
mri peak = 0.20139 (62)
Left_Hippocampus (17): linear fit = 1.00 x + 0.0 (855 voxels, overlap=1.007)
Left_Hippocampus (17): linear fit = 1.00 x + 0.0 (855 voxels, peak = 61), gca=61.0
gca peak = 0.07638 (103)
mri peak = 0.14228 (104)
Right_Cerebral_White_Matter (41): linear fit = 1.00 x + 0.0 (35295 voxels, overlap=0.662)
Right_Cerebral_White_Matter (41): linear fit = 1.00 x + 0.0 (35295 voxels, peak = 103), gca=103.0
gca peak = 0.08125 (104)
mri peak = 0.18364 (105)
Left_Cerebral_White_Matter (2): linear fit = 1.00 x + 0.0 (39296 voxels, overlap=0.548)
Left_Cerebral_White_Matter (2): linear fit = 1.00 x + 0.0 (39296 voxels, peak = 104), gca=104.0
gca peak = 0.10554 (52)
mri peak = 0.07558 (54)
Left_Cerebral_Cortex (3): linear fit = 1.00 x + 0.0 (33977 voxels, overlap=0.999)
Left_Cerebral_Cortex (3): linear fit = 1.00 x + 0.0 (33977 voxels, peak = 52), gca=52.0
gca peak = 0.11550 (56)
mri peak = 0.05857 (53)
Right_Cerebral_Cortex (42): linear fit = 0.99 x + 0.0 (34121 voxels, overlap=0.989)
Right_Cerebral_Cortex (42): linear fit = 0.99 x + 0.0 (34121 voxels, peak = 55), gca=55.2
gca peak = 0.25368 (68)
mri peak = 0.20082 (70)
Right_Caudate (50): linear fit = 1.00 x + 0.0 (849 voxels, overlap=1.003)
Right_Caudate (50): linear fit = 1.00 x + 0.0 (849 voxels, peak = 68), gca=68.0
gca peak = 0.15637 (75)
mri peak = 0.24072 (70)
Left_Caudate (11): linear fit = 0.96 x + 0.0 (832 voxels, overlap=0.983)
Left_Caudate (11): linear fit = 0.96 x + 0.0 (832 voxels, peak = 72), gca=72.4
gca peak = 0.14335 (53)
mri peak = 0.09868 (54)
Left_Cerebellum_Cortex (8): linear fit = 1.00 x + 0.0 (23455 voxels, overlap=0.997)
Left_Cerebellum_Cortex (8): linear fit = 1.00 x + 0.0 (23455 voxels, peak = 53), gca=53.0
gca peak = 0.15444 (58)
mri peak = 0.08905 (54)
Right_Cerebellum_Cortex (47): linear fit = 0.96 x + 0.0 (26991 voxels, overlap=0.984)
Right_Cerebellum_Cortex (47): linear fit = 0.96 x + 0.0 (26991 voxels, peak = 56), gca=56.0
gca peak = 0.16526 (85)
mri peak = 0.25253 (84)
Left_Cerebellum_White_Matter (7): linear fit = 1.00 x + 0.0 (6919 voxels, overlap=0.883)
Left_Cerebellum_White_Matter (7): linear fit = 1.00 x + 0.0 (6919 voxels, peak = 85), gca=85.0
gca peak = 0.15223 (82)
mri peak = 0.15402 (82)
Right_Cerebellum_White_Matter (46): linear fit = 1.00 x + 0.0 (5717 voxels, overlap=0.834)
Right_Cerebellum_White_Matter (46): linear fit = 1.00 x + 0.0 (5717 voxels, peak = 82), gca=82.0
gca peak = 0.22742 (63)
mri peak = 0.12290 (62)
Left_Amygdala (18): linear fit = 1.00 x + 0.0 (591 voxels, overlap=0.988)
Left_Amygdala (18): linear fit = 1.00 x + 0.0 (591 voxels, peak = 63), gca=63.0
gca peak = 0.28927 (63)
mri peak = 0.16080 (61)
Right_Amygdala (54): linear fit = 0.99 x + 0.0 (661 voxels, overlap=1.006)
Right_Amygdala (54): linear fit = 0.99 x + 0.0 (661 voxels, peak = 62), gca=62.1
gca peak = 0.10259 (90)
mri peak = 0.09791 (92)
Left_Thalamus (10): linear fit = 1.01 x + 0.0 (3776 voxels, overlap=0.918)
Left_Thalamus (10): linear fit = 1.01 x + 0.0 (3776 voxels, peak = 91), gca=91.3
gca peak = 0.09761 (85)
mri peak = 0.08383 (84)
Right_Thalamus (49): linear fit = 0.99 x + 0.0 (4318 voxels, overlap=0.988)
Right_Thalamus (49): linear fit = 0.99 x + 0.0 (4318 voxels, peak = 84), gca=83.7
gca peak = 0.07790 (82)
mri peak = 0.11556 (84)
Left_Putamen (12): linear fit = 1.02 x + 0.0 (1800 voxels, overlap=0.881)
Left_Putamen (12): linear fit = 1.02 x + 0.0 (1800 voxels, peak = 84), gca=84.0
gca peak = 0.08805 (84)
mri peak = 0.09195 (82)
Right_Putamen (51): linear fit = 1.00 x + 0.0 (2225 voxels, overlap=0.855)
Right_Putamen (51): linear fit = 1.00 x + 0.0 (2225 voxels, peak = 84), gca=84.0
gca peak = 0.07226 (88)
mri peak = 0.08905 (89)
Brain_Stem (16): linear fit = 0.99 x + 0.0 (9706 voxels, overlap=0.760)
Brain_Stem (16): linear fit = 0.99 x + 0.0 (9706 voxels, peak = 87), gca=86.7
gca peak = 0.10133 (104)
mri peak = 0.09680 (105)
Right_VentralDC (60): linear fit = 1.00 x + 0.0 (1511 voxels, overlap=0.822)
Right_VentralDC (60): linear fit = 1.00 x + 0.0 (1511 voxels, peak = 105), gca=104.5
gca peak = 0.12861 (99)
mri peak = 0.09821 (105)
Left_VentralDC (28): linear fit = 1.00 x + 0.0 (1502 voxels, overlap=0.929)
Left_VentralDC (28): linear fit = 1.00 x + 0.0 (1502 voxels, peak = 99), gca=99.5
gca peak = 0.24193 (18)
mri peak = 1.00000 (23)
gca peak = 0.21036 (12)
mri peak = 0.15242 (11)
Fourth_Ventricle (15): linear fit = 0.90 x + 0.0 (198 voxels, overlap=0.776)
Fourth_Ventricle (15): linear fit = 0.90 x + 0.0 (198 voxels, peak = 11), gca=10.9
gca peak Unknown = 0.94777 ( 0)
gca peak Left_Inf_Lat_Vent = 0.16627 (29)
gca peak Third_Ventricle = 0.24193 (18)
gca peak CSF = 0.24705 (21)
gca peak Left_Accumbens_area = 0.80259 (60)
gca peak Left_undetermined = 1.00000 (28)
gca peak Left_vessel = 0.87869 (53)
gca peak Left_choroid_plexus = 0.11689 (35)
gca peak Right_Inf_Lat_Vent = 0.23436 (26)
gca peak Right_Accumbens_area = 0.41896 (66)
gca peak Right_vessel = 0.77268 (52)
gca peak Right_choroid_plexus = 0.13275 (38)
gca peak Fifth_Ventricle = 0.91795 (22)
gca peak WM_hypointensities = 0.11346 (76)
gca peak non_WM_hypointensities = 0.10953 (41)
gca peak Optic_Chiasm = 0.74221 (76)
not using caudate to estimate GM means
estimating mean gm scale to be 0.99 x + 0.0
estimating mean wm scale to be 1.00 x + 0.0
estimating mean csf scale to be 0.97 x + 0.0
Left_Pallidum too bright - rescaling by 0.980 (from 1.045) to 100.4 (was 102.4)
Right_Pallidum too bright - rescaling by 0.999 (from 1.005) to 100.4 (was 100.5)
saving intensity scales to aseg.auto_noCCseg.label_intensities.txt
saving sequentially combined intensity scales to aseg.auto_noCCseg.label_intensities.txt
48869 voxels changed in iteration 0 of unlikely voxel relabeling
272 voxels changed in iteration 1 of unlikely voxel relabeling
2 voxels changed in iteration 2 of unlikely voxel relabeling
0 voxels changed in iteration 3 of unlikely voxel relabeling
24731 gm and wm labels changed (%31 to gray, %69 to white out of all changed labels)
330 hippocampal voxels changed.
0 amygdala voxels changed.
Reclassifying using Gibbs Priors
pass 1: 60723 changed. image ll: -2.085, PF=0.500
pass 2: 16157 changed. image ll: -2.084, PF=0.500
pass 3: 5507 changed.
pass 4: 2073 changed.
27173 voxels changed in iteration 0 of unlikely voxel relabeling
181 voxels changed in iteration 1 of unlikely voxel relabeling
15 voxels changed in iteration 2 of unlikely voxel relabeling
0 voxels changed in iteration 3 of unlikely voxel relabeling
5615 voxels changed in iteration 0 of unlikely voxel relabeling
58 voxels changed in iteration 1 of unlikely voxel relabeling
1 voxels changed in iteration 2 of unlikely voxel relabeling
0 voxels changed in iteration 3 of unlikely voxel relabeling
5509 voxels changed in iteration 0 of unlikely voxel relabeling
76 voxels changed in iteration 1 of unlikely voxel relabeling
5 voxels changed in iteration 2 of unlikely voxel relabeling
0 voxels changed in iteration 3 of unlikely voxel relabeling
4557 voxels changed in iteration 0 of unlikely voxel relabeling
31 voxels changed in iteration 1 of unlikely voxel relabeling
1 voxels changed in iteration 2 of unlikely voxel relabeling
0 voxels changed in iteration 3 of unlikely voxel relabeling
 !!!!!!!!! ventricle segment 0 with volume 15510 above threshold 100 - not erasing !!!!!!!!!!
 !!!!!!!!! ventricle segment 0 with volume 392 above threshold 100 - not erasing !!!!!!!!!!
 !!!!!!!!! ventricle segment 0 with volume 219 above threshold 100 - not erasing !!!!!!!!!!
 !!!!!!!!! ventricle segment 1 with volume 12611 above threshold 100 - not erasing !!!!!!!!!!
 !!!!!!!!! ventricle segment 1 with volume 510 above threshold 100 - not erasing !!!!!!!!!!
writing labeled volume to aseg.auto_noCCseg.mgz
mri_ca_label utimesec    1305.881326
mri_ca_label stimesec    3.636254
mri_ca_label ru_maxrss   2191272
mri_ca_label ru_ixrss    0
mri_ca_label ru_idrss    0
mri_ca_label ru_isrss    0
mri_ca_label ru_minflt   4378151
mri_ca_label ru_majflt   19
mri_ca_label ru_nswap    0
mri_ca_label ru_inblock  1142
mri_ca_label ru_oublock  680
mri_ca_label ru_msgsnd   0
mri_ca_label ru_msgrcv   0
mri_ca_label ru_nsignals 0
mri_ca_label ru_nvcsw    3605
mri_ca_label ru_nivcsw   5906
auto-labeling took 20 minutes and 41 seconds.
#--------------------------------------
#@# CC Seg Sat Mar  7 02:12:52 CET 2026

 mri_cc -aseg aseg.auto_noCCseg.mgz -o aseg.auto.mgz -lta /out/sourcedata/freesurfer/sub-v1s18x0051229_ses-1/mri/transforms/cc_up.lta sub-v1s18x0051229_ses-1 

will read input aseg from aseg.auto_noCCseg.mgz
writing aseg with cc labels to aseg.auto.mgz
will write lta as /out/sourcedata/freesurfer/sub-v1s18x0051229_ses-1/mri/transforms/cc_up.lta
reading aseg from /out/sourcedata/freesurfer/sub-v1s18x0051229_ses-1/mri/aseg.auto_noCCseg.mgz
reading norm from /out/sourcedata/freesurfer/sub-v1s18x0051229_ses-1/mri/norm.mgz
30561 voxels in left wm, 36396 in right wm, xrange [126, 133]
searching rotation angles z=[-7  7], y=[-8  6]
searching scale 1 Z rot -7.0  searching scale 1 Z rot -6.7  searching scale 1 Z rot -6.5  searching scale 1 Z rot -6.2  searching scale 1 Z rot -6.0  searching scale 1 Z rot -5.7  searching scale 1 Z rot -5.5  searching scale 1 Z rot -5.2  searching scale 1 Z rot -5.0  searching scale 1 Z rot -4.7  searching scale 1 Z rot -4.5  searching scale 1 Z rot -4.2  searching scale 1 Z rot -4.0  searching scale 1 Z rot -3.7  searching scale 1 Z rot -3.5  searching scale 1 Z rot -3.2  searching scale 1 Z rot -3.0  searching scale 1 Z rot -2.7  searching scale 1 Z rot -2.5  searching scale 1 Z rot -2.2  searching scale 1 Z rot -2.0  searching scale 1 Z rot -1.7  searching scale 1 Z rot -1.5  searching scale 1 Z rot -1.2  searching scale 1 Z rot -1.0  searching scale 1 Z rot -0.7  searching scale 1 Z rot -0.5  searching scale 1 Z rot -0.2  searching scale 1 Z rot 0.0  searching scale 1 Z rot 0.3  searching scale 1 Z rot 0.5  searching scale 1 Z rot 0.8  searching scale 1 Z rot 1.0  searching scale 1 Z rot 1.3  searching scale 1 Z rot 1.5  searching scale 1 Z rot 1.8  searching scale 1 Z rot 2.0  searching scale 1 Z rot 2.3  searching scale 1 Z rot 2.5  searching scale 1 Z rot 2.8  searching scale 1 Z rot 3.0  searching scale 1 Z rot 3.3  searching scale 1 Z rot 3.5  searching scale 1 Z rot 3.8  searching scale 1 Z rot 4.0  searching scale 1 Z rot 4.3  searching scale 1 Z rot 4.5  searching scale 1 Z rot 4.8  searching scale 1 Z rot 5.0  searching scale 1 Z rot 5.3  searching scale 1 Z rot 5.5  searching scale 1 Z rot 5.8  searching scale 1 Z rot 6.0  searching scale 1 Z rot 6.3  searching scale 1 Z rot 6.5  searching scale 1 Z rot 6.8  searching scale 1 Z rot 7.0  global minimum found at slice 129.0, rotations (-0.80, 0.26)
final transformation (x=129.0, yr=-0.795, zr=0.261):
 0.99989  -0.00456  -0.01388   1.00984;
 0.00456   0.99999  -0.00006   30.42029;
 0.01388   0.00000   0.99990   14.22083;
 0.00000   0.00000   0.00000   1.00000;
updating x range to be [127, 132] in xformed coordinates
best xformed slice 129
min_x_fornix = 135
min_x_fornix = 139
min_x_fornix = 139
min_x_fornix = 134
min_x_fornix = 131
cc center is found at 129 97 112
eigenvectors:
-0.00014  -0.00044   1.00000;
-0.10070  -0.99492  -0.00045;
 0.99492  -0.10070   0.00009;
error in mid anterior detected - correcting...
writing aseg with callosum to /out/sourcedata/freesurfer/sub-v1s18x0051229_ses-1/mri/aseg.auto.mgz...
corpus callosum segmentation took 0.3 minutes
#VMPC# mri_cc VmPeak  554052
mri_cc done
#--------------------------------------
#@# Merge ASeg Sat Mar  7 02:13:11 CET 2026

 cp aseg.auto.mgz aseg.presurf.mgz 

#--------------------------------------------
#@# Intensity Normalization2 Sat Mar  7 02:13:11 CET 2026
/out/sourcedata/freesurfer/sub-v1s18x0051229_ses-1/mri

 mri_normalize -seed 1234 -mprage -aseg aseg.presurf.mgz -mask brainmask.mgz norm.mgz brain.mgz 

setting seed for random number genererator to 1234
assuming input volume is MGH (Van der Kouwe) MP-RAGE
using segmentation for initial intensity normalization
using MR volume brainmask.mgz to mask input volume...
reading mri_src from norm.mgz...
Reading aseg aseg.presurf.mgz
normalizing image...
NOT doing gentle normalization with control points/label
processing with aseg
removing outliers in the aseg WM...
730 control points removed
Building bias image
building Voronoi diagram...
performing soap bubble smoothing, sigma = 0...
Smoothing with sigma 8
Applying bias correction
building Voronoi diagram...
performing soap bubble smoothing, sigma = 8...

Iterating 2 times
---------------------------------
3d normalization pass 1 of 2
white matter peak found at 110
white matter peak found at 110
gm peak at 58 (58), valley at  0 (-1)
csf peak at 29, setting threshold to 48
building Voronoi diagram...
performing soap bubble smoothing, sigma = 8...
---------------------------------
3d normalization pass 2 of 2
white matter peak found at 110
white matter peak found at 110
gm peak at 59 (59), valley at  0 (-1)
csf peak at 29, setting threshold to 49
building Voronoi diagram...
performing soap bubble smoothing, sigma = 8...
Done iterating ---------------------------------
writing output to brain.mgz
3D bias adjustment took 1 minutes and 25 seconds.
#--------------------------------------------
#@# Mask BFS Sat Mar  7 02:14:37 CET 2026
/out/sourcedata/freesurfer/sub-v1s18x0051229_ses-1/mri

 mri_mask -T 5 brain.mgz brainmask.mgz brain.finalsurfs.mgz 

threshold mask volume at 5
DoAbs = 0
Found 1487884 voxels in mask (pct=  8.87)
Writing masked volume to brain.finalsurfs.mgz...done.
#--------------------------------------------
#@# WM Segmentation Sat Mar  7 02:14:38 CET 2026

 AntsDenoiseImageFs -i brain.mgz -o antsdn.brain.mgz 


 mri_segment -wsizemm 13 -mprage antsdn.brain.mgz wm.seg.mgz 

wsizemm = 13, voxres = 1, wsize = 13
Widening wm low from 89 to 79
assuming input volume is MGH (Van der Kouwe) MP-RAGE
wm mean:  110
wsize:    13
wm low:   79
wm hi:    125
gray low: 30
gray hi:  99
Doing initial trinary intensity segmentation 
Using local statistics to label ambiguous voxels
Autodetecting stats
Computing class statistics for intensity windows...
CCS WM (105.0): 105.2 +- 4.8 [79.0 --> 124.0]
CCS GM (70.0) : 69.3 +- 9.5 [30.0 --> 95.0]
 white_mean 105.184
 white_sigma 4.78247
 gray_mean 69.3111
 gray_sigma 9.45814
setting bottom of white matter range wm_low to 78.8
setting top of gray matter range gray_hi to 88.2
 wm_low 78.7693
 wm_hi  125
 gray_low 30
 gray_hi  88.2274
Redoing initial intensity segmentation...
Recomputing local statistics to label ambiguous voxels...
 wm_low 78.7693
 wm_hi  125
 gray_low 30
 gray_hi  88.2274
using local geometry to label remaining ambiguous voxels...
polvwsize = 5, polvlen = 3, gray_hi = 88.2274, wm_low = 78.7693
MRIcpolvMedianCurveSegment(): wsize=5, len=3, gmhi=88.2274, wmlow=78.7693
    115347 voxels processed (0.69%)
     50795 voxels white (0.30%)
     64552 voxels non-white (0.38%)

Reclassifying voxels using Gaussian border classifier niter=1
MRIreclassify(): wm_low=73.7693, gray_hi=88.2274, wsize=13
    196503 voxels tested (1.17%)
     42258 voxels changed (0.25%)
     54798 multi-scale searches  (0.33%)
Recovering bright white
MRIrecoverBrightWhite()
 wm_low 78.7693
 wm_hi 125
 slack 4.78247
 pct_thresh 0.33
 intensity_thresh 129.782
 nvox_thresh 8.58
        4 voxels tested (0.00%)
        4 voxels changed (0.00%)

removing voxels with positive offset direction...
MRIremoveWrongDirection() wsize=3, lowthr=73.7693, hithr=88.2274
  smoothing input volume with sigma = 0.250
    58485 voxels tested (0.35%)
    12303 voxels changed (0.07%)
thicken = 1
removing 1-dimensional structures...
MRIremove1dStructures(): max_iter=10000, thresh=2, WM_MIN_VAL=5
 2289 sparsely connected voxels removed in 1 iterations
thickening thin strands....
thickness 4
nsegments 20
wm_hi 125
1531 diagonally connected voxels added...
MRIthickenThinWMStrands(): thickness=4, nsegments=20
  20 segments, 6321 filled
MRIfindBrightNonWM(): 3 bright non-wm voxels segmented.
MRIfilterMorphology() WM_MIN_VAL=5, DIAGONAL_FILL=230
white matter segmentation took 0.7 minutes
writing output to wm.seg.mgz...

 mri_edit_wm_with_aseg -keep-in wm.seg.mgz brain.mgz aseg.presurf.mgz wm.asegedit.mgz 

preserving editing changes in input volume...
auto filling took 0.33 minutes
reading wm segmentation from wm.seg.mgz...
0 voxels added to wm to prevent paths from MTL structures to cortex
3326 additional wm voxels added
0 additional wm voxels added
SEG EDIT: 66111 voxels turned on, 44945 voxels turned off.
propagating editing to output volume from wm.seg.mgz
writing edited volume to wm.asegedit.mgz....

 mri_pretess wm.asegedit.mgz wm norm.mgz wm.mgz 


Iteration Number : 1
pass   1 (xy+):  12 found -  12 modified     |    TOTAL:  12
pass   2 (xy+):   0 found -  12 modified     |    TOTAL:  12
pass   1 (xy-):  21 found -  21 modified     |    TOTAL:  33
pass   2 (xy-):   0 found -  21 modified     |    TOTAL:  33
pass   1 (yz+):  15 found -  15 modified     |    TOTAL:  48
pass   2 (yz+):   0 found -  15 modified     |    TOTAL:  48
pass   1 (yz-):  19 found -  19 modified     |    TOTAL:  67
pass   2 (yz-):   0 found -  19 modified     |    TOTAL:  67
pass   1 (xz+):  10 found -  10 modified     |    TOTAL:  77
pass   2 (xz+):   0 found -  10 modified     |    TOTAL:  77
pass   1 (xz-):  17 found -  17 modified     |    TOTAL:  94
pass   2 (xz-):   0 found -  17 modified     |    TOTAL:  94
Iteration Number : 1
pass   1 (+++):   0 found -   0 modified     |    TOTAL:   0
pass   1 (+++):   7 found -   7 modified     |    TOTAL:   7
pass   2 (+++):   0 found -   7 modified     |    TOTAL:   7
pass   1 (+++):   3 found -   3 modified     |    TOTAL:  10
pass   2 (+++):   0 found -   3 modified     |    TOTAL:  10
pass   1 (+++):   2 found -   2 modified     |    TOTAL:  12
pass   2 (+++):   0 found -   2 modified     |    TOTAL:  12
Iteration Number : 1
pass   1 (++): 108 found - 108 modified     |    TOTAL: 108
pass   2 (++):   0 found - 108 modified     |    TOTAL: 108
pass   1 (+-): 175 found - 175 modified     |    TOTAL: 283
pass   2 (+-):   1 found - 176 modified     |    TOTAL: 284
pass   3 (+-):   0 found - 176 modified     |    TOTAL: 284
pass   1 (--):  97 found -  97 modified     |    TOTAL: 381
pass   2 (--):   0 found -  97 modified     |    TOTAL: 381
pass   1 (-+): 109 found - 109 modified     |    TOTAL: 490
pass   2 (-+):   0 found - 109 modified     |    TOTAL: 490
Iteration Number : 2
pass   1 (xy+):   1 found -   1 modified     |    TOTAL:   1
pass   2 (xy+):   0 found -   1 modified     |    TOTAL:   1
pass   1 (xy-):   1 found -   1 modified     |    TOTAL:   2
pass   2 (xy-):   0 found -   1 modified     |    TOTAL:   2
pass   1 (yz+):   1 found -   1 modified     |    TOTAL:   3
pass   2 (yz+):   0 found -   1 modified     |    TOTAL:   3
pass   1 (yz-):   0 found -   0 modified     |    TOTAL:   3
pass   1 (xz+):   1 found -   1 modified     |    TOTAL:   4
pass   2 (xz+):   0 found -   1 modified     |    TOTAL:   4
pass   1 (xz-):   0 found -   0 modified     |    TOTAL:   4
Iteration Number : 2
pass   1 (+++):   0 found -   0 modified     |    TOTAL:   0
pass   1 (+++):   4 found -   4 modified     |    TOTAL:   4
pass   2 (+++):   0 found -   4 modified     |    TOTAL:   4
pass   1 (+++):   0 found -   0 modified     |    TOTAL:   4
pass   1 (+++):   0 found -   0 modified     |    TOTAL:   4
Iteration Number : 2
pass   1 (++):   0 found -   0 modified     |    TOTAL:   0
pass   1 (+-):   0 found -   0 modified     |    TOTAL:   0
pass   1 (--):   1 found -   1 modified     |    TOTAL:   1
pass   2 (--):   0 found -   1 modified     |    TOTAL:   1
pass   1 (-+):   0 found -   0 modified     |    TOTAL:   1
Iteration Number : 3
pass   1 (xy+):   0 found -   0 modified     |    TOTAL:   0
pass   1 (xy-):   0 found -   0 modified     |    TOTAL:   0
pass   1 (yz+):   0 found -   0 modified     |    TOTAL:   0
pass   1 (yz-):   1 found -   1 modified     |    TOTAL:   1
pass   2 (yz-):   0 found -   1 modified     |    TOTAL:   1
pass   1 (xz+):   0 found -   0 modified     |    TOTAL:   1
pass   1 (xz-):   0 found -   0 modified     |    TOTAL:   1
Iteration Number : 3
pass   1 (+++):   0 found -   0 modified     |    TOTAL:   0
pass   1 (+++):   0 found -   0 modified     |    TOTAL:   0
pass   1 (+++):   0 found -   0 modified     |    TOTAL:   0
pass   1 (+++):   0 found -   0 modified     |    TOTAL:   0
Iteration Number : 3
pass   1 (++):   0 found -   0 modified     |    TOTAL:   0
pass   1 (+-):   0 found -   0 modified     |    TOTAL:   0
pass   1 (--):   0 found -   0 modified     |    TOTAL:   0
pass   1 (-+):   0 found -   0 modified     |    TOTAL:   0
Iteration Number : 4
pass   1 (xy+):   0 found -   0 modified     |    TOTAL:   0
pass   1 (xy-):   0 found -   0 modified     |    TOTAL:   0
pass   1 (yz+):   0 found -   0 modified     |    TOTAL:   0
pass   1 (yz-):   0 found -   0 modified     |    TOTAL:   0
pass   1 (xz+):   0 found -   0 modified     |    TOTAL:   0
pass   1 (xz-):   0 found -   0 modified     |    TOTAL:   0
Iteration Number : 4
pass   1 (+++):   0 found -   0 modified     |    TOTAL:   0
pass   1 (+++):   0 found -   0 modified     |    TOTAL:   0
pass   1 (+++):   0 found -   0 modified     |    TOTAL:   0
pass   1 (+++):   0 found -   0 modified     |    TOTAL:   0
Iteration Number : 4
pass   1 (++):   0 found -   0 modified     |    TOTAL:   0
pass   1 (+-):   0 found -   0 modified     |    TOTAL:   0
pass   1 (--):   0 found -   0 modified     |    TOTAL:   0
pass   1 (-+):   0 found -   0 modified     |    TOTAL:   0

Total Number of Modified Voxels = 606 (out of 531338: 0.114052)
binarizing input wm segmentation...
Ambiguous edge configurations... 

mri_pretess done

#--------------------------------------------
#@# Fill Sat Mar  7 02:16:08 CET 2026
/out/sourcedata/freesurfer/sub-v1s18x0051229_ses-1/mri

 mri_fill -a ../scripts/ponscc.cut.log -xform transforms/talairach.lta -segmentation aseg.presurf.mgz -ctab /opt/freesurfer/SubCorticalMassLUT.txt wm.mgz filled.mgz 

logging cutting plane coordinates to ../scripts/ponscc.cut.log...
INFO: Using transforms/talairach.lta and its offset for Talairach volume ...
using segmentation aseg.presurf.mgz...
reading input volume...done.
searching for cutting planes...voxel to talairach voxel transform
 1.09745   0.01930  -0.00417  -18.56760;
-0.01839   1.08765   0.25716  -31.99701;
 0.00944  -0.19629   1.01865   8.76548;
 0.00000   0.00000   0.00000   1.00000;
voxel to talairach voxel transform
 1.09745   0.01930  -0.00417  -18.56760;
-0.01839   1.08765   0.25716  -31.99701;
 0.00944  -0.19629   1.01865   8.76548;
 0.00000   0.00000   0.00000   1.00000;
reading segmented volume aseg.presurf.mgz
removing CC from segmentation
Looking for area (min, max) = (350, 1400)
area[0] = 1332 (min = 350, max = 1400), aspect = 0.59 (min = 0.10, max = 0.75)
no need to search
using seed (126, 111, 95), TAL = (2.0, -33.0, 17.0)
talairach voxel to voxel transform
 0.91089  -0.01481   0.00747   16.37363;
 0.01664   0.87908  -0.22185   30.38162;
-0.00523   0.16953   0.93887  -2.90222;
 0.00000   0.00000   0.00000   1.00000;
segmentation indicates cc at (126,  111,  95) --> (2.0, -33.0, 17.0)
done.
filling took 0.6 minutes
talairach cc position changed to (2.00, -33.00, 17.00)
Erasing brainstem...done.
seed_search_size = 9, min_neighbors = 5
search rh wm seed point around talairach space:(20.00, -33.00, 17.00) SRC: (113.81, 108.68, 104.54)
search lh wm seed point around talairach space (-16.00, -33.00, 17.00), SRC: (146.61, 109.28, 104.36)
compute mri_fill using aseg
Erasing Brain Stem and Cerebellum ...
Define left and right masks using aseg:
Building Voronoi diagram ...
Using the Voronoi diagram for separating WM into two hemispheres ...
Find the largest connected component for each hemisphere ...
Embedding colortable
mri_fill done, writing output to filled.mgz...
 cp filled.mgz filled.auto.mgz

Started at Sat Mar 7 01:11:33 CET 2026 
Ended   at Sat Mar 7 02:16:47 CET 2026
#@#%# recon-all-run-time-hours 1.087
recon-all -s sub-v1s18x0051229_ses-1 finished without error at Sat Mar  7 02:16:47 CET 2026



#New# invocation of recon-all 




Sat Mar  7 02:54:17 CET 2026
cd /out/sourcedata/freesurfer/sub-v1s18x0051229_ses-1
setenv SUBJECTS_DIR /out/sourcedata/freesurfer
/opt/freesurfer/bin/recon-all -parallel -subjid sub-v1s18x0051229_ses-1 -sd /out/sourcedata/freesurfer -cortribbon

subjid sub-v1s18x0051229_ses-1
setenv SUBJECTS_DIR /out/sourcedata/freesurfer
FREESURFER_HOME /opt/freesurfer
Actual FREESURFER_HOME /opt/freesurfer
build-stamp.txt: freesurfer-linux-ubuntu22_x86_64-7.3.2-20220804-6354275
Linux dna078 5.14.0-427.37.1.el9_4.x86_64 #1 SMP PREEMPT_DYNAMIC Fri Sep 13 12:41:50 EDT 2024 x86_64 x86_64 x86_64 GNU/Linux
cputime      unlimited
filesize     unlimited
datasize     unlimited
stacksize    8192 kbytes
coredumpsize 0 kbytes
memoryuse    67108864 kbytes
vmemoryuse   unlimited
descriptors  1024 
memorylocked unlimited
maxproc      2061970 
maxlocks     unlimited
maxsignal    2062029 
maxmessage   819200 
maxnice      0 
maxrtprio    0 
maxrttime    unlimited

               total        used        free      shared  buff/cache   available
Mem:           503Gi        47Gi       406Gi       6.3Gi        49Gi       446Gi
Swap:             0B          0B          0B

########################################
program versions used
7.3.2 (freesurfer-linux-ubuntu22_x86_64-7.3.2-20220804-6354275)
7.3.2

ProgramName: lta_convert  ProgramArguments: lta_convert -all-info  ProgramVersion: 7.3.2  TimeStamp: 2026/03/07-01:54:17-GMT  BuildTime: Aug  4 2022 06:17:15  BuildStamp: freesurfer-linux-ubuntu22_x86_64-7.3.2-20220804-6354275  User: oesteban  Machine: dna078  Platform: Linux  PlatformVersion: 5.14.0-427.37.1.el9_4.x86_64  CompilerName: GCC  CompilerVersion: 8.4.0
ProgramName: mri_and  ProgramArguments: mri_and -all-info  ProgramVersion: 7.3.2  TimeStamp: 2026/03/07-01:54:17-GMT  BuildTime: Aug  4 2022 06:17:15  BuildStamp: freesurfer-linux-ubuntu22_x86_64-7.3.2-20220804-6354275  User: oesteban  Machine: dna078  Platform: Linux  PlatformVersion: 5.14.0-427.37.1.el9_4.x86_64  CompilerName: GCC  CompilerVersion: 8.4.0
ProgramName: mri_annotation2label  ProgramArguments: mri_annotation2label -all-info  ProgramVersion: 7.3.2  TimeStamp: 2026/03/07-01:54:17-GMT  BuildTime: Aug  4 2022 06:17:15  BuildStamp: freesurfer-linux-ubuntu22_x86_64-7.3.2-20220804-6354275  User: oesteban  Machine: dna078  Platform: Linux  PlatformVersion: 5.14.0-427.37.1.el9_4.x86_64  CompilerName: GCC  CompilerVersion: 8.4.0
ProgramName: mri_aparc2aseg  ProgramArguments: mri_aparc2aseg -all-info  ProgramVersion: 7.3.2  TimeStamp: 2026/03/07-01:54:17-GMT  BuildTime: Aug  4 2022 06:17:15  BuildStamp: freesurfer-linux-ubuntu22_x86_64-7.3.2-20220804-6354275  User: oesteban  Machine: dna078  Platform: Linux  PlatformVersion: 5.14.0-427.37.1.el9_4.x86_64  CompilerName: GCC  CompilerVersion: 8.4.0
ProgramName: mri_surf2volseg  ProgramArguments: mri_surf2volseg -all-info  ProgramVersion: 7.3.2  TimeStamp: 2026/03/07-01:54:17-GMT  BuildTime: Aug  4 2022 06:17:15  BuildStamp: freesurfer-linux-ubuntu22_x86_64-7.3.2-20220804-6354275  User: oesteban  Machine: dna078  Platform: Linux  PlatformVersion: 5.14.0-427.37.1.el9_4.x86_64  CompilerName: GCC  CompilerVersion: 8.4.0
ProgramName: mri_binarize  ProgramArguments: mri_binarize -all-info  ProgramVersion: 7.3.2  TimeStamp: 2026/03/07-01:54:17-GMT  BuildTime: Aug  4 2022 06:17:15  BuildStamp: freesurfer-linux-ubuntu22_x86_64-7.3.2-20220804-6354275  User: oesteban  Machine: dna078  Platform: Linux  PlatformVersion: 5.14.0-427.37.1.el9_4.x86_64  CompilerName: GCC  CompilerVersion: 8.4.0
ProgramName: mri_ca_label  ProgramArguments: mri_ca_label -all-info  ProgramVersion: 7.3.2  TimeStamp: 2026/03/07-01:54:17-GMT  BuildTime: Aug  4 2022 06:17:15  BuildStamp: freesurfer-linux-ubuntu22_x86_64-7.3.2-20220804-6354275  User: oesteban  Machine: dna078  Platform: Linux  PlatformVersion: 5.14.0-427.37.1.el9_4.x86_64  CompilerName: GCC  CompilerVersion: 8.4.0
ProgramName: mri_ca_normalize  ProgramArguments: mri_ca_normalize -all-info  ProgramVersion: 7.3.2  TimeStamp: 2026/03/07-01:54:17-GMT  BuildTime: Aug  4 2022 06:17:15  BuildStamp: freesurfer-linux-ubuntu22_x86_64-7.3.2-20220804-6354275  User: oesteban  Machine: dna078  Platform: Linux  PlatformVersion: 5.14.0-427.37.1.el9_4.x86_64  CompilerName: GCC  CompilerVersion: 8.4.0
ProgramName: mri_ca_register  ProgramArguments: mri_ca_register -all-info  ProgramVersion: 7.3.2  TimeStamp: 2026/03/07-01:54:17-GMT  BuildTime: Aug  4 2022 06:17:15  BuildStamp: freesurfer-linux-ubuntu22_x86_64-7.3.2-20220804-6354275  User: oesteban  Machine: dna078  Platform: Linux  PlatformVersion: 5.14.0-427.37.1.el9_4.x86_64  CompilerName: GCC  CompilerVersion: 8.4.0
ProgramName: mri_cc  ProgramArguments: mri_cc -all-info  ProgramVersion: 7.3.2  TimeStamp: 2026/03/07-01:54:17-GMT  BuildTime: Aug  4 2022 06:17:15  BuildStamp: freesurfer-linux-ubuntu22_x86_64-7.3.2-20220804-6354275  User: oesteban  Machine: dna078  Platform: Linux  PlatformVersion: 5.14.0-427.37.1.el9_4.x86_64  CompilerName: GCC  CompilerVersion: 8.4.0
ProgramName: mri_compute_overlap  ProgramArguments: mri_compute_overlap -all-info  ProgramVersion: 7.3.2  TimeStamp: 2026/03/07-01:54:17-GMT  BuildTime: Aug  4 2022 06:17:15  BuildStamp: freesurfer-linux-ubuntu22_x86_64-7.3.2-20220804-6354275  User: oesteban  Machine: dna078  Platform: Linux  PlatformVersion: 5.14.0-427.37.1.el9_4.x86_64  CompilerName: GCC  CompilerVersion: 8.4.0
ProgramName: mri_compute_seg_overlap  ProgramArguments: mri_compute_seg_overlap -all-info  ProgramVersion: 7.3.2  TimeStamp: 2026/03/07-01:54:17-GMT  BuildTime: Aug  4 2022 06:17:15  BuildStamp: freesurfer-linux-ubuntu22_x86_64-7.3.2-20220804-6354275  User: oesteban  Machine: dna078  Platform: Linux  PlatformVersion: 5.14.0-427.37.1.el9_4.x86_64  CompilerName: GCC  CompilerVersion: 8.4.0
ProgramName: mri_concat  ProgramArguments: mri_concat -all-info  ProgramVersion: 7.3.2  TimeStamp: 2026/03/07-01:54:17-GMT  BuildTime: Aug  4 2022 06:17:15  BuildStamp: freesurfer-linux-ubuntu22_x86_64-7.3.2-20220804-6354275  User: oesteban  Machine: dna078  Platform: Linux  PlatformVersion: 5.14.0-427.37.1.el9_4.x86_64  CompilerName: GCC  CompilerVersion: 8.4.0
ProgramName: mri_concatenate_lta  ProgramArguments: mri_concatenate_lta -all-info  ProgramVersion: 7.3.2  TimeStamp: 2026/03/07-01:54:17-GMT  BuildTime: Aug  4 2022 06:17:15  BuildStamp: freesurfer-linux-ubuntu22_x86_64-7.3.2-20220804-6354275  User: oesteban  Machine: dna078  Platform: Linux  PlatformVersion: 5.14.0-427.37.1.el9_4.x86_64  CompilerName: GCC  CompilerVersion: 8.4.0
mri_convert -all-info 
ProgramName: mri_convert  ProgramArguments: mri_convert -all-info  ProgramVersion: 7.3.2  TimeStamp: 2026/03/07-01:54:17-GMT  BuildTime: Aug  4 2022 06:17:15  BuildStamp: freesurfer-linux-ubuntu22_x86_64-7.3.2-20220804-6354275  User: oesteban  Machine: dna078  Platform: Linux  PlatformVersion: 5.14.0-427.37.1.el9_4.x86_64  CompilerName: GCC  CompilerVersion: 8.4.0
ProgramName: mri_diff  ProgramArguments: mri_diff -all-info  ProgramVersion: 7.3.2  TimeStamp: 2026/03/07-01:54:17-GMT  BuildTime: Aug  4 2022 06:17:15  BuildStamp: freesurfer-linux-ubuntu22_x86_64-7.3.2-20220804-6354275  User: oesteban  Machine: dna078  Platform: Linux  PlatformVersion: 5.14.0-427.37.1.el9_4.x86_64  CompilerName: GCC  CompilerVersion: 8.4.0
ProgramName: mri_edit_wm_with_aseg  ProgramArguments: mri_edit_wm_with_aseg -all-info  ProgramVersion: 7.3.2  TimeStamp: 2026/03/07-01:54:17-GMT  BuildTime: Aug  4 2022 06:17:15  BuildStamp: freesurfer-linux-ubuntu22_x86_64-7.3.2-20220804-6354275  User: oesteban  Machine: dna078  Platform: Linux  PlatformVersion: 5.14.0-427.37.1.el9_4.x86_64  CompilerName: GCC  CompilerVersion: 8.4.0
ProgramName: mri_em_register  ProgramArguments: mri_em_register -all-info  ProgramVersion: 7.3.2  TimeStamp: 2026/03/07-01:54:17-GMT  BuildTime: Aug  4 2022 06:17:15  BuildStamp: freesurfer-linux-ubuntu22_x86_64-7.3.2-20220804-6354275  User: oesteban  Machine: dna078  Platform: Linux  PlatformVersion: 5.14.0-427.37.1.el9_4.x86_64  CompilerName: GCC  CompilerVersion: 8.4.0
ProgramName: mri_fill  ProgramArguments: mri_fill -all-info  ProgramVersion: 7.3.2  TimeStamp: 2026/03/07-01:54:17-GMT  BuildTime: Aug  4 2022 06:17:15  BuildStamp: freesurfer-linux-ubuntu22_x86_64-7.3.2-20220804-6354275  User: oesteban  Machine: dna078  Platform: Linux  PlatformVersion: 5.14.0-427.37.1.el9_4.x86_64  CompilerName: GCC  CompilerVersion: 8.4.0
ProgramName: mri_fuse_segmentations  ProgramArguments: mri_fuse_segmentations -all-info  ProgramVersion: 7.3.2  TimeStamp: 2026/03/07-01:54:17-GMT  BuildTime: Aug  4 2022 06:17:15  BuildStamp: freesurfer-linux-ubuntu22_x86_64-7.3.2-20220804-6354275  User: oesteban  Machine: dna078  Platform: Linux  PlatformVersion: 5.14.0-427.37.1.el9_4.x86_64  CompilerName: GCC  CompilerVersion: 8.4.0
ProgramName: mri_fwhm  ProgramArguments: mri_fwhm -all-info  ProgramVersion: 7.3.2  TimeStamp: 2026/03/07-01:54:17-GMT  BuildTime: Aug  4 2022 06:17:15  BuildStamp: freesurfer-linux-ubuntu22_x86_64-7.3.2-20220804-6354275  User: oesteban  Machine: dna078  Platform: Linux  PlatformVersion: 5.14.0-427.37.1.el9_4.x86_64  CompilerName: GCC  CompilerVersion: 8.4.0
ProgramName: mri_gcut  ProgramArguments: mri_gcut -all-info  ProgramVersion: 7.3.2  TimeStamp: 2026/03/07-01:54:17-GMT  BuildTime: Aug  4 2022 06:17:15  BuildStamp: freesurfer-linux-ubuntu22_x86_64-7.3.2-20220804-6354275  User: oesteban  Machine: dna078  Platform: Linux  PlatformVersion: 5.14.0-427.37.1.el9_4.x86_64  CompilerName: GCC  CompilerVersion: 8.4.0
ProgramName: mri_info  ProgramArguments: mri_info -all-info  ProgramVersion: 7.3.2  TimeStamp: 2026/03/07-01:54:17-GMT  BuildTime: Aug  4 2022 06:17:15  BuildStamp: freesurfer-linux-ubuntu22_x86_64-7.3.2-20220804-6354275  User: oesteban  Machine: dna078  Platform: Linux  PlatformVersion: 5.14.0-427.37.1.el9_4.x86_64  CompilerName: GCC  CompilerVersion: 8.4.0
ProgramName: mri_label2label  ProgramArguments: mri_label2label -all-info  ProgramVersion: 7.3.2  TimeStamp: 2026/03/07-01:54:17-GMT  BuildTime: Aug  4 2022 06:17:15  BuildStamp: freesurfer-linux-ubuntu22_x86_64-7.3.2-20220804-6354275  User: oesteban  Machine: dna078  Platform: Linux  PlatformVersion: 5.14.0-427.37.1.el9_4.x86_64  CompilerName: GCC  CompilerVersion: 8.4.0
ProgramName: mri_label2vol  ProgramArguments: mri_label2vol -all-info  ProgramVersion: 7.3.2  TimeStamp: 2026/03/07-01:54:17-GMT  BuildTime: Aug  4 2022 06:17:15  BuildStamp: freesurfer-linux-ubuntu22_x86_64-7.3.2-20220804-6354275  User: oesteban  Machine: dna078  Platform: Linux  PlatformVersion: 5.14.0-427.37.1.el9_4.x86_64  CompilerName: GCC  CompilerVersion: 8.4.0
ProgramName: mri_log_likelihood  ProgramArguments: mri_log_likelihood -all-info  ProgramVersion: 7.3.2  TimeStamp: 2026/03/07-01:54:17-GMT  BuildTime: Aug  4 2022 06:17:15  BuildStamp: freesurfer-linux-ubuntu22_x86_64-7.3.2-20220804-6354275  User: oesteban  Machine: dna078  Platform: Linux  PlatformVersion: 5.14.0-427.37.1.el9_4.x86_64  CompilerName: GCC  CompilerVersion: 8.4.0
ProgramName: mri_mask  ProgramArguments: mri_mask -all-info  ProgramVersion: 7.3.2  TimeStamp: 2026/03/07-01:54:17-GMT  BuildTime: Aug  4 2022 06:17:15  BuildStamp: freesurfer-linux-ubuntu22_x86_64-7.3.2-20220804-6354275  User: oesteban  Machine: dna078  Platform: Linux  PlatformVersion: 5.14.0-427.37.1.el9_4.x86_64  CompilerName: GCC  CompilerVersion: 8.4.0
ProgramName: mri_matrix_multiply  ProgramArguments: mri_matrix_multiply -all-info  ProgramVersion: 7.3.2  TimeStamp: 2026/03/07-01:54:17-GMT  BuildTime: Aug  4 2022 06:17:15  BuildStamp: freesurfer-linux-ubuntu22_x86_64-7.3.2-20220804-6354275  User: oesteban  Machine: dna078  Platform: Linux  PlatformVersion: 5.14.0-427.37.1.el9_4.x86_64  CompilerName: GCC  CompilerVersion: 8.4.0
ProgramName: mri_normalize  ProgramArguments: mri_normalize -all-info  ProgramVersion: 7.3.2  TimeStamp: 2026/03/07-01:54:17-GMT  BuildTime: Aug  4 2022 06:17:15  BuildStamp: freesurfer-linux-ubuntu22_x86_64-7.3.2-20220804-6354275  User: oesteban  Machine: dna078  Platform: Linux  PlatformVersion: 5.14.0-427.37.1.el9_4.x86_64  CompilerName: GCC  CompilerVersion: 8.4.0
ProgramName: mri_normalize_tp2  ProgramArguments: mri_normalize_tp2 -all-info  ProgramVersion: 7.3.2  TimeStamp: 2026/03/07-01:54:17-GMT  BuildTime: Aug  4 2022 06:17:15  BuildStamp: freesurfer-linux-ubuntu22_x86_64-7.3.2-20220804-6354275  User: oesteban  Machine: dna078  Platform: Linux  PlatformVersion: 5.14.0-427.37.1.el9_4.x86_64  CompilerName: GCC  CompilerVersion: 8.4.0
ProgramName: mri_or  ProgramArguments: mri_or -all-info  ProgramVersion: 7.3.2  TimeStamp: 2026/03/07-01:54:17-GMT  BuildTime: Aug  4 2022 06:17:15  BuildStamp: freesurfer-linux-ubuntu22_x86_64-7.3.2-20220804-6354275  User: oesteban  Machine: dna078  Platform: Linux  PlatformVersion: 5.14.0-427.37.1.el9_4.x86_64  CompilerName: GCC  CompilerVersion: 8.4.0
ProgramName: mri_relabel_hypointensities  ProgramArguments: mri_relabel_hypointensities -all-info  ProgramVersion: 7.3.2  TimeStamp: 2026/03/07-01:54:17-GMT  BuildTime: Aug  4 2022 06:17:15  BuildStamp: freesurfer-linux-ubuntu22_x86_64-7.3.2-20220804-6354275  User: oesteban  Machine: dna078  Platform: Linux  PlatformVersion: 5.14.0-427.37.1.el9_4.x86_64  CompilerName: GCC  CompilerVersion: 8.4.0
ProgramName: mri_relabel_nonwm_hypos  ProgramArguments: mri_relabel_nonwm_hypos -all-info  ProgramVersion: 7.3.2  TimeStamp: 2026/03/07-01:54:17-GMT  BuildTime: Aug  4 2022 06:17:15  BuildStamp: freesurfer-linux-ubuntu22_x86_64-7.3.2-20220804-6354275  User: oesteban  Machine: dna078  Platform: Linux  PlatformVersion: 5.14.0-427.37.1.el9_4.x86_64  CompilerName: GCC  CompilerVersion: 8.4.0
ProgramName: mri_remove_neck  ProgramArguments: mri_remove_neck -all-info  ProgramVersion: 7.3.2  TimeStamp: 2026/03/07-01:54:17-GMT  BuildTime: Aug  4 2022 06:17:15  BuildStamp: freesurfer-linux-ubuntu22_x86_64-7.3.2-20220804-6354275  User: oesteban  Machine: dna078  Platform: Linux  PlatformVersion: 5.14.0-427.37.1.el9_4.x86_64  CompilerName: GCC  CompilerVersion: 8.4.0
7.3.2

ProgramName: mri_robust_register  ProgramArguments: mri_robust_register -all-info  ProgramVersion: 7.3.2  TimeStamp: 2026/03/07-01:54:17-GMT  BuildTime: Aug  4 2022 06:17:15  BuildStamp: freesurfer-linux-ubuntu22_x86_64-7.3.2-20220804-6354275  User: oesteban  Machine: dna078  Platform: Linux  PlatformVersion: 5.14.0-427.37.1.el9_4.x86_64  CompilerName: GCC  CompilerVersion: 8.4.0
7.3.2

ProgramName: mri_robust_template  ProgramArguments: mri_robust_template -all-info  ProgramVersion: 7.3.2  TimeStamp: 2026/03/07-01:54:17-GMT  BuildTime: Aug  4 2022 06:17:15  BuildStamp: freesurfer-linux-ubuntu22_x86_64-7.3.2-20220804-6354275  User: oesteban  Machine: dna078  Platform: Linux  PlatformVersion: 5.14.0-427.37.1.el9_4.x86_64  CompilerName: GCC  CompilerVersion: 8.4.0
ProgramName: mris_anatomical_stats  ProgramArguments: mris_anatomical_stats -all-info  ProgramVersion: 7.3.2  TimeStamp: 2026/03/07-01:54:17-GMT  BuildTime: Aug  4 2022 06:17:15  BuildStamp: freesurfer-linux-ubuntu22_x86_64-7.3.2-20220804-6354275  User: oesteban  Machine: dna078  Platform: Linux  PlatformVersion: 5.14.0-427.37.1.el9_4.x86_64  CompilerName: GCC  CompilerVersion: 8.4.0
ProgramName: mris_ca_label  ProgramArguments: mris_ca_label -all-info  ProgramVersion: 7.3.2  TimeStamp: 2026/03/07-01:54:17-GMT  BuildTime: Aug  4 2022 06:17:15  BuildStamp: freesurfer-linux-ubuntu22_x86_64-7.3.2-20220804-6354275  User: oesteban  Machine: dna078  Platform: Linux  PlatformVersion: 5.14.0-427.37.1.el9_4.x86_64  CompilerName: GCC  CompilerVersion: 8.4.0
ProgramName: mris_calc  ProgramArguments: mris_calc -all-info  ProgramVersion: 7.3.2  TimeStamp: 2026/03/07-01:54:17-GMT  BuildTime: Aug  4 2022 06:17:15  BuildStamp: freesurfer-linux-ubuntu22_x86_64-7.3.2-20220804-6354275  User: oesteban  Machine: dna078  Platform: Linux  PlatformVersion: 5.14.0-427.37.1.el9_4.x86_64  CompilerName: GCC  CompilerVersion: 8.4.0
ProgramName: mris_convert  ProgramArguments: mris_convert -all-info  ProgramVersion: 7.3.2  TimeStamp: 2026/03/07-01:54:17-GMT  BuildTime: Aug  4 2022 06:17:15  BuildStamp: freesurfer-linux-ubuntu22_x86_64-7.3.2-20220804-6354275  User: oesteban  Machine: dna078  Platform: Linux  PlatformVersion: 5.14.0-427.37.1.el9_4.x86_64  CompilerName: GCC  CompilerVersion: 8.4.0
ProgramName: mris_curvature  ProgramArguments: mris_curvature -all-info  ProgramVersion: 7.3.2  TimeStamp: 2026/03/07-01:54:17-GMT  BuildTime: Aug  4 2022 06:17:15  BuildStamp: freesurfer-linux-ubuntu22_x86_64-7.3.2-20220804-6354275  User: oesteban  Machine: dna078  Platform: Linux  PlatformVersion: 5.14.0-427.37.1.el9_4.x86_64  CompilerName: GCC  CompilerVersion: 8.4.0
ProgramName: mris_curvature_stats  ProgramArguments: mris_curvature_stats -all-info  ProgramVersion: 7.3.2  TimeStamp: 2026/03/07-01:54:17-GMT  BuildTime: Aug  4 2022 06:17:15  BuildStamp: freesurfer-linux-ubuntu22_x86_64-7.3.2-20220804-6354275  User: oesteban  Machine: dna078  Platform: Linux  PlatformVersion: 5.14.0-427.37.1.el9_4.x86_64  CompilerName: GCC  CompilerVersion: 8.4.0
ProgramName: mris_diff  ProgramArguments: mris_diff -all-info  ProgramVersion: 7.3.2  TimeStamp: 2026/03/07-01:54:17-GMT  BuildTime: Aug  4 2022 06:17:15  BuildStamp: freesurfer-linux-ubuntu22_x86_64-7.3.2-20220804-6354275  User: oesteban  Machine: dna078  Platform: Linux  PlatformVersion: 5.14.0-427.37.1.el9_4.x86_64  CompilerName: GCC  CompilerVersion: 8.4.0
ProgramName: mris_divide_parcellation  ProgramArguments: mris_divide_parcellation -all-info  ProgramVersion: 7.3.2  TimeStamp: 2026/03/07-01:54:17-GMT  BuildTime: Aug  4 2022 06:17:15  BuildStamp: freesurfer-linux-ubuntu22_x86_64-7.3.2-20220804-6354275  User: oesteban  Machine: dna078  Platform: Linux  PlatformVersion: 5.14.0-427.37.1.el9_4.x86_64  CompilerName: GCC  CompilerVersion: 8.4.0
ProgramName: mri_segment  ProgramArguments: mri_segment -all-info  ProgramVersion: 7.3.2  TimeStamp: 2026/03/07-01:54:17-GMT  BuildTime: Aug  4 2022 06:17:15  BuildStamp: freesurfer-linux-ubuntu22_x86_64-7.3.2-20220804-6354275  User: oesteban  Machine: dna078  Platform: Linux  PlatformVersion: 5.14.0-427.37.1.el9_4.x86_64  CompilerName: GCC  CompilerVersion: 8.4.0
ProgramName: mri_segstats  ProgramArguments: mri_segstats -all-info  ProgramVersion: 7.3.2  TimeStamp: 2026/03/07-01:54:17-GMT  BuildTime: Aug  4 2022 06:17:15  BuildStamp: freesurfer-linux-ubuntu22_x86_64-7.3.2-20220804-6354275  User: oesteban  Machine: dna078  Platform: Linux  PlatformVersion: 5.14.0-427.37.1.el9_4.x86_64  CompilerName: GCC  CompilerVersion: 8.4.0
ProgramName: mris_euler_number  ProgramArguments: mris_euler_number -all-info  ProgramVersion: 7.3.2  TimeStamp: 2026/03/07-01:54:17-GMT  BuildTime: Aug  4 2022 06:17:15  BuildStamp: freesurfer-linux-ubuntu22_x86_64-7.3.2-20220804-6354275  User: oesteban  Machine: dna078  Platform: Linux  PlatformVersion: 5.14.0-427.37.1.el9_4.x86_64  CompilerName: GCC  CompilerVersion: 8.4.0
ProgramName: mris_fix_topology  ProgramArguments: mris_fix_topology -all-info  ProgramVersion: 7.3.2  TimeStamp: 2026/03/07-01:54:17-GMT  BuildTime: Aug  4 2022 06:17:15  BuildStamp: freesurfer-linux-ubuntu22_x86_64-7.3.2-20220804-6354275  User: oesteban  Machine: dna078  Platform: Linux  PlatformVersion: 5.14.0-427.37.1.el9_4.x86_64  CompilerName: GCC  CompilerVersion: 8.4.0
ProgramName: mris_topo_fixer  ProgramArguments: mris_topo_fixer -all-info  ProgramVersion: 7.3.2  TimeStamp: 2026/03/07-01:54:17-GMT  BuildTime: Aug  4 2022 06:17:15  BuildStamp: freesurfer-linux-ubuntu22_x86_64-7.3.2-20220804-6354275  User: oesteban  Machine: dna078  Platform: Linux  PlatformVersion: 5.14.0-427.37.1.el9_4.x86_64  CompilerName: GCC  CompilerVersion: 8.4.0
ProgramName: mris_jacobian  ProgramArguments: mris_jacobian -all-info  ProgramVersion: 7.3.2  TimeStamp: 2026/03/07-01:54:17-GMT  BuildTime: Aug  4 2022 06:17:15  BuildStamp: freesurfer-linux-ubuntu22_x86_64-7.3.2-20220804-6354275  User: oesteban  Machine: dna078  Platform: Linux  PlatformVersion: 5.14.0-427.37.1.el9_4.x86_64  CompilerName: GCC  CompilerVersion: 8.4.0
ProgramName: mris_label2annot  ProgramArguments: mris_label2annot -all-info  ProgramVersion: 7.3.2  TimeStamp: 2026/03/07-01:54:17-GMT  BuildTime: Aug  4 2022 06:17:15  BuildStamp: freesurfer-linux-ubuntu22_x86_64-7.3.2-20220804-6354275  User: oesteban  Machine: dna078  Platform: Linux  PlatformVersion: 5.14.0-427.37.1.el9_4.x86_64  CompilerName: GCC  CompilerVersion: 8.4.0
ProgramName: mris_left_right_register  ProgramArguments: mris_left_right_register -all-info  ProgramVersion: 7.3.2  TimeStamp: 2026/03/07-01:54:17-GMT  BuildTime: Aug  4 2022 06:17:15  BuildStamp: freesurfer-linux-ubuntu22_x86_64-7.3.2-20220804-6354275  User: oesteban  Machine: dna078  Platform: Linux  PlatformVersion: 5.14.0-427.37.1.el9_4.x86_64  CompilerName: GCC  CompilerVersion: 8.4.0
ProgramName: mris_place_surface  ProgramArguments: mris_place_surface -all-info  ProgramVersion: 7.3.2  TimeStamp: 2026/03/07-01:54:17-GMT  BuildTime: Aug  4 2022 06:17:15  BuildStamp: freesurfer-linux-ubuntu22_x86_64-7.3.2-20220804-6354275  User: oesteban  Machine: dna078  Platform: Linux  PlatformVersion: 5.14.0-427.37.1.el9_4.x86_64  CompilerName: GCC  CompilerVersion: 8.4.0
ProgramName: mrisp_paint  ProgramArguments: mrisp_paint -all-info  ProgramVersion: 7.3.2  TimeStamp: 2026/03/07-01:54:17-GMT  BuildTime: Aug  4 2022 06:17:15  BuildStamp: freesurfer-linux-ubuntu22_x86_64-7.3.2-20220804-6354275  User: oesteban  Machine: dna078  Platform: Linux  PlatformVersion: 5.14.0-427.37.1.el9_4.x86_64  CompilerName: GCC  CompilerVersion: 8.4.0
ProgramName: mris_register  ProgramArguments: mris_register -all-info  ProgramVersion: 7.3.2  TimeStamp: 2026/03/07-01:54:17-GMT  BuildTime: Aug  4 2022 06:17:15  BuildStamp: freesurfer-linux-ubuntu22_x86_64-7.3.2-20220804-6354275  User: oesteban  Machine: dna078  Platform: Linux  PlatformVersion: 5.14.0-427.37.1.el9_4.x86_64  CompilerName: GCC  CompilerVersion: 8.4.0
ProgramName: mris_smooth  ProgramArguments: mris_smooth -all-info  ProgramVersion: 7.3.2  TimeStamp: 2026/03/07-01:54:17-GMT  BuildTime: Aug  4 2022 06:17:15  BuildStamp: freesurfer-linux-ubuntu22_x86_64-7.3.2-20220804-6354275  User: oesteban  Machine: dna078  Platform: Linux  PlatformVersion: 5.14.0-427.37.1.el9_4.x86_64  CompilerName: GCC  CompilerVersion: 8.4.0
ProgramName: mris_sphere  ProgramArguments: mris_sphere -all-info  ProgramVersion: 7.3.2  TimeStamp: 2026/03/07-01:54:17-GMT  BuildTime: Aug  4 2022 06:17:15  BuildStamp: freesurfer-linux-ubuntu22_x86_64-7.3.2-20220804-6354275  User: oesteban  Machine: dna078  Platform: Linux  PlatformVersion: 5.14.0-427.37.1.el9_4.x86_64  CompilerName: GCC  CompilerVersion: 8.4.0
ProgramName: mris_surface_stats  ProgramArguments: mris_surface_stats -all-info  ProgramVersion: 7.3.2  TimeStamp: 2026/03/07-01:54:17-GMT  BuildTime: Aug  4 2022 06:17:15  BuildStamp: freesurfer-linux-ubuntu22_x86_64-7.3.2-20220804-6354275  User: oesteban  Machine: dna078  Platform: Linux  PlatformVersion: 5.14.0-427.37.1.el9_4.x86_64  CompilerName: GCC  CompilerVersion: 8.4.0
ProgramName: mri_stats2seg  ProgramArguments: mri_stats2seg -all-info  ProgramVersion: 7.3.2  TimeStamp: 2026/03/07-01:54:17-GMT  BuildTime: Aug  4 2022 06:17:15  BuildStamp: freesurfer-linux-ubuntu22_x86_64-7.3.2-20220804-6354275  User: oesteban  Machine: dna078  Platform: Linux  PlatformVersion: 5.14.0-427.37.1.el9_4.x86_64  CompilerName: GCC  CompilerVersion: 8.4.0
ProgramName: mris_thickness  ProgramArguments: mris_thickness -all-info  ProgramVersion: 7.3.2  TimeStamp: 2026/03/07-01:54:17-GMT  BuildTime: Aug  4 2022 06:17:15  BuildStamp: freesurfer-linux-ubuntu22_x86_64-7.3.2-20220804-6354275  User: oesteban  Machine: dna078  Platform: Linux  PlatformVersion: 5.14.0-427.37.1.el9_4.x86_64  CompilerName: GCC  CompilerVersion: 8.4.0
ProgramName: mris_thickness_diff  ProgramArguments: mris_thickness_diff -all-info  ProgramVersion: 7.3.2  TimeStamp: 2026/03/07-01:54:17-GMT  BuildTime: Aug  4 2022 06:17:15  BuildStamp: freesurfer-linux-ubuntu22_x86_64-7.3.2-20220804-6354275  User: oesteban  Machine: dna078  Platform: Linux  PlatformVersion: 5.14.0-427.37.1.el9_4.x86_64  CompilerName: GCC  CompilerVersion: 8.4.0
ProgramName: mris_topo_fixer  ProgramArguments: mris_topo_fixer -all-info  ProgramVersion: 7.3.2  TimeStamp: 2026/03/07-01:54:17-GMT  BuildTime: Aug  4 2022 06:17:15  BuildStamp: freesurfer-linux-ubuntu22_x86_64-7.3.2-20220804-6354275  User: oesteban  Machine: dna078  Platform: Linux  PlatformVersion: 5.14.0-427.37.1.el9_4.x86_64  CompilerName: GCC  CompilerVersion: 8.4.0
ProgramName: mri_surf2surf  ProgramArguments: mri_surf2surf -all-info  ProgramVersion: 7.3.2  TimeStamp: 2026/03/07-01:54:17-GMT  BuildTime: Aug  4 2022 06:17:15  BuildStamp: freesurfer-linux-ubuntu22_x86_64-7.3.2-20220804-6354275  User: oesteban  Machine: dna078  Platform: Linux  PlatformVersion: 5.14.0-427.37.1.el9_4.x86_64  CompilerName: GCC  CompilerVersion: 8.4.0
ProgramName: mri_surf2vol  ProgramArguments: mri_surf2vol -all-info  ProgramVersion: 7.3.2  TimeStamp: 2026/03/07-01:54:17-GMT  BuildTime: Aug  4 2022 06:17:15  BuildStamp: freesurfer-linux-ubuntu22_x86_64-7.3.2-20220804-6354275  User: oesteban  Machine: dna078  Platform: Linux  PlatformVersion: 5.14.0-427.37.1.el9_4.x86_64  CompilerName: GCC  CompilerVersion: 8.4.0
ProgramName: mri_surfcluster  ProgramArguments: mri_surfcluster -all-info  ProgramVersion: 7.3.2  TimeStamp: 2026/03/07-01:54:17-GMT  BuildTime: Aug  4 2022 06:17:15  BuildStamp: freesurfer-linux-ubuntu22_x86_64-7.3.2-20220804-6354275  User: oesteban  Machine: dna078  Platform: Linux  PlatformVersion: 5.14.0-427.37.1.el9_4.x86_64  CompilerName: GCC  CompilerVersion: 8.4.0
ProgramName: mris_volmask  ProgramArguments: mris_volmask -all-info  ProgramVersion: 7.3.2  TimeStamp: 2026/03/07-01:54:17-GMT  BuildTime: Aug  4 2022 06:17:15  BuildStamp: freesurfer-linux-ubuntu22_x86_64-7.3.2-20220804-6354275  User: oesteban  Machine: dna078  Platform: Linux  PlatformVersion: 5.14.0-427.37.1.el9_4.x86_64  CompilerName: GCC  CompilerVersion: 8.4.0
ProgramName: mri_tessellate  ProgramArguments: mri_tessellate -all-info  ProgramVersion: 7.3.2  TimeStamp: 2026/03/07-01:54:17-GMT  BuildTime: Aug  4 2022 06:17:15  BuildStamp: freesurfer-linux-ubuntu22_x86_64-7.3.2-20220804-6354275  User: oesteban  Machine: dna078  Platform: Linux  PlatformVersion: 5.14.0-427.37.1.el9_4.x86_64  CompilerName: GCC  CompilerVersion: 8.4.0
ProgramName: mri_vol2surf  ProgramArguments: mri_vol2surf -all-info  ProgramVersion: 7.3.2  TimeStamp: 2026/03/07-01:54:17-GMT  BuildTime: Aug  4 2022 06:17:15  BuildStamp: freesurfer-linux-ubuntu22_x86_64-7.3.2-20220804-6354275  User: oesteban  Machine: dna078  Platform: Linux  PlatformVersion: 5.14.0-427.37.1.el9_4.x86_64  CompilerName: GCC  CompilerVersion: 8.4.0
ProgramName: mri_vol2vol  ProgramArguments: mri_vol2vol -all-info  ProgramVersion: 7.3.2  TimeStamp: 2026/03/07-01:54:17-GMT  BuildTime: Aug  4 2022 06:17:15  BuildStamp: freesurfer-linux-ubuntu22_x86_64-7.3.2-20220804-6354275  User: oesteban  Machine: dna078  Platform: Linux  PlatformVersion: 5.14.0-427.37.1.el9_4.x86_64  CompilerName: GCC  CompilerVersion: 8.4.0
ProgramName: mri_voldiff  ProgramArguments: mri_voldiff -all-info  ProgramVersion: 7.3.2  TimeStamp: 2026/03/07-01:54:17-GMT  BuildTime: Aug  4 2022 06:17:15  BuildStamp: freesurfer-linux-ubuntu22_x86_64-7.3.2-20220804-6354275  User: oesteban  Machine: dna078  Platform: Linux  PlatformVersion: 5.14.0-427.37.1.el9_4.x86_64  CompilerName: GCC  CompilerVersion: 8.4.0
ProgramName: mri_watershed  ProgramArguments: mri_watershed -all-info  ProgramVersion: 7.3.2  TimeStamp: 2026/03/07-01:54:17-GMT  BuildTime: Aug  4 2022 06:17:15  BuildStamp: freesurfer-linux-ubuntu22_x86_64-7.3.2-20220804-6354275  User: oesteban  Machine: dna078  Platform: Linux  PlatformVersion: 5.14.0-427.37.1.el9_4.x86_64  CompilerName: GCC  CompilerVersion: 8.4.0
ProgramName: tkregister2  ProgramArguments: tkregister2_cmdl -all-info  ProgramVersion: 7.3.2  TimeStamp: 2026/03/07-01:54:17-GMT  BuildTime: Aug  4 2022 06:17:15  BuildStamp: freesurfer-linux-ubuntu22_x86_64-7.3.2-20220804-6354275  User: oesteban  Machine: dna078  Platform: Linux  PlatformVersion: 5.14.0-427.37.1.el9_4.x86_64  CompilerName: GCC  CompilerVersion: 8.4.0
mri_motion_correct.fsl 7.3.2
mri_convert -all-info 
ProgramName: mri_convert  ProgramArguments: mri_convert -all-info  ProgramVersion: 7.3.2  TimeStamp: 2026/03/07-01:54:17-GMT  BuildTime: Aug  4 2022 06:17:15  BuildStamp: freesurfer-linux-ubuntu22_x86_64-7.3.2-20220804-6354275  User: oesteban  Machine: dna078  Platform: Linux  PlatformVersion: 5.14.0-427.37.1.el9_4.x86_64  CompilerName: GCC  CompilerVersion: 8.4.0
Program nu_correct, built from:
Package MNI N3, version 1.12.0, compiled by nicks@terrier (x86_64-unknown-linux-gnu) on 2015-06-19 at 01:25:34
#######################################
GCADIR /opt/freesurfer/average
GCA RB_all_2020-01-02.gca
GCASkull RB_all_withskull_2020_01_02.gca
AvgCurvTif folding.atlas.acfb40.noaparc.i12.2016-08-02.tif
GCSDIR /opt/freesurfer/average
GCS DKaparc.atlas.acfb40.noaparc.i12.2016-08-02.gcs
#######################################
#@# white curv lh Sat Mar  7 02:54:17 CET 2026
cd /out/sourcedata/freesurfer/sub-v1s18x0051229_ses-1/mri
mris_place_surface --curv-map ../surf/lh.white 2 10 ../surf/lh.curv
   Update not needed
#@# white area lh Sat Mar  7 02:54:17 CET 2026
cd /out/sourcedata/freesurfer/sub-v1s18x0051229_ses-1/mri
mris_place_surface --area-map ../surf/lh.white ../surf/lh.area
   Update not needed
#@# pial curv lh Sat Mar  7 02:54:17 CET 2026
cd /out/sourcedata/freesurfer/sub-v1s18x0051229_ses-1/mri
mris_place_surface --curv-map ../surf/lh.pial 2 10 ../surf/lh.curv.pial
   Update not needed
#@# pial area lh Sat Mar  7 02:54:17 CET 2026
cd /out/sourcedata/freesurfer/sub-v1s18x0051229_ses-1/mri
mris_place_surface --area-map ../surf/lh.pial ../surf/lh.area.pial
   Update not needed
#@# thickness lh Sat Mar  7 02:54:17 CET 2026
cd /out/sourcedata/freesurfer/sub-v1s18x0051229_ses-1/mri
mris_place_surface --thickness ../surf/lh.white ../surf/lh.pial 20 5 ../surf/lh.thickness
   Update not needed
#@# area and vertex vol lh Sat Mar  7 02:54:17 CET 2026
cd /out/sourcedata/freesurfer/sub-v1s18x0051229_ses-1/mri
mris_place_surface --thickness ../surf/lh.white ../surf/lh.pial 20 5 ../surf/lh.thickness
   Update not needed
#@# white curv rh Sat Mar  7 02:54:17 CET 2026
cd /out/sourcedata/freesurfer/sub-v1s18x0051229_ses-1/mri
mris_place_surface --curv-map ../surf/rh.white 2 10 ../surf/rh.curv
   Update not needed
#@# white area rh Sat Mar  7 02:54:17 CET 2026
cd /out/sourcedata/freesurfer/sub-v1s18x0051229_ses-1/mri
mris_place_surface --area-map ../surf/rh.white ../surf/rh.area
   Update not needed
#@# pial curv rh Sat Mar  7 02:54:17 CET 2026
cd /out/sourcedata/freesurfer/sub-v1s18x0051229_ses-1/mri
mris_place_surface --curv-map ../surf/rh.pial 2 10 ../surf/rh.curv.pial
   Update not needed
#@# pial area rh Sat Mar  7 02:54:17 CET 2026
cd /out/sourcedata/freesurfer/sub-v1s18x0051229_ses-1/mri
mris_place_surface --area-map ../surf/rh.pial ../surf/rh.area.pial
   Update not needed
#@# thickness rh Sat Mar  7 02:54:17 CET 2026
cd /out/sourcedata/freesurfer/sub-v1s18x0051229_ses-1/mri
mris_place_surface --thickness ../surf/rh.white ../surf/rh.pial 20 5 ../surf/rh.thickness
   Update not needed
#@# area and vertex vol rh Sat Mar  7 02:54:17 CET 2026
cd /out/sourcedata/freesurfer/sub-v1s18x0051229_ses-1/mri
mris_place_surface --thickness ../surf/rh.white ../surf/rh.pial 20 5 ../surf/rh.thickness
   Update not needed
#--------------------------------------------
#@# Cortical ribbon mask Sat Mar  7 02:54:17 CET 2026
/out/sourcedata/freesurfer/sub-v1s18x0051229_ses-1/mri

 mris_volmask --aseg_name aseg.presurf --label_left_white 2 --label_left_ribbon 3 --label_right_white 41 --label_right_ribbon 42 --save_ribbon sub-v1s18x0051229_ses-1 

SUBJECTS_DIR is /out/sourcedata/freesurfer
loading input data...
Running hemis serially
Processing left hemi
computing distance to left white surface 
computing distance to left pial surface 
Processing right hemi
computing distance to right white surface 
computing distance to right pial surface 
 hemi masks overlap voxels = 786
writing volume /out/sourcedata/freesurfer/sub-v1s18x0051229_ses-1/mri/ribbon.mgz
mris_volmask took 4.39 minutes
 writing ribbon files

Started at Sat Mar 7 02:54:17 CET 2026 
Ended   at Sat Mar 7 02:58:41 CET 2026
#@#%# recon-all-run-time-hours 0.073
recon-all -s sub-v1s18x0051229_ses-1 finished without error at Sat Mar  7 02:58:41 CET 2026



#New# invocation of recon-all 




Sat Mar  7 03:03:51 CET 2026
cd /out/sourcedata/freesurfer/sub-v1s18x0051229_ses-1
setenv SUBJECTS_DIR /out/sourcedata/freesurfer
/opt/freesurfer/bin/recon-all -autorecon3 -openmp 16 -subjid sub-v1s18x0051229_ses-1 -sd /out/sourcedata/freesurfer -nosphere -nosurfreg -nojacobian_white -noavgcurv -nocortparc -nopial -noparcstats -nocortparc2 -noparcstats2 -nocortparc3 -noparcstats3 -nopctsurfcon -nocortribbon -nobalabels

subjid sub-v1s18x0051229_ses-1
setenv SUBJECTS_DIR /out/sourcedata/freesurfer
FREESURFER_HOME /opt/freesurfer
Actual FREESURFER_HOME /opt/freesurfer
build-stamp.txt: freesurfer-linux-ubuntu22_x86_64-7.3.2-20220804-6354275
Linux dna078 5.14.0-427.37.1.el9_4.x86_64 #1 SMP PREEMPT_DYNAMIC Fri Sep 13 12:41:50 EDT 2024 x86_64 x86_64 x86_64 GNU/Linux
cputime      unlimited
filesize     unlimited
datasize     unlimited
stacksize    8192 kbytes
coredumpsize 0 kbytes
memoryuse    67108864 kbytes
vmemoryuse   unlimited
descriptors  1024 
memorylocked unlimited
maxproc      2061970 
maxlocks     unlimited
maxsignal    2062029 
maxmessage   819200 
maxnice      0 
maxrtprio    0 
maxrttime    unlimited

               total        used        free      shared  buff/cache   available
Mem:           503Gi        49Gi       403Gi       6.3Gi        49Gi       444Gi
Swap:             0B          0B          0B

########################################
program versions used
7.3.2 (freesurfer-linux-ubuntu22_x86_64-7.3.2-20220804-6354275)
7.3.2

ProgramName: lta_convert  ProgramArguments: lta_convert -all-info  ProgramVersion: 7.3.2  TimeStamp: 2026/03/07-02:03:51-GMT  BuildTime: Aug  4 2022 06:17:15  BuildStamp: freesurfer-linux-ubuntu22_x86_64-7.3.2-20220804-6354275  User: oesteban  Machine: dna078  Platform: Linux  PlatformVersion: 5.14.0-427.37.1.el9_4.x86_64  CompilerName: GCC  CompilerVersion: 8.4.0
ProgramName: mri_and  ProgramArguments: mri_and -all-info  ProgramVersion: 7.3.2  TimeStamp: 2026/03/07-02:03:51-GMT  BuildTime: Aug  4 2022 06:17:15  BuildStamp: freesurfer-linux-ubuntu22_x86_64-7.3.2-20220804-6354275  User: oesteban  Machine: dna078  Platform: Linux  PlatformVersion: 5.14.0-427.37.1.el9_4.x86_64  CompilerName: GCC  CompilerVersion: 8.4.0
ProgramName: mri_annotation2label  ProgramArguments: mri_annotation2label -all-info  ProgramVersion: 7.3.2  TimeStamp: 2026/03/07-02:03:51-GMT  BuildTime: Aug  4 2022 06:17:15  BuildStamp: freesurfer-linux-ubuntu22_x86_64-7.3.2-20220804-6354275  User: oesteban  Machine: dna078  Platform: Linux  PlatformVersion: 5.14.0-427.37.1.el9_4.x86_64  CompilerName: GCC  CompilerVersion: 8.4.0
ProgramName: mri_aparc2aseg  ProgramArguments: mri_aparc2aseg -all-info  ProgramVersion: 7.3.2  TimeStamp: 2026/03/07-02:03:51-GMT  BuildTime: Aug  4 2022 06:17:15  BuildStamp: freesurfer-linux-ubuntu22_x86_64-7.3.2-20220804-6354275  User: oesteban  Machine: dna078  Platform: Linux  PlatformVersion: 5.14.0-427.37.1.el9_4.x86_64  CompilerName: GCC  CompilerVersion: 8.4.0
ProgramName: mri_surf2volseg  ProgramArguments: mri_surf2volseg -all-info  ProgramVersion: 7.3.2  TimeStamp: 2026/03/07-02:03:51-GMT  BuildTime: Aug  4 2022 06:17:15  BuildStamp: freesurfer-linux-ubuntu22_x86_64-7.3.2-20220804-6354275  User: oesteban  Machine: dna078  Platform: Linux  PlatformVersion: 5.14.0-427.37.1.el9_4.x86_64  CompilerName: GCC  CompilerVersion: 8.4.0
ProgramName: mri_binarize  ProgramArguments: mri_binarize -all-info  ProgramVersion: 7.3.2  TimeStamp: 2026/03/07-02:03:51-GMT  BuildTime: Aug  4 2022 06:17:15  BuildStamp: freesurfer-linux-ubuntu22_x86_64-7.3.2-20220804-6354275  User: oesteban  Machine: dna078  Platform: Linux  PlatformVersion: 5.14.0-427.37.1.el9_4.x86_64  CompilerName: GCC  CompilerVersion: 8.4.0
ProgramName: mri_ca_label  ProgramArguments: mri_ca_label -all-info  ProgramVersion: 7.3.2  TimeStamp: 2026/03/07-02:03:51-GMT  BuildTime: Aug  4 2022 06:17:15  BuildStamp: freesurfer-linux-ubuntu22_x86_64-7.3.2-20220804-6354275  User: oesteban  Machine: dna078  Platform: Linux  PlatformVersion: 5.14.0-427.37.1.el9_4.x86_64  CompilerName: GCC  CompilerVersion: 8.4.0
ProgramName: mri_ca_normalize  ProgramArguments: mri_ca_normalize -all-info  ProgramVersion: 7.3.2  TimeStamp: 2026/03/07-02:03:51-GMT  BuildTime: Aug  4 2022 06:17:15  BuildStamp: freesurfer-linux-ubuntu22_x86_64-7.3.2-20220804-6354275  User: oesteban  Machine: dna078  Platform: Linux  PlatformVersion: 5.14.0-427.37.1.el9_4.x86_64  CompilerName: GCC  CompilerVersion: 8.4.0
ProgramName: mri_ca_register  ProgramArguments: mri_ca_register -all-info  ProgramVersion: 7.3.2  TimeStamp: 2026/03/07-02:03:51-GMT  BuildTime: Aug  4 2022 06:17:15  BuildStamp: freesurfer-linux-ubuntu22_x86_64-7.3.2-20220804-6354275  User: oesteban  Machine: dna078  Platform: Linux  PlatformVersion: 5.14.0-427.37.1.el9_4.x86_64  CompilerName: GCC  CompilerVersion: 8.4.0
ProgramName: mri_cc  ProgramArguments: mri_cc -all-info  ProgramVersion: 7.3.2  TimeStamp: 2026/03/07-02:03:51-GMT  BuildTime: Aug  4 2022 06:17:15  BuildStamp: freesurfer-linux-ubuntu22_x86_64-7.3.2-20220804-6354275  User: oesteban  Machine: dna078  Platform: Linux  PlatformVersion: 5.14.0-427.37.1.el9_4.x86_64  CompilerName: GCC  CompilerVersion: 8.4.0
ProgramName: mri_compute_overlap  ProgramArguments: mri_compute_overlap -all-info  ProgramVersion: 7.3.2  TimeStamp: 2026/03/07-02:03:51-GMT  BuildTime: Aug  4 2022 06:17:15  BuildStamp: freesurfer-linux-ubuntu22_x86_64-7.3.2-20220804-6354275  User: oesteban  Machine: dna078  Platform: Linux  PlatformVersion: 5.14.0-427.37.1.el9_4.x86_64  CompilerName: GCC  CompilerVersion: 8.4.0
ProgramName: mri_compute_seg_overlap  ProgramArguments: mri_compute_seg_overlap -all-info  ProgramVersion: 7.3.2  TimeStamp: 2026/03/07-02:03:51-GMT  BuildTime: Aug  4 2022 06:17:15  BuildStamp: freesurfer-linux-ubuntu22_x86_64-7.3.2-20220804-6354275  User: oesteban  Machine: dna078  Platform: Linux  PlatformVersion: 5.14.0-427.37.1.el9_4.x86_64  CompilerName: GCC  CompilerVersion: 8.4.0
ProgramName: mri_concat  ProgramArguments: mri_concat -all-info  ProgramVersion: 7.3.2  TimeStamp: 2026/03/07-02:03:51-GMT  BuildTime: Aug  4 2022 06:17:15  BuildStamp: freesurfer-linux-ubuntu22_x86_64-7.3.2-20220804-6354275  User: oesteban  Machine: dna078  Platform: Linux  PlatformVersion: 5.14.0-427.37.1.el9_4.x86_64  CompilerName: GCC  CompilerVersion: 8.4.0
ProgramName: mri_concatenate_lta  ProgramArguments: mri_concatenate_lta -all-info  ProgramVersion: 7.3.2  TimeStamp: 2026/03/07-02:03:51-GMT  BuildTime: Aug  4 2022 06:17:15  BuildStamp: freesurfer-linux-ubuntu22_x86_64-7.3.2-20220804-6354275  User: oesteban  Machine: dna078  Platform: Linux  PlatformVersion: 5.14.0-427.37.1.el9_4.x86_64  CompilerName: GCC  CompilerVersion: 8.4.0
mri_convert -all-info 
ProgramName: mri_convert  ProgramArguments: mri_convert -all-info  ProgramVersion: 7.3.2  TimeStamp: 2026/03/07-02:03:51-GMT  BuildTime: Aug  4 2022 06:17:15  BuildStamp: freesurfer-linux-ubuntu22_x86_64-7.3.2-20220804-6354275  User: oesteban  Machine: dna078  Platform: Linux  PlatformVersion: 5.14.0-427.37.1.el9_4.x86_64  CompilerName: GCC  CompilerVersion: 8.4.0
ProgramName: mri_diff  ProgramArguments: mri_diff -all-info  ProgramVersion: 7.3.2  TimeStamp: 2026/03/07-02:03:51-GMT  BuildTime: Aug  4 2022 06:17:15  BuildStamp: freesurfer-linux-ubuntu22_x86_64-7.3.2-20220804-6354275  User: oesteban  Machine: dna078  Platform: Linux  PlatformVersion: 5.14.0-427.37.1.el9_4.x86_64  CompilerName: GCC  CompilerVersion: 8.4.0
ProgramName: mri_edit_wm_with_aseg  ProgramArguments: mri_edit_wm_with_aseg -all-info  ProgramVersion: 7.3.2  TimeStamp: 2026/03/07-02:03:51-GMT  BuildTime: Aug  4 2022 06:17:15  BuildStamp: freesurfer-linux-ubuntu22_x86_64-7.3.2-20220804-6354275  User: oesteban  Machine: dna078  Platform: Linux  PlatformVersion: 5.14.0-427.37.1.el9_4.x86_64  CompilerName: GCC  CompilerVersion: 8.4.0
ProgramName: mri_em_register  ProgramArguments: mri_em_register -all-info  ProgramVersion: 7.3.2  TimeStamp: 2026/03/07-02:03:51-GMT  BuildTime: Aug  4 2022 06:17:15  BuildStamp: freesurfer-linux-ubuntu22_x86_64-7.3.2-20220804-6354275  User: oesteban  Machine: dna078  Platform: Linux  PlatformVersion: 5.14.0-427.37.1.el9_4.x86_64  CompilerName: GCC  CompilerVersion: 8.4.0
ProgramName: mri_fill  ProgramArguments: mri_fill -all-info  ProgramVersion: 7.3.2  TimeStamp: 2026/03/07-02:03:51-GMT  BuildTime: Aug  4 2022 06:17:15  BuildStamp: freesurfer-linux-ubuntu22_x86_64-7.3.2-20220804-6354275  User: oesteban  Machine: dna078  Platform: Linux  PlatformVersion: 5.14.0-427.37.1.el9_4.x86_64  CompilerName: GCC  CompilerVersion: 8.4.0
ProgramName: mri_fuse_segmentations  ProgramArguments: mri_fuse_segmentations -all-info  ProgramVersion: 7.3.2  TimeStamp: 2026/03/07-02:03:51-GMT  BuildTime: Aug  4 2022 06:17:15  BuildStamp: freesurfer-linux-ubuntu22_x86_64-7.3.2-20220804-6354275  User: oesteban  Machine: dna078  Platform: Linux  PlatformVersion: 5.14.0-427.37.1.el9_4.x86_64  CompilerName: GCC  CompilerVersion: 8.4.0
ProgramName: mri_fwhm  ProgramArguments: mri_fwhm -all-info  ProgramVersion: 7.3.2  TimeStamp: 2026/03/07-02:03:51-GMT  BuildTime: Aug  4 2022 06:17:15  BuildStamp: freesurfer-linux-ubuntu22_x86_64-7.3.2-20220804-6354275  User: oesteban  Machine: dna078  Platform: Linux  PlatformVersion: 5.14.0-427.37.1.el9_4.x86_64  CompilerName: GCC  CompilerVersion: 8.4.0
ProgramName: mri_gcut  ProgramArguments: mri_gcut -all-info  ProgramVersion: 7.3.2  TimeStamp: 2026/03/07-02:03:51-GMT  BuildTime: Aug  4 2022 06:17:15  BuildStamp: freesurfer-linux-ubuntu22_x86_64-7.3.2-20220804-6354275  User: oesteban  Machine: dna078  Platform: Linux  PlatformVersion: 5.14.0-427.37.1.el9_4.x86_64  CompilerName: GCC  CompilerVersion: 8.4.0
ProgramName: mri_info  ProgramArguments: mri_info -all-info  ProgramVersion: 7.3.2  TimeStamp: 2026/03/07-02:03:51-GMT  BuildTime: Aug  4 2022 06:17:15  BuildStamp: freesurfer-linux-ubuntu22_x86_64-7.3.2-20220804-6354275  User: oesteban  Machine: dna078  Platform: Linux  PlatformVersion: 5.14.0-427.37.1.el9_4.x86_64  CompilerName: GCC  CompilerVersion: 8.4.0
ProgramName: mri_label2label  ProgramArguments: mri_label2label -all-info  ProgramVersion: 7.3.2  TimeStamp: 2026/03/07-02:03:51-GMT  BuildTime: Aug  4 2022 06:17:15  BuildStamp: freesurfer-linux-ubuntu22_x86_64-7.3.2-20220804-6354275  User: oesteban  Machine: dna078  Platform: Linux  PlatformVersion: 5.14.0-427.37.1.el9_4.x86_64  CompilerName: GCC  CompilerVersion: 8.4.0
ProgramName: mri_label2vol  ProgramArguments: mri_label2vol -all-info  ProgramVersion: 7.3.2  TimeStamp: 2026/03/07-02:03:51-GMT  BuildTime: Aug  4 2022 06:17:15  BuildStamp: freesurfer-linux-ubuntu22_x86_64-7.3.2-20220804-6354275  User: oesteban  Machine: dna078  Platform: Linux  PlatformVersion: 5.14.0-427.37.1.el9_4.x86_64  CompilerName: GCC  CompilerVersion: 8.4.0
ProgramName: mri_log_likelihood  ProgramArguments: mri_log_likelihood -all-info  ProgramVersion: 7.3.2  TimeStamp: 2026/03/07-02:03:51-GMT  BuildTime: Aug  4 2022 06:17:15  BuildStamp: freesurfer-linux-ubuntu22_x86_64-7.3.2-20220804-6354275  User: oesteban  Machine: dna078  Platform: Linux  PlatformVersion: 5.14.0-427.37.1.el9_4.x86_64  CompilerName: GCC  CompilerVersion: 8.4.0
ProgramName: mri_mask  ProgramArguments: mri_mask -all-info  ProgramVersion: 7.3.2  TimeStamp: 2026/03/07-02:03:51-GMT  BuildTime: Aug  4 2022 06:17:15  BuildStamp: freesurfer-linux-ubuntu22_x86_64-7.3.2-20220804-6354275  User: oesteban  Machine: dna078  Platform: Linux  PlatformVersion: 5.14.0-427.37.1.el9_4.x86_64  CompilerName: GCC  CompilerVersion: 8.4.0
ProgramName: mri_matrix_multiply  ProgramArguments: mri_matrix_multiply -all-info  ProgramVersion: 7.3.2  TimeStamp: 2026/03/07-02:03:51-GMT  BuildTime: Aug  4 2022 06:17:15  BuildStamp: freesurfer-linux-ubuntu22_x86_64-7.3.2-20220804-6354275  User: oesteban  Machine: dna078  Platform: Linux  PlatformVersion: 5.14.0-427.37.1.el9_4.x86_64  CompilerName: GCC  CompilerVersion: 8.4.0
ProgramName: mri_normalize  ProgramArguments: mri_normalize -all-info  ProgramVersion: 7.3.2  TimeStamp: 2026/03/07-02:03:51-GMT  BuildTime: Aug  4 2022 06:17:15  BuildStamp: freesurfer-linux-ubuntu22_x86_64-7.3.2-20220804-6354275  User: oesteban  Machine: dna078  Platform: Linux  PlatformVersion: 5.14.0-427.37.1.el9_4.x86_64  CompilerName: GCC  CompilerVersion: 8.4.0
ProgramName: mri_normalize_tp2  ProgramArguments: mri_normalize_tp2 -all-info  ProgramVersion: 7.3.2  TimeStamp: 2026/03/07-02:03:51-GMT  BuildTime: Aug  4 2022 06:17:15  BuildStamp: freesurfer-linux-ubuntu22_x86_64-7.3.2-20220804-6354275  User: oesteban  Machine: dna078  Platform: Linux  PlatformVersion: 5.14.0-427.37.1.el9_4.x86_64  CompilerName: GCC  CompilerVersion: 8.4.0
ProgramName: mri_or  ProgramArguments: mri_or -all-info  ProgramVersion: 7.3.2  TimeStamp: 2026/03/07-02:03:51-GMT  BuildTime: Aug  4 2022 06:17:15  BuildStamp: freesurfer-linux-ubuntu22_x86_64-7.3.2-20220804-6354275  User: oesteban  Machine: dna078  Platform: Linux  PlatformVersion: 5.14.0-427.37.1.el9_4.x86_64  CompilerName: GCC  CompilerVersion: 8.4.0
ProgramName: mri_relabel_hypointensities  ProgramArguments: mri_relabel_hypointensities -all-info  ProgramVersion: 7.3.2  TimeStamp: 2026/03/07-02:03:51-GMT  BuildTime: Aug  4 2022 06:17:15  BuildStamp: freesurfer-linux-ubuntu22_x86_64-7.3.2-20220804-6354275  User: oesteban  Machine: dna078  Platform: Linux  PlatformVersion: 5.14.0-427.37.1.el9_4.x86_64  CompilerName: GCC  CompilerVersion: 8.4.0
ProgramName: mri_relabel_nonwm_hypos  ProgramArguments: mri_relabel_nonwm_hypos -all-info  ProgramVersion: 7.3.2  TimeStamp: 2026/03/07-02:03:51-GMT  BuildTime: Aug  4 2022 06:17:15  BuildStamp: freesurfer-linux-ubuntu22_x86_64-7.3.2-20220804-6354275  User: oesteban  Machine: dna078  Platform: Linux  PlatformVersion: 5.14.0-427.37.1.el9_4.x86_64  CompilerName: GCC  CompilerVersion: 8.4.0
ProgramName: mri_remove_neck  ProgramArguments: mri_remove_neck -all-info  ProgramVersion: 7.3.2  TimeStamp: 2026/03/07-02:03:51-GMT  BuildTime: Aug  4 2022 06:17:15  BuildStamp: freesurfer-linux-ubuntu22_x86_64-7.3.2-20220804-6354275  User: oesteban  Machine: dna078  Platform: Linux  PlatformVersion: 5.14.0-427.37.1.el9_4.x86_64  CompilerName: GCC  CompilerVersion: 8.4.0
7.3.2

ProgramName: mri_robust_register  ProgramArguments: mri_robust_register -all-info  ProgramVersion: 7.3.2  TimeStamp: 2026/03/07-02:03:51-GMT  BuildTime: Aug  4 2022 06:17:15  BuildStamp: freesurfer-linux-ubuntu22_x86_64-7.3.2-20220804-6354275  User: oesteban  Machine: dna078  Platform: Linux  PlatformVersion: 5.14.0-427.37.1.el9_4.x86_64  CompilerName: GCC  CompilerVersion: 8.4.0
7.3.2

ProgramName: mri_robust_template  ProgramArguments: mri_robust_template -all-info  ProgramVersion: 7.3.2  TimeStamp: 2026/03/07-02:03:51-GMT  BuildTime: Aug  4 2022 06:17:15  BuildStamp: freesurfer-linux-ubuntu22_x86_64-7.3.2-20220804-6354275  User: oesteban  Machine: dna078  Platform: Linux  PlatformVersion: 5.14.0-427.37.1.el9_4.x86_64  CompilerName: GCC  CompilerVersion: 8.4.0
ProgramName: mris_anatomical_stats  ProgramArguments: mris_anatomical_stats -all-info  ProgramVersion: 7.3.2  TimeStamp: 2026/03/07-02:03:51-GMT  BuildTime: Aug  4 2022 06:17:15  BuildStamp: freesurfer-linux-ubuntu22_x86_64-7.3.2-20220804-6354275  User: oesteban  Machine: dna078  Platform: Linux  PlatformVersion: 5.14.0-427.37.1.el9_4.x86_64  CompilerName: GCC  CompilerVersion: 8.4.0
ProgramName: mris_ca_label  ProgramArguments: mris_ca_label -all-info  ProgramVersion: 7.3.2  TimeStamp: 2026/03/07-02:03:51-GMT  BuildTime: Aug  4 2022 06:17:15  BuildStamp: freesurfer-linux-ubuntu22_x86_64-7.3.2-20220804-6354275  User: oesteban  Machine: dna078  Platform: Linux  PlatformVersion: 5.14.0-427.37.1.el9_4.x86_64  CompilerName: GCC  CompilerVersion: 8.4.0
ProgramName: mris_calc  ProgramArguments: mris_calc -all-info  ProgramVersion: 7.3.2  TimeStamp: 2026/03/07-02:03:51-GMT  BuildTime: Aug  4 2022 06:17:15  BuildStamp: freesurfer-linux-ubuntu22_x86_64-7.3.2-20220804-6354275  User: oesteban  Machine: dna078  Platform: Linux  PlatformVersion: 5.14.0-427.37.1.el9_4.x86_64  CompilerName: GCC  CompilerVersion: 8.4.0
ProgramName: mris_convert  ProgramArguments: mris_convert -all-info  ProgramVersion: 7.3.2  TimeStamp: 2026/03/07-02:03:51-GMT  BuildTime: Aug  4 2022 06:17:15  BuildStamp: freesurfer-linux-ubuntu22_x86_64-7.3.2-20220804-6354275  User: oesteban  Machine: dna078  Platform: Linux  PlatformVersion: 5.14.0-427.37.1.el9_4.x86_64  CompilerName: GCC  CompilerVersion: 8.4.0
ProgramName: mris_curvature  ProgramArguments: mris_curvature -all-info  ProgramVersion: 7.3.2  TimeStamp: 2026/03/07-02:03:51-GMT  BuildTime: Aug  4 2022 06:17:15  BuildStamp: freesurfer-linux-ubuntu22_x86_64-7.3.2-20220804-6354275  User: oesteban  Machine: dna078  Platform: Linux  PlatformVersion: 5.14.0-427.37.1.el9_4.x86_64  CompilerName: GCC  CompilerVersion: 8.4.0
ProgramName: mris_curvature_stats  ProgramArguments: mris_curvature_stats -all-info  ProgramVersion: 7.3.2  TimeStamp: 2026/03/07-02:03:51-GMT  BuildTime: Aug  4 2022 06:17:15  BuildStamp: freesurfer-linux-ubuntu22_x86_64-7.3.2-20220804-6354275  User: oesteban  Machine: dna078  Platform: Linux  PlatformVersion: 5.14.0-427.37.1.el9_4.x86_64  CompilerName: GCC  CompilerVersion: 8.4.0
ProgramName: mris_diff  ProgramArguments: mris_diff -all-info  ProgramVersion: 7.3.2  TimeStamp: 2026/03/07-02:03:51-GMT  BuildTime: Aug  4 2022 06:17:15  BuildStamp: freesurfer-linux-ubuntu22_x86_64-7.3.2-20220804-6354275  User: oesteban  Machine: dna078  Platform: Linux  PlatformVersion: 5.14.0-427.37.1.el9_4.x86_64  CompilerName: GCC  CompilerVersion: 8.4.0
ProgramName: mris_divide_parcellation  ProgramArguments: mris_divide_parcellation -all-info  ProgramVersion: 7.3.2  TimeStamp: 2026/03/07-02:03:51-GMT  BuildTime: Aug  4 2022 06:17:15  BuildStamp: freesurfer-linux-ubuntu22_x86_64-7.3.2-20220804-6354275  User: oesteban  Machine: dna078  Platform: Linux  PlatformVersion: 5.14.0-427.37.1.el9_4.x86_64  CompilerName: GCC  CompilerVersion: 8.4.0
ProgramName: mri_segment  ProgramArguments: mri_segment -all-info  ProgramVersion: 7.3.2  TimeStamp: 2026/03/07-02:03:51-GMT  BuildTime: Aug  4 2022 06:17:15  BuildStamp: freesurfer-linux-ubuntu22_x86_64-7.3.2-20220804-6354275  User: oesteban  Machine: dna078  Platform: Linux  PlatformVersion: 5.14.0-427.37.1.el9_4.x86_64  CompilerName: GCC  CompilerVersion: 8.4.0
ProgramName: mri_segstats  ProgramArguments: mri_segstats -all-info  ProgramVersion: 7.3.2  TimeStamp: 2026/03/07-02:03:51-GMT  BuildTime: Aug  4 2022 06:17:15  BuildStamp: freesurfer-linux-ubuntu22_x86_64-7.3.2-20220804-6354275  User: oesteban  Machine: dna078  Platform: Linux  PlatformVersion: 5.14.0-427.37.1.el9_4.x86_64  CompilerName: GCC  CompilerVersion: 8.4.0
ProgramName: mris_euler_number  ProgramArguments: mris_euler_number -all-info  ProgramVersion: 7.3.2  TimeStamp: 2026/03/07-02:03:51-GMT  BuildTime: Aug  4 2022 06:17:15  BuildStamp: freesurfer-linux-ubuntu22_x86_64-7.3.2-20220804-6354275  User: oesteban  Machine: dna078  Platform: Linux  PlatformVersion: 5.14.0-427.37.1.el9_4.x86_64  CompilerName: GCC  CompilerVersion: 8.4.0
ProgramName: mris_fix_topology  ProgramArguments: mris_fix_topology -all-info  ProgramVersion: 7.3.2  TimeStamp: 2026/03/07-02:03:51-GMT  BuildTime: Aug  4 2022 06:17:15  BuildStamp: freesurfer-linux-ubuntu22_x86_64-7.3.2-20220804-6354275  User: oesteban  Machine: dna078  Platform: Linux  PlatformVersion: 5.14.0-427.37.1.el9_4.x86_64  CompilerName: GCC  CompilerVersion: 8.4.0
ProgramName: mris_topo_fixer  ProgramArguments: mris_topo_fixer -all-info  ProgramVersion: 7.3.2  TimeStamp: 2026/03/07-02:03:51-GMT  BuildTime: Aug  4 2022 06:17:15  BuildStamp: freesurfer-linux-ubuntu22_x86_64-7.3.2-20220804-6354275  User: oesteban  Machine: dna078  Platform: Linux  PlatformVersion: 5.14.0-427.37.1.el9_4.x86_64  CompilerName: GCC  CompilerVersion: 8.4.0
ProgramName: mris_jacobian  ProgramArguments: mris_jacobian -all-info  ProgramVersion: 7.3.2  TimeStamp: 2026/03/07-02:03:51-GMT  BuildTime: Aug  4 2022 06:17:15  BuildStamp: freesurfer-linux-ubuntu22_x86_64-7.3.2-20220804-6354275  User: oesteban  Machine: dna078  Platform: Linux  PlatformVersion: 5.14.0-427.37.1.el9_4.x86_64  CompilerName: GCC  CompilerVersion: 8.4.0
ProgramName: mris_label2annot  ProgramArguments: mris_label2annot -all-info  ProgramVersion: 7.3.2  TimeStamp: 2026/03/07-02:03:51-GMT  BuildTime: Aug  4 2022 06:17:15  BuildStamp: freesurfer-linux-ubuntu22_x86_64-7.3.2-20220804-6354275  User: oesteban  Machine: dna078  Platform: Linux  PlatformVersion: 5.14.0-427.37.1.el9_4.x86_64  CompilerName: GCC  CompilerVersion: 8.4.0
ProgramName: mris_left_right_register  ProgramArguments: mris_left_right_register -all-info  ProgramVersion: 7.3.2  TimeStamp: 2026/03/07-02:03:51-GMT  BuildTime: Aug  4 2022 06:17:15  BuildStamp: freesurfer-linux-ubuntu22_x86_64-7.3.2-20220804-6354275  User: oesteban  Machine: dna078  Platform: Linux  PlatformVersion: 5.14.0-427.37.1.el9_4.x86_64  CompilerName: GCC  CompilerVersion: 8.4.0
ProgramName: mris_place_surface  ProgramArguments: mris_place_surface -all-info  ProgramVersion: 7.3.2  TimeStamp: 2026/03/07-02:03:51-GMT  BuildTime: Aug  4 2022 06:17:15  BuildStamp: freesurfer-linux-ubuntu22_x86_64-7.3.2-20220804-6354275  User: oesteban  Machine: dna078  Platform: Linux  PlatformVersion: 5.14.0-427.37.1.el9_4.x86_64  CompilerName: GCC  CompilerVersion: 8.4.0
ProgramName: mrisp_paint  ProgramArguments: mrisp_paint -all-info  ProgramVersion: 7.3.2  TimeStamp: 2026/03/07-02:03:51-GMT  BuildTime: Aug  4 2022 06:17:15  BuildStamp: freesurfer-linux-ubuntu22_x86_64-7.3.2-20220804-6354275  User: oesteban  Machine: dna078  Platform: Linux  PlatformVersion: 5.14.0-427.37.1.el9_4.x86_64  CompilerName: GCC  CompilerVersion: 8.4.0
ProgramName: mris_register  ProgramArguments: mris_register -all-info  ProgramVersion: 7.3.2  TimeStamp: 2026/03/07-02:03:51-GMT  BuildTime: Aug  4 2022 06:17:15  BuildStamp: freesurfer-linux-ubuntu22_x86_64-7.3.2-20220804-6354275  User: oesteban  Machine: dna078  Platform: Linux  PlatformVersion: 5.14.0-427.37.1.el9_4.x86_64  CompilerName: GCC  CompilerVersion: 8.4.0
ProgramName: mris_smooth  ProgramArguments: mris_smooth -all-info  ProgramVersion: 7.3.2  TimeStamp: 2026/03/07-02:03:51-GMT  BuildTime: Aug  4 2022 06:17:15  BuildStamp: freesurfer-linux-ubuntu22_x86_64-7.3.2-20220804-6354275  User: oesteban  Machine: dna078  Platform: Linux  PlatformVersion: 5.14.0-427.37.1.el9_4.x86_64  CompilerName: GCC  CompilerVersion: 8.4.0
ProgramName: mris_sphere  ProgramArguments: mris_sphere -all-info  ProgramVersion: 7.3.2  TimeStamp: 2026/03/07-02:03:51-GMT  BuildTime: Aug  4 2022 06:17:15  BuildStamp: freesurfer-linux-ubuntu22_x86_64-7.3.2-20220804-6354275  User: oesteban  Machine: dna078  Platform: Linux  PlatformVersion: 5.14.0-427.37.1.el9_4.x86_64  CompilerName: GCC  CompilerVersion: 8.4.0
ProgramName: mris_surface_stats  ProgramArguments: mris_surface_stats -all-info  ProgramVersion: 7.3.2  TimeStamp: 2026/03/07-02:03:51-GMT  BuildTime: Aug  4 2022 06:17:15  BuildStamp: freesurfer-linux-ubuntu22_x86_64-7.3.2-20220804-6354275  User: oesteban  Machine: dna078  Platform: Linux  PlatformVersion: 5.14.0-427.37.1.el9_4.x86_64  CompilerName: GCC  CompilerVersion: 8.4.0
ProgramName: mri_stats2seg  ProgramArguments: mri_stats2seg -all-info  ProgramVersion: 7.3.2  TimeStamp: 2026/03/07-02:03:51-GMT  BuildTime: Aug  4 2022 06:17:15  BuildStamp: freesurfer-linux-ubuntu22_x86_64-7.3.2-20220804-6354275  User: oesteban  Machine: dna078  Platform: Linux  PlatformVersion: 5.14.0-427.37.1.el9_4.x86_64  CompilerName: GCC  CompilerVersion: 8.4.0
ProgramName: mris_thickness  ProgramArguments: mris_thickness -all-info  ProgramVersion: 7.3.2  TimeStamp: 2026/03/07-02:03:51-GMT  BuildTime: Aug  4 2022 06:17:15  BuildStamp: freesurfer-linux-ubuntu22_x86_64-7.3.2-20220804-6354275  User: oesteban  Machine: dna078  Platform: Linux  PlatformVersion: 5.14.0-427.37.1.el9_4.x86_64  CompilerName: GCC  CompilerVersion: 8.4.0
ProgramName: mris_thickness_diff  ProgramArguments: mris_thickness_diff -all-info  ProgramVersion: 7.3.2  TimeStamp: 2026/03/07-02:03:51-GMT  BuildTime: Aug  4 2022 06:17:15  BuildStamp: freesurfer-linux-ubuntu22_x86_64-7.3.2-20220804-6354275  User: oesteban  Machine: dna078  Platform: Linux  PlatformVersion: 5.14.0-427.37.1.el9_4.x86_64  CompilerName: GCC  CompilerVersion: 8.4.0
ProgramName: mris_topo_fixer  ProgramArguments: mris_topo_fixer -all-info  ProgramVersion: 7.3.2  TimeStamp: 2026/03/07-02:03:51-GMT  BuildTime: Aug  4 2022 06:17:15  BuildStamp: freesurfer-linux-ubuntu22_x86_64-7.3.2-20220804-6354275  User: oesteban  Machine: dna078  Platform: Linux  PlatformVersion: 5.14.0-427.37.1.el9_4.x86_64  CompilerName: GCC  CompilerVersion: 8.4.0
ProgramName: mri_surf2surf  ProgramArguments: mri_surf2surf -all-info  ProgramVersion: 7.3.2  TimeStamp: 2026/03/07-02:03:51-GMT  BuildTime: Aug  4 2022 06:17:15  BuildStamp: freesurfer-linux-ubuntu22_x86_64-7.3.2-20220804-6354275  User: oesteban  Machine: dna078  Platform: Linux  PlatformVersion: 5.14.0-427.37.1.el9_4.x86_64  CompilerName: GCC  CompilerVersion: 8.4.0
ProgramName: mri_surf2vol  ProgramArguments: mri_surf2vol -all-info  ProgramVersion: 7.3.2  TimeStamp: 2026/03/07-02:03:51-GMT  BuildTime: Aug  4 2022 06:17:15  BuildStamp: freesurfer-linux-ubuntu22_x86_64-7.3.2-20220804-6354275  User: oesteban  Machine: dna078  Platform: Linux  PlatformVersion: 5.14.0-427.37.1.el9_4.x86_64  CompilerName: GCC  CompilerVersion: 8.4.0
ProgramName: mri_surfcluster  ProgramArguments: mri_surfcluster -all-info  ProgramVersion: 7.3.2  TimeStamp: 2026/03/07-02:03:51-GMT  BuildTime: Aug  4 2022 06:17:15  BuildStamp: freesurfer-linux-ubuntu22_x86_64-7.3.2-20220804-6354275  User: oesteban  Machine: dna078  Platform: Linux  PlatformVersion: 5.14.0-427.37.1.el9_4.x86_64  CompilerName: GCC  CompilerVersion: 8.4.0
ProgramName: mris_volmask  ProgramArguments: mris_volmask -all-info  ProgramVersion: 7.3.2  TimeStamp: 2026/03/07-02:03:51-GMT  BuildTime: Aug  4 2022 06:17:15  BuildStamp: freesurfer-linux-ubuntu22_x86_64-7.3.2-20220804-6354275  User: oesteban  Machine: dna078  Platform: Linux  PlatformVersion: 5.14.0-427.37.1.el9_4.x86_64  CompilerName: GCC  CompilerVersion: 8.4.0
ProgramName: mri_tessellate  ProgramArguments: mri_tessellate -all-info  ProgramVersion: 7.3.2  TimeStamp: 2026/03/07-02:03:51-GMT  BuildTime: Aug  4 2022 06:17:15  BuildStamp: freesurfer-linux-ubuntu22_x86_64-7.3.2-20220804-6354275  User: oesteban  Machine: dna078  Platform: Linux  PlatformVersion: 5.14.0-427.37.1.el9_4.x86_64  CompilerName: GCC  CompilerVersion: 8.4.0
ProgramName: mri_vol2surf  ProgramArguments: mri_vol2surf -all-info  ProgramVersion: 7.3.2  TimeStamp: 2026/03/07-02:03:51-GMT  BuildTime: Aug  4 2022 06:17:15  BuildStamp: freesurfer-linux-ubuntu22_x86_64-7.3.2-20220804-6354275  User: oesteban  Machine: dna078  Platform: Linux  PlatformVersion: 5.14.0-427.37.1.el9_4.x86_64  CompilerName: GCC  CompilerVersion: 8.4.0
ProgramName: mri_vol2vol  ProgramArguments: mri_vol2vol -all-info  ProgramVersion: 7.3.2  TimeStamp: 2026/03/07-02:03:51-GMT  BuildTime: Aug  4 2022 06:17:15  BuildStamp: freesurfer-linux-ubuntu22_x86_64-7.3.2-20220804-6354275  User: oesteban  Machine: dna078  Platform: Linux  PlatformVersion: 5.14.0-427.37.1.el9_4.x86_64  CompilerName: GCC  CompilerVersion: 8.4.0
ProgramName: mri_voldiff  ProgramArguments: mri_voldiff -all-info  ProgramVersion: 7.3.2  TimeStamp: 2026/03/07-02:03:51-GMT  BuildTime: Aug  4 2022 06:17:15  BuildStamp: freesurfer-linux-ubuntu22_x86_64-7.3.2-20220804-6354275  User: oesteban  Machine: dna078  Platform: Linux  PlatformVersion: 5.14.0-427.37.1.el9_4.x86_64  CompilerName: GCC  CompilerVersion: 8.4.0
ProgramName: mri_watershed  ProgramArguments: mri_watershed -all-info  ProgramVersion: 7.3.2  TimeStamp: 2026/03/07-02:03:51-GMT  BuildTime: Aug  4 2022 06:17:15  BuildStamp: freesurfer-linux-ubuntu22_x86_64-7.3.2-20220804-6354275  User: oesteban  Machine: dna078  Platform: Linux  PlatformVersion: 5.14.0-427.37.1.el9_4.x86_64  CompilerName: GCC  CompilerVersion: 8.4.0
ProgramName: tkregister2  ProgramArguments: tkregister2_cmdl -all-info  ProgramVersion: 7.3.2  TimeStamp: 2026/03/07-02:03:51-GMT  BuildTime: Aug  4 2022 06:17:15  BuildStamp: freesurfer-linux-ubuntu22_x86_64-7.3.2-20220804-6354275  User: oesteban  Machine: dna078  Platform: Linux  PlatformVersion: 5.14.0-427.37.1.el9_4.x86_64  CompilerName: GCC  CompilerVersion: 8.4.0
mri_motion_correct.fsl 7.3.2
mri_convert -all-info 
ProgramName: mri_convert  ProgramArguments: mri_convert -all-info  ProgramVersion: 7.3.2  TimeStamp: 2026/03/07-02:03:51-GMT  BuildTime: Aug  4 2022 06:17:15  BuildStamp: freesurfer-linux-ubuntu22_x86_64-7.3.2-20220804-6354275  User: oesteban  Machine: dna078  Platform: Linux  PlatformVersion: 5.14.0-427.37.1.el9_4.x86_64  CompilerName: GCC  CompilerVersion: 8.4.0
Program nu_correct, built from:
Package MNI N3, version 1.12.0, compiled by nicks@terrier (x86_64-unknown-linux-gnu) on 2015-06-19 at 01:25:34
#######################################
GCADIR /opt/freesurfer/average
GCA RB_all_2020-01-02.gca
GCASkull RB_all_withskull_2020_01_02.gca
AvgCurvTif folding.atlas.acfb40.noaparc.i12.2016-08-02.tif
GCSDIR /opt/freesurfer/average
GCS DKaparc.atlas.acfb40.noaparc.i12.2016-08-02.gcs
#######################################
#--------------------------------------------
#@# WhiteSurfs lh Sat Mar  7 03:03:51 CET 2026
cd /out/sourcedata/freesurfer/sub-v1s18x0051229_ses-1/mri
mris_place_surface --adgws-in ../surf/autodet.gw.stats.lh.dat --seg aseg.presurf.mgz --threads 16 --wm wm.mgz --invol brain.finalsurfs.mgz --lh --i ../surf/lh.white.preaparc --o ../surf/lh.white --white --nsmooth 0 --rip-label ../label/lh.cortex.label --rip-bg --rip-surf ../surf/lh.white.preaparc --aparc ../label/lh.aparc.annot
   Update not needed
#--------------------------------------------
#@# WhiteSurfs rh Sat Mar  7 03:03:51 CET 2026
cd /out/sourcedata/freesurfer/sub-v1s18x0051229_ses-1/mri
mris_place_surface --adgws-in ../surf/autodet.gw.stats.rh.dat --seg aseg.presurf.mgz --threads 16 --wm wm.mgz --invol brain.finalsurfs.mgz --rh --i ../surf/rh.white.preaparc --o ../surf/rh.white --white --nsmooth 0 --rip-label ../label/rh.cortex.label --rip-bg --rip-surf ../surf/rh.white.preaparc --aparc ../label/rh.aparc.annot
   Update not needed
#@# white curv lh Sat Mar  7 03:03:51 CET 2026
cd /out/sourcedata/freesurfer/sub-v1s18x0051229_ses-1/mri
mris_place_surface --curv-map ../surf/lh.white 2 10 ../surf/lh.curv
   Update not needed
#@# white area lh Sat Mar  7 03:03:51 CET 2026
cd /out/sourcedata/freesurfer/sub-v1s18x0051229_ses-1/mri
mris_place_surface --area-map ../surf/lh.white ../surf/lh.area
   Update not needed
#@# pial curv lh Sat Mar  7 03:03:51 CET 2026
cd /out/sourcedata/freesurfer/sub-v1s18x0051229_ses-1/mri
mris_place_surface --curv-map ../surf/lh.pial 2 10 ../surf/lh.curv.pial
   Update not needed
#@# pial area lh Sat Mar  7 03:03:51 CET 2026
cd /out/sourcedata/freesurfer/sub-v1s18x0051229_ses-1/mri
mris_place_surface --area-map ../surf/lh.pial ../surf/lh.area.pial
   Update not needed
#@# thickness lh Sat Mar  7 03:03:51 CET 2026
cd /out/sourcedata/freesurfer/sub-v1s18x0051229_ses-1/mri
mris_place_surface --thickness ../surf/lh.white ../surf/lh.pial 20 5 ../surf/lh.thickness
   Update not needed
#@# area and vertex vol lh Sat Mar  7 03:03:51 CET 2026
cd /out/sourcedata/freesurfer/sub-v1s18x0051229_ses-1/mri
mris_place_surface --thickness ../surf/lh.white ../surf/lh.pial 20 5 ../surf/lh.thickness
   Update not needed
#@# white curv rh Sat Mar  7 03:03:51 CET 2026
cd /out/sourcedata/freesurfer/sub-v1s18x0051229_ses-1/mri
mris_place_surface --curv-map ../surf/rh.white 2 10 ../surf/rh.curv
   Update not needed
#@# white area rh Sat Mar  7 03:03:51 CET 2026
cd /out/sourcedata/freesurfer/sub-v1s18x0051229_ses-1/mri
mris_place_surface --area-map ../surf/rh.white ../surf/rh.area
   Update not needed
#@# pial curv rh Sat Mar  7 03:03:51 CET 2026
cd /out/sourcedata/freesurfer/sub-v1s18x0051229_ses-1/mri
mris_place_surface --curv-map ../surf/rh.pial 2 10 ../surf/rh.curv.pial
   Update not needed
#@# pial area rh Sat Mar  7 03:03:51 CET 2026
cd /out/sourcedata/freesurfer/sub-v1s18x0051229_ses-1/mri
mris_place_surface --area-map ../surf/rh.pial ../surf/rh.area.pial
   Update not needed
#@# thickness rh Sat Mar  7 03:03:51 CET 2026
cd /out/sourcedata/freesurfer/sub-v1s18x0051229_ses-1/mri
mris_place_surface --thickness ../surf/rh.white ../surf/rh.pial 20 5 ../surf/rh.thickness
   Update not needed
#@# area and vertex vol rh Sat Mar  7 03:03:51 CET 2026
cd /out/sourcedata/freesurfer/sub-v1s18x0051229_ses-1/mri
mris_place_surface --thickness ../surf/rh.white ../surf/rh.pial 20 5 ../surf/rh.thickness
   Update not needed

#-----------------------------------------
#@# Curvature Stats lh Sat Mar  7 03:03:51 CET 2026
/out/sourcedata/freesurfer/sub-v1s18x0051229_ses-1/surf

 mris_curvature_stats -m --writeCurvatureFiles -G -o ../stats/lh.curv.stats -F smoothwm sub-v1s18x0051229_ses-1 lh curv sulc 

             Toggling save flag on curvature files                       [ ok ]
                 Outputting results using filestem   [ ../stats/lh.curv.stats ]
             Toggling save flag on curvature files                       [ ok ]
                                   Setting surface [ sub-v1s18x0051229_ses-1/lh.smoothwm ]
                                Reading surface...                       [ ok ]
                                   Setting texture                     [ curv ]
                                Reading texture...                       [ ok ]
                                   Setting texture                     [ sulc ]
                                Reading texture...Gb_filter = 0
                       [ ok ]
      Calculating Discrete Principal Curvatures...
      Determining geometric order for vno faces... [####################] [ ok ]
                      Determining KH curvatures... [####################] [ ok ]
                    Determining k1k2 curvatures... [####################] [ ok ]
                                   deltaViolations                      [ 235 ]
Gb_filter = 0

WARN:    S lookup   min:                          -0.303510
WARN:    S explicit min:                          0.000000	vertex = 55

#-----------------------------------------
#@# Curvature Stats rh Sat Mar  7 03:03:53 CET 2026
/out/sourcedata/freesurfer/sub-v1s18x0051229_ses-1/surf

 mris_curvature_stats -m --writeCurvatureFiles -G -o ../stats/rh.curv.stats -F smoothwm sub-v1s18x0051229_ses-1 rh curv sulc 

             Toggling save flag on curvature files                       [ ok ]
                 Outputting results using filestem   [ ../stats/rh.curv.stats ]
             Toggling save flag on curvature files                       [ ok ]
                                   Setting surface [ sub-v1s18x0051229_ses-1/rh.smoothwm ]
                                Reading surface...                       [ ok ]
                                   Setting texture                     [ curv ]
                                Reading texture...                       [ ok ]
                                   Setting texture                     [ sulc ]
                                Reading texture...Gb_filter = 0
                       [ ok ]
      Calculating Discrete Principal Curvatures...
      Determining geometric order for vno faces... [####################] [ ok ]
                      Determining KH curvatures... [####################] [ ok ]
                    Determining k1k2 curvatures... [####################] [ ok ]
                                   deltaViolations                      [ 271 ]
Gb_filter = 0
#-----------------------------------------
#@# Relabel Hypointensities Sat Mar  7 03:03:55 CET 2026
/out/sourcedata/freesurfer/sub-v1s18x0051229_ses-1/mri

 mri_relabel_hypointensities aseg.presurf.mgz ../surf aseg.presurf.hypos.mgz 

reading input surface ../surf/lh.white...
relabeling lh hypointensities...
1679 voxels changed to hypointensity...
reading input surface ../surf/rh.white...
relabeling rh hypointensities...
1936 voxels changed to hypointensity...
3699 hypointense voxels neighboring cortex changed
#-----------------------------------------
#@# APas-to-ASeg Sat Mar  7 03:04:06 CET 2026
/out/sourcedata/freesurfer/sub-v1s18x0051229_ses-1/mri

 mri_surf2volseg --o aseg.mgz --i aseg.presurf.hypos.mgz --fix-presurf-with-ribbon /out/sourcedata/freesurfer/sub-v1s18x0051229_ses-1/mri/ribbon.mgz --threads 16 --lh-cortex-mask /out/sourcedata/freesurfer/sub-v1s18x0051229_ses-1/label/lh.cortex.label --lh-white /out/sourcedata/freesurfer/sub-v1s18x0051229_ses-1/surf/lh.white --lh-pial /out/sourcedata/freesurfer/sub-v1s18x0051229_ses-1/surf/lh.pial --rh-cortex-mask /out/sourcedata/freesurfer/sub-v1s18x0051229_ses-1/label/rh.cortex.label --rh-white /out/sourcedata/freesurfer/sub-v1s18x0051229_ses-1/surf/rh.white --rh-pial /out/sourcedata/freesurfer/sub-v1s18x0051229_ses-1/surf/rh.pial 

SUBJECTS_DIR /out/sourcedata/freesurfer
outvol aseg.mgz
16 avail.processors, using 16
Loading aseg.presurf.hypos.mgz
Loading /out/sourcedata/freesurfer/sub-v1s18x0051229_ses-1/mri/ribbon.mgz
Loading /out/sourcedata/freesurfer/sub-v1s18x0051229_ses-1/surf/lh.white
Loading /out/sourcedata/freesurfer/sub-v1s18x0051229_ses-1/surf/lh.pial
Loading /out/sourcedata/freesurfer/sub-v1s18x0051229_ses-1/label/lh.cortex.label
Loading /out/sourcedata/freesurfer/sub-v1s18x0051229_ses-1/surf/rh.white
Loading /out/sourcedata/freesurfer/sub-v1s18x0051229_ses-1/surf/rh.pial
Loading /out/sourcedata/freesurfer/sub-v1s18x0051229_ses-1/label/rh.cortex.label
Done loading
  0 192  64 208 128 240  48 144 224 112 176  16 160  32  96  80 241  33 225 209  17  49   1 242  34 210 226  65  18   2  50 243 193  35 211 227   3  19 
 51 244 212  36   4 228  20 245  52  66 213  37   5 246 229  81  21  53 214 247  38   6 230  22 194  54 248 215  67  39 
231   7 177  23 249  97  55 216  40 232   8 250  24 217  56 233  41 161 251   9  68 145 218  25 195 234  57 252  42  10 219 
235  26  43  82 253  58  11 220 236 113 196  44  27  69 254  12 221  59 
237 197  45 255  28 222  13  60 238 198  46 223  29  98  70  61  14 239 
199 
 47  30 178  62  15 200 146  63  31 201  83 162  71 202 203 204  72 205  99 
206  84 207 179 
147  73 163  85 100  74  86 148 114 180  75  87 101 164 129  88  76 149 181 102 165  77  89 150 182  78  90 115 103 166 151  79 
183  91 104 152 167 116  92 184 105 168 153 185  93 186 117 154 106 169 187  94 188 155 107 170 189  95 118 156 190 171 108 191 130 172 157 119 
109 173 158 174 110 120 159 
175 111 121 122 131 123 124 125 132 126 133 127 134 135 136 137 138 139 
140 141 142 143 
nrelabeled = 133703
ndotcheck = 0
Starting Surf2VolSeg free
free done
#VMPC# mri_surf2volseg VmPeak  1956448
mri_surf2volseg done

 mri_brainvol_stats sub-v1s18x0051229_ses-1 

ComputeBrainVolumeStats2 VoxelVol=1, KeepCSF=1
  #CBVS2 MaskVol              1490751.0
  #CBVS2 BrainSegVol          1252008.0
  #CBVS2 BrainSegVolNotVent   1218648.0
  #CBVS2 SupraTentVol         1117494.0
  #CBVS2 SupraTentVolNotVent  1084134.0
  #CBVS2 lhCtxGM               289045.8
  #CBVS2 rhCtxGM               292499.8
  #CBVS2 lhCerebralWM          222231.0
  #CBVS2 rhCerebralWM          223410.0
  #CBVS2 SubCortGMVol           59093.0
  #CBVS2 CerebellumVol         134514.0
  #CBVS2 CerebellumGMVol       105353.0
  #CBVS2 VentChorVol            30833.0
  #CBVS2 3rd4th5thCSF            2527.0
  #CBVS2 AllCSF                 33360.0
  #CBVS2 CCVol                   2892.0
#-----------------------------------------
#@# AParc-to-ASeg aparc Sat Mar  7 03:04:13 CET 2026
/out/sourcedata/freesurfer/sub-v1s18x0051229_ses-1/mri

 mri_surf2volseg --o aparc+aseg.mgz --label-cortex --i aseg.mgz --threads 16 --lh-annot /out/sourcedata/freesurfer/sub-v1s18x0051229_ses-1/label/lh.aparc.annot 1000 --lh-cortex-mask /out/sourcedata/freesurfer/sub-v1s18x0051229_ses-1/label/lh.cortex.label --lh-white /out/sourcedata/freesurfer/sub-v1s18x0051229_ses-1/surf/lh.white --lh-pial /out/sourcedata/freesurfer/sub-v1s18x0051229_ses-1/surf/lh.pial --rh-annot /out/sourcedata/freesurfer/sub-v1s18x0051229_ses-1/label/rh.aparc.annot 2000 --rh-cortex-mask /out/sourcedata/freesurfer/sub-v1s18x0051229_ses-1/label/rh.cortex.label --rh-white /out/sourcedata/freesurfer/sub-v1s18x0051229_ses-1/surf/rh.white --rh-pial /out/sourcedata/freesurfer/sub-v1s18x0051229_ses-1/surf/rh.pial 

SUBJECTS_DIR /out/sourcedata/freesurfer
outvol aparc+aseg.mgz
16 avail.processors, using 16
Loading aseg.mgz
Loading /out/sourcedata/freesurfer/sub-v1s18x0051229_ses-1/surf/lh.white
Loading /out/sourcedata/freesurfer/sub-v1s18x0051229_ses-1/surf/lh.pial
Loading /out/sourcedata/freesurfer/sub-v1s18x0051229_ses-1/label/lh.cortex.label
Ripping lh vertices labeled not in lh.cortex.label
  ripped 8592 vertices from lh hemi
Loading /out/sourcedata/freesurfer/sub-v1s18x0051229_ses-1/label/lh.aparc.annot
Loading /out/sourcedata/freesurfer/sub-v1s18x0051229_ses-1/surf/rh.white
Loading /out/sourcedata/freesurfer/sub-v1s18x0051229_ses-1/surf/rh.pial
Loading /out/sourcedata/freesurfer/sub-v1s18x0051229_ses-1/label/rh.cortex.label
Ripping rh vertices labeled not in rh.cortex.label
  ripped 8537 vertices from rh hemi
Loading /out/sourcedata/freesurfer/sub-v1s18x0051229_ses-1/label/rh.aparc.annot
Done loading
128   0 160  32 208  64  16 224 240 176 112  96 144  80 192  48 241 242   1 243   2 244   3 245   4   5  49  33 209 246 225   6 247 210  50  34 226   7 248 211  17  51  35 227 249  18 212  52  36 228 250  19 
213  53 251  37 229  20 214  54 252  38 230  21 253  55 215  39 
 22 231 254  56   8 216  40 255 232  57   9 217  65  41 233  58  10 218  59 
 42 234  11 219 
 60  43 235  23  12 220  61  44 236  24  13 221  62  45 237 222  25  14  63  46 238 223  26  15  47 239 
 27  28  29  30  31  66 193 194 195 196 197 198 199 
200 201 202 203 204 205 206 207  67  68 145  69  81 113 146  70 161 177 129  97  71 147 114  82  72 130 148 162  73 178 115  83  98 131 149  74 132 116  84 150 163  99 
179 
 75 133 151  85 117  76 164 100 152 180  86 134 118  77 153 101 165 181  87 154  78 135 119 
155  88 102 182  79 
166 156 120 136  89 157 183 103 167 158  90 184 121 104 137 185 159 
168  91 186 105 122 187 188 138  92 189 169 106 190 191 123  93 107 139 
170  94 108 124 140 109 171  95 141 125 110 172 142 111 126 143 173 127 174 175 
nrelabeled = 579375
ndotcheck = 42947
Starting Surf2VolSeg free
free done
#VMPC# mri_surf2volseg VmPeak  1940668
mri_surf2volseg done
#-----------------------------------------
#@# AParc-to-ASeg aparc.a2009s Sat Mar  7 03:04:37 CET 2026
/out/sourcedata/freesurfer/sub-v1s18x0051229_ses-1/mri

 mri_surf2volseg --o aparc.a2009s+aseg.mgz --label-cortex --i aseg.mgz --threads 16 --lh-annot /out/sourcedata/freesurfer/sub-v1s18x0051229_ses-1/label/lh.aparc.a2009s.annot 11100 --lh-cortex-mask /out/sourcedata/freesurfer/sub-v1s18x0051229_ses-1/label/lh.cortex.label --lh-white /out/sourcedata/freesurfer/sub-v1s18x0051229_ses-1/surf/lh.white --lh-pial /out/sourcedata/freesurfer/sub-v1s18x0051229_ses-1/surf/lh.pial --rh-annot /out/sourcedata/freesurfer/sub-v1s18x0051229_ses-1/label/rh.aparc.a2009s.annot 12100 --rh-cortex-mask /out/sourcedata/freesurfer/sub-v1s18x0051229_ses-1/label/rh.cortex.label --rh-white /out/sourcedata/freesurfer/sub-v1s18x0051229_ses-1/surf/rh.white --rh-pial /out/sourcedata/freesurfer/sub-v1s18x0051229_ses-1/surf/rh.pial 

SUBJECTS_DIR /out/sourcedata/freesurfer
outvol aparc.a2009s+aseg.mgz
16 avail.processors, using 16
Loading aseg.mgz
Loading /out/sourcedata/freesurfer/sub-v1s18x0051229_ses-1/surf/lh.white
Loading /out/sourcedata/freesurfer/sub-v1s18x0051229_ses-1/surf/lh.pial
Loading /out/sourcedata/freesurfer/sub-v1s18x0051229_ses-1/label/lh.cortex.label
Ripping lh vertices labeled not in lh.cortex.label
  ripped 8592 vertices from lh hemi
Loading /out/sourcedata/freesurfer/sub-v1s18x0051229_ses-1/label/lh.aparc.a2009s.annot
Loading /out/sourcedata/freesurfer/sub-v1s18x0051229_ses-1/surf/rh.white
Loading /out/sourcedata/freesurfer/sub-v1s18x0051229_ses-1/surf/rh.pial
Loading /out/sourcedata/freesurfer/sub-v1s18x0051229_ses-1/label/rh.cortex.label
Ripping rh vertices labeled not in rh.cortex.label
  ripped 8537 vertices from rh hemi
Loading /out/sourcedata/freesurfer/sub-v1s18x0051229_ses-1/label/rh.aparc.a2009s.annot
Done loading
 48  96 160 112 192 224 176 208   0 144  16 240  80 128  64  32  33  17  49 209 225   1  34 226  18  50   2 227  35  19 
 51   3 228  36  20  52 229   4 210  21 230  53   5 211 231  22  54 212   6 232  23 241  55 213   7 233 242 214  56   8 234 243 215  57  65 235   9 244 216  58 236  10 245 217  37 237  59 
 11  24 238  38  60  12  25 239 
 61  39 
 26  13  62  40 246  63  14 218 247  15 219 
248  41 220 249 221  42 250 222 251  43 223  27 252  44  28 253  45 254  29  46  30 255  31  47  66 193 194 195 196 197 198 199 
200 201 202 203 204 205 206 207  67  68  69 145  70 177  97 161 113  71 129  81  72 146 130  73  98 178 162 114 147  74 131  82  99 
115 163 179 
148 132  75  76 100 116 133 164 149 180  83  77 117 134 101 181 165 150  78  84 118 102 182 135 151 166  79 
183 103 119 
 85 152 136 167 184 104 153 185 120 168  86 137 105 186 154 187 106 169 121 188 138 155 189  87 107 190 191 170 122 156 108 139 
 88 171 123 109 157 140 110 172 124  89 158 141 111 173 125 159 
142  90 174 126 143 175  91 127  92  93  94  95 
nrelabeled = 579375
ndotcheck = 42947
Starting Surf2VolSeg free
free done
#VMPC# mri_surf2volseg VmPeak  1940784
mri_surf2volseg done
#-----------------------------------------
#@# AParc-to-ASeg aparc.DKTatlas Sat Mar  7 03:05:02 CET 2026
/out/sourcedata/freesurfer/sub-v1s18x0051229_ses-1/mri

 mri_surf2volseg --o aparc.DKTatlas+aseg.mgz --label-cortex --i aseg.mgz --threads 16 --lh-annot /out/sourcedata/freesurfer/sub-v1s18x0051229_ses-1/label/lh.aparc.DKTatlas.annot 1000 --lh-cortex-mask /out/sourcedata/freesurfer/sub-v1s18x0051229_ses-1/label/lh.cortex.label --lh-white /out/sourcedata/freesurfer/sub-v1s18x0051229_ses-1/surf/lh.white --lh-pial /out/sourcedata/freesurfer/sub-v1s18x0051229_ses-1/surf/lh.pial --rh-annot /out/sourcedata/freesurfer/sub-v1s18x0051229_ses-1/label/rh.aparc.DKTatlas.annot 2000 --rh-cortex-mask /out/sourcedata/freesurfer/sub-v1s18x0051229_ses-1/label/rh.cortex.label --rh-white /out/sourcedata/freesurfer/sub-v1s18x0051229_ses-1/surf/rh.white --rh-pial /out/sourcedata/freesurfer/sub-v1s18x0051229_ses-1/surf/rh.pial 

SUBJECTS_DIR /out/sourcedata/freesurfer
outvol aparc.DKTatlas+aseg.mgz
16 avail.processors, using 16
Loading aseg.mgz
Loading /out/sourcedata/freesurfer/sub-v1s18x0051229_ses-1/surf/lh.white
Loading /out/sourcedata/freesurfer/sub-v1s18x0051229_ses-1/surf/lh.pial
Loading /out/sourcedata/freesurfer/sub-v1s18x0051229_ses-1/label/lh.cortex.label
Ripping lh vertices labeled not in lh.cortex.label
  ripped 8592 vertices from lh hemi
Loading /out/sourcedata/freesurfer/sub-v1s18x0051229_ses-1/label/lh.aparc.DKTatlas.annot
Loading /out/sourcedata/freesurfer/sub-v1s18x0051229_ses-1/surf/rh.white
Loading /out/sourcedata/freesurfer/sub-v1s18x0051229_ses-1/surf/rh.pial
Loading /out/sourcedata/freesurfer/sub-v1s18x0051229_ses-1/label/rh.cortex.label
Ripping rh vertices labeled not in rh.cortex.label
  ripped 8537 vertices from rh hemi
Loading /out/sourcedata/freesurfer/sub-v1s18x0051229_ses-1/label/rh.aparc.DKTatlas.annot
Done loading
 16 128 160  48 112 192  32 240  96 176 224  64 208 144  80   0 241   1  33  17 209 225  49 242   2 226  34 210  18 243  50 227   3 211  35 244 228  19 
212   4  36  51 245 229 213  20   5 246  37 230  52 214 247   6 231  21  38 215 248  53 232   7  22 216  39 
249 233  54   8 217  23 250 234  40 218   9 251  55 235  24  65 219 
 41 252 236  10  56 237 220  25  42  11 253 238 221  57 239 
 26  43 222  12 254  58  27 223  44  13 255  59 
 28  14  45  60  29  15  61  46  30  62  47  63  31  66 193 194 195 196 197 198 199 
200 201 202 203 204 205 206 207  67  68  69 145 113 161  70  81 177  97  71 129 146 114  72 178  82 162 147 130  73  98 115 148 179 
 74 131 116 163  83  99 
132  75 149 180 117 164  76  84 133 100 150 181 118  77 151 165 182 134  85 119 
101  78 183 152 120  86 135 166 102 184  79 
153 185 121  87 103 167 154 186 136 187 122 155 188 104  88 189 168 190 137 156 191 123 105  89 169 157 124 106 138 158 170  90 107 125 139 
159 
108 171  91 126 140 109 172  92 110 141 127 173  93 111 142 174  94 143 175  95 
nrelabeled = 579375
ndotcheck = 42947
Starting Surf2VolSeg free
free done
#VMPC# mri_surf2volseg VmPeak  1940656
mri_surf2volseg done
#-----------------------------------------
#@# WMParc Sat Mar  7 03:05:22 CET 2026
/out/sourcedata/freesurfer/sub-v1s18x0051229_ses-1/mri

 mri_surf2volseg --o wmparc.mgz --label-wm --i aparc+aseg.mgz --threads 16 --lh-annot /out/sourcedata/freesurfer/sub-v1s18x0051229_ses-1/label/lh.aparc.annot 3000 --lh-cortex-mask /out/sourcedata/freesurfer/sub-v1s18x0051229_ses-1/label/lh.cortex.label --lh-white /out/sourcedata/freesurfer/sub-v1s18x0051229_ses-1/surf/lh.white --lh-pial /out/sourcedata/freesurfer/sub-v1s18x0051229_ses-1/surf/lh.pial --rh-annot /out/sourcedata/freesurfer/sub-v1s18x0051229_ses-1/label/rh.aparc.annot 4000 --rh-cortex-mask /out/sourcedata/freesurfer/sub-v1s18x0051229_ses-1/label/rh.cortex.label --rh-white /out/sourcedata/freesurfer/sub-v1s18x0051229_ses-1/surf/rh.white --rh-pial /out/sourcedata/freesurfer/sub-v1s18x0051229_ses-1/surf/rh.pial 

SUBJECTS_DIR /out/sourcedata/freesurfer
outvol wmparc.mgz
16 avail.processors, using 16
Loading aparc+aseg.mgz
Loading /out/sourcedata/freesurfer/sub-v1s18x0051229_ses-1/surf/lh.white
Loading /out/sourcedata/freesurfer/sub-v1s18x0051229_ses-1/surf/lh.pial
Loading /out/sourcedata/freesurfer/sub-v1s18x0051229_ses-1/label/lh.cortex.label
Ripping lh vertices labeled not in lh.cortex.label
  ripped 8592 vertices from lh hemi
Loading /out/sourcedata/freesurfer/sub-v1s18x0051229_ses-1/label/lh.aparc.annot
Loading /out/sourcedata/freesurfer/sub-v1s18x0051229_ses-1/surf/rh.white
Loading /out/sourcedata/freesurfer/sub-v1s18x0051229_ses-1/surf/rh.pial
Loading /out/sourcedata/freesurfer/sub-v1s18x0051229_ses-1/label/rh.cortex.label
Ripping rh vertices labeled not in rh.cortex.label
  ripped 8537 vertices from rh hemi
Loading /out/sourcedata/freesurfer/sub-v1s18x0051229_ses-1/label/rh.aparc.annot
Done loading
112 208  96 160  32 192  80 224 240   0 144 176 128  48  16  64  33  49 241 193 225   1 209  34  50 242  17 226 194 210   2  35  51  18 243 195 227  36   3 211  52  19 
244 196 228  37   4  53 212  20 245  38 197   5  54 229 213  21 246 198  39 
 55   6 230  65 214 199 
247  56  22  40   7 231  66  57  41   8 200 215 248  23  67 232  58  42   9 201 249  24 216  59 
 43  68 233  10 202 250  25  60  44  11 217 234 203 251  26  45  12  61 235 218 204 252  27  69  46  13  62 205 236 253 219 
 28  47  14  63 206 254 237 220  29  15 255 207 238 221  30 239 
129 222  31 223  70 130  71  72 131  73  81  74 132  75 177 133  82  76  97  77 134 161 178  83 145 113  78 179 
 79 
 84 135 180  98 162  85 181 136 114 182 146  86 183  99 
163 184 137  87 185 115 186 187 188 189 190 191  88 164 147 138 100  89 116 165 139 
 90 148 101 166 117  91 140 167 149  92 102 118 168 141  93 169 150 119 
103  94 170 142 120 151 171  95 104 143 121 172 152 105 173 122 174 123 153 106 175 124 154 125 107 126 127 155 108 156 109 157 110 158 111 159 

nrelabeled = 442749
ndotcheck = 4184
Starting Surf2VolSeg free
free done
#VMPC# mri_surf2volseg VmPeak  1940668
mri_surf2volseg done

 mri_segstats --seed 1234 --seg mri/wmparc.mgz --sum stats/wmparc.stats --pv mri/norm.mgz --excludeid 0 --brainmask mri/brainmask.mgz --in mri/norm.mgz --in-intensity-name norm --in-intensity-units MR --subject sub-v1s18x0051229_ses-1 --surf-wm-vol --ctab /opt/freesurfer/WMParcStatsLUT.txt --etiv 

setting seed for random number genererator to 1234

7.3.2
cwd 
cmdline mri_segstats --seed 1234 --seg mri/wmparc.mgz --sum stats/wmparc.stats --pv mri/norm.mgz --excludeid 0 --brainmask mri/brainmask.mgz --in mri/norm.mgz --in-intensity-name norm --in-intensity-units MR --subject sub-v1s18x0051229_ses-1 --surf-wm-vol --ctab /opt/freesurfer/WMParcStatsLUT.txt --etiv 
sysname  Linux
hostname dna078
machine  x86_64
user     oesteban
whitesurfname  white
UseRobust  0
atlas_icv (eTIV) = 1560332 mm^3    (det: 1.248520 )
Loading mri/wmparc.mgz
Getting Brain Volume Statistics
Loading mri/norm.mgz
Loading mri/norm.mgz
Voxel Volume is 1 mm^3
Generating list of segmentation ids
Found 390 segmentations
Computing statistics for each segmentation

Reporting on  70 segmentations
Using PrintSegStat
mri_segstats done
#--------------------------------------------
#@# ASeg Stats Sat Mar  7 03:07:20 CET 2026
/out/sourcedata/freesurfer/sub-v1s18x0051229_ses-1

 mri_segstats --seed 1234 --seg mri/aseg.mgz --sum stats/aseg.stats --pv mri/norm.mgz --empty --brainmask mri/brainmask.mgz --brain-vol-from-seg --excludeid 0 --excl-ctxgmwm --supratent --subcortgray --in mri/norm.mgz --in-intensity-name norm --in-intensity-units MR --etiv --surf-wm-vol --surf-ctx-vol --totalgray --euler --ctab /opt/freesurfer/ASegStatsLUT.txt --subject sub-v1s18x0051229_ses-1 

setting seed for random number genererator to 1234

7.3.2
cwd 
cmdline mri_segstats --seed 1234 --seg mri/aseg.mgz --sum stats/aseg.stats --pv mri/norm.mgz --empty --brainmask mri/brainmask.mgz --brain-vol-from-seg --excludeid 0 --excl-ctxgmwm --supratent --subcortgray --in mri/norm.mgz --in-intensity-name norm --in-intensity-units MR --etiv --surf-wm-vol --surf-ctx-vol --totalgray --euler --ctab /opt/freesurfer/ASegStatsLUT.txt --subject sub-v1s18x0051229_ses-1 
sysname  Linux
hostname dna078
machine  x86_64
user     oesteban
whitesurfname  white
UseRobust  0
atlas_icv (eTIV) = 1560332 mm^3    (det: 1.248520 )
Computing euler number
orig.nofix lheno =  -14, rheno = -20
orig.nofix lhholes =    8, rhholes = 11
Loading mri/aseg.mgz
Getting Brain Volume Statistics
Loading mri/norm.mgz
Loading mri/norm.mgz
Voxel Volume is 1 mm^3
Generating list of segmentation ids
Found  50 segmentations
Computing statistics for each segmentation

Reporting on  45 segmentations
Using PrintSegStat
mri_segstats done

Started at Sat Mar 7 03:03:51 CET 2026 
Ended   at Sat Mar 7 03:07:40 CET 2026
#@#%# recon-all-run-time-hours 0.064
recon-all -s sub-v1s18x0051229_ses-1 finished without error at Sat Mar  7 03:07:40 CET 2026
