global_signal	global_signal_derivative1	global_signal_derivative1_power2	global_signal_power2	csf	csf_derivative1	csf_derivative1_power2	csf_power2	white_matter	white_matter_derivative1	white_matter_power2	white_matter_derivative1_power2	csf_wm	tcompcor	std_dvars	dvars	framewise_displacement	rmsd	t_comp_cor_00	t_comp_cor_01	t_comp_cor_02	t_comp_cor_03	t_comp_cor_04	t_comp_cor_05	c_comp_cor_00	c_comp_cor_01	c_comp_cor_02	c_comp_cor_03	c_comp_cor_04	c_comp_cor_05	c_comp_cor_06	c_comp_cor_07	c_comp_cor_08	c_comp_cor_09	c_comp_cor_10	c_comp_cor_11	c_comp_cor_12	c_comp_cor_13	c_comp_cor_14	w_comp_cor_00	w_comp_cor_01	w_comp_cor_02	w_comp_cor_03	w_comp_cor_04	w_comp_cor_05	w_comp_cor_06	w_comp_cor_07	w_comp_cor_08	w_comp_cor_09	w_comp_cor_10	w_comp_cor_11	w_comp_cor_12	w_comp_cor_13	w_comp_cor_14	w_comp_cor_15	w_comp_cor_16	w_comp_cor_17	w_comp_cor_18	w_comp_cor_19	w_comp_cor_20	w_comp_cor_21	w_comp_cor_22	w_comp_cor_23	w_comp_cor_24	w_comp_cor_25	w_comp_cor_26	w_comp_cor_27	w_comp_cor_28	w_comp_cor_29	w_comp_cor_30	w_comp_cor_31	w_comp_cor_32	w_comp_cor_33	w_comp_cor_34	w_comp_cor_35	w_comp_cor_36	w_comp_cor_37	w_comp_cor_38	w_comp_cor_39	w_comp_cor_40	w_comp_cor_41	w_comp_cor_42	w_comp_cor_43	w_comp_cor_44	w_comp_cor_45	w_comp_cor_46	w_comp_cor_47	w_comp_cor_48	w_comp_cor_49	w_comp_cor_50	w_comp_cor_51	w_comp_cor_52	w_comp_cor_53	w_comp_cor_54	w_comp_cor_55	a_comp_cor_00	a_comp_cor_01	a_comp_cor_02	a_comp_cor_03	a_comp_cor_04	a_comp_cor_05	a_comp_cor_06	a_comp_cor_07	a_comp_cor_08	a_comp_cor_09	a_comp_cor_10	a_comp_cor_11	a_comp_cor_12	a_comp_cor_13	a_comp_cor_14	a_comp_cor_15	a_comp_cor_16	a_comp_cor_17	a_comp_cor_18	a_comp_cor_19	a_comp_cor_20	a_comp_cor_21	a_comp_cor_22	a_comp_cor_23	a_comp_cor_24	a_comp_cor_25	a_comp_cor_26	a_comp_cor_27	a_comp_cor_28	a_comp_cor_29	a_comp_cor_30	a_comp_cor_31	a_comp_cor_32	a_comp_cor_33	a_comp_cor_34	a_comp_cor_35	a_comp_cor_36	a_comp_cor_37	a_comp_cor_38	a_comp_cor_39	a_comp_cor_40	a_comp_cor_41	a_comp_cor_42	a_comp_cor_43	a_comp_cor_44	a_comp_cor_45	a_comp_cor_46	a_comp_cor_47	a_comp_cor_48	a_comp_cor_49	a_comp_cor_50	a_comp_cor_51	a_comp_cor_52	a_comp_cor_53	a_comp_cor_54	a_comp_cor_55	a_comp_cor_56	a_comp_cor_57	edge_comp_00	edge_comp_01	edge_comp_02	edge_comp_03	edge_comp_04	edge_comp_05	edge_comp_06	edge_comp_07	edge_comp_08	edge_comp_09	edge_comp_10	edge_comp_11	edge_comp_12	edge_comp_13	edge_comp_14	edge_comp_15	edge_comp_16	edge_comp_17	edge_comp_18	edge_comp_19	edge_comp_20	edge_comp_21	edge_comp_22	edge_comp_23	cosine00	cosine01	cosine02	cosine03	non_steady_state_outlier00	non_steady_state_outlier01	trans_x	trans_x_derivative1	trans_x_derivative1_power2	trans_x_power2	trans_y	trans_y_derivative1	trans_y_derivative1_power2	trans_y_power2	trans_z	trans_z_derivative1	trans_z_power2	trans_z_derivative1_power2	rot_x	rot_x_derivative1	rot_x_power2	rot_x_derivative1_power2	rot_y	rot_y_derivative1	rot_y_derivative1_power2	rot_y_power2	rot_z	rot_z_derivative1	rot_z_power2	rot_z_derivative1_power2	motion_outlier00	motion_outlier01	motion_outlier02
62.05873149192766	n/a	n/a	3851.2861543871736	105.42853481297963	n/a	n/a	11115.175952811658	54.801377759660994	n/a	3003.1910043570665	n/a	58.66288121208012	65.98468995970379	n/a	n/a	n/a	n/a	0.0	0.0	0.0	0.0	0.0	0.0	0.0	0.0	0.0	0.0	0.0	0.0	0.0	0.0	0.0	0.0	0.0	0.0	0.0	0.0	0.0	0.0	0.0	0.0	0.0	0.0	0.0	0.0	0.0	0.0	0.0	0.0	0.0	0.0	0.0	0.0	0.0	0.0	0.0	0.0	0.0	0.0	0.0	0.0	0.0	0.0	0.0	0.0	0.0	0.0	0.0	0.0	0.0	0.0	0.0	0.0	0.0	0.0	0.0	0.0	0.0	0.0	0.0	0.0	0.0	0.0	0.0	0.0	0.0	0.0	0.0	0.0	0.0	0.0	0.0	0.0	0.0	0.0	0.0	0.0	0.0	0.0	0.0	0.0	0.0	0.0	0.0	0.0	0.0	0.0	0.0	0.0	0.0	0.0	0.0	0.0	0.0	0.0	0.0	0.0	0.0	0.0	0.0	0.0	0.0	0.0	0.0	0.0	0.0	0.0	0.0	0.0	0.0	0.0	0.0	0.0	0.0	0.0	0.0	0.0	0.0	0.0	0.0	0.0	0.0	0.0	0.0	0.0	0.0	0.0	0.0	0.0	0.0	0.0	0.0	0.0	0.0	0.0	0.0	0.0	0.0	0.0	0.0	0.0	0.0	0.0	0.0	0.0	0.0	0.0	0.0	0.0	0.0	0.0	0.0	0.0	0.0	0.0	0.0	0.0	0.0	0.0	0.0	1.0	0.0	-0.0567542238979257	n/a	n/a	0.0032210419302558	-0.0560766549856879	n/a	n/a	0.0031445912343838	-0.3712705777520426	n/a	0.1378418419043355	n/a	-0.0005100222165294	n/a	2.6012266135356224e-07	n/a	-0.000181937446787	n/a	n/a	3.310123454337245e-08	-0.0002450462477037	n/a	6.00476635136631e-08	n/a	0.0	0.0	0.0
45.12286060813605	-16.93587088379161	286.82372259246034	2036.072549461276	49.837392114020965	-55.59114269895867	3090.375146575986	2483.765652726679	44.838940783909386	-9.962436975751608	2010.5306106229325	99.25015049582284	45.40389339532635	41.00442637968564	11.218063	426.827881	0.6350760175330505	0.417953528984391	0.0	0.0	0.0	0.0	0.0	0.0	0.0	0.0	0.0	0.0	0.0	0.0	0.0	0.0	0.0	0.0	0.0	0.0	0.0	0.0	0.0	0.0	0.0	0.0	0.0	0.0	0.0	0.0	0.0	0.0	0.0	0.0	0.0	0.0	0.0	0.0	0.0	0.0	0.0	0.0	0.0	0.0	0.0	0.0	0.0	0.0	0.0	0.0	0.0	0.0	0.0	0.0	0.0	0.0	0.0	0.0	0.0	0.0	0.0	0.0	0.0	0.0	0.0	0.0	0.0	0.0	0.0	0.0	0.0	0.0	0.0	0.0	0.0	0.0	0.0	0.0	0.0	0.0	0.0	0.0	0.0	0.0	0.0	0.0	0.0	0.0	0.0	0.0	0.0	0.0	0.0	0.0	0.0	0.0	0.0	0.0	0.0	0.0	0.0	0.0	0.0	0.0	0.0	0.0	0.0	0.0	0.0	0.0	0.0	0.0	0.0	0.0	0.0	0.0	0.0	0.0	0.0	0.0	0.0	0.0	0.0	0.0	0.0	0.0	0.0	0.0	0.0	0.0	0.0	0.0	0.0	0.0	0.0	0.0	0.0	0.0	0.0	0.0	0.0	0.0	0.0	0.0	0.0	0.0	0.0	0.0	0.0	0.0	0.0	0.0	0.0	0.0	0.0	0.0	0.0	0.0	0.0	0.0	0.0	0.0	0.0	0.0	0.0	0.0	1.0	-0.0199282446700976	0.0368259792278281	0.0013561527460884	0.0003971349356312	0.0539872807477479	0.1100639357334358	0.0121140699491338	0.0029146264825361	0.0216554847939391	0.3929260625459816	0.0004689600216605	0.1543908906278887	0.000276059666593	0.0007860818831224	7.62089395194383e-08	6.179247269732585e-07	-0.0001438847356662	3.80527111208e-05	1.448008823643056e-09	2.0702817157732243e-08	0.0008360199585692	0.0010810662062729	6.989293711260468e-07	1.1687041423452802e-06	1.0	0.0	0.0
44.222122617966455	-0.9007379901695955	0.8113289269347624	1955.5961288384603	47.37394789418021	-2.4634442198407527	6.068557424266815	2244.2909390805016	44.72124054188631	-0.1177002420230763	1999.989355605256	0.0138533469722907	45.1588979788437	38.197329828119656	1.274596	48.496178	0.1394275642118788	0.0757095462263058	-0.0456232493	-0.0725413911	0.0687190456	-0.0500170991	0.0316038294	-0.0743103226	0.050612312	0.072749863	-0.1021432929	0.0464619311	-0.1143377626	0.1094287986	-0.1043211392	0.0417401686	-0.1440111555	0.238264826	-0.0854334344	0.2375991271	-0.1733490458	0.0262998513	-0.0267148448	-0.0207761554	0.1254290289	-0.0074915667	0.0123638122	-0.0714451686	0.0143176458	-0.1016625554	-0.0130110541	0.0012161275	-0.0762446161	0.1030582934	-0.0018164965	0.1281409454	-0.008851121	0.0841762696	-0.057471947	0.0984392078	-0.0013421106	0.0719008533	-0.0415283932	0.0968206208	-0.0904867847	0.080480047	-0.0583189164	0.0267380017	0.0025990105	-0.0370229721	0.170936553	0.0096936176	-0.0240082012	0.0484224247	-0.0421053343	-0.0906151039	0.1037597356	-0.0918687804	-0.0223519773	0.117278344	-0.0194477258	-0.0242190517	0.0004900336	0.0047270301	0.0075588344	0.0241587287	-0.0519734295	0.0890587469	0.0050136715	-0.0550509167	-0.0653650213	-0.0583757892	0.0930122577	0.0373070946	-0.0386594442	-0.0117410005	-0.0406398516	-0.0605155719	0.0458713436	-0.0057108914	0.0483365519	-0.0819055947	0.096203029	0.0104185715	-0.0300918192	0.0258966684	-0.1031732505	0.0724025918	-0.022192333	0.1077154271	-0.1087060297	0.1177338507	-0.0953552638	0.0760034415	-0.0231066414	0.0854606468	-0.0058584619	0.0665423799	-0.0213477334	0.0027039815	-0.0890559505	0.1242251819	-0.0844890527	0.0618358804	-0.0882588192	0.1811875912	-0.018365197	-0.0863167811	0.0198502426	0.0438357874	-0.0159507139	-0.0958989008	0.0625872959	-0.065439667	-0.050921169	0.0744175475	0.092111096	-0.0112074985	-0.1377990604	0.0648931888	-0.0422795744	-0.0244508774	0.0315204986	0.0044978665	0.0047711636	0.0339370034	-0.0059471509	-0.1049931684	0.0584116476	-0.0570432962	-0.0514838793	-0.0404796268	0.0632905307	0.0076820401	0.0722229878	-0.0760199139	-0.0485292524	-0.015743168	-0.0695924967	0.0082210913	-0.0883347163	0.0284523656	-0.0966161894	0.0767851937	-0.0029464072	0.0497466002	-0.0259677828	0.1011445597	-0.023061253	0.0101706363	-0.1272955026	0.0260625412	-0.0188548638	0.0418522724	-0.0306526238	0.0108217897	-0.0459051696	0.0758679682	-0.0071658831	0.0305298167	-0.0244675218	0.1059956606	0.1059832789	0.1059626437	0.1059337567	0.0	0.0	-0.0349668788336003	-0.0150386341635027	0.0002261605175036	0.0012226826153636	0.1170064399958619	0.0630191592481139	0.0039714144323391	0.0136905070005052	0.0484148159797612	0.0267593311858221	0.0023439944063541	0.0007160618055125	0.0005337420592421	0.0002576823926491	2.8488058580399737e-07	6.640021548136494e-08	-0.0005777767577608	-0.0004338920220946	1.8826228683734085e-07	3.3382598180858215e-07	0.0008366543361143	6.343775451000087e-07	6.9999047813886e-07	4.0243486972711363e-13	0.0	0.0	0.0
44.1521900644753	-0.0699325534911565	0.0048905620377934	1949.4158874895516	46.5608081804527	-0.8131397137275087	0.6611961940408548	2167.9088584169112	44.779201589311874	0.0579610474255645	2005.176894976231	0.0033594830186685	45.09590045488258	38.17823351900096	0.90183	34.31308	0.0534285226812892	0.033138856877993	-0.0176558758	-0.0705790425	0.1075665737	0.020644817	0.0262700966	-0.0426209556	0.045844301	0.0969144917	0.0393260594	0.073010387	-0.0112323151	0.0858069054	-0.0853763894	0.1041543806	-0.0857557867	0.1527331083	-0.0406541413	0.0274828236	-0.1116034863	0.0313634756	-0.0544348954	-0.0229842257	0.1169763308	0.0252559473	-0.0246353329	0.0012504637	-0.0178457164	0.0097993704	0.1250304086	-0.1163088082	-0.0276929725	0.1451965549	-0.0541460585	-0.1538323715	0.0257869381	-0.0294051059	-0.0303933357	0.0495428537	-0.1143035578	-0.0073716874	0.0567919747	-0.0240154913	0.0190082303	0.0491307648	0.0830465583	0.0324695625	-0.105775827	-0.0548058198	0.1118770821	0.1728118772	-0.0718394796	-0.057648068	-0.0655942492	-0.0461346316	0.0147432511	0.0441509481	0.0398896947	-0.0653309702	-0.0100448331	-0.0843338206	0.0332775177	-0.0586924786	0.007428324	-0.0345768729	0.0427215052	0.0722932633	0.0657225144	-0.0867672661	-0.0087069389	-0.0552525727	-0.034508339	0.0456915495	0.0929123773	0.0124265897	0.0160570192	-0.0658392908	-0.0433539328	-0.0024402357	0.0263238061	-0.0871718251	-0.0172070439	-0.0245805727	-0.0186891654	-0.0672929818	-0.1092598116	0.1794928438	0.0058249217	-0.0686365312	-0.181221341	0.0362637337	0.0492975104	-0.0767604246	-0.1070743855	0.0367336183	0.0132287906	-0.0548480703	-0.0056853313	0.0090813519	0.0711547282	0.012027243	-0.1096104651	0.0475355499	4.90263e-05	0.1322420192	-0.052500398	0.0465355473	-0.0894123789	-0.0690232569	0.0600688728	0.0774536783	0.1639047654	0.0982086413	-0.0871927737	-0.0762777395	-0.0188003253	-0.0206125086	0.041603065	-0.108612102	-0.024561403	-0.0460988121	-0.1355167222	-0.0709757481	-0.0736535324	0.025115373	0.1020821323	-0.0800770098	0.026768288	-0.0948112251	-0.0680433802	0.093946679	0.0056386642	-0.0080934489	-0.0410666175	-0.0711603766	-0.0238128058	-0.0022816141	-0.0678615466	0.0026473732	-0.1283410262	0.020388833	-0.121259906	0.0162715699	0.0257602253	-0.0040116427	-0.0067473412	0.0541815851	0.0596798801	0.0004247038	-0.1116751648	0.1378705661	-0.0098193635	-0.0383590073	-0.0149526479	-0.050038549	0.1496869042	0.0553602535	0.002893379	0.1105892963	0.0158109336	0.1059626437	0.1058512369	0.1056656457	0.1054060001	0.0	0.0	-0.0372531726230533	-0.0022862937894529	5.227139291691348e-06	0.001387798870483	0.1133956075777575	-0.0036108324181043	1.3038110751633616e-05	0.0128585638179287	0.0786449666667081	0.0302301506869469	0.0061850307820076	0.0009138620105555	0.0002881998258649	-0.0002455422333771	8.305913962855868e-08	6.029098837186335e-08	-0.0004778795732369	9.989718452389995e-05	9.979447475802117e-09	2.283688865170817e-07	0.0008360688382797	-5.854978345999282e-07	6.990111023423672e-07	3.4280771432120485e-13	0.0	0.0	0.0
44.01001956924802	-0.1421704952272762	0.0202124497131689	1936.8818224855936	46.14154381738914	-0.4192643630635615	0.1757826061350939	2129.042065852042	44.66858342618358	-0.1106181631282936	1995.2823453019223	0.0122363780138777	45.02395462551216	37.82410538572026	0.92778	35.300415	0.0509374205788852	0.0242423784043654	-0.0150331128	-0.066823135	0.0971339176	0.1048623105	0.0331579736	-0.0107937834	0.0432187971	0.1264602803	0.0257071672	0.0799103718	0.0100282249	-0.0468575228	-0.002636793	0.0284005697	-0.0439089587	-0.1891192646	-0.1074769746	0.0813431955	0.0302832546	-0.1414734063	-0.0265104978	0.0030850306	-0.0215405904	-0.0120717076	-0.0079702508	0.0621198329	-0.0210251511	0.0801746287	-0.0095247261	0.0753851845	0.0364410708	0.1741545894	-0.0978514899	0.0210121003	-0.040793864	-0.02213047	-0.0219661504	0.0208175188	0.0215488025	-0.0433533044	0.0919659712	0.0095957577	0.0114532391	0.1306560871	0.0851592048	-0.0227389836	0.1516759584	0.0439415064	-0.0209800524	0.0420613337	0.0137907952	0.0857141054	0.0586500221	0.2428095237	-0.0114563122	-0.0834493163	0.0951522577	-0.0351445271	-0.1534840627	-0.0253104017	-0.1142261273	-0.0166039034	-0.0103937117	0.0809467653	0.0451273104	-0.1543954525	-0.0026039787	0.1338362042	0.1047067381	0.0795604164	-0.0472766624	0.1529682823	-0.0386237919	-0.0015645266	0.0690787179	-0.0126349333	-0.0777128555	-0.0275477858	-0.0695203649	-0.0333388446	-0.0594711509	-0.0253423887	0.0021424731	0.0063608789	-0.1267955333	0.0528090585	-0.0403645122	0.0119667878	0.0078291926	0.2096375164	-0.0702371887	-0.1094211368	0.0382048804	-0.0056947164	0.0949306777	-0.0254508379	-0.0158167242	0.0030488616	-0.0186004219	-0.1810566463	-0.0244639574	0.1121388243	-0.0259553803	-0.0598994367	0.0268306517	-0.039818024	-0.0576144951	-0.0341317479	-0.0358185289	0.0692598522	0.0962216664	0.0845497301	0.0399679832	0.1085836048	-0.0659569151	0.0413879159	0.0001216445	-0.0111190625	-0.0483391737	0.0465956155	0.0792614204	-0.0235605025	0.2521199464	0.1323580284	0.0806206036	0.0967067923	0.1068215175	0.1072484524	0.0729297583	0.0546880737	-0.000276921	0.0026332637	-0.1449703893	-0.0231303023	0.0181952782	-0.0177894362	-0.0502462966	0.0560229978	-0.0657892345	-0.0527960323	-0.096730004	-0.1101022338	-0.0454497905	0.066749078	-0.0483241275	0.0036106941	0.048046097	-0.0387109804	-0.0450215227	0.0079952034	0.0366538552	-0.0233659597	-0.0452340881	0.0466694653	0.0415455246	0.0597284505	-0.033525677	-0.0159078388	0.0582066787	0.1058966202	0.1055873175	0.1050724821	0.104353116	0.0	0.0	-0.0314580083944093	0.0057951642286439	3.358392843695498e-05	0.0009896062921427	0.1179252213811707	0.0045296138034131	2.0517401208071384e-05	0.0139063578377981	0.0943892064848412	0.015744239818133	0.0089093223008379	0.0002478810874508	0.0003220840570164	3.388423115149999e-05	1.0373813978414361e-07	1.148141120728282e-09	-0.0003144139016333	0.0001634656716036	2.6721025792816e-08	9.885610154027446e-08	0.0005360506864609	-0.0003000181518188	2.873503384552021e-07	9.001089142076855e-08	0.0	0.0	0.0
44.023770166220906	0.0137505969728835	0.0001890789171106	1938.092339648242	46.42502643511845	0.2834826177293053	0.0803623945546594	2155.2830795014465	44.6680093298153	-0.0005740963682825	1995.2310574884664	3.2958664007520124e-07	45.002087388168455	38.42895574550929	0.9585570000000002	36.471428	0.0626683804548039	0.0299101450715344	0.0106331291	-0.0716830953	-0.0867015269	0.0805637068	0.044746684	0.0083109558	0.044064695	-0.0313305535	-0.0139468358	0.022324056	0.1018234719	0.0693340055	-0.0734760584	0.057542543	-0.0425927543	0.0232665433	-0.0288816436	-0.0873646798	0.0378764933	0.0165013411	-0.0142168107	0.0061771272	0.0987445725	0.0561718424	-0.0830820113	-0.019860621	0.0794183259	0.0681832808	-0.0567850719	-0.0076636963	0.0748485808	0.0181026861	-0.0444442516	-0.0134595603	-0.0425934796	0.1469486465	-0.0520919777	-0.0451532403	0.0524231108	0.0070609494	-0.1114838623	0.0364216294	-0.1036847057	0.0807468241	-0.0344635104	0.0946580579	0.0224954904	0.1908602359	-0.0180567616	0.0176683504	0.0135051877	-0.0363285817	0.0451275309	-0.0440158753	-0.040665229	-0.0183703213	0.0961484692	-0.063907711	-0.0101235235	-0.0390030497	-0.0520691089	-0.0070882676	0.0218046109	0.0299880059	-0.142466916	-0.0203691511	-0.0302948377	-0.0704594132	0.0425708117	0.0137839358	0.0914576131	-0.0220201205	0.0090311037	-0.0326196537	0.0623684629	0.0266449952	0.0500941411	-0.0162259216	-0.0321936321	0.0218060408	-0.1155710396	0.0051758426	-0.0247581654	-0.0821813827	-0.0352197575	0.0519569163	-0.0444376992	0.052992111	0.0104967852	-0.0157925134	-0.0662163564	0.008352684	0.0312454512	-0.0077561427	0.1314570677	0.0025270739	0.0209933193	0.2252474588	-0.0348326052	-0.0909310541	0.0078356963	-0.0582396824	0.1004965228	0.0628547757	0.0277760464	-0.0938475743	0.0153931053	-0.0387474708	-0.0562885614	-0.0268442319	0.0315659871	-0.0693400977	-0.0384348811	-0.0211890657	0.1341191558	0.0189190361	-0.1018465835	0.000834147	0.104185972	-0.0360911978	-0.0679002559	0.0723761418	0.0051623969	0.0559162315	-0.0398793334	-0.0042258294	-0.0358688059	-0.0022879175	0.0091519492	-0.0124029658	0.1218118858	-0.026118121	0.0130440207	-0.1386227999	0.0702279892	-0.006782638	-0.0491093828	0.0229695203	-0.0677768877	-0.1177673925	-0.0023201597	0.0005843428	0.0401525388	-0.001745785	-0.0262827559	0.0418949942	0.0542846224	-0.0251780753	-0.0134552228	0.0894395994	-0.0074112131	0.0005569108	0.0259014253	-0.0337906242	0.0589446796	-0.0197325117	0.0292094643	-0.0204963219	0.054330748	0.1057976105	0.1051918494	0.1041848154	0.10278035	0.0	0.0	-0.0200549326314245	0.0114030757629847	0.0001300301368563	0.0004022003228509	0.1308948044873688	0.012969583106198	0.0001682100859485	0.0171334498417865	0.1168569639047873	0.022467757419946	0.0136555500130447	0.0005048001234815	0.0003220282532261	-5.5803790299996995e-08	1.037021958758532e-07	3.114063011846038e-15	-0.0001459375793604	0.0001684763222729	2.8384271166602068e-08	2.1297777069573048e-08	0.0003880235292106	-0.0001480271572502	1.505622592210494e-07	2.191203928360504e-08	0.0	0.0	0.0
43.9845394791704	-0.0392306870505052	0.0015390468064546	1934.6397131947	46.55867129367786	0.1336448585594141	0.0178609482193658	2167.709872632743	44.65916660075285	-0.0088427290624508	1994.4411614737987	7.819385727191326e-05	44.95970817450832	38.2897996411236	0.933912	35.533726	0.1148218647975554	0.0546704319184299	-0.016215118	-0.0765225192	-0.0332732392	-0.0838670213	0.0296323899	-0.0767743	0.0502645228	-0.0372531194	-0.014351087	-0.0137583439	-0.0416706295	0.0895483607	-0.0430376143	0.0486954273	0.1554193853	-0.0561936596	-0.0699264019	-0.0397139284	0.0519931468	-0.1257596581	-0.1289961158	0.0662607591	0.0555517662	-0.0254525924	-0.021351229	-0.0355756286	-0.0672486754	0.0959647741	0.093463779	-0.1420292585	-0.0356234034	0.0427779592	0.0691921242	0.0353196304	-0.1418433473	-0.0587128359	-0.079824794	-0.0414067125	0.046920201	-0.0958692293	0.1400348161	0.0013943163	-0.0423097395	-0.094041835	0.1114872788	-0.0822034517	-0.0490788573	0.0020442729	-0.0968733417	0.0114689567	-0.0039998443	0.0057157687	0.0670356301	-0.0705154378	0.1777960509	0.0804458694	0.0439817834	0.0031089068	-0.0801663528	-0.0182080574	0.1238319001	0.0599324304	-0.0996709126	0.114770229	0.0305427718	-0.0527094442	-0.0309892817	-0.0675390707	-0.0883342292	0.0210478778	0.0112443331	-0.1361799412	0.0102019659	-0.0233172894	-0.0500720415	0.1129709245	-0.1207499065	0.0375343669	0.0140367363	0.0822801888	-0.0069469987	-0.0768827653	-0.1340906891	-0.0984306657	-0.0155592786	0.1005436622	0.0947446484	0.0785576307	-0.1102679236	-0.0669145189	0.0416254714	-0.0062563756	0.150124594	0.063451221	0.0367214481	-0.060463268	-0.0244076175	-0.1050577837	0.0494917735	0.0460371139	0.0930825706	0.0087080143	-0.0218561609	-0.089005536	-0.0629113868	-0.0692079362	-0.0457233407	-0.0179306034	0.0077533601	0.0629440528	0.1189543248	-0.0055724366	-0.0821639453	-0.1485806703	0.0780489552	-0.1390210549	0.0252196099	0.0073276018	0.0786551214	0.1234631736	0.0892406664	0.0017978307	-0.0874382153	-0.114962484	-0.1134839053	-0.0904764017	-0.0529803431	0.1214781022	0.0163410852	0.0363880412	-0.0625249991	-0.0344280442	-0.0830690535	-0.01973436	-0.0835393601	-0.0190116271	-0.0496330089	0.0309464931	-0.0506529739	-0.0110070434	-0.0033524136	0.1026183238	-0.0300195615	0.052539463	-0.0698125053	0.0610608584	0.0361794929	-0.0426922546	-0.0258909596	0.0499500398	0.0056835064	-0.0461514554	-0.055534677	-0.019655928	-0.0094818087	-0.1158481555	-0.0658488258	0.0415557447	-0.0375059067	0.1056656457	0.1046653254	0.1030051337	0.1006955375	0.0	0.0	-0.0302133348210986	-0.0101584021896741	0.0001031931350471	0.0009128456010118	0.1351492764575113	0.0042544719701425	1.810053174472824e-05	0.0182653269269888	0.0842320962105134	-0.0326248676942738	0.0070950460320171	0.0010643819920688	0.0010411713030516	0.0007191430498254	1.0840376822981664e-06	5.171667261123213e-07	-0.0005846955171036	-0.0004387579377432	1.925085279326658e-07	3.4186884772104625e-07	0.0005858050005112	0.0001977814713006	3.4316749862392706e-07	3.9117510389830075e-08	0.0	0.0	0.0
43.894131842039926	-0.0904076371304754	0.0081735408515157	1926.6948101663836	45.82588919014721	-0.7327821035306528	0.5369696112548084	2100.012120067651	44.564882181128674	-0.0942844196241736	1986.02872381788	0.0088895517838672	44.86781955414436	37.723503812560885	0.943423	35.895607	0.0742270143759119	0.0372671247128513	-0.0169441746	-0.0421332897	0.10398111	-0.0173100929	0.0099455482	-0.0194173463	-0.0179841696	0.0506142539	0.0323100197	0.0431662353	-0.066361333	0.0424943334	0.1006043436	0.0110313966	0.0960380722	-0.0603183993	0.0612085091	-0.1478254959	0.1004735635	-0.0501000574	0.0589416691	0.0718754737	0.063462002	-0.000936366	-0.0674411107	-0.024941464	-0.062005489	-0.0862820077	0.0612602515	-0.0296489306	0.0919290435	-0.0595110444	0.0607984763	0.1274301663	-0.1066097267	-0.0490993886	0.050460859	-0.0372092512	0.0637440554	0.0464190476	0.11951551	0.0450431599	-0.0394223177	0.0603929467	0.0364007592	-0.0349002525	0.0647359532	-0.042976844	-0.0781967019	-0.0654698335	0.0549122263	-0.0562534205	0.0802413483	-0.0391431363	0.0619816477	-0.0037551961	-0.1022599939	-0.0166814309	0.1045195717	0.0954864373	0.0267918315	0.0790420361	0.0932568703	-0.1131374657	-0.0613946405	0.0541708959	0.0105169802	0.0384482367	-0.0158247902	0.02277086	0.0030972305	0.050886565	0.0378890683	-0.0030605065	0.126309136	0.0451894512	0.1394809843	0.0641509268	0.0549902292	-0.0054770888	-0.0074149277	-0.068769938	-0.0588522677	0.0010494285	0.0927789219	0.0102369794	0.0197128094	0.0830346896	-0.1085349481	-0.0171231519	0.0260961896	-0.0688370192	0.1862675711	0.0051897324	0.0424234137	0.0998225313	-0.0421245596	-0.0306206746	0.0225301959	0.006198752	-0.1026776013	0.0124906527	-0.0178325824	-0.1096109254	-0.0174589168	-0.0613901661	0.0737781912	0.0871427238	-0.0939710963	0.0514604802	-0.0336865379	0.0119983393	0.0896645865	0.0672589191	-0.0583890148	-0.0598223276	-0.0175665954	0.006369379	0.1273948046	-0.0934268201	-0.0788389731	0.0697408649	-0.0060717624	-0.0593980699	0.0157798642	-0.0404438414	0.0142584396	-0.0284090143	0.0914135673	-0.0865555927	-0.0668820316	-0.0209175204	-0.0500485537	0.0329203449	0.002091918	-0.0080442489	-0.0457128432	0.0173213651	-0.0567123814	0.0474984439	-0.1399924373	0.004272467	-0.0553914795	0.0617723871	-0.0655679457	0.0130104542	0.0672233057	-0.0610924015	0.0051082718	-0.0441560597	0.0974259115	-0.0303215514	0.0297276245	-0.0424598093	0.0514915925	0.0501798994	0.0598337125	0.0998535827	0.0937299674	0.1055007667	0.1040084014	0.1015367435	0.0981090648	0.0	0.0	-0.0247741554263996	0.005439179394699	2.9584672487718195e-05	0.0006137587770914	0.1463885212833986	0.0112392448258873	0.0001263206242562	0.02142959916354	0.1081737446107808	0.0239416484002674	0.0117015590231184	0.000573202528122	0.0011950315015565	0.0001538601985049	1.428100289712383e-06	2.3672960683967243e-08	-9.316607943543608e-05	0.0004915294376681	2.4160118809438145e-07	8.679918357369984e-09	0.0005590558015831	-2.674919892810008e-05	3.125433892837224e-07	7.155196432950702e-10	0.0	0.0	0.0
43.9454209231196	0.0512890810796733	0.0026305698379973	1931.2000201101575	45.69895814801311	-0.1269310421340961	0.0161114894572476	2088.394775813854	44.67054618524045	0.1056640041117731	1995.4576964877	0.0111648817649328	44.985251172313454	37.461405061204914	0.929714	35.373997	0.0440851116155225	0.0269177397943925	-0.0352288937	-0.0381391229	0.0717089625	0.1002281068	0.0402922692	0.0930475728	-0.0342723814	0.0816173232	0.0542984328	0.0580693219	0.0739844552	-0.0061733613	-0.0320472105	-0.1001858968	0.0658195175	-0.129962444	0.0114379079	0.0423377776	0.064790135	0.1604774485	0.117748662	0.0050392245	0.0041723597	-0.035202148	0.1488308159	-0.0718002813	0.0103525326	0.1216049613	-0.0340976803	0.0105523159	0.1256960598	-0.0524938865	0.0869586701	-0.0501004866	0.0522239533	0.0893368532	0.0089871375	0.0004131938	-0.138050567	-0.0067167375	-0.0426707186	0.0186877061	-0.01481844	-0.1535636974	0.0791522418	0.015332868	-0.0445910715	0.0844201221	-0.1045937488	-0.1453522226	0.0460147842	-0.0487606086	-0.1080463837	0.0293738694	0.0035888162	0.0004786978	0.0337929841	0.0765443302	0.0391251263	0.0768930239	-0.0460822174	0.0425913708	0.090615745	-0.0265739242	0.0126352679	-0.0108085193	0.0650339787	-0.0162822433	-0.0061385216	0.022955085	-0.0288384706	-0.0484138322	-0.037795282	0.1324374507	-0.015623564	0.0470392696	-0.1628971359	0.0340919247	0.0122730956	-0.0592733362	-0.0914956971	-0.0220281745	-0.0444907938	-0.0722038555	0.0493567324	0.0342570722	-0.1065056781	-0.0724333892	0.1940078949	-0.0686075306	-0.0583589176	-0.008242189	-0.0133511667	-0.0154504952	-0.0944883045	0.0807049085	-0.0374369847	-0.0504734978	0.0909354405	-0.0280282218	0.0717436184	0.007026513	-0.052366514	-0.2069340954	0.0279734147	0.0945296757	0.0849976893	-0.0266829851	0.1003034294	-0.1093439102	-0.0647305181	-0.0013728236	0.0277248579	-0.0646957368	0.0296004736	0.0211065211	0.0311671772	-0.0638141861	0.0481543939	-0.1258085202	0.072476805	-0.0631954651	0.0673581773	0.0391338968	0.0741085453	0.0494822017	0.0670981732	-0.1135885165	0.023094972	0.0719525612	-0.0098126796	0.0427721803	0.0215019909	-0.0126202312	0.0279634339	-0.0218598398	-0.0405877658	-0.0068845511	-0.0190922169	-0.0589796965	-0.0923991163	-0.0710675427	0.0033438578	0.0437860235	-0.0971284051	0.0313689503	0.0291075406	0.0019880376	-0.0199520304	0.013609895	-0.0106183076	0.0117521928	0.047886196	-0.0221270841	-0.0139291599	0.0095886227	-0.0198795636	-0.0104950323	-0.0545258868	0.105303025	0.1032218959	0.0997837604	0.0950338178	0.0	0.0	-0.0217110757533589	0.0030630796730406	9.382457083395118e-06	0.000471370810368	0.1410893453929276	-0.0052991758904709	2.808126511814903e-05	0.0199062033834048	0.1095351427735735	0.0013613981627926	0.0119979475024271	1.8534049576553276e-06	0.0014151542476618	0.0002201227461053	2.002661544675235e-06	4.8454023352938395e-08	-0.0005541091500891	-0.0004609430706536	2.124685143836286e-07	3.070369502124648e-07	0.0005528924605577	-6.163341025399978e-06	3.056900729415478e-07	3.7986772595378446e-11	0.0	0.0	0.0
44.0079189156929	0.0624979925732986	0.003905999075692	1936.6969272902008	46.33221527508327	0.6332571270701592	0.4010145889851518	2146.6741722966594	44.74681784960688	0.0762716643664305	2002.2777076658967	0.0058173667852254	45.069145528247375	38.03951867374536	0.945395	35.970627	0.0612736693112114	0.0290858749919132	-0.0060772933	-0.05260976	-0.07845443	0.0292581937	0.0463463866	0.0258145554	0.0426898873	-0.0411142845	-0.0294915439	-0.0210389456	0.108821591	0.0401785513	-0.0694576651	-0.0114496341	0.06349197	-0.0363313366	0.1003163885	0.0007183254	0.0421725875	0.0229341562	0.0674585991	-0.0409496595	-0.0317716582	0.1089143265	0.0353466916	-0.1117124997	0.0538798414	0.0702480519	0.0181288545	-0.0379336417	0.0288980167	-0.1304329411	0.0789465355	0.056462767	0.1543965465	-0.0207589905	-0.1160271949	0.0403471944	0.0910982996	-0.1880654204	-0.13995699	-0.0177031269	-0.0886075996	0.1103226914	-0.0291826168	-0.0562843113	-0.0204527968	-0.0066495035	0.0876951115	0.018637546	-0.0100957982	-0.0621493093	0.0072864861	0.0153235335	0.0188119602	-0.022461184	0.007367429	-0.0569850244	0.0638514984	-0.008341767	0.0465480452	0.2098065128	0.0693583446	-0.0617306869	-0.0387100524	-0.0164159189	-0.0513472221	0.0347731589	-0.003339399	0.0149407293	-0.0938706191	0.0388637662	0.1226904035	0.0011335007	-0.0538576934	-0.065620206	0.0108972842	-0.0069349998	-0.0018016367	0.0605773794	-0.0770260678	0.0931406965	0.0116555819	-0.143365584	0.0661984081	-0.1035589168	0.0038224456	-0.0178138126	0.0067558205	-0.0877922414	0.0203221309	0.0473597346	-0.0528276505	0.0989833398	0.1449489885	0.0330092907	0.1420764326	0.0712917513	-0.0294815215	0.0753794001	0.058216163	0.1116999377	-0.0529056749	0.1242638667	0.0529683512	0.1033737488	0.0198150486	0.024457588	-0.1294069382	-0.0610172979	-0.1061366376	-0.0803066812	-0.0742128243	0.0504914979	-0.0244918085	-0.0747527425	-0.0197096747	-0.0094346915	0.0951826267	-0.0175129841	-0.0172946653	-0.1339245284	-0.0099297111	0.0220534634	-0.0324827594	-0.1297524988	0.087621084	0.0254390042	-0.0899515515	-0.0971180284	-0.0156419131	-0.1338025329	0.0215051306	0.0289528978	0.0485581273	-0.0061034051	-0.0339916541	0.0090335829	-0.0391077262	-0.0792968408	0.0362785052	0.0227654444	0.031865254	0.0544919443	-0.0728115255	0.0383411092	0.070074395	0.0159991865	-0.009558694	-0.0033304567	0.0117478027	-0.0018916667	-0.132098861	0.0218792136	0.0772273213	0.0610442241	-0.1402494998	0.0330657705	-0.0288828282	0.1050724821	0.1023067888	0.0977510977	0.091485117	0.0	0.0	-0.0324921888327338	-0.0107811130793748	0.0001162323992302	0.001055742335142	0.1465008547130537	0.0054115093201261	2.9284433121811656e-05	0.0214625004316552	0.089758043648878	-0.0197770991246954	0.0080565063996738	0.000391133649788	0.0011220995829219	-0.0002930546647398	1.259107473993502e-06	8.588103652581514e-08	-0.000426237911969	0.0001278712381201	1.635105353836732e-08	1.81678757599693e-07	0.0004677394076774	-8.51530528803e-05	2.1878015349440498e-07	7.2510424148351685e-09	0.0	0.0	0.0
43.96237070366902	-0.0455482120238741	0.0020746396185717	1932.6900378868163	46.305985724533	-0.0262295505502692	0.0006879893220691	2144.2443139206543	44.76881352152143	0.0219956719145528	2004.24666412476	0.0004838095829726	45.093158717713344	37.89872897649062	0.928549	35.329685	0.0361823593159285	0.0161336285463819	-0.0350727119	-0.0386641277	-0.0325905129	-0.0674678908	0.0485988237	-0.0504650004	0.0364624657	-0.0129755963	0.0025148488	-0.0259690978	-0.0007054377	0.1131792384	-0.0408942954	0.0110954662	0.0271290543	-0.062598147	0.1423835228	-0.0622731628	0.1572345729	0.0522024181	-0.1230409828	-0.0678863788	-0.0022211172	-0.0898889729	0.0538536752	-0.1242370409	0.0191986242	-0.1356317161	-0.0800110348	-0.1050249201	-0.034706083	-0.0763373068	-0.0900362585	-0.0678605876	-0.0322449986	0.1160413273	0.0269595932	0.0007787749	-0.0664434599	0.0288549292	9.50406e-05	-0.0756373348	-0.0153360124	0.0313650296	-0.0059047817	-0.0296977768	0.0118976812	-0.0031535676	-0.0607838807	0.0978549736	-0.1175044239	0.0046918508	-0.0343711283	-0.0823285105	-0.0869672792	-0.0765261016	0.0308885425	0.0321402047	0.2654032236	0.0827275103	-0.1865379823	-0.004272175	0.0013756025	0.0879364269	0.0970251624	-0.0483941667	0.1003365317	0.0643075554	-0.010816108	0.0646858667	-0.1315046285	0.1361987984	0.0050704622	-0.1322632527	-0.0450951066	0.0753617822	-0.0214551691	-0.0302625151	-0.0008131438	0.0064011363	0.0692133586	-0.0286128654	-0.061793553	-0.1170694866	0.0693511607	-0.0385687117	-0.1177388549	0.0445674482	0.0015743848	-0.1003575007	0.0066251663	0.1588796949	-0.0117889847	-0.0444187172	-0.0801958494	-0.0072173716	0.0253678451	0.108200689	-0.0668776814	-0.0302069889	-0.020131385	-0.0620127641	0.0218680397	-0.0307449481	0.0556235558	0.1276074418	0.0281750221	0.0106447419	0.094008441	-0.1586102888	0.0394533962	0.2454635985	-0.0359004591	0.044413654	-0.1129136312	0.1888627483	-0.0601400832	0.1177157294	-0.0726989738	-0.0405921928	-0.0416622198	-0.1368602313	-0.0757785073	-0.0245162292	-0.1138814014	0.0571499682	0.003015628	0.0364004981	0.081810162	0.0520177626	-0.0336486859	-0.1200544414	-0.0775626823	0.0432471578	0.0980759541	-0.0168418837	-0.0488431248	-0.0114731708	-0.022840846	-0.0097279945	-0.0299346272	0.1042468668	-0.0440398434	0.052425557	-0.0518780914	0.0405946215	0.1160889582	-0.0083281951	0.0040576023	0.0583085673	0.0552625843	0.0280251062	0.0828258184	-0.0121526176	0.0680576207	-0.1106662021	0.0412417351	-0.0527942244	0.009860131	0.1048092098	0.1012642201	0.0954444529	0.087480642	0.0	0.0	-0.0218000144625278	0.0106921743702059	0.0001143225927628	0.0004752406305664	0.1397868151606758	-0.0067140395523779	4.507832711089519e-05	0.0195403536927649	0.0873812805652534	-0.0023767630836245	0.0076354881932235	5.649002755680705e-06	0.0011740462905	5.194670757809983e-05	1.3783846922368105e-06	2.698460428204614e-09	-0.0002547871316185	0.0001714507803505	2.93953700827954e-08	6.491648243838284e-08	0.0003631492494116	-0.0001045901582657	1.3187737734820844e-07	1.0939101206065089e-08	0.0	0.0	0.0
43.895837510222734	-0.0665331934462898	0.0044266658301614	1926.844550723877	46.10581362116468	-0.2001721033683239	0.0400688709668989	2125.7460496695744	44.76291478799314	-0.0058987335282907	2003.718540317135	3.479505723778125e-05	45.10094173556308	37.35632099348104	0.959664	36.513557	0.078883724547073	0.0437114077218652	-0.0475221766	0.0132285157	0.1187779568	0.0485472075	-0.0233769385	-0.0376065639	0.0079277496	0.0539091766	0.0811333327	0.052742019	-0.0615452462	0.1012116756	-0.0176024898	-0.0727289344	0.026188951	0.0048249671	0.1211166711	0.0545030845	0.0029905827	0.069515768	-0.053724011	-0.0045867741	0.008024743	-0.0093077928	0.0355685052	0.0520665635	0.0790954744	-0.0477642516	-0.0500988266	0.0105693615	0.0023266663	-0.0555405967	-0.0884589695	-0.0872387929	-0.0448875903	-0.0501429641	-0.0926281988	-0.0293050283	0.0387604017	-0.0286750402	0.0813895611	0.0700316494	0.0569484272	0.0077030052	-0.0853171419	-0.058577896	0.0089418416	-0.0475596366	-0.0416652078	0.0120791545	0.092589804	0.1487697833	0.0591176144	-0.0664302846	-0.1217133887	0.0330803824	-0.0075691761	-0.0764985033	0.0310478819	-0.0116185614	-0.0892894898	0.0534023002	-0.091410237	-0.1330893876	0.0346448417	0.0178132535	0.0406796254	0.1343731331	-0.0349143471	-0.0340467789	0.0822992242	0.0183754762	-0.0890078628	-0.0129772479	0.0652060118	0.0140673025	-0.0453527475	-0.0061925357	-0.0021048276	-0.0925455388	0.0460538448	-0.0235831731	-0.0012387428	0.0520853316	-0.0622822333	-0.0737871468	-0.07291344	-0.0256241594	-0.0129455104	-0.0852702534	0.0679305306	-0.1066725916	-0.006432196	-0.0542154128	-0.0025104131	-0.0585018835	-0.0297426502	0.0005116998	0.0195937143	0.005917184	0.0658679306	-0.0271252637	-0.0645848463	0.0174275359	0.0243871883	-0.0008649164	0.0274430394	-0.0484875585	-0.1181045412	0.0665081444	-0.0772436882	0.0949086067	0.1320813366	0.2011084392	-0.0106165952	0.023138081	0.0545853326	0.0597086662	0.0133849923	0.1212717977	-0.0195693632	0.0961182263	-0.059891256	-0.1075108358	-0.043341384	0.1181857299	0.1036541399	0.0135964207	0.120480912	0.0624822342	-0.0080012778	-0.1135026917	0.0657482864	0.0469340136	0.0043667541	-0.0146110829	-0.0336599902	-0.0468071087	-0.0401577116	0.0142868601	-0.0698202003	-0.0376865651	0.0305805312	0.0310856955	-0.0578415498	-0.0445843592	0.0856586245	-0.0468284058	-0.0279891752	0.0454345211	-0.1581722899	0.0505596771	-0.0234217129	0.0813803993	0.0637531879	-0.0573477065	0.0297545505	-0.0122937368	0.0232844902	0.1045132902	0.1000954889	0.0928702909	0.0830403428	0.0	0.0	-0.0215617303352644	0.0002382841272633	5.677932530567999e-08	0.0004649082150506	0.1465825748824443	0.0067957597217685	4.618235019601133e-05	0.0214864512591673	0.1231119461609395	0.035730665595686	0.015156551287534	0.0012766804639107	0.0007485860821049	-0.000425460208395	5.603811223211641e-07	1.8101638892760186e-07	-0.0002657570402968	-1.0969908678300029e-05	1.2033889641024224e-10	7.062680446731499e-08	0.0006490994343853	0.0002859501849736	4.2133007571931645e-07	8.176750828649323e-08	0.0	0.0	0.0
43.84826604763765	-0.0475714625850827	0.0022630440524839	1922.6704353844127	46.10312072457848	-0.0026928965861969	7.251692023951349e-06	2125.4977405450577	44.63710101575268	-0.1258137722404626	1992.4707870905088	0.015829105285375	45.000316456716845	37.54794629678873	0.9841160000000002	37.443924	0.1013918551305742	0.0516581872079294	-0.0603782906	0.010902015	-0.1105606192	0.067646729	0.0782724222	-0.0201864482	0.0077928678	-0.0842131863	0.0407484202	0.0437648422	0.0926520001	0.0167647615	-0.0318162399	0.0810239944	0.0037257583	-0.1322846376	0.0271938275	0.0065632153	0.0270341713	-0.0032900627	-0.0585659816	0.0814219468	-0.0388173715	-0.1371804626	0.0884369475	0.0960156464	0.0504960837	0.0844731185	-0.0756383226	-0.1220916378	-0.0090766008	0.0162966145	-0.010292647	-0.0785672822	0.1057162054	-0.008124674	-0.0692883026	-0.092128807	-0.030864442	-0.0281620547	-0.0455475891	-0.0739811742	0.0983056388	-0.1614090714	-0.0031246288	-0.0604759541	0.0150483455	0.025895254	-0.0047238433	-0.1334196943	-0.085897783	0.0453731292	-0.0863280477	-0.0249988822	-0.0370355533	-0.1149204036	-0.0986767292	0.0373873279	0.0045415117	-0.1051590041	0.0508283752	0.1502488321	-0.0786010136	0.1453543423	0.0337513644	-0.1269359171	0.0091827894	-0.0395295968	0.0706950188	-0.1556130699	0.0144691624	-0.0355059416	-0.0465486111	-0.0422543058	-0.0649756366	0.0042737211	0.0109180294	0.0306875046	-0.1374713679	-0.0009185405	-0.0346315951	-0.127257528	-0.0543274453	0.0303550782	-0.0119729208	0.060519614	-0.0494416613	-0.1291894099	0.0214303147	-0.0586082235	-0.0237590408	0.0693843584	0.0309038246	-0.0382739935	-0.0346563974	-0.1016967307	0.0574252941	0.0244817625	-0.0624740925	-0.011115097	0.0562586767	-0.040296183	-0.0108696831	-0.138550655	-0.0873113896	0.0972531951	0.009673908	0.0707655154	0.1207254447	-0.0627662785	0.0010585946	-0.0830073856	0.0056238608	0.0930095676	0.0442033467	-0.1244416336	0.0866027116	0.1107360622	-0.0210025491	0.0253063853	0.0846714892	-0.0185501781	-0.0777861851	0.0820312276	-0.0703774461	-0.074654831	0.0716990834	-0.0048318202	-0.021386797	0.0635129229	-0.0013614522	0.0597038872	0.006392185	0.0049383704	0.0020082324	-0.0264460693	-0.0314773476	-0.0344613791	-0.0156099226	-0.1086400435	0.0154812081	0.0332635526	0.0326641968	0.0694522841	-0.099909008	0.0653673149	0.1267824455	-0.0566516614	0.0326039395	-0.0263483625	0.0905132665	0.0393646966	-0.0759043089	0.0009950311	0.0290206053	0.0785243105	-0.0521249925	0.1064639351	-0.0216513245	0.1041848154	0.0988020511	0.0900358269	0.0781863408	0.0	0.0	-0.0316658866237844	-0.01010415628852	0.0001020939743028	0.0010027283756703	0.153309186958424	0.0067266120759796	4.5247310020715767e-05	0.023503706805853	0.1267475516433691	0.0036356054824295	0.0160649418475885	1.321762722387214e-05	0.0014631591952431	0.0007145731131382	2.140834830624436e-06	5.106147340200188e-07	-0.0008797378126264	-0.0006139807723296	3.769723887904521e-07	7.739386189646829e-07	0.0003591436941802	-0.000289955740205	1.2898419306940106e-07	8.407433127788742e-08	0.0	0.0	0.0
43.887142660920816	0.0388766132831648	0.0015113910603687	1926.081290940016	45.694790198252754	-0.4083305263257273	0.1667338187294454	2088.013851262336	44.67430790881721	0.0372068930645355	1995.793787131808	0.0013843528915157	45.04439563045965	37.20692122670922	0.960481	36.544655	0.0496669558848274	0.0251559668867446	-0.0652639713	0.0314751278	-0.016589059	-0.0617253939	0.0552267231	-0.0486747674	-0.0541453252	-0.0434250787	0.0455611473	-0.1017539845	-0.0053896994	0.0782764776	0.0122022945	0.0356066099	-0.1068265385	-0.1395050447	-0.0152629501	0.0143326781	0.0228759633	0.0568162971	-0.1496815223	0.0469027014	0.09334144	0.0519687883	-0.0446109087	0.0266204529	-0.0181875162	0.0136183301	-0.0789953756	-0.0218291416	-0.0281922653	-0.0064614436	0.0215877498	-0.0083701298	0.0935305002	-0.0997975143	0.1017795767	-0.0153064683	-0.0181504493	0.0727344933	-0.0471165848	0.0139615051	0.0628127375	-0.1507661581	0.0731717967	0.0548360549	0.0240020146	0.0342911442	0.0192925975	0.1115458381	0.0840725332	0.0871079743	0.0664268362	0.1645330622	0.063835529	0.0506552754	0.0788348084	0.0664164941	0.12994315	0.0556946023	0.1081163891	-0.005820668	-0.0176028691	0.009721145	-0.0996356809	0.0443942486	-0.1130055914	0.0864694574	0.094576095	-0.066274503	0.1006466592	0.090121187	0.1191533766	0.1382414528	0.0943638029	0.0191826228	-0.1631225303	0.049827252	0.0849019101	0.016290568	0.106627275	-0.0031312565	-0.0034447687	0.0338064503	-0.0216302678	0.0063747754	0.0566156146	-0.022967329	0.0292567424	0.0111012512	-0.0848658834	0.0888037594	-0.0633903186	0.0747931254	0.0409859647	-0.0993745782	-0.0439305363	-0.0248087291	0.039102237	-0.0173264183	0.1110314895	-0.0671467996	0.0741760127	-0.0061455607	0.0704003272	-0.0731334224	0.0627092107	-0.0403569221	0.0582465886	0.1600579133	-0.1216373742	0.0521231446	-0.0923693248	-0.001572836	0.0472011589	0.020315709	0.0599486074	0.0438075456	0.0292304882	0.0080015203	0.0213660045	-0.0172936041	0.1207693584	0.0645376843	0.0533626887	-0.0826248278	0.0563307134	-0.1404824183	0.1543814783	-0.0022392919	-0.1093418113	0.0906614253	-0.0486335704	-0.0237115977	0.132393839	-0.0157779026	-0.0321580582	-0.0535100122	-0.0111337556	0.0102645261	0.0098179551	0.1209154216	0.0146097874	0.1145763787	-0.0648641747	0.0068755725	0.055232773	-0.0018824345	0.0097286306	0.0537373331	-0.090097972	-0.0489825199	0.0253416329	0.0405135364	-0.0695942545	-0.0594524829	0.0108621411	-0.0039305352	0.011145869	0.1038238878	0.0973855183	0.0869490055	0.0729428184	0.0	0.0	-0.0304297284737486	0.0012361581500358	1.528086971899942e-06	0.000925968374986	0.1464942521614034	-0.0068149347970205	4.6443336287641975e-05	0.0214605659163288	0.122668291495593	-0.004079260147776	0.0150475097384477	1.6640363353234274e-05	0.0010951766617419	-0.0003679825335012	1.199411920424132e-06	1.354111449619618e-07	-0.0006672104862772	0.0002125273263491	4.5167864445139346e-08	4.451698329982578e-07	0.0005293658901297	0.0001702221959495	2.802282456328097e-07	2.8975595993869994e-08	0.0	0.0	0.0
43.90908101065354	0.0219383497327214	0.0004812911889951	1928.007395200135	45.92665547328991	0.2318652750371583	0.0537615057680571	2109.2576829622703	44.664707645104855	-0.0096002637123575	1994.936109022688	9.216506334680936e-05	44.99598287115034	37.05739094715888	0.962095	36.606045	0.0584786771772904	0.0345473601860209	-0.078157307	0.0267317739	0.1071287116	0.0290345842	0.0160055229	-0.0088300151	0.006495722	0.0809914598	0.0936385227	0.0296562769	-0.0162825022	0.0619048647	0.0154368457	0.0747098526	0.0894729485	-0.0001359042	0.024507783	0.0397091772	0.0932367282	0.1499497412	-0.0379886279	0.047716027	0.0464592038	0.0488798444	-0.0028161218	-0.0913607524	-0.1056981836	0.018070444	0.0259372335	0.0469649736	-0.0411842337	0.1410914885	0.0228090768	0.0010076514	0.0245824134	-0.0513680045	-0.0263382013	0.15165504	-0.0691871979	0.0757764272	-0.0205532606	0.0420307692	0.0046768883	-0.0515005181	-0.0890176305	0.0043102493	0.0745418606	-0.1506691632	-0.0391287508	0.1497514956	-0.0013366297	-0.0957401199	0.0526948133	0.0269925889	-0.0003474402	0.0212693515	-0.0989266723	0.0012970988	-0.0095312228	0.1314143893	-0.0280602171	0.0249071239	0.0237731958	-0.0878019832	0.0007909176	-0.0025953064	-0.0144601959	0.0095724999	0.0835750391	-0.0817855178	0.0409151661	-0.1381364299	0.0691805229	0.0613873623	0.0019730085	-0.1638480195	-0.0191984217	0.0812549141	0.0447722083	-0.0759008292	0.0587209519	0.0005763164	-0.0173128385	-0.113420678	-0.0447100691	0.1033289105	-0.0039609132	-0.0232910354	-0.038164192	0.086923225	-0.0006579865	-0.0101582224	-0.0759368835	0.0498558202	-0.048263076	0.0694557482	0.0086869731	-0.0047918974	-0.1176867271	0.1110133244	-0.0349082331	0.0250643458	0.0788295826	-0.0626768045	-0.0293088385	0.0135072468	-0.0265859917	0.0456792692	-0.0688596152	0.1657518417	-0.0911473923	0.0313715176	-0.0290289452	-0.0234970558	-0.09357086	0.0062183427	0.0308288573	-0.0489201489	0.0164984831	-0.0614505557	0.0065960346	-0.0604232519	0.1798373672	-0.0538302469	0.0368741836	0.0193982615	-0.0223293071	-0.0432060705	-0.0023113814	-0.1835250831	-0.0630955936	0.098707653	-0.0573274817	0.0545909967	-0.0241477415	-0.0128252407	-0.0542112714	-0.0458338378	-0.0598287841	-0.0452737356	-0.1775331373	-0.0032490985	-0.0393304982	0.0754202263	-0.1289359098	0.0294296122	0.079290735	-0.1316833595	-0.1341467751	0.1348231385	0.0035263789	0.0697459615	-0.0175780757	-0.1340812797	-0.1608194602	-0.0290637594	0.0799889454	-0.0989825644	-0.0293100001	0.1034306197	0.0958476552	0.0836184785	0.0673358985	0.0	0.0	-0.0333865320411206	-0.002956803567372	8.742687336023811e-06	0.0011146605217327	0.1646265666337001	0.0181323144722966	0.0003287808281222	0.0271019064416001	0.0942973304099012	-0.0283709610856918	0.008891986522434	0.0008049114329258	0.0010832209123225	-1.1955749419399926e-05	1.173367544892789e-06	1.4293994417948167e-10	-0.0008352137558607	-0.0001680032695834	2.8225098590746163e-08	6.97582017978937e-07	0.000528952948094	-4.129420357000795e-07	2.7979122129733384e-07	1.7052112484812578e-13	0.0	0.0	0.0
43.88692649310694	-0.0221545175465962	0.0004908226477224	1926.062317011372	46.048929280632144	0.122273807342232	0.0149508839619652	2120.5038878926603	44.73980794634138	0.0751003012365245	2001.6504150755115	0.0056400552458167	45.07730733865846	36.93394522263309	1.144016	43.52784	0.2292754676535338	0.1283879306412987	0.0800820878	0.1242431246	-0.1050694051	0.0158553931	-0.1596139128	0.127842036	0.006441234	-0.0344131344	0.0467555292	-0.0333328713	0.081012207	-0.0743664276	-0.0472574427	-0.1007304504	0.0719201204	0.0912860219	0.2245392929	-0.1210723088	-0.0334768265	-0.0200296749	0.0017541126	-0.0097847903	-0.0956799732	-0.0121324816	0.0812616194	0.1665049396	0.0344481374	0.0553683788	0.0717338886	0.2046333933	-0.0359460429	-0.1553427951	0.0733689809	0.0698680914	0.0125724763	-0.0459757327	0.0164668001	-0.0931225825	0.0433435258	-0.01183831	-0.0412953264	0.1011247899	-0.1446339418	0.0300738653	0.0402357765	0.0763183103	-0.030437784	0.0161746995	0.0551627383	0.0256659445	-0.0184767574	-0.0186785607	0.0051483351	0.0599125373	0.0216108508	-0.0151304667	-0.0207486068	0.1955360281	-0.1010028387	-0.0319763545	0.1273173361	0.0282644768	-0.0063500437	-0.0142962979	0.014154634	-0.0286989367	0.1818880046	0.0556978248	-0.0232870989	0.0261593348	-0.0678892789	-0.0087582784	0.0541064748	-0.1426702443	-0.0916283685	0.0933767838	0.0684729264	0.0143706797	-0.0777304125	0.0822236588	-0.1711902877	0.0838763341	0.0107510999	0.2285140141	0.0919374476	-0.1991706064	0.0627120554	-0.0525233502	0.0622480338	0.0604849116	0.0020961191	-0.0346953216	0.0115621069	0.0774635492	0.0025753628	-0.032408508	-0.0814371536	0.0094533398	-0.0768863477	-0.0027164698	-0.05893713	0.0027572813	-0.1117681339	-0.0507737811	-0.0029584904	0.0021489748	0.0479844289	-0.0287237637	-0.0309760784	-0.0635456495	-0.1401300281	-0.0380034546	-0.146278151	-0.0288154936	0.0555872325	-0.1738874895	-0.0046635642	-0.0435554748	-0.0292331893	-0.0236589159	0.0085835162	0.0396026262	0.0249344225	-0.0705254792	-0.0281325999	0.0135488331	0.0065939988	0.1341215717	0.0263910291	0.0079486549	-0.1201467637	-0.0831291588	-0.0090450985	-0.0164986492	-0.1734248561	0.1402675939	0.2462889235	0.0075517449	-0.1307781912	-0.0249272609	0.0988456734	-0.023184797	0.2032467465	0.227611482	0.0864331817	-0.1705792679	0.064759757	0.1439212836	-0.1507257497	-0.4143187963	-0.0464449565	-0.0081879601	-0.0767077391	-0.0511462586	0.0479444079	0.0588333986	0.0491273188	-0.1886978246	0.0417646901	0.1030051337	0.0941903779	0.080053581	0.0613935146	0.0	0.0	-0.0221973333903804	0.0111891986507402	0.0001251981664457	0.0004927216096436	0.1770583153773799	0.0124317487436798	0.0001545483768259	0.0313496470442757	0.1277388027086701	0.0334414722987689	0.0163172017174445	0.0011183320695093	0.0032278153620716	0.002144594449749	1.0418792011625413e-05	4.599285353894644e-06	-0.0017430177284891	-0.0009078039726283	8.241080527199047e-07	3.0381108018273016e-06	0.0009208154849234	0.0003918625368294	8.479011572747163e-07	1.535562477703729e-07	0.0	0.0	0.0
43.87891524048287	-0.0080112526240725	6.418016860670916e-05	1925.35920268148	45.8701785494993	-0.178750731132844	0.0319518238805262	2104.0732801629456	44.61610492589522	-0.1237030204461575	1990.596818758492	0.0153024372675024	45.00313495554584	36.606496671992026	1.132648	43.09531	0.4838591899995149	0.2520153106561251	0.2509887319	0.2262733019	-0.0685893364	-0.057700567	-0.1348402173	-0.0097356994	0.0189900208	-0.1377007203	0.1061142036	-0.1670734976	-0.0196734698	-0.2856021614	-0.0156850226	-0.065181247	-0.1204196472	0.070661632	-0.0961132512	0.0250711589	0.0650892679	-0.120960301	0.0876155983	0.1466414342	-0.1181753542	0.0504899582	-0.0446529433	0.0691594868	-0.0669151524	0.003117638	0.1852712855	-0.0685755083	0.0340476717	-0.1365287369	-0.0161233022	0.0274322345	0.1451063976	-0.0793678509	0.0791105607	0.1942104269	0.0405036776	0.1411335209	0.0282428926	-0.138831607	-0.0997078764	-0.0117273204	-0.0607502987	0.1362664298	0.0660630872	-0.1325152571	-0.017011006	-0.1240738896	0.0312575314	0.0076061449	0.0621784441	0.0604871621	-0.0446073978	0.1981167462	0.117586596	0.0269462896	0.0005612627	0.079841141	-0.0798932678	-0.0949551234	-0.1743777498	-0.0468262634	0.0604051833	0.0569924737	-0.0862224436	-0.2004455177	-0.033606385	-0.0350271762	0.0214316315	0.0553084894	-0.0493705496	-0.1526710465	-0.0118979703	0.108005328	0.0342925992	0.1726340841	-0.0187982445	0.118213815	0.162215069	0.0439494178	0.0490058754	0.0492854113	0.1991884967	-0.0986893827	0.1367212129	-0.0982967468	-0.1811642206	0.0504688931	-0.0594150515	-0.0691571736	-0.0804711838	-0.0075758763	0.0289861372	-0.0523803905	0.1385909694	0.0677449957	0.176106334	0.198312686	-0.0280558723	0.0571297047	0.0968983971	-0.0002303177	0.012987883	0.0247033515	0.1672675329	-0.0065605054	-0.0551215773	0.0937196905	-0.0129779366	-0.0056298096	0.0012877072	-0.0810022435	0.1042016618	0.1158996935	0.0572429346	-0.01765823	-0.08551582	-0.0464798328	0.1162698613	0.1760237545	-0.0173821475	0.0104132231	-0.0363983927	0.0668193283	-0.1108908056	0.1176941181	-0.0329761771	-0.0434335458	0.0531908313	0.0717204846	0.0278784141	0.0404778888	-0.0368258315	0.2793944617	0.228898977	-0.087043991	-0.0232580986	-0.0331100808	0.1329097459	0.0647205928	0.00141796	-0.2257588251	-0.1567665191	-0.0130668784	-0.1580832577	0.1392965301	-0.1059794647	-0.0588913159	-0.0405855319	-0.0337466	-0.050321455	0.0296668215	0.078229595	0.0210526914	0.1114795008	-0.1123233061	0.2795496085	0.1025475623	0.0924157511	0.0762643048	0.0551452713	0.0	0.0	-0.0420354491072743	-0.0198381157168939	0.0003935508351968	0.0017669789816502	0.1157832877505029	-0.061275027626877	0.0037546290106745	0.0134057697223157	0.0131179865115811	-0.114620816197089	0.000172081570118	0.0131379315056868	0.0072641209571615	0.0040363055950899	5.2767453280272906e-05	1.629176285695403e-05	-0.0001416106135148	0.0016014071149742	2.5645047478903105e-06	2.0053565860038052e-08	0.0007960235858145	-0.0001247918991089	6.336535491729746e-07	1.5573018083205885e-08	0.0	0.0	0.0
44.12642664549863	0.2475114050157643	0.0612618956128777	1947.141528500572	46.240304331203085	0.3701257817037842	0.1369930942818373	2138.1657446422787	44.762838250763565	0.1467333248683431	2003.7116882640216	0.0215306686269187	45.11103448909903	37.28988598901143	1.161797	44.204361	0.4410086535485185	0.2751770183435731	0.0815806218	0.0659985376	-0.0620062329	-0.0271803797	-0.0073230009	0.0530447811	0.0299380714	-0.0439638039	0.0343348994	-0.1122448618	0.0438829368	-0.0350988547	0.1215229195	0.169260672	-0.1684339734	-0.0033972293	-0.0275330066	0.1343479975	0.0658342803	0.0486815144	-0.1212584573	0.0118317145	-0.0192486182	0.0614173904	0.0752299264	0.0544214695	0.0319325506	-0.0348446783	-0.0739988849	0.0010155013	-0.16664171	-0.0398087177	0.0176359696	0.0073198725	-0.104498914	0.0688524179	0.0151193768	0.0524497878	0.1125148983	0.0580935054	-0.0433678838	-0.0351173165	0.0759422914	-0.0830640121	0.0915436748	0.0551509948	-0.0471798185	0.0346398317	0.0287336642	0.0335930574	-0.0861985567	-0.1172260949	-0.1403710762	-0.0526779735	-0.0202667335	0.0908055473	-0.0628742982	-0.0475249198	-0.1909682061	0.0702103343	-0.0108656654	-0.0075051768	-0.0634267239	-0.0116628001	-0.0380158865	0.0376351627	0.0454110806	0.0278683263	-0.1245610102	-0.0606750524	0.0022927059	0.1041110351	-0.0439689255	0.0504986029	0.0291566464	-0.0064289133	-0.116159627	0.0393728555	0.0215417583	0.0154299589	-0.0322425207	0.0755035943	0.0031447566	0.0331153283	-0.0141949613	-0.0555409884	-0.0140268339	-0.048333545	-0.0055267106	-0.1082293364	0.0313602039	0.1382475085	-0.0553846371	-0.1722435211	-0.0667736381	0.0902171615	0.0093772942	-0.0864346633	-0.0853228612	-0.0500722884	0.0702421336	-0.0370845785	0.0396493576	0.1227273593	-0.0388325619	0.012670879	-0.0800193886	-0.0979619363	0.0044983759	0.0269273351	0.0690349877	0.0480549133	-0.0046814243	0.0387520918	0.0222829492	-0.0410358919	0.0006130131	-0.0912096922	0.0643112441	-0.0695643475	0.0113804536	-0.0439480769	-0.0137454975	-0.0663197914	0.0603389449	0.1060150469	-0.0744144899	0.1217326023	-0.0076054357	0.0383195992	0.1708002008	0.1284526603	-0.0320616596	-0.0179691534	-0.0449256417	0.0832767259	0.078526876	-0.0279443615	0.0018598926	-0.197829527	-0.0799005594	0.061384168	-0.1416004612	-0.0791559479	0.1172547794	-0.0597626715	-0.1991992002	-0.2171837525	0.0403699156	-0.0068263234	0.0840366203	-0.16644671	-0.0315737211	-0.0728663665	-0.139478308	0.190065207	0.1158788141	0.1356470851	-0.0950300616	0.1020580481	0.0905259858	0.0722612707	0.048622297	0.0	0.0	-0.0396145393065694	0.0024209098007049	5.860804263149058e-06	0.0015693117244717	0.1538683618224752	0.0380850740719723	0.0014504728670676	0.0236754727699321	0.1276309141442624	0.1145129276326813	0.0162896502453	0.0131132105950077	0.0022949187922304	-0.0049692021649311	5.266652262932238e-06	2.469297015595593e-05	0.0003240869816831	0.0004656975951979	2.1687425017310722e-07	1.05032371696462e-07	0.0005111285050803	-0.0002848950807342	2.6125234870562226e-07	8.116520702654635e-08	0.0	0.0	0.0
44.10808696396883	-0.0183396815298024	0.0003363439186145	1945.523335621037	46.216195734647606	-0.0241085965554788	0.0005812244278748	2135.93674818326	44.69811824876435	-0.0647200019992126	1997.9217749805207	0.004188678658778	45.07259921346893	38.23710320111648	1.04403	39.723537	0.1554760599292153	0.0711022848940358	0.0918338802	-0.0151391533	-0.0564309611	-0.0796012494	-0.0234142573	-0.084613967	0.0887874522	-0.0387147198	0.0179882088	-0.1385435124	-0.0346107994	0.0274807199	0.1275925786	-0.0024337335	0.04303379	0.0044423902	0.0101796021	-0.1216248528	-0.1112204411	0.0622324236	0.0710589794	0.070653884	0.0033438026	0.1327974478	0.0250041993	-0.0652494783	0.0393061211	-0.0331546513	0.027284288	0.1076870877	0.0240711496	-0.2102367289	0.0606132944	-0.1378118637	-0.0503692702	-0.0174601967	-0.0567520937	-0.0698240537	0.044621973	-0.0284058291	0.1457610708	-0.0627789735	0.1862544774	0.113124997	0.0023287049	-0.0761209233	0.0331806486	-0.010561468	-0.0602630572	-0.0232455643	-0.0188909719	0.0419295223	-0.0020390162	0.0171484733	0.0869150234	-0.0356049294	-0.1091446924	-0.1494684627	0.0066607596	-0.0100834696	0.0192147979	-0.0373735495	0.0238335425	0.0273313486	0.0099948486	-0.028621163	0.078321337	0.083690383	0.0073398657	-0.072170859	0.0976514376	-0.0822881144	0.0350425259	0.0188074639	0.0385593844	-0.077296414	0.018084254	0.0596071383	0.0897042527	-0.0326791863	0.0406873342	0.1657961129	-0.0399863793	-0.0476336296	0.0237363574	-0.1977905613	0.0690591928	0.0229065679	-0.0038615081	-0.0501012093	0.1672181544	-0.0454835242	0.0818219511	-0.0710095214	0.0953336595	-0.0725906313	-0.0441550543	0.043539655	0.0941193505	-0.0629716282	0.1156873568	-0.0574870624	0.0368797151	0.0025731335	-0.0120076397	0.0258376189	-0.192694227	0.078754409	-0.0001541797	-0.0005194684	0.0477970515	-0.0612919742	0.1325910202	-0.0445025497	-0.0857213159	0.006107985	0.0181347988	-0.0515362598	-0.0595827825	0.1721551061	-0.1267569034	-0.0761967249	0.0643398149	-0.0095614111	0.0697731955	0.0076915004	0.1253448073	-0.1275023563	-0.0152302886	-0.0711029773	0.0758389382	0.1426348147	-0.0748121107	0.0874550924	-0.0477594766	0.0767365669	-0.0096727049	0.026134564	-0.030737083	0.168503836	0.2694665426	-0.0258040076	-0.0467021793	0.1306179212	0.1717392557	-0.0939579044	-0.1092528067	-0.2116651162	0.2648785787	0.0995359982	-0.1871519653	-0.3315423063	-0.2055742845	0.145794921	-0.0390434475	0.0004008724	0.0746813224	0.0526638777	-0.0444469351	0.1015367435	0.0885234364	0.0680556987	0.0418570888	0.0	0.0	0.0010111342813985	0.0406256735879679	0.0016504453544761	1.0223925350192608e-06	0.1579756235380642	0.004107261715589	1.6869598800343142e-05	0.0249562976322401	0.0916630123230177	-0.0359679018212446	0.0084021078281296	0.0012936899614226	0.0028260074062346	0.0005310886140041	7.986317860092811e-06	2.820551159249019e-07	-0.0001709420366631	-0.0004950290183462	2.450537290048025e-07	2.9221179898528628e-08	4.174168134242506e-05	-0.0004693868237378	1.742367961292556e-09	2.203239902987309e-07	0.0	0.0	0.0
43.89000908847001	-0.218077875498821	0.0475579597820793	1926.33289778598	46.33761264989664	0.1214169152490356	0.0147420673085915	2147.174346091861	44.73689922994497	0.038780981180615	2001.3901527102505	0.0015039645013312	45.12271565317318	37.45021167381855	1.023323	38.935677	0.0538887016437528	0.0291988823104594	0.0767192279	0.0381086353	0.0911694662	0.0227951343	-0.0240276463	-0.089061915	0.0802393043	0.0106158026	0.0457437991	0.0701013228	-0.0345083283	0.0188457359	0.1362589318	-0.1151207786	0.086895488	-0.0681063515	0.0153753182	0.1106858898	0.070171921	-0.1772307612	-0.038007607	0.0341444118	-0.0538034002	-0.0115866579	0.072553241	0.0426270071	0.0002822211	-0.0758492352	-0.0445090171	-0.0119761937	-0.0199234503	0.103335466	0.0283884393	0.0932498725	0.0160697693	0.0942544778	0.0248277861	-0.0376870492	-0.1562608582	0.0545800733	0.0392446297	-0.0433072575	0.0484818919	-0.0467892788	-0.0900729134	-0.0605449491	-0.1948535014	0.0204521466	0.0013811733	0.105554007	-0.043498772	0.0715768353	0.0220127988	0.0678141718	-0.0534686459	0.0525693685	-0.0283787315	0.0180113566	0.002431359	-0.2387701618	0.1327418994	-0.1287954255	-0.0487058455	-0.0277032295	0.1301315587	0.0491958608	-0.0714433651	-0.0770499927	0.0092200315	0.0309452101	-0.0601704896	-0.0119304835	0.0299551791	0.0609855232	0.0029149132	0.0663239454	0.1215540051	0.0355085047	-0.1155487419	-0.0827316625	0.035713447	-0.0119533849	-0.0293954721	0.0805292635	-0.0002024584	0.1113576899	-0.0712194493	-0.0526046377	0.0593258705	0.019288392	0.0159845574	0.1519088544	-0.0157165853	0.0367636038	-0.0557490437	-0.0395272644	-0.1800988895	-0.1016876724	0.0658550028	0.0787426958	-0.1079078495	-0.0723638052	0.0031857618	0.026568622	0.0004474844	-0.0502012449	-0.0566136696	0.0316086149	0.0195214449	0.0546020635	-0.028604464	0.1272654725	0.0792001639	-0.0022312388	0.0918781051	-0.0099478599	0.1182993169	0.0569590214	-0.0654038645	0.1610598487	-0.0138477715	-0.0132539606	-0.1064035837	-0.1080967394	-0.007524518	-0.0068990483	-0.0841224095	0.0279792657	-0.1908362654	-0.0206027656	0.010654777	-0.0518425534	0.0727896763	-0.0827615336	0.0210754402	0.0505253293	-0.0695235231	-0.0275002291	0.0252366031	0.1299485922	0.0599648541	-0.1620213893	-0.1396730239	0.0164726969	0.2000815902	-0.0531794551	0.0200012482	-0.0073531114	0.0417572623	0.0336805902	0.0862690857	0.0981406171	0.0805960804	0.0613135307	-0.0973424701	-0.0113984995	0.062114052	-0.2392628801	-0.0786889812	0.1009838109	0.0864105979	0.0636593764	0.0348833508	0.0	0.0	-0.0072888353389686	-0.0082999696203671	6.888949569901678e-05	5.312712059859751e-05	0.1639876995412095	0.0060120760031452	3.61450578675955e-05	0.026891965600818	0.1086878166033002	0.0170248042802824	0.0118130414779926	0.0002898439607819	0.002384006308237	-0.0004420010979976	5.683486077713809e-06	1.953649706310841e-07	-0.0001799507102386	-9.008673575500002e-06	8.115619958991199e-11	3.238225811537658e-08	4.171441811636682e-05	-2.7263226058237694e-08	1.7400926787870723e-09	7.432834951025708e-16	0.0	0.0	0.0
43.83504075905776	-0.0549683294122473	0.0030215172383733	1921.5107983482555	46.04175104282714	-0.2958616070695044	0.0875340905377498	2119.842839089674	44.648714628024976	-0.0881846019199912	1993.507717934812	0.0077765240157873	44.98619123273601	37.25446973807543	0.992491	37.762577	0.1162178679034606	0.0613996132465447	0.0449576108	0.0908306608	-0.0992156904	0.0413969635	0.0763564063	0.005736522	-0.0122750911	-0.0860654463	0.0321226586	-0.0090619669	0.0791130207	-0.003996865	0.0045804708	-0.1028164303	-0.0776267092	-0.0621056634	-0.0383191793	-0.074335452	-0.0164167467	-0.0147647374	0.1535174991	0.0848144861	0.0104922765	0.0223937198	-0.1161072815	0.0437670732	0.0128308388	-0.0661645369	0.0811586311	-0.0446649828	-0.0103036089	0.0201404548	0.0600947644	-0.0249803093	-0.1339782204	-0.0236057475	-0.0081093073	0.052915324	0.0327302933	0.0633780884	-0.0650399805	0.0081305494	0.0722859824	-0.1109604261	-0.0766975732	-0.0373665596	-0.0322693325	0.0423139022	0.0194166183	0.054632795	0.0784424435	-0.0060387691	-0.0706329407	0.0813867169	-0.0203590001	0.0719488768	0.0152131791	-0.0066574295	0.0227172637	-0.0535525967	-0.0168754078	0.1220570881	0.0373513423	-0.0294844534	-0.0213905327	0.0075414235	0.0218770995	-0.0238872861	-0.0593798597	0.0954626887	-0.1819375285	-0.0223289433	-0.0493915553	0.0015033331	0.0913567859	-0.0280630133	0.0237864676	0.0663708829	-0.0465617218	0.0675257288	-0.0762661377	-0.0069571044	0.1118785966	0.0503502478	0.1263395812	0.061612341	-0.009084908	0.0197260172	-0.0322642694	-0.1180787527	0.0371889969	-0.0606667513	0.0396847084	-0.0018653865	-0.0493942418	0.0573265822	-0.040233873	-0.0141653648	-0.1306544013	-0.0303505117	0.021670471	0.1051084555	0.1162212322	0.0640541442	-0.0298915951	-0.0276256176	-0.0093416882	0.0890932459	0.0930285548	0.0028087409	-0.0957768447	0.0717134986	0.0323449301	0.0860207456	0.0113394998	0.0097871834	0.0974810497	0.0558903878	0.0217999226	0.0469161441	-0.0410259552	0.1463864227	0.0263366491	0.1090737974	0.0937167719	0.0645069367	0.0609488052	0.0279963053	-0.0122084239	0.0886514524	0.0570505111	-0.087347534	0.0727322209	0.0291404263	0.0096909775	0.0369128031	-0.0347434642	-0.0596288635	0.0565735839	0.0143806371	0.17266669	-0.1117669308	0.0055606615	0.0554146576	0.1224380474	-0.0413011267	-0.0688463446	-0.0241822902	0.0345646549	0.0029695306	-0.1015750359	-0.0338039911	0.075172542	0.0040275808	-0.0816472413	-0.1755237925	0.0629074841	-0.0304951098	0.0138192398	0.1003994225	0.0841901024	0.059084626	0.0277358257	0.0	0.0	-0.0074547018996895	-0.0001658665607209	2.7511715965380014e-08	5.557258041323424e-05	0.1596919717860032	-0.0042957277552063	1.845327694684987e-05	0.0255015258529016	0.1452747800372904	0.0365869634339902	0.0211047617148831	0.0013386058933201	0.0031580071133558	0.0007740008051188	9.973008928005832e-06	5.990772463245508e-07	6.709055542897247e-06	0.0001866597657814	3.4841868161603424e-08	4.501142627768028e-11	-0.0005010112140542	-0.0005427256321705	2.5101223660806344e-07	2.945511118149414e-07	0.0	0.0	0.0
43.93515160296538	0.1001108439076148	0.0100221810678948	1930.297546375551	45.72253104356619	-0.3192199992609446	0.1019014079281574	2090.549845029874	44.78609170913696	0.1373770811119854	2005.7940105792263	0.018872462414849	45.11046055505344	36.78967148597472	0.949775	36.137287	0.0725922466852543	0.0332260151453515	0.0354060621	0.0936061492	-0.0336391087	-0.1014194213	0.0989694656	-0.0212085278	-0.0485430018	-0.0242820226	0.0034523906	-0.1250157467	-0.0155931517	-0.0095135608	0.0075189595	0.0523038507	-0.0318984684	-0.1337485053	-0.0474974155	-0.016436028	-0.1165971467	0.0204588052	0.0799488965	0.0390515473	-0.105795984	-0.061621039	0.0939308473	-0.0529692069	0.0872129187	-0.0384640749	-0.0597777184	0.040989245	0.0168203519	0.0418073997	0.0527510587	-0.0386156615	0.0619506973	0.0903369375	0.1452635596	-0.017448178	0.0149238123	0.1251796277	0.1071088395	0.0063261899	0.0508462684	-0.0836851892	-0.0605307948	0.0055866651	-0.0374812229	-0.0278343435	-0.0384691657	0.0733564632	-0.0489067302	0.0610444103	-0.022847662	-0.0761026413	-0.0660844916	0.0437867377	-0.0574327269	-0.0262749317	-0.1085140903	0.0673499795	-0.0274425628	0.0212624954	-0.0037240298	0.0705593171	0.0114259636	0.1179607918	0.0158938142	0.0782480754	-0.1261206285	-0.0742634515	0.0222747737	-0.1069374614	0.097668311	-0.0803416457	-0.1013158125	-0.0012924465	0.060049828	0.0726978841	0.0405722571	0.0138786825	0.1498251975	0.0264846251	-0.0312781516	-0.0095369332	-0.0208997435	-0.0269857639	-0.0802316352	-0.115900327	0.0404602029	0.0977971697	0.0553345809	0.123009867	-0.0242724158	-0.1016825569	-0.0504673462	0.0407724807	-0.0864118058	-0.0571476007	-0.0900603363	-0.0049034232	-0.0057765287	-0.0921844091	-0.0455080042	-0.1095557724	-0.0629823281	0.0757261104	-0.0783691412	-0.0388842639	0.0817365678	0.0748676017	0.0634256827	-0.130428702	-0.0297211553	0.0344265051	0.0004470128	0.1282572316	-0.0475326761	-0.0917237344	0.0290212724	-0.0705315138	-0.0133270595	-0.0388819627	-0.1671135572	-0.0123997357	0.052515398	-0.0604876299	-0.1940979333	-0.0114385791	-0.0726401878	-0.0543352637	-0.0699180994	-0.0510864453	-0.0240353771	0.0634133951	-0.0646982733	0.0362407994	-0.0599137803	-0.0828972859	0.0742339063	0.0693237134	0.1111021193	0.075374341	-0.0315569947	0.0563984152	0.0848667539	-0.0003115776	-0.1190236957	0.0277158876	0.0355148586	0.055978755	0.0369271586	0.1231914185	0.1440935045	-0.0757244028	-0.136519136	-0.0510386184	-0.0937794925	0.0120919389	0.0629673746	0.0997837604	0.0818647166	0.0543442699	0.020450122	0.0	0.0	-0.031570900784601	-0.0241161988849115	0.0005815910486566	0.0009967217763511	0.168002952775069	0.0083109809890657	6.907240500061309e-05	0.028224992141142	0.1564918771008976	0.0112170970636071	0.0244897075985624	0.0001258232665343	0.0029169262023741	-0.0002410809109817	8.508458470096589e-06	5.81200056397664e-08	-0.0003122038175114	-0.0003189128730542	1.017054205997463e-07	9.747122366869155e-08	-0.0004820456031368	1.896561091740002e-05	2.323679635035213e-07	3.5969439747020286e-10	0.0	0.0	0.0
44.04195225135595	0.1068006483905747	0.0114063784966471	1939.6935581107173	46.03377463594898	0.3112435923827874	0.0968725737993427	2119.10840723334	44.75645401721098	-0.0296376919259842	2003.1401761947209	0.0008783927826995	45.05021861373194	37.3351686382544	0.930724	35.412453	0.0436206030016886	0.0202152354206002	0.035081495	0.0267322205	0.0465552347	-0.0604520757	0.0414110244	0.0005346989	-0.0019087736	0.0359218835	0.0419255038	-0.0751682391	-0.0106344538	0.0173792212	-0.0377114311	0.0753552023	-0.0079151299	0.0550878027	-0.1057293406	-0.0158793942	-0.0206535671	-0.057635723	0.0639504808	0.0677133508	0.0159980046	0.0588758168	-0.0046245657	-0.0384812495	0.0669103715	-0.0556192169	-0.0056716274	0.1736434898	-0.0104501784	0.0453192009	0.0710516289	-0.0445660357	-0.0460852714	0.0491650746	0.0326785927	-0.015470765	0.0664785572	0.0509818642	0.0035396723	0.1469312511	-0.0261817052	-0.0563881146	0.0972297866	0.0811115156	0.0157251016	0.1363925872	0.0571764331	0.0350996202	-0.0439797286	0.022114993	0.0851457291	-0.0383816436	-0.1815996581	0.0360823256	-0.0556626219	0.1215270333	0.0416808076	-0.0062473138	0.1223904003	-0.015233614	0.1559994619	0.1125595677	0.0635419934	0.0254237471	-0.1051048992	-0.1020528153	-0.0743123107	0.0051313849	0.0358646097	0.0850430734	-0.1146584561	-0.0762300588	0.0610736784	-0.0192387076	0.0499569263	0.0949161749	0.0927009365	-0.0579221758	-0.0054333156	0.0324470967	-0.002341848	0.0495049995	0.0225107739	-0.1068823369	-0.0341442091	0.0329099797	0.0854509135	0.0370431205	0.0879918109	-0.0264937038	0.048337374	-0.0056102005	-0.0493608224	0.0705440569	-0.1108668458	0.1101159501	-0.077308103	-0.0411472378	-0.014141427	0.0654133047	0.0711206056	-0.0636836187	0.0047094803	-0.1394642809	-0.040323033	-0.1985660276	-0.0526609095	0.0242128079	-0.0434932672	0.0335372759	-0.1125879925	0.0143252069	0.0906699958	-0.0071803022	-0.1054894601	0.1514995334	-0.082926843	-0.0767775063	0.0002083144	0.0442526243	-0.1263340163	0.0211281474	0.0905476321	-0.1508561384	-0.0190888255	-0.097097647	0.0308867411	0.1161317789	-0.0411251817	0.1332504392	0.026843607	0.0547962463	0.0654415705	0.0308652785	-0.0413838679	-0.0081113044	0.0318580654	0.1106142505	-0.0033368314	0.0162288385	0.0088407819	-0.035273387	0.0679762146	-0.0475743655	-0.1292717009	0.0481584294	0.0225908947	-0.0166592078	-0.0228372696	-0.0160333933	0.0887363745	0.1199195498	-0.0364072477	0.0578526433	-0.0862568085	0.0931431286	-0.0026320902	0.0991370163	0.0794373376	0.0494515946	0.0130625369	0.0	0.0	-0.0362027138300504	-0.0046318130454494	2.1453692087995243e-05	0.0013106364886605	0.1679736973729575	-2.9255402111488804e-05	8.558785527049036e-10	0.0282151630091419	0.1448795791846748	-0.0116122979162227	0.0209900924647284	0.0001348454628951	0.002764930290384	-0.0001519959119901	7.64483951068295e-06	2.3102757261702228e-08	-0.0005128986368598	-0.0002006948193484	4.027841051328694e-08	2.630650116926411e-07	-0.0002877916017172	0.0001942540014196	8.28240060189515e-08	3.773461706752596e-08	0.0	0.0	0.0
44.135073292330425	0.0931210409744736	0.0086715282721695	1947.9046945193784	46.08686359963574	0.0530889636867613	0.0028184380653342	2123.99899645143	44.81160418062794	0.0551501634169611	2008.0798692412716	0.0030415405249175	45.14148065428071	37.611434453076576	0.9387390000000002	35.717407	0.1194626635260407	0.0589267465935582	0.0314003951	-0.0089499599	0.1168813239	0.0284203733	0.0219103471	0.0354855949	0.0016508193	0.112259598	-0.0077327509	-0.0437185167	0.0293111652	-0.0913324404	-0.0463426974	-0.0506435515	0.1034507676	0.0176501612	-0.085350099	-0.0412729875	0.0067330942	-0.0749442949	-0.0159756243	-0.028320051	-0.0793213999	0.0396092972	-0.0383387661	-0.0784167196	-0.0151522207	-0.0210452899	-0.0433201933	0.0426652924	0.0089901928	-0.0539788521	0.0031419471	0.0738500937	0.1904221525	0.0485932261	0.0453140339	-0.0908370628	0.0433964652	-0.2099160084	-0.0605414495	-0.0890785769	0.0380357867	0.0027758502	-0.0291536767	0.1207165595	-0.0714628452	-0.1129664797	0.0644006107	0.0111121595	-0.0310635453	0.0522728645	0.0071713284	0.0068480912	-0.0512577514	-0.027295431	-0.0116642939	-0.1258960493	-0.0923602013	-0.010646162	-0.002734217	0.004677377	0.0023670603	0.0071595962	0.0394538025	0.0096168074	-0.0025083672	0.0664892815	-0.0676258448	-0.0145191305	0.1445401989	-0.0407241729	-0.024250798	0.1325083563	0.0229756743	-0.0104343097	0.0483028042	-0.0093161692	0.0562764795	-0.0498807003	-0.0576649753	0.0473845562	0.0528971963	-0.0481927262	0.0312561252	-0.0194463208	-0.0217450182	-0.0459019789	0.1369846825	0.0044534388	0.0782642322	0.0967552643	-0.020750431	0.0446004028	0.0361510452	0.0434048209	0.1977530961	-0.0815496333	0.0918830281	0.0275434194	0.0079477629	-0.0995802328	-0.0185231945	0.0760220651	0.0112735045	0.0730513309	0.0412009514	-0.0388312971	-0.0757939497	0.0825376701	0.1420695417	-0.1089297329	-0.0244854785	0.0543771828	-0.1041514119	-0.0121058391	-0.0433515692	0.0008815591	0.0018331282	0.2068930231	-0.0063022907	-0.0212481213	-0.0326848901	-0.061798028	0.0753287674	-0.0282884379	-0.0437318638	-0.0681033167	0.0330792686	-0.0301901603	-0.0190014547	0.0287194136	0.0333712023	-0.0007478639	0.047684835	0.0078332957	-0.0307353838	0.0463762711	0.07570628	0.0532191055	-0.0734755984	-0.0767891129	-0.0239599409	-0.0764705561	0.0920349981	0.0239686071	-0.0695786745	0.0982346047	0.0166106042	-0.0120478226	0.0465043561	0.0896964192	-0.0084701628	-0.0460822549	0.0295527805	-0.0750761845	0.0880306623	0.0312941167	-0.1740275136	0.0984593917	0.0769109895	0.0444203137	0.0056098749	0.0	0.0	-0.049777077453001	-0.0135743636229506	0.000184263347768	0.002477757439762	0.1861274170660323	0.0181537196930748	0.0003295575386947	0.0346434153836727	0.1886315266593001	0.0437519474746253	0.0355818528498182	0.0019142329078223	0.0028839415435957	0.0001190112532116	8.317118826877147e-06	1.4163678391019352e-08	-0.0010986651328146	-0.0005857664959548	3.4312238778316465e-07	1.2070650740625229e-06	-0.0001129166961759	0.0001748749055413	1.2750180275280511e-08	3.0581232588078606e-08	0.0	0.0	0.0
44.16052174297855	0.0254484506481276	0.0006476236403901	1950.1516806120812	46.45159611466167	0.3647325150259277	0.1330298075171386	2157.750781599651	44.82542680234325	0.0138226217153132	2009.3188880122327	0.0001910648710846	45.15063102741817	38.10443392951345	0.962702	36.629128	0.0561821319722631	0.0347386427818369	0.064913165	-0.0570338949	-0.0256109467	0.0701432668	0.04276204	0.1021559669	0.038931506	3.12479e-05	-0.0819070504	-0.0055986121	0.1442696121	-0.0438855954	0.0081475749	0.0065145416	-0.059222626	0.1205600741	0.0645387712	-0.2005278228	-0.0013630835	-0.026788705	-0.0408375699	-0.058252604	0.0519703429	-0.0254661606	0.1723312509	0.0024272289	-0.0347721612	0.0124093508	0.0353242878	-0.0734040375	-0.032083278	-0.1157897454	-0.0495601592	0.0892710697	-0.020371939	-0.0220586265	0.0207005511	-0.0174340317	0.0594222254	-0.0829237081	-0.085605186	0.0449452693	0.0075830222	-0.0401459925	-0.0041490501	-0.0367703705	0.0979632656	0.1193136489	0.0421182421	0.00851264	0.1035577575	0.0747093543	-0.0233534041	0.124810668	0.05585316	-0.0999974649	0.047326127	-0.0187736441	-0.10115318	0.017227484	0.0093195422	-0.103490747	-0.0118567896	-0.011243335	0.0106766989	-0.0413601659	0.0300266987	-0.0555401191	0.1142656898	0.0488528366	-0.0823771151	-0.0232645159	-0.055327445	-0.093793144	0.0342821939	-0.0682500191	-0.0844964525	-0.0395956576	-0.0372068753	-0.0288438585	-0.0869870436	0.064784443	-0.0751323297	0.0447444539	0.0507172145	-0.0629048304	0.0721069475	0.0779570167	-0.1232965896	-0.0573229753	-0.0771163354	0.0483146524	-0.1458106637	0.1257570116	0.0304304807	0.0227731126	-0.0266578671	-0.0689081875	-0.0214845066	-0.2098580991	0.1186945683	-0.0522755242	-0.0643417912	0.0342515974	0.0838628476	-0.0353436117	-0.0074529358	-0.0171131072	0.1070653392	-0.0715222511	-0.0338412938	-0.1119703032	0.0618133444	-0.0598573412	-0.0571385402	0.0364255514	0.0008203763	-0.029775482	-0.0549987677	-0.052734575	0.1101179677	0.0002503612	-0.0596299573	-0.0172536333	-0.010653691	0.1492098392	-0.0685919351	0.0405052915	-0.1028058174	0.1475886988	0.0103932945	-0.0763381994	0.0064844735	-0.0232457179	0.003508305	0.0061147744	-0.0361975265	0.0684048504	0.058082823	-0.0589029715	0.0586434698	-0.0828786208	0.024424368	-0.0574611039	0.0694458932	-0.0461469271	-0.0898201054	0.1234721477	0.0833022102	-0.0396184884	-0.0016705202	0.0490033462	0.0943717744	-0.0153027945	0.0056938911	0.0271346946	-0.0530733753	0.068124465	-0.0225812957	0.0977510977	0.0742888199	0.039264529	-0.0018707352	0.0	0.0	-0.0346806771357108	0.0150964003172902	0.0002279013025398	0.0012027493665914	0.1836426588106121	-0.0024847582554202	6.174023587878917e-06	0.0337246261350308	0.1854973807425324	-0.0031341459167677	0.03440927826234	9.822870627591786e-06	0.0028509674552954	-3.297408830029965e-05	8.12801543115353e-06	1.087290499235958e-09	-0.0004652229149177	0.0006334422178969	4.012490434141439e-07	2.1643236056452154e-07	-0.0001558369396344	-4.292024345850001e-05	2.428515175461563e-08	1.8421472985369126e-09	0.0	0.0	0.0
44.17585233480224	0.0153305918236839	0.0002350270456644	1951.505929506252	46.44661633129958	-0.0049797833620885	2.4798242333334408e-05	2157.2881686269448	44.88757356916155	0.0621467668183015	2014.8942609268909	0.0038622206259683	45.19799057677706	38.532185298994456	0.941163	35.809631	0.0804686253100379	0.041736173868286	0.0458016624	-0.0825755191	-0.0757142186	0.0002444827	0.050432301	0.0518449256	0.0380597223	-0.0699235401	-0.1025692071	-0.0254215417	0.0516125446	-0.0014715503	0.015422322	-0.0693812051	-0.0396745886	0.128660365	-0.0722011499	0.1065636236	0.0169077335	0.0126867394	0.0895859364	-0.0442532437	-0.0429539441	0.0951010824	-0.0066973581	-0.0019414543	-0.0146323395	0.0503079017	0.0176365994	-0.1235383476	0.0401366064	0.1394792547	0.0481445333	-0.000108895	-0.0659440687	-0.0079272967	0.1065683639	0.0682365327	-0.0052292134	-0.0924556208	-0.0217525839	-0.0244134817	0.086870415	0.0759498894	-0.1175093004	0.0422393834	0.0112367068	-0.0923973187	-0.059130741	-0.190046119	0.1013091367	-0.0728505692	0.1002558787	0.0326155526	0.0030962653	-0.1028649392	-0.0601540739	-0.0528207342	-0.0156234473	0.0419501321	0.0216996772	0.0376828569	0.0225079318	0.0703259257	-0.0306158463	0.0649034355	0.0783003495	-0.0150884542	0.1094996278	0.1288009463	0.0809327255	0.0254218753	-0.0236723114	-0.0234285146	-0.2233733346	0.0839722135	0.0997138279	-0.0613142242	-0.0330194506	0.0971487847	0.0187831984	0.1137062025	-0.022037707	-0.0472512176	-0.0912297678	0.1069938051	-0.0257025042	0.0213971058	-0.0140930298	0.0194080864	0.0140549871	-0.0296319094	0.056148413	-0.1381755622	-0.0271047053	0.0129922367	0.0552374934	-0.1090540635	0.0686529154	-0.049268905	-0.0177856978	0.0919026681	0.0202190641	-0.0467088326	0.0770239063	0.0348620295	0.0059713593	0.1148566407	0.0342574271	-0.0100200761	-0.1114779703	-0.175173404	0.001276713	-0.0629257999	-0.0274187212	-0.0328991313	-0.1022203367	0.0246857308	0.0207810707	0.1417371455	-0.0317814141	0.0323840738	0.1240349915	0.0624934175	-0.054318096	0.0389135485	0.0084847464	0.089751219	-0.0907521548	-0.0123013051	-0.0198397808	0.0095782286	0.1266996772	0.0214537889	0.0737902361	-0.0202830977	-0.0232857216	0.0850600073	0.0885494976	-0.0077537518	0.0578089464	-0.0078078306	-0.0191929868	-0.0528376601	0.0156956395	0.0573455787	-0.0933054961	0.0633470743	0.0187229542	-0.0980879927	-0.0188221127	0.144769968	0.0875629791	-0.0192846256	0.0038484174	-0.1944057412	0.024204335	-0.0239338985	-0.0510007855	0.0970123549	0.0715740957	0.0339986915	-0.0093420254	0.0	0.0	-0.0396726113220893	-0.0049919341863785	2.491940692113444e-05	0.0015739160891135	0.2167215073760076	0.0330788485653955	0.0010942102224123	0.0469682117593289	0.1972497286372387	0.0117523478947063	0.0389074554474643	0.0001381176810382	0.0029679963246068	0.0001170288693113	8.809002182879472e-06	1.369575625230467e-08	-0.0008290367596663	-0.0003638138447486	1.323605136307585e-07	6.873019488779985e-07	-2.376976042324703e-05	0.0001320671792111	5.650015105785607e-10	1.7441739824790796e-08	0.0	0.0	0.0
44.16081635114347	-0.0150359836587696	0.0002260808045867	1950.17770079942	46.18638476172647	-0.2602315695731079	0.0677204698024833	2133.1821373582397	44.80768379873159	-0.0798897704299648	2007.7285274071128	0.0063823754193524	45.15401631334935	37.85593349977428	0.93092	35.419895	0.0591119847563292	0.036278089684401	0.061124816	-0.0515228089	-0.0050752054	-0.1306508198	-0.0044120169	0.0298538799	0.0149693093	0.0210441006	-0.0529341936	-0.0902864384	-0.088521779	0.0488349617	0.0594585656	-0.023850795	0.0121400318	-0.0302525312	0.0344073574	0.0507845354	-0.123586722	-0.0303948611	0.0564648218	-0.0563429113	-0.0407058542	0.0102203551	-0.0360879816	-0.1463918384	-0.0341548334	-0.0315741449	0.0010715978	0.1689141878	-0.0492797233	-0.1030610735	0.0055621023	0.0942721959	-0.1036565844	-0.00499676	-0.0186262777	-0.0890083852	0.0186191896	-0.0446537195	-0.0085556878	0.0244161455	0.0426243211	0.1623893171	0.0029059628	0.081508694	-0.047977476	-0.0672643384	0.0284322565	-0.0371125643	-0.0330100268	0.0246760592	-0.2346758514	0.0078243153	-0.1386042371	-0.0093606643	0.0201036934	-0.076180655	0.1124137039	-0.0676953436	0.0656259741	-0.0662009854	-0.029854765	-0.0787272166	-0.0855474843	-0.0563038319	-0.1752813173	-0.004008469	0.0821989557	0.0727855269	0.1196318651	-0.0313194511	-0.035757397	0.0401190968	0.0625441271	0.0045330431	0.0434946555	-0.0608546219	0.0728885322	0.0195757514	0.0543889704	0.0514010689	0.0189251249	-0.0105141982	0.0400164224	-0.1592434763	0.0694984626	0.1022374639	0.0941742547	0.0749032228	0.1084912915	2.91255e-05	0.0815505238	0.0005935524	-0.0599431807	0.0649868287	-0.0196477005	0.0667970753	-0.0717757251	0.0325247719	-0.0091177508	-0.0720365495	-0.042804604	0.2053215476	0.0354050342	0.0588064902	0.013189887	0.0107323246	-0.0367632767	-0.0488495018	-0.0484143438	0.1546726684	0.1014275231	-0.0610989562	-0.0285931073	-0.0208584577	0.0347740477	0.0099453118	0.0135164991	0.1792016246	-0.0235967841	0.1771040722	0.1028696249	0.0315665117	-0.0590555737	-0.0474009083	-0.1250378163	-0.0661469632	-0.169236172	-0.1109255449	0.0471415151	-0.0027961426	0.1585657002	-0.1423528085	-0.0841073261	0.000861729	-0.0078138805	0.0638736716	0.0772797903	0.0680204478	0.0720249036	0.0600489029	-0.0131658182	-0.0424115714	0.0773987183	0.0276084742	-0.0317798102	0.1418798701	0.0833453806	-0.038853434	0.0463352569	0.0961710076	0.0600781365	0.0223688602	-0.0607377349	0.0708585026	-0.0692916682	-0.0466388957	0.035681158	0.0962433935	0.068770199	0.0286375605	-0.0167667741	0.0	0.0	-0.0444832811829059	-0.0048106698608165	2.314254450976916e-05	0.0019787623047974	0.222926896198814	0.0062053888228064	3.8506850442210754e-05	0.0496964010488368	0.2084287041774573	0.0111789755402186	0.043442524725094	0.0001249694941288	0.0036079583137528	0.000639961989146	1.3017363193777949e-05	4.09551347551705e-07	-0.0008412013368697	-1.2164577203399932e-05	1.479769385374773e-10	7.076196891513705e-07	-0.0001099822047236	-8.621244430035297e-05	1.2096085355863865e-08	7.432585552241464e-09	0.0	0.0	0.0
44.1445724155671	-0.0162439355763694	0.0002638654430092	1948.7432737532476	46.44255511773812	0.2561703560116442	0.0656232512991325	2156.910925864143	44.86428985206448	0.0566060533328922	2012.804503930056	0.0032042452739262	45.17587156485248	38.40216004426085	0.933838	35.530926	0.0686111165420156	0.0301108669628482	0.0485151275	-0.0743809696	0.0804953505	-0.053426573	-0.035481684	-0.0710978813	0.0429788151	0.0359578676	-0.0244487072	-0.0064025116	-0.0999631948	-0.0132870334	0.0784595861	0.0529520537	-0.0001010806	0.0682156656	0.0130512218	0.0282655981	-0.0624820127	-0.0106223252	0.0311388505	-0.0972242253	-0.0133811125	-0.0547934753	-0.0266786594	0.1068519254	-0.1220002303	0.0015970172	-0.0743799588	0.0165698108	0.0636101147	-0.050615456	0.0193980268	-0.0362478304	0.0109859001	-0.0257115568	0.1458244299	0.0153893251	-0.0877949721	-0.0140743483	0.0942919267	0.135253655	-0.0428355127	0.0858047119	-0.0172334279	-0.1071314222	0.0643751614	-0.1363224768	0.0844383538	-0.0745618146	-0.0169780251	-0.0358006986	-0.0402414054	-0.0453446218	0.0135419957	-0.0611310439	-0.1516429308	0.0251884776	-0.0356018079	-0.145869438	-0.0273338314	-0.0523609173	0.076968274	-0.0824160105	-0.0748581342	-0.0945154717	-0.0379682686	0.0617389853	0.0534980732	0.1366488018	-0.0988444552	-0.0493785421	-0.0213592612	0.0853957949	0.0545762421	0.0078675835	0.0351675638	-0.0592767423	0.0224846413	-0.0451864101	0.0473532377	0.0119085657	-0.0283040911	0.100449738	-0.0034897053	0.0748579158	0.0880257767	-0.0311208026	0.045506979	0.0215372256	0.0310737935	-0.1324705108	0.0346876451	-0.1380104194	0.0803541447	0.0213701835	-0.112032354	-0.0939589214	-0.0312083321	-0.0008689208	-0.140638137	0.0310571012	-0.0784646836	7.13131e-05	-0.1243430571	0.0263497583	0.0938777267	0.0685445616	-0.0347428559	-0.1560665126	-0.0153288845	-0.0382048588	-0.0477291774	0.0322251685	-0.1446553847	-0.0841764728	0.0791094607	-0.0517160057	-0.1028714147	0.0065241014	-0.0428925883	-0.0393117749	0.0054898827	-0.0400702281	-0.0357096139	0.0137976985	-0.0187233908	-0.005189773	0.0284892397	-0.0171504901	0.0822684051	-0.0428031704	-0.0710708952	0.0982658584	0.0664848208	-0.0021376746	-0.0474064504	0.0519722292	0.0508284179	0.0914128288	-0.0031008207	-0.0347537022	-0.0282867074	-0.1045800187	0.0525205053	0.0141867143	0.0032332146	0.0991355432	0.1342545917	0.0092974581	0.0939687838	-0.0547080972	0.0448370956	0.0779923002	-0.0019954117	0.068991821	0.0017125335	0.0472431741	0.1232707632	0.0954444529	0.0658806233	0.0231961626	-0.0241079916	0.0	0.0	-0.0248696107070998	0.0196136704758061	0.0003846960695335	0.0006184975367226	0.204981813416893	-0.017945082781921	0.0003220259960499	0.0420175438316779	0.2013232825708897	-0.0071054216065676	0.0405310641051182	5.0487016207077726e-05	0.0038499961750296	0.0002420378612767	1.482247054774255e-05	5.858232629144745e-08	-0.0006740804041152	0.0001671209327544	2.792940616473409e-08	4.543843912121114e-07	-4.020216520048093e-05	6.978003952311907e-05	1.6162140868067602e-09	4.8692539158480596e-09	0.0	0.0	0.0
44.01292266211535	-0.1316497534517466	0.0173316575839056	1937.137361261347	46.46512347656292	0.022568358824806	0.0005093308200451	2159.007699692239	44.82817357510937	-0.0361162769551128	2009.565146080134	0.0013043854610984	45.1736381346904	38.12713607633364	0.962031	36.603603	0.0777877886556195	0.0399249957780459	0.039928501	-0.0286891138	0.0076542948	0.142236351	-0.0152857838	-0.0444377278	0.0540101678	0.0331164098	0.0319796072	0.1037952666	-0.0076339732	-0.0099150269	0.0638912938	-0.0352037174	-0.0101520292	0.0680911685	0.0208681739	0.0340946374	-0.2099258529	0.0722540455	0.0095581368	0.0416897818	-0.0542456184	0.0451359441	-0.0341419106	0.0319245573	-0.0229487293	0.0772122362	0.0473498089	0.0866037996	0.0031279186	0.0738919608	-0.0548731345	-0.0938375414	0.0219717119	-0.0639138546	-0.1297092135	-0.0509715358	-0.0486646424	0.0613025613	-0.0832754884	-0.0721029016	0.0661582587	0.0993937362	-0.0235204643	-0.1306532637	0.0795579208	0.1133503083	-0.0182064602	-0.1515116475	-0.0704861024	0.0149177169	-0.0188057973	0.1010820339	0.0114645092	-0.0661596079	0.0579441643	-0.0229146731	-0.0180098724	0.2027442585	0.0857523088	-0.0983941198	0.0962425951	-0.063132005	0.003305084	0.0867859212	-0.0415900116	-0.0355990562	0.1181062776	-0.0637765373	-0.0957605553	-0.0499464917	-0.0319211495	0.0425563743	-0.0448597973	-0.0841352306	0.0323877457	0.0117625793	-0.0981408837	-0.0298719838	-0.0409340976	0.004982948	0.0618553794	-0.0080577738	-0.0338645011	0.0079655766	0.0671542829	-0.0155305461	0.0392735213	0.0213250538	-0.0148062623	-0.1027651126	-0.0025792966	0.0421720658	-0.0384119084	-0.1120188579	-0.0231354119	0.1524163758	0.0285622263	-0.0313308029	0.0444423184	-0.023100145	0.0085809645	0.0365838654	0.1281179967	0.0677437669	-0.0686389114	0.0144526257	0.0930080279	-0.0416237611	0.0286798284	-0.092087953	0.1854966392	-0.1101673247	-0.0892916667	-0.0774228715	-0.0244025175	-0.0072977677	0.0448826911	-0.1272481946	0.0955196973	-0.0226574959	0.065312606	-0.0365387082	0.1314819046	-0.0059897131	-0.1720694322	-0.024464246	0.1011943128	0.0667310049	0.0561469471	0.0110772244	0.0789938318	-0.0398521845	0.1154088689	-0.0166643323	-0.0277274714	0.0297599342	0.0361994692	-0.0148536003	0.0976701606	-0.0903888006	0.0273128946	-0.0956428335	0.0833582738	-0.0065632833	0.0885961398	0.0962102077	0.0731273939	0.0092281553	-0.0126650461	0.0505428315	0.1305261902	0.0090252304	-0.082766408	0.0044120342	-0.0924666763	0.0351404493	-0.0739595122	0.0946157819	0.0629089685	0.0176897492	-0.0313291043	0.0	0.0	-0.0371022867200281	-0.0122326760129282	0.0001496383624372	0.0013765796798551	0.2093573404208228	0.0043755270039297	1.9145236562118812e-05	0.0438304959880802	0.2062342707919171	0.0049109882210274	0.0425325744490737	2.41178053070701e-05	0.0031881199807	-0.0006618761943295	1.0164109011338569e-05	4.380800966202341e-07	-0.0008220627555088	-0.0001479823513935	2.1898776323978887e-08	6.757871739947211e-07	0.000275311237431	0.0003155134026314	7.579627745578848e-08	9.954870724009503e-08	0.0	0.0	0.0
43.9961735233605	-0.0167491387548537	0.0002805336490293	1935.6632846976472	46.13341148214026	-0.3317119944226618	0.11003284724386	2128.291654980471	44.86842244985152	0.0402488747421543	2013.17533313834	0.0016199719180096	45.18920756509148	37.61828804454153	0.932962	35.497593	0.0673153747506022	0.0319982795854387	0.0022897673	0.0070451752	-0.0664594802	0.0553997057	0.0366446179	0.0165794904	0.0033234421	-0.0741662396	0.0021540017	0.0590925776	0.0597099574	-0.0320137687	-0.0293822021	0.094457046	0.0158933825	-0.0518528893	0.0079763031	0.0744350761	-0.0332177325	0.0570818257	0.1266187976	-0.0448142837	-0.0172872489	0.0119464922	0.0739345076	0.1195267745	-0.1483368152	-0.0257117884	-0.0170797892	0.0337597254	-0.094344465	0.0229955732	-0.1037471391	-0.0383837393	-0.0940250642	-0.0370347227	-0.0584738432	-0.0253927365	-0.0185289224	-0.0135523386	0.1780796831	-0.0819795548	0.0539010721	0.1021813073	-0.1025850424	0.0934024176	0.0980859096	0.0095044581	0.1208313672	-0.0438413908	0.1501728676	0.0006648812	-0.0677197009	-0.0548072312	0.0874677295	0.0159271028	0.0845512929	0.0103715151	-0.0878467908	-0.0366119993	-0.0786651997	0.0838952653	-0.0530315633	0.0210412386	0.0238862167	-0.0224857815	-0.0854712306	0.0451483219	0.0059507747	0.06060563	-0.0430076398	-0.0459188271	-0.0408920251	0.0091348794	-0.0517497906	0.0376600572	-0.0896129804	-0.0367570098	-0.0729604549	0.0780534608	0.0011005193	0.0679700911	-0.0612626269	0.146966917	-0.0982996009	0.0034520278	0.0605974353	0.0843962629	-0.0492178866	-0.0018371931	0.0534713678	-0.085262441	-0.0924210624	-0.027435806	-0.0092269152	-0.0311242451	-0.0284724305	-0.0200543184	0.084669648	-0.026953462	-0.0333859608	0.0514191388	0.0187361743	0.0562671757	-0.1962275093	0.0079708836	-0.0865696625	0.058377833	-0.08430251	-0.0451503559	0.0333574161	0.0026791829	0.0318853393	-0.0546776474	-0.0542917012	0.1368933749	0.0303101073	-0.0834717911	0.0912886303	0.0332377141	0.1378167178	0.0094513169	-0.0129384193	0.0766352906	-0.0061921603	-0.0012890559	-0.0947804362	-0.03808212	0.1141206024	0.1258975973	-0.0989272309	-0.1646800527	-0.0523412787	0.1086223645	0.114478813	-0.0090410561	-0.0324853751	-0.0034556846	0.061769035	-0.0739340547	0.0829214438	-0.0314468075	0.0469455971	-0.074438688	0.0704684115	-0.0503340226	-0.0197515822	0.0493403284	0.0238968797	0.0117607864	0.0428269272	-0.0045271956	0.0970583299	0.0799987316	0.051166777	-0.0417654796	-0.0586017133	-0.0202826555	0.1873917886	0.0937576389	0.059858937	0.012133754	-0.038394137	0.0	0.0	-0.0429601606125515	-0.0058578738925234	3.431468654070727e-05	0.0018455753998562	0.2143604819638511	0.0050031415430283	2.503142529957565e-05	0.0459504162277745	0.2225038043813327	0.0162695335894155	0.0495079429641663	0.0002646977232171	0.003527958953875	0.000339838973175	1.2446494380226783e-05	1.1549052768863842e-07	-0.0009006966482165	-7.863389270770002e-05	6.183289082366078e-09	8.112544521084375e-07	-0.000109912411199	-0.00038522364863	1.208073813557806e-08	1.4839725946380974e-07	0.0	0.0	0.0
44.105578723084186	0.1094051997236889	0.0119694977265802	1945.3020744981764	46.08983892922873	-0.0435725529115273	0.0018985673672278	2124.2732525222486	44.817284268749006	-0.051138181102516	2008.5889692258568	0.0026151135664737	45.1409371827261	37.69063131765431	0.939788	35.757305	0.0923499083448928	0.0553914335739777	0.025932536	-0.0199017197	-0.112219177	-0.0257463867	0.0475253307	0.1038141508	-0.0168377499	-0.0232637939	-0.0520713417	-0.025660499	0.096251449	0.0465626821	0.084692629	-0.1192877372	-0.0623691059	0.0853810184	-0.0148458692	-0.010331132	-0.0123197451	0.0219438978	0.0709848753	-0.0108589069	-0.0167732803	0.0320098454	0.0346963237	-0.1408928759	0.046177672	0.0053363111	-0.005162217	0.0502442373	0.1922008789	0.0733201298	-0.0504925687	-0.0147694494	-0.0356287178	-0.0443433154	0.0294159637	0.0541991741	0.0999851829	0.0389826483	-0.0690246033	-0.1378365948	-0.1488350708	0.1357693733	-0.0312561407	-0.0193275629	-0.1106835427	0.0177349841	0.0332018816	-0.1179693799	0.0237206796	-0.0336199358	0.1708699813	-0.0959247423	-0.0934999061	0.0042019249	-0.0863894839	0.0021940331	0.0014737877	-0.01098453	-0.1254498524	0.0423309258	0.050277072	-0.0338102524	-0.0594753604	-0.0031078751	-0.0935313486	-0.043990877	-0.0152096046	-0.0930205255	-0.0930459465	-0.031250702	-0.0730500284	-0.0379365462	-0.0407195299	0.0396121427	-0.0835938111	-0.002508321	0.010164538	0.1111882438	-0.0143819475	0.0743611045	-0.0402720183	-0.0730633741	0.0167122749	-0.0497328764	-0.1302036194	0.090416176	0.0941120039	0.0146437892	-0.0176546314	-0.0620556916	0.0429541521	0.0322667903	-0.0503707977	-0.1336254634	0.0816293322	-0.0199110359	0.0383471733	0.0212270615	-0.1702762147	0.1232626499	0.0035420948	-0.0122458109	0.1390954026	0.0016390681	0.0202704852	-0.0143383955	-0.0746241698	0.0357362792	-0.0047484713	-0.1278429661	-0.0623744628	0.0447097026	0.0203025226	0.0578887634	-0.0622755279	0.126398394	0.0028032537	-0.1445405527	-0.0809375591	0.0424223227	-0.0153120482	-0.0201599359	-0.1627675543	0.0549076463	-0.0467646184	-0.0575559331	-0.0844245736	-0.0507654853	0.1579622389	-0.0364853698	0.0472276808	0.0666237441	-0.0117060345	-0.0017422215	-0.0207901925	0.0267238133	0.0531165861	-0.0309841696	0.1172206724	0.0077257462	0.0008922824	0.0168813368	-0.057049444	-0.0310227283	-0.1259994657	0.0704129784	0.0492390092	-0.0290459461	-0.0255873362	0.1036052221	0.057880063	0.015987823	-0.005598352	-0.1103079574	0.0226395263	0.0399454404	-0.0252558688	0.0928702909	0.0567343287	0.0065437496	-0.045267892	0.0	0.0	-0.0301336170788744	0.012826543533677	0.0001645202190213	0.0009080348782562	0.2137992365674819	-0.0005612453963692	3.149963949456241e-07	0.045710113556838	0.1879182952993261	-0.0345855090820065	0.0353132857082047	0.0011961574384615	0.0027384582292644	-0.0007895007246106	7.499153473425913e-06	6.233113941606626e-07	-0.0008036530731949	9.70435750216e-05	9.417455452972908e-09	6.458582620556073e-07	-0.0001109003182236	-9.879070246000089e-07	1.2298880582095748e-08	9.759602892540425e-13	0.0	0.0	0.0
44.101437773820784	-0.0041409492634016	1.7147460802067033e-05	1944.9368137181864	46.30317299575596	0.2133340665272243	0.0455114239410421	2143.983829474904	44.872965221015775	0.0556809522667691	2013.5830077264916	0.0031003684453342	45.21765997587012	37.87769528542917	0.947856	36.064293	0.1200042809393874	0.0643392937164225	0.066218256	-0.0105505418	-0.0401564374	-0.09728461	-0.0474390435	-0.0204374164	0.0428639804	-0.0429799262	-0.0143273212	-0.087716993	-0.0818378005	0.0055494722	0.026859094	-0.1149284201	0.0917229277	0.0487173743	0.0252812199	-0.0139215875	0.0187257892	0.0215605926	0.1026920207	-0.0371052676	-0.1145136979	-0.0865300505	-0.0257428552	-0.041786222	0.0519545458	0.1382252969	-0.1192359462	-0.0251005208	0.0499519672	0.023166551	-0.0190015736	0.0831477359	0.0350594007	-0.0436636413	0.1954051255	0.0437630487	-0.0109786964	0.2164051337	-0.0206923885	0.1488571137	-0.0159482133	-0.0730954409	0.0010691073	-0.0430403726	-0.0429402923	0.0142317192	0.0760484113	-0.0398847204	0.1079703945	0.0329486248	-0.1057889811	-0.1384648559	-0.0365732717	-0.1223050172	0.049813762	-0.0494821601	0.1406497823	0.0827966399	-0.0132196169	-0.1304169206	0.0245452924	-0.0092176964	0.0762112299	0.0007706629	0.0640249924	-0.0506632261	0.054919361	-0.0591933942	-0.013541385	-0.0860374956	0.0331151757	-0.0078217306	0.0098064939	-0.140791007	-0.0048569655	0.0099477129	-0.0088672049	0.0042743546	0.1198685058	-0.0038847185	0.0404312879	-0.0693918508	0.0454967859	-0.0116034714	0.0552479708	-0.0392507585	0.0861406894	0.018368926	-0.2745995035	-0.032635739	0.0866102179	-0.1103087301	-0.108994228	0.0435898856	-0.0612401088	-0.055955559	-0.0889487617	-0.0029837042	0.0533186922	0.0090930404	-0.013491724	0.0663531001	0.0337384008	0.0575874432	0.1189522296	-0.1105855533	0.1192001181	-0.0843915825	-0.0813460464	0.0168599697	0.0538741057	-0.1274392436	-0.1354478553	0.1298528512	-0.1025143576	-0.0333656393	0.0039278684	0.0025606551	-0.0922859016	0.0462739151	-0.203557959	0.079820066	-0.0521994854	0.0015508876	-0.0236344184	-0.0795199635	0.0272494349	-0.1229389907	-0.0921617274	0.0146655348	-0.027712657	-0.0205399067	-0.0484760161	0.0459768507	0.0193436254	0.0210278888	-0.0190701486	0.0143598147	0.0346333115	0.0852108251	-0.0897906609	-0.0760136592	-0.0375644977	-0.0628595029	-0.0407631721	0.0453249143	-0.0237468911	0.0461755228	0.0409710797	0.183868409	0.0027879419	0.0236679224	-0.0386887524	0.0491521419	-0.0894840989	-0.1089368685	0.0438708392	0.0919540145	0.0535390365	0.000935404	-0.0519161246	0.0	0.0	-0.039277719570137	-0.0091441024912626	8.361461037071491e-05	0.0015427392546303	0.1896252662199771	-0.0241739703475047	0.000584380842362	0.0359577415889971	0.160917129119511	-0.0270011661798151	0.0258943224440653	0.0007290629750699	0.0038249602056341	0.0010865019763697	1.4630320574684456e-05	1.1804865446552643e-06	-0.0009097127081389	-0.0001060596349439	1.124864616445454e-08	8.275772113494114e-07	-0.0001097610911212	1.1392271023999998e-06	1.2047497124116371e-08	1.2978383908426996e-12	0.0	0.0	0.0
44.012815119136825	-0.0886226546839594	0.0078539749232323	1937.127894711319	46.33018090960744	0.0270079138514844	0.0007294274106092	2146.4856631169537	44.93124149672839	0.0582762757126147	2018.8164624373276	0.0033961243109326	45.300582716621136	37.46543959713984	0.958635	36.474419	0.1643220164873099	0.1007852345180175	0.0120092641	0.0317325774	0.0483381265	-0.0490811665	-0.0261186453	-0.0232128083	0.0091400892	-0.0186851956	-0.0282396781	0.0832861025	-0.1276363269	-0.0041080011	0.1015408375	-0.127261939	-0.0610180423	0.065996966	-0.0200601142	-0.0666210804	-0.0074807717	-0.0883231609	0.0389426105	0.0008784318	-0.019295635	0.0479385278	-0.0516178928	0.1216039741	-0.0361891669	0.0164236648	0.0236881059	-0.0483805538	0.0062009804	0.0513013632	-0.0921200375	0.0283813497	0.0913116936	-0.1023503613	-0.0924219634	-0.0388235708	-0.0837865301	0.1133000937	0.0314154931	-0.1063652335	-0.0852673277	0.1591885622	-0.0204010353	-0.0773915163	-0.0293407227	0.0775780912	-0.1340625896	0.0109481635	-0.0389002677	-0.1155085487	-0.0253336241	0.0521145037	0.0856302955	0.0597271022	0.1160156124	0.0294609143	0.0266295435	0.0524655427	0.0912452627	-0.156771701	0.0163962187	-0.1055755109	0.0996551649	-0.0371633425	0.1451395466	0.1594999902	-0.0119182124	0.0691331325	0.0834089052	-0.0610666167	-0.0047257798	0.0569008778	0.1001051249	0.1163895156	0.0421428736	-0.0267466041	-0.0906438832	-0.0412565318	0.0371381138	-0.0211018615	0.0504049227	0.0755092933	-0.0423047214	0.0950519437	0.0251820053	0.0119899036	-0.0082629541	-0.0780981502	-0.1705383496	-0.1032059163	0.0121441922	0.0447504561	-0.0544362225	-0.0524771044	0.0765063906	0.1001930391	0.1444856744	0.000577565	-0.0436168483	0.022941286	0.0212700769	0.0051971164	0.0132433735	-0.0419938487	-0.0488232146	0.0664436765	-0.0301744538	0.0707314052	-0.0191992714	0.1153463499	0.1149386216	-0.0556629909	-0.0838116527	-0.0669533165	-0.0221610733	-0.0326848582	-0.0324826387	-0.0661133234	0.0249213543	-0.0978749788	0.0311829212	-0.2287756087	0.0350784241	-0.0026163658	0.0004459457	0.1061710808	0.1433962298	-0.0058106646	0.0453133348	0.038645873	0.0156494423	-0.1241478213	-0.1602840908	-0.0027155223	0.0356724987	0.0257966811	0.0476416041	0.0744376732	-0.0669755959	-0.0021027952	-0.0576103716	-0.070539038	-0.0165300355	-0.0519502195	-0.0223681746	-0.0219061282	0.0060389876	-0.0792642676	-0.0929645247	-0.0571735253	-0.0226163583	0.0971790851	-0.0024067466	0.0067878862	-0.0418438807	-0.0034983509	0.040970865	0.0910090951	0.0502770413	-0.0046755634	-0.0583057138	0.0	0.0	-0.028679349075503	0.010598370494634	0.0001123254571415	0.0008225050633945	0.2306745844392992	0.041049318219322	0.0016850465262711	0.0532107639062433	0.2508814062062399	0.0899642770867288	0.0629414799800203	0.0080935711517377	0.0039059776421104	8.101743647630005e-05	1.5256661340666322e-05	6.5638250131913145e-09	-0.0005377188385629	0.000371993869576	1.383794390021261e-07	2.891415493454341e-07	-0.0001109507988014	-1.1897076801999952e-06	1.2310079754668744e-08	1.4154043643268541e-12	0.0	0.0	0.0
44.292610447347634	0.2797953282108096	0.0782854256885947	1961.835340240489	45.91348024253007	-0.4167006670773716	0.1736394459427265	2108.047667981199	45.13963997315388	0.2083984764254935	2037.587096905952	0.043429924976467	45.530719471469006	36.90407080787999	0.991291	37.716896	0.3351679493880479	0.1606814238096752	-0.0015689639	0.0565782014	0.0855438508	-0.0229834409	-0.0003209244	0.097753227	-0.1179546215	0.1433284576	-0.0847390912	0.0118311635	-0.0462213736	-0.2117695615	-0.1938331795	-0.112768569	-0.1193546431	0.0241607068	-0.0167881386	0.0772475396	-0.0119212775	0.070345023	-0.0938692496	-0.1531459063	-0.0344619315	0.1922515853	-0.1337786091	0.1575213602	-0.1277646695	-0.1660236123	-0.1340430624	0.0614485433	-0.0565079564	-0.1430565898	0.0083966964	-0.1115703736	0.0916633121	0.1525052958	-0.0224371304	0.0525158716	0.0494554748	-0.0110406094	-0.0797170343	0.0655361808	-0.0592745379	-0.1017134612	-0.1168415667	-0.0553540585	0.0009041627	0.0821615047	0.0137840417	-0.076224143	-0.0689906061	-0.1635869033	0.062342156	-0.0700157682	-0.0117641039	0.0276809369	0.1168585373	0.1774983432	-0.0744350485	-0.0181892731	-0.1141577143	-0.0102899269	-0.0986152549	-0.0030810537	-0.0341325875	0.0310196391	0.0587559562	-0.0091048463	0.0277325197	0.0468002348	-0.0084115684	0.0278345495	0.0193777498	0.0035798077	-0.0344183492	-0.1164042607	0.1228182852	-0.1412225958	0.0168069141	-0.1182346403	0.0055770489	0.115851821	0.2575352703	0.1601871063	0.013577426	0.0961775525	0.1371291738	0.0343959942	0.1222457914	-0.136173184	0.0825268592	0.1142089597	-0.0875832459	-0.0832430078	0.1440665892	0.0127770157	0.0531347803	0.0743118961	-0.0850345051	0.0717938205	-0.0431370412	-0.0460813813	0.1596978834	-0.0778559078	0.0148486312	-0.00453414	0.0555939564	0.0293833235	-0.0455345685	-0.1171303183	-0.010433967	-0.0600100947	-0.0494221388	0.0774882647	0.1224579464	0.0969972214	-0.1397146835	-0.0885617617	-0.1250578303	-0.1825275911	0.1305300212	-0.0346780271	-0.0639266098	0.0091973254	0.0469115362	0.1212683734	0.0821888327	0.0717411739	-0.0597256296	-0.0338726949	0.0161627477	0.0426666874	-0.0197109832	-0.0846019135	-0.1000017569	-0.0208106874	0.0888430408	0.055135251	0.1473380107	0.0920819666	-0.1325563003	-0.0120602452	0.0299660323	-0.1263159818	-0.0544275503	0.0807878031	-0.1763719939	-0.0685928413	-0.0656524251	-0.1002095326	-0.004867483	-0.0622358749	0.242022252	0.0747351164	-0.0460014401	0.0053384669	-0.0090849809	0.217851066	-0.0961322502	0.0900358269	0.0469524072	-0.0102734258	-0.0644048267	0.0	0.0	-0.1405420109187645	-0.1118626618432615	0.0125132551146598	0.0197520568330901	0.2757852878014404	0.0451107033621412	0.002034975557827	0.0760575249677233	0.3036445205573201	0.0527631143510802	0.0921999948644848	0.0027839462360251	0.0048537093529988	0.0009477317108883	2.3558494483388027e-05	8.981953958234531e-07	-0.000310034397067	0.0002276844414958	5.18402048992999e-08	9.612132736469821e-08	0.0012222624454456	0.001333213244247	1.493925485546658e-06	1.7774575546356109e-06	0.0	0.0	0.0
44.29748481083104	0.0048743634834025	2.375941936832808e-05	1962.2671605658063	45.87362421082926	-0.0398560317008076	0.0015885032629357	2104.3893982363807	44.98899795960407	-0.1506420135498132	2024.0099374092592	0.0226930162463421	45.32223730108333	37.62298803442106	0.982278	37.37397	0.3519999777001774	0.165821823354705	-0.0422662182	-0.0487425781	0.0417709267	-0.0688291087	-0.0638403517	0.1005483098	-0.139500676	0.0679347466	-0.1672526859	-0.0526787242	-0.0177963082	-0.2134898896	-0.1774413989	-0.0813079575	-0.0191362016	0.0458105868	0.0050369241	-0.0410559255	0.0575315918	-0.0100431493	-0.0887894161	-0.146592134	0.1143166632	0.0823120526	-0.1574443371	0.0713403002	0.1178832971	-0.0565165794	-0.0095948215	-0.0151478791	0.0905448992	0.0737697091	-0.0032045067	0.0729871879	-0.0655124319	0.0726429317	-0.0926483116	0.0078320398	-0.0644118691	-0.0449621994	0.0214573498	-0.0240030548	0.0128748808	-0.0400428182	0.1393190165	-0.0185312992	-0.1429666912	-0.086236957	-0.0414636431	-0.1025642725	0.0362953257	-0.0024708956	0.0525438768	-0.0659563779	-0.0203570981	0.0514237563	-0.0563548069	-0.0492719724	-0.0008887526	0.047268565	0.0347464137	-0.165771862	-0.0718009194	0.0755420687	0.0820603691	-0.1181860506	-0.0236877374	0.0396814416	-0.0245159649	0.0771388717	0.0012184113	-0.0420951927	-0.1025233901	-0.0818253169	0.0845752467	-0.0956213298	-0.0665944225	-0.1935122399	0.1583255106	-0.0180193761	-0.0612558009	0.0105652875	0.2032502787	0.0668930632	-0.067896558	0.077011976	-0.1099941847	0.0728179666	-0.0284926873	-0.008221379	-0.0369041239	-0.0472662243	0.0554714493	-0.0064479973	0.0028306929	0.0353007663	0.0171630709	-0.0141535169	0.1104572209	0.1085766866	0.0532856166	-0.0647784608	-0.0084404199	0.012350076	0.1194413992	-0.008132733	0.0043428492	-0.0812173427	-0.0358570131	0.0280572568	0.0952333413	0.0268615914	0.0917788554	-0.1042739594	0.0323601631	0.0008002556	0.0240376719	0.0382806167	-0.056596797	-0.0067153463	-0.0934630861	0.0060302898	-0.105653786	0.1409356748	-0.1428087238	0.0428001676	0.0081949187	0.0342663462	-0.0316196175	0.0794440121	-0.0167128177	0.1379740697	-0.0213174089	0.1350248422	-0.1306640184	-0.0851855391	0.1298259344	0.1038162112	0.1413758497	0.0994210599	-0.0831372359	0.0226412434	0.0695585973	-0.1385775358	-0.0008404389	0.0561734932	-0.0936472791	-0.0983685879	0.0823013837	-0.1202803708	-0.032088277	-0.0536610708	-0.0164444023	-0.0633617163	0.0618208052	-0.0345201182	-0.028060464	0.0571876997	-0.0250911693	0.0890345132	0.0435692762	-0.0158424933	-0.0701830781	0.0	0.0	-0.0718982157207506	0.0686437951980139	0.0047119706191868	0.0051693534238275	0.3129869615455334	0.037201673744093	0.0013839645293619	0.0979608380975052	0.4217796303447656	0.1181351097874455	0.1778980565737671	0.0139559041644918	0.0053296041922635	0.0004758948392647	2.8404680846192675e-05	2.2647589803877505e-07	-0.0012881980443699	-0.0009781636473029	9.568041209049122e-07	1.659454201518435e-06	0.0001159329526007	-0.0011063294928449	1.3440449498716152e-08	1.2239649467384534e-06	0.0	0.0	0.0
44.1327555498974	-0.1647292609336403	0.0271357294077433	1947.7001124269996	45.81830609630752	-0.0553181145217394	0.0030600937942402	2099.317173534931	44.8948480391989	-0.0941499204051723	2015.547380462761	0.0088642075123002	45.208254364328056	38.13689547292204	0.943112	35.883778	0.1518124818803794	0.0767124714068863	-0.0191033524	-0.0786402843	0.0834282732	0.0254884918	-0.109027164	-0.0287677968	-0.0639794218	0.0788657887	-0.117908396	0.0597045477	-0.0992241933	-0.1889337182	0.1126103273	-0.0622457177	0.0473012698	-0.0216578619	-0.1193214271	-0.1378743902	0.0994921086	0.0411378483	-0.0431034948	-0.0603366156	0.0884736951	0.0261410822	-0.0155323473	0.055651403	-0.0500684351	-0.1061733642	-0.0357660363	-0.0320083241	-0.082350597	0.0138753018	-0.0503567161	-0.0650607977	0.043318314	-0.0499196016	-0.0121564689	-0.1260908398	-0.0226956537	-0.1468927648	-0.0998804365	-0.0748112696	-0.0309152064	0.0039813495	-0.0275749847	0.0927671551	-0.017436195	-0.0347853282	-0.0768848578	-0.1260256737	0.0214356721	-0.0161756779	-0.0463088017	-0.0205424789	-0.0799680352	0.0288980937	0.0507739408	0.0402971981	0.0330124641	-0.1635541209	0.0453881366	-0.1781712886	-0.0173134167	-0.0168733716	-0.0489685347	0.1362952869	-0.0824114912	-0.0541926239	-0.081493458	-0.1437375206	0.044713313	0.0026353424	0.0027541534	0.0769444162	0.0322560247	-0.0325924761	0.0095315328	-0.1173036851	0.0576885034	-0.0367094769	-0.0816537423	-0.0798834519	0.0359262382	0.0944227077	-0.1161490069	0.0405017366	-0.0063577939	0.0406642303	0.016767865	-0.0337935157	0.128888652	0.0485181863	-0.0083958081	0.0287921614	-0.0561840043	-0.0802813952	0.1482447426	0.0059155686	0.115833925	0.0125369418	-0.0835599944	-0.1058102627	-0.008208675	0.0484762859	0.0057189654	-0.0829977446	0.0758431443	0.020046723	0.0028776216	-0.0365942632	-0.0418553871	-0.0234907015	0.0084777137	0.01529578	0.072263267	-0.0464947593	0.0872858839	-0.169596911	-0.1196437806	0.0318535459	0.0811887099	-0.004948186	0.0237008028	0.1221698672	-0.0711387871	-0.1076468877	0.0184470063	-0.0914316618	-0.0634485432	-0.0871877189	-0.0064871913	0.0290359249	-0.043686311	-0.0341784369	-0.0209026828	-0.0724164092	0.0795756514	0.121223717	0.0683728349	0.1042072613	-0.0536862125	-0.0780023747	0.0359185958	-0.1860539673	-0.0767173759	0.0547804316	0.0815288183	-0.0707010656	0.0560834673	-0.0706538419	0.0013499893	-0.0119208245	-0.0952807138	-0.0738869523	0.0487536328	0.0145772686	0.0519656551	-0.0482138297	-0.0853352725	0.0880054659	0.0401318633	-0.0213671566	-0.0756116809	0.0	0.0	-0.0372331549343272	0.0346650607864233	0.0012016664393264	0.0013863078263636	0.2970506619989663	-0.0159362995465671	0.0002539656432379	0.0882390957940241	0.3628914158613767	-0.0588882144833889	0.1316901797058746	0.0034678218050416	0.0049880661800327	-0.0003415380122308	2.488080421638601e-05	1.1664821379856634e-07	-0.0007912362576349	0.000496961786735	2.469710174748437e-07	6.260548153960818e-07	0.0001079746102865	-7.958342314199997e-06	1.165851646652155e-08	6.333521238998615e-11	0.0	0.0	0.0
44.0151424512705	-0.1176130986268972	0.0138328409686202	1937.3327650056344	46.51108580369216	0.6927797073846378	0.4799437229639443	2163.2811026384147	44.97388975571613	0.0790417165172314	2022.650759759308	0.0062475929499903	45.305006192834	38.24747213572655	0.978464	37.228848	0.0942875432032971	0.0482763968799019	-0.0155351996	-0.0142335636	-0.0751485167	0.1024864413	-0.1361694745	-0.1039385965	0.0002928353	-0.0363378558	-0.1198837447	0.0635775467	-0.0038814977	-0.0534284001	-0.0267083763	0.0810646238	-0.0121741834	0.0834621721	0.0497641041	-0.0525061921	-0.0671481835	-0.1848521441	-0.0487510135	-0.1637254429	-0.0877281806	-0.2721084288	0.0363188375	-0.0546031527	-0.0003670021	0.0497354565	0.0265682483	0.009272116	0.0007505515	-0.000546138	0.0394114764	-0.04736569	-0.0010092878	0.0192353561	0.0618824419	0.0422956798	0.1256633239	-0.0427822612	-0.0394304663	0.0113019571	0.0689630899	0.0635908822	0.0543725719	-0.0073121631	-0.0566063375	0.0044766665	0.0037469495	-0.0102881858	0.0403520669	0.1093062075	0.0120526705	-0.0676485757	0.1352325271	0.0502145828	-0.0806645735	-0.0122086552	0.0442419259	0.0396579845	0.000877554	-0.2494057414	-0.041848365	-0.0089959855	-0.1333412296	-0.0396763654	-0.142599402	-0.0085505671	-0.0251253133	-0.1483658569	-0.0623168431	0.0281479126	0.1650476681	0.0144921483	-0.1187933134	0.0031591612	0.0199166628	-0.1526425066	-0.0899125631	-0.0068794874	-0.0270452767	-0.0793332606	-0.0510087741	-0.0657391218	0.1064537206	-0.0923353432	0.0514012959	-0.0148202064	0.0410205	0.1172542084	-0.0230476936	-0.0084662016	-0.0392987114	-0.0559000304	-0.0073082377	0.0396664989	0.0628548149	-0.0864378042	0.0980554342	0.0794625331	0.0096017479	-0.0073112315	-0.1872504482	0.1120269024	0.0492570617	-0.1391717354	-0.0635962714	-0.0479955649	0.1969986297	-0.0068191804	0.1010463971	-0.0977357682	0.0230959811	-0.0227598439	0.0780546882	0.0671815147	0.0289916769	-0.0789578476	-0.0125712694	-0.0993053888	0.026412647	0.0148472205	-0.0118342812	0.0009000854	-0.1493979628	-0.0453893229	-0.1156304769	-0.007259141	0.1271467022	-0.2109945616	-0.0577525646	0.0037602634	-0.0098159996	0.0886272943	0.0200365841	-0.0485917152	0.0887392415	0.072623846	0.0828062955	-0.0246154079	0.0615008008	-0.0583744432	0.0167434304	-0.126005479	0.0274683333	-0.0206053369	0.1559317791	-0.0169440262	0.0010260461	0.043405828	-0.0271703759	-0.1085019357	-0.0407216227	-0.0404605717	0.0473565745	0.065273119	-0.0323188973	0.0378943065	-0.0557564365	0.0869490055	0.0366444511	-0.0268319309	-0.0806635902	0.0	0.0	-0.0455107460499277	-0.0082775911156004	6.851851467706825e-05	0.002071228006021	0.2868633348957132	-0.010187327103253	0.0001037816335086	0.0822905729074901	0.3221029665737731	-0.0407884492876036	0.1037503210756251	0.0016636975952874	0.0049342685258041	-5.379765422859964e-05	2.434700588474097e-05	2.894187600499964e-09	-0.0010948931170868	-0.0003036568594519	9.2207488292191e-08	1.1987909378440494e-06	0.0004512036105428	0.0003432290002563	2.035846981668587e-07	1.1780614661693919e-07	0.0	0.0	0.0
43.67890578372145	-0.336236667549052	0.1130550966044917	1907.846810463215	46.54440139938187	0.0333155956897073	0.00110992891616	2166.381301626781	44.82968786979208	-0.1442018859240477	2009.7009145029836	0.020794183904052	45.265259656421925	37.51218556270512	0.983151	37.4072	0.0413629025784082	0.0204721455757013	-0.0728345418	0.0589081279	-0.1386610053	0.0268548052	-0.1285978297	-0.1908984662	0.0055201024	-0.1652265235	-0.053001327	0.1170145939	-0.1913184288	-0.0670755587	-0.0209839841	0.042399865	0.0524680208	0.0595220384	-0.0937902446	-0.1069117557	0.0506187806	0.0338021794	-0.0658871234	-0.0188118991	-0.2086914045	-0.1313913937	0.0085748093	-0.0051961546	-0.0818699601	0.1225344796	-0.0606502537	-0.0639901399	-0.0006073003	0.1067134256	0.0571016143	0.0062116113	-0.1209821635	-0.1142368848	-0.1158496921	-0.0284226242	-0.0287399342	0.0030819711	-0.0492740009	0.1183160737	-0.0191165335	-0.0084721214	0.0026610331	-0.1208722806	0.0987086367	-0.069041389	-0.1252851739	-0.0021066214	-0.16466326	0.0259458841	0.133880733	-0.027393496	-0.0432660414	0.0022557779	-0.0317859014	-0.0542434092	0.0115948222	-0.0847808865	-0.0870250108	0.1106572191	-0.0400981118	0.042977105	0.0606385096	0.0721557914	-0.0541309272	-0.0217361522	0.0402948895	-0.0158015057	-0.1497790443	0.1905956294	-0.0053300519	0.0848337631	0.0497079654	0.0519275736	0.0963732385	-0.1050064782	-0.1700672658	0.0449708755	0.1248810346	-0.115558367	-0.0580892769	-0.0374578657	-0.0511452721	0.0252596013	0.085348265	-0.0542646541	0.0360703055	-0.0723540888	0.0918489172	-0.0649276606	0.1656669364	0.0033287404	-0.1474515019	0.0053414514	3.99096e-05	0.0032999458	-0.0371336289	0.0575926955	0.0244260648	-0.0704437459	-0.0510086205	-0.0694342383	0.0015485823	-0.0205223823	-0.0274950295	-0.0738350061	-0.0292104188	0.0478425568	-0.0180268227	-0.0233235816	0.0370924911	0.1669289296	0.0247698915	0.0058794802	-0.0117675871	0.1307535467	-0.0747379687	-0.121365508	-0.019176731	-0.1572950453	0.0644753566	0.1403290024	-0.0297659219	0.1488921765	0.0499516982	0.1217608643	-0.1004832272	-0.0255363908	0.0291430536	-0.0926912502	0.0501526492	-0.0558916089	0.0614293084	-0.0687799631	0.0671416257	-0.0114198302	0.0885977045	0.0511372682	0.0972034269	0.0569110932	0.013501256	-0.1588529632	-0.0557687303	-0.0389893484	0.2273281582	-0.0937155614	-0.1318983497	0.0190499962	-0.0555073166	-0.0629569614	-0.0004637166	-0.0870038698	0.0361528348	-0.0840347107	0.0490754746	-0.1035888815	-0.1670197214	0.085865461	0.0331113845	-0.032221499	-0.0853136375	0.0	0.0	-0.0398144017362227	0.0056963443137049	3.244833854027927e-05	0.0015851865856133	0.291541080567157	0.0046777456714438	2.188130456671121e-05	0.0849962016582655	0.3093899090048637	-0.0127130575689093	0.0957221157940378	0.0001616218327504	0.0046782047489032	-0.0002560637769009	2.188559967266045e-05	6.556865784075406e-08	-0.0010952040687435	-3.1095165669995165e-07	9.669093280444459e-14	1.1994719521923172e-06	0.0003420632386134	-0.0001091403719293	1.1700725921068785e-07	1.1911620784887757e-08	0.0	0.0	0.0
43.45359633755585	-0.2253094461655962	0.0507643465314477	1888.2150346672472	45.487890992845806	-1.0565104065360629	1.1162142391189969	2069.1482269770227	44.78036280456855	-0.0493250652235346	2005.2808929087864	0.0024329620593059	45.22198117875807	35.71060983339945	1.030753	39.218384	0.1428523241219787	0.0835209534805818	-0.1512939736	0.187016307	0.0592126118	0.0335101739	-0.084642243	-0.0691180311	-0.1380418591	-0.1366427077	0.0716867091	0.2031849729	-0.1262343813	-0.1128633236	0.007797887	-0.2338884727	0.0060272916	-0.031814224	-0.0106620097	0.067520092	-0.0536466837	-0.0173674022	-0.1045204759	0.0278987968	-0.0976752112	-0.1343759783	0.0538943321	-0.0812099852	0.0701011287	-0.0709381772	-0.1977984208	0.1242126071	-0.1211980893	0.0656688745	-0.0204969697	-0.0435035515	0.0620797737	-0.1011201397	-0.0422825961	-0.0770467058	-0.0320637686	-0.0891307558	0.0152139234	-0.0548077954	-0.0021196346	-0.1629694647	-0.0165052563	0.1269741068	0.0151215095	0.0060804439	-0.149530448	-0.0163268277	0.0470106269	-0.1370990755	0.1761684119	0.0038862703	0.062151538	-0.0074860829	0.036306317	-0.004709395	-0.0574564564	-0.0918202259	-0.0789077417	-0.0116795663	0.08190362	-0.0711831304	-0.0045901833	0.1455875307	0.0104810059	0.0252028373	-0.0864789447	0.0866993923	0.013898258	-0.0680451993	0.0457055862	0.0027552307	-0.172595795	0.0409782086	-0.040942466	-0.0419638815	-0.15277101	-0.0039863014	0.1047821701	-0.1251070233	0.0349894076	0.0485862306	-0.1654854824	-0.1544600563	-0.1238225466	0.0150673508	0.2274103597	-0.0184941441	0.0890126381	0.0965583069	-0.0911603163	0.0466351856	-0.0179837369	0.0264174554	0.0379708209	-0.0204159954	0.0554362351	-0.0100434927	0.0549852071	-0.022374674	0.1006921076	-0.0956022597	-0.0537373651	-0.0330697589	0.0692008479	0.0840985996	-0.0881049212	0.0851515178	-0.0214921282	-0.1056729457	0.0323991658	-0.11718376	0.0167995659	-0.0499785398	-0.0321818018	-0.1349574594	-0.0456654064	-0.0410401049	-0.0298517148	-0.0346458716	0.0259205893	-0.0530987983	-0.0546994137	-0.0261063125	0.0146024963	-0.0483854033	-0.0800144398	-0.0298866104	-0.0029928419	-0.083909949	0.0198295739	0.1043458659	0.0514284452	-0.0795947427	0.0805923876	-0.1239809746	0.1119132062	0.0304579994	-0.0345439706	-0.0736941966	0.055317004	-0.059582686	0.0120703122	-0.0616009157	0.1659696714	-0.0442370375	-0.0517348839	-0.1116224094	-0.0450474512	-0.060688823	0.0548125615	0.0158853301	0.0170869635	0.0713851783	-0.0030173169	-0.1546047865	-0.0231028182	0.0847551701	0.0295370653	-0.037520755	-0.0895386565	0.0	0.0	-0.0414289648707182	-0.0016145631344954	2.6068141152719258e-06	0.0017163591302592	0.3165251194409109	0.0249840388737538	0.0006242021984452	0.1001881512370829	0.3808105294691231	0.0714206204642594	0.1450166593545538	0.0051009050274997	0.0039232756023975	-0.0007549291465056	1.539209145236747e-05	5.69918016243824e-07	-0.0010950595210212	1.4454772230012257e-07	2.089404402215335e-14	1.19915535457918e-06	0.0004836515773748	0.0001415883387614	2.339188482971322e-07	2.0047257673212972e-08	0.0	0.0	0.0
43.5211953623393	0.0675990247834477	0.0045696281516731	1894.094445766904	45.19842997029588	-0.2894610225499292	0.0837876835756506	2042.8980717797408	44.745008142627015	-0.0353546619415325	2002.115753683758	0.001249952121	45.0618179937423	35.666657540409425	0.996924	37.931217	0.11252328237764	0.0530226064365512	-0.1614332616	0.1971248219	-0.1422926411	0.053858194	0.0278128265	0.1098725148	-0.1910539661	-0.1946499863	0.0581326345	0.1146395074	0.1087527482	0.048435891	-0.0646115532	-0.1050198717	-0.0849030998	-0.0526567962	0.0332558783	-0.0505180685	0.0060969452	-0.0447561389	0.0138375206	0.0829666784	-0.0368810095	-0.0897096172	-0.1626087572	0.1349539169	-0.0989558492	-0.0347795581	0.0920176011	0.1237240466	0.0110203557	-0.0194080034	-0.0607939538	0.0865851925	0.0150000581	-0.0397845601	-0.0105046157	0.1797547499	-0.0638563053	-0.0066184473	-0.1094596174	-0.0169791644	0.0231178355	-0.1166941867	0.0524016043	-0.0690594269	0.0633564687	0.1161107232	-0.0622877136	-0.0366887012	0.1066828343	-0.0567121814	-0.0439117949	0.0368580815	-0.0420148475	-0.0514518755	-0.0646238259	-0.1251174549	0.1236803909	-0.1154810453	0.0393998021	0.059148032	0.0616454695	0.0006586409	-0.0021281863	-0.004815727	0.106572288	0.0572437301	0.0058775945	0.0484217696	-0.0618786422	-0.0867492697	0.052757062	0.0287718187	-0.1001445414	-0.1340020532	0.0654618732	0.0304474792	-0.0605765839	0.1455301453	-0.0298457493	-0.1273192506	0.1026833022	0.1146486717	0.1114561095	0.0781821338	0.0892198073	0.1876950901	0.0202306697	0.0545292793	-0.0306122635	-0.0543306085	-0.1106732711	0.0313331244	-0.0044665587	0.107033456	0.0429054283	-0.0649989645	-0.0533905819	0.0134231652	0.1531885948	0.0527227994	0.0636887058	-0.0922279208	0.0864849319	0.0130375071	-0.0585934547	0.0684202615	0.0083028502	-0.0688187467	-0.0714442266	-0.0134763155	0.0559848967	0.0030494611	-0.0318485125	-0.0312468434	0.0600411455	-0.0992981799	0.0435500647	-0.0078471002	-0.2320957983	-0.1523586713	-0.1070608717	-0.0273069234	0.0269353808	0.0367846326	0.0620193905	-0.1127191595	0.0500953919	0.007339938	-0.0490669019	0.077043869	0.0129757591	-0.0555485906	-0.0419688266	-0.0820014946	0.0631676113	-0.1767271302	0.1627031986	-0.0929970762	0.0186152494	0.0106071284	0.1256282281	0.0086056684	-0.0965103744	0.0105114199	0.0440904656	-0.0480963168	0.058069836	-0.0365354734	0.0346772182	0.0212125738	-0.0369876102	-0.0523263907	-0.0078140969	-0.0427025655	-0.0592859911	0.0456271398	-0.0362813442	0.0836184785	0.0259259465	-0.0427148457	-0.0933175984	0.0	0.0	-0.0282472082313631	0.013181756639355	0.0001737587080991	0.0007979047728659	0.2876377707953423	-0.0288873486455685	0.0008344789117706	0.0827354871881138	0.3431716027686917	-0.0376389267004314	0.1177667489468327	0.0014166888031604	0.0042261179179936	0.000302842315596	1.786007265678656e-05	9.171346811560773e-08	-0.0010240820978575	7.097742316369989e-05	5.037794598958922e-09	1.0487441431522183e-06	0.0002011663082889	-0.0002824852690859	4.046788359058475e-08	7.979792725053335e-08	0.0	0.0	0.0
43.628162083341	0.1069667210017044	0.0114418794018564	1903.416526770273	45.220619408638925	0.022189438343048	0.0004923711739799	2044.9044197009716	44.73232748849051	-0.0126806541365027	2000.981122537564	0.0001607989893296	45.08322843336901	35.79825856835824	0.955071	36.338814	0.033880616156705	0.0160538654127068	-0.1371877224	0.1763899119	-0.0602796568	-0.0625003881	0.0147630087	-0.0054137607	-0.2084373517	-0.0879184275	0.0434089687	-0.0504149076	-0.0524062004	0.0411582711	0.0591615261	0.1024891885	-0.149066241	0.0205044539	0.009685177	-0.0175657297	-0.057649017	0.1155397048	0.093799186	0.1307095559	-0.0182025554	-0.1164768685	-0.0356049572	0.0011810185	-0.01169861	-0.170510331	-0.0145847893	-0.0032608223	-0.127458241	-0.0370922717	0.0867820198	0.022592678	-0.0149125694	0.0680720951	0.0409000765	-0.1139018024	0.0145914494	-0.0051797038	-0.1015883541	-0.0342960707	-0.0412413598	0.0564939584	0.0454713681	-0.0324490283	0.0036865063	-0.0985760371	0.0550294505	0.1160967392	0.143452147	0.0610540539	-0.0598306239	0.0419205409	0.0694527255	0.0459049735	0.0300671926	0.0361168675	0.1352345728	0.1144762688	-0.1263920361	0.0324061313	-0.0337799617	0.0042006487	-0.0985532546	0.0181371217	0.119172316	-0.1264821205	0.1046139217	0.083576986	0.1097759576	-0.0485316505	-0.0125958051	0.0056322711	-0.1212899589	0.0975192624	0.025884185	0.0705212504	0.1018796475	0.1072201374	0.1171936032	-0.1506374149	0.0906890139	0.0643948544	0.0291738961	-0.0835489724	-0.006219894	-0.0324814884	-0.0136006722	-0.0170211653	0.0680776862	0.1643303536	-0.0636695763	0.0685758639	-0.0488350265	0.0190196291	-0.0022561177	-0.0407304374	-0.0674303191	-0.072924077	0.0522191241	0.0574073929	-0.1583320073	0.0200502956	0.012099581	-0.0861267915	-0.0196660641	0.1461223107	-0.054101769	-0.0819234027	0.125626378	0.057004653	-0.0853511187	-0.0564619335	0.0621819982	0.1449918476	-0.1038267866	-0.06620394	0.1233608679	0.0111112426	-0.0006906094	-0.0011095154	0.1549893097	-0.0489510618	0.0399926713	0.1010731747	0.0349829614	-0.0308645488	0.0770636147	0.0010408085	-0.1431400849	0.1027181972	0.0392060793	-0.0572524007	-0.0593822974	-0.0688330282	0.0629300757	-0.1795820982	0.1273663099	0.0122458987	0.0088709415	0.1314675204	0.0966395161	0.0498453718	-0.0289548322	-0.0204003998	0.0391838085	0.015132593	0.0317998333	0.0494144889	0.0738305923	0.0205332226	0.0192916541	-0.1027809533	0.0521896644	0.0463376734	-0.0533173848	-0.0156026118	-0.0287607707	0.0824557403	0.0222825273	-0.0477892128	-0.0966316368	0.0	0.0	-0.0359114641002946	-0.0076642558689315	5.874081802445096e-05	0.0012896332538267	0.2848705497261363	-0.002767221069206	7.657512445857688e-06	0.0811512301012711	0.3495925895301042	0.0064209867614125	0.1222149786543639	4.122907099023466e-05	0.0040035732188186	-0.0002225446991749	1.6028598518441527e-05	4.952614313089119e-08	-0.0009842580134253	3.98240844322001e-05	1.5859577008630024e-09	9.68763836991918e-07	0.000122972042753	-7.819426553589998e-05	1.5122123298845662e-08	6.114343162698836e-09	0.0	0.0	0.0
43.75388030040192	0.1257182170609141	0.0158050701009751	1914.402041341899	45.00886880565476	-0.2117506029841678	0.0448383178641586	2025.7982711646416	44.72560138313138	-0.0067261053591352	2000.3794190827632	4.524049330218731e-05	45.06510303264334	35.86332808798692	0.933713	35.526161	0.0928399274584897	0.0481801658251637	-0.1316115978	0.1370072009	0.0687757946	-0.0515843348	0.0147933451	0.0582857717	-0.1996391681	0.000770919	0.1042560487	-0.0009074202	-0.0470093997	-0.0563812663	-0.0713130845	0.1337217855	0.0081322561	0.0428586161	0.0598543258	-0.0113396579	-0.105216369	-0.0481338556	-0.035625898	0.084928201	0.0429220097	-0.0796893424	-0.1339865978	-0.0736328127	0.1225112826	-0.0718907506	0.0234665261	0.0687323761	0.0880758014	0.1107252645	-0.0404290237	0.082675821	0.0035532264	-0.1164851405	0.1196527474	0.0426772328	-0.1028232363	0.0146011159	-0.0361843148	-0.0450928282	0.0659155221	0.055013755	0.0825372687	0.0036625524	0.0897881686	0.1865023555	0.1170009303	0.0657113109	-0.0059748226	0.0688489164	-0.0995801524	-0.0841276002	0.1367696606	0.1279071276	0.0724407147	0.0704786867	0.0184222986	-0.0344437246	-0.0855206356	0.0733528079	-0.0876810313	0.0891280524	0.0816436912	-0.012330836	0.041686474	0.0065666946	-0.0953724444	-0.0346672735	0.0064326315	-0.0243415185	-0.0394683563	0.0120525042	-0.0145098323	0.0230303413	0.1145081509	0.048886227	0.1081679056	0.031440359	0.013533674	-0.1513718754	0.1281021137	0.0194735196	-0.0772251984	-0.0967265184	-0.0490880256	0.0311395235	0.0267293062	0.1186814866	-0.1232171774	-0.120455713	0.0060842312	0.101600225	-0.0212050516	0.0766480353	-0.08894239	0.0626384613	0.1228517134	-0.0532247494	-0.0042335589	0.1641147669	0.1295463567	0.0122169538	-0.0223212612	-0.0251866833	-0.0174995618	0.0484328928	0.1032660688	-0.1367816457	0.1460684581	-0.0351931028	-0.0548061119	0.0873325861	0.0852438694	0.083782029	0.1309135271	0.0659741108	0.1135179398	0.0265615649	-0.0057066639	0.022176778	-0.0346077245	0.0255629045	0.0334501249	0.095601994	-0.0431901735	-0.0012968796	-0.0875899562	0.0445930899	-0.0580996909	0.038002609	-0.0368671999	-0.0201782006	-0.1012202535	-0.0555804063	0.0304776892	-0.1407670729	0.0914074595	0.0708497593	-0.0990286578	0.0186829738	0.0920003709	-0.0157913855	-0.0333993245	-0.0342194616	-0.0032061596	0.0193659105	0.0263498418	0.0194426313	-0.0094011412	-0.0051010753	-0.1251102391	0.0193640018	0.0138116873	0.0683792028	-0.0065235729	-0.0359701174	0.0268073971	0.0812673177	0.0186113467	-0.0527296337	-0.0994642612	0.0	0.0	-0.0296293058086973	0.0062821582915973	3.946551280068472e-05	0.0008778957627053	0.2763687573487914	-0.0085017923773448	7.22804736274796e-05	0.0763796900385151	0.3095855595265249	-0.0400070300035793	0.0958432186673514	0.0016005624497072	0.0044520215060396	0.000448448287221	1.9820495490239116e-05	2.0110586631144869e-07	-0.0007779673476628	0.0002062906657624	4.255583878073548e-08	6.052331940294919e-07	1.6732060017135564e-05	-0.0001062399827358	2.799618324170266e-10	1.1286933931716776e-08	0.0	0.0	0.0
44.00150976485311	0.2476294644511938	0.061320351664385	1936.132861586464	45.08691891340109	0.0780501077463355	0.0060918193192145	2032.8302571036047	44.86384025690507	0.1382388737736946	2012.764162597096	0.0191099862222194	45.13961300488515	35.81643299027065	0.935488	35.593693	0.0503706993733377	0.0251476933546196	-0.0927825842	0.0879492319	0.081474894	-0.0227530922	-0.0074819796	0.1743066591	-0.1512870249	0.0835426122	0.0806089824	-0.0540702709	0.0765591724	-0.0758019785	-0.0618370734	0.079603711	0.2031276699	-0.022218032	0.0638202546	-0.0812796681	0.006055159	-0.0140777784	0.0064812887	-0.0034739618	0.0996507733	0.0313535305	-0.0926433647	0.0401282775	0.1687151509	0.1389476836	0.0043056812	0.0347134299	-0.0421288583	-0.1105479926	-0.1547992244	-0.156600802	-0.0811701001	0.0025378486	0.0262991616	-0.0799880447	-0.1060635135	-0.0193586517	0.0823888905	-0.0931241347	-0.0297805602	-0.0046509866	0.0758069769	-0.0945716948	-0.111064434	-0.1197592882	-0.0068011734	0.1176661136	0.0100315105	-0.1125586588	-0.1061138786	-0.0174798155	0.141694725	-0.0322935702	0.0293353525	0.0130618482	0.0275982261	-0.0191926114	0.0806515547	-0.0925111466	0.036387921	0.0047209513	-0.0718465391	-0.0625054117	-0.010727854	0.0139231907	-0.0133963297	0.0973787606	-0.1497651642	0.0496416081	0.0734726799	-0.0207009001	0.0612115659	0.0647258185	0.0303654249	0.0212522492	0.0833669873	-0.0227580389	-0.1593225357	-0.0792931295	0.1582278648	-0.0758818291	-0.0979467871	-0.119295143	0.0476705974	-0.0197432166	-0.0117874362	-0.0470349017	-0.0248575474	-0.0592604989	-0.0441604496	-0.0654428496	0.0309667396	-0.2220570554	-0.0526425479	-0.1352050346	-0.003134265	-0.0300727008	-0.0159999252	-0.0539145372	-0.0559381079	0.0469216289	-0.0148773018	-0.0100762168	-0.0187367822	0.1259363753	0.0503386151	0.0130391911	0.0307999811	0.1586422487	0.0126129294	-0.1299942837	-0.0379363145	-0.0122297229	0.0004840422	0.0208858986	0.019983316	-0.0015627325	-0.0472383691	0.0050524919	0.0196037819	0.0430800932	-0.1063951123	-0.085889162	-0.0181634313	0.0353119355	-0.0314579046	0.1033519427	0.0646179198	-0.1137589216	-0.0804913429	0.0001888511	-0.0260316442	-0.0619718839	0.0247155242	-0.1006804859	0.0636308458	0.0236744574	-0.0727072693	-0.0431325276	0.0907672168	-0.0002263806	0.0056759066	-0.048777022	-0.0480675468	0.0816651257	0.0911963351	-0.0150726551	-0.0199129592	0.0046802553	-0.0108928919	-0.1987010097	0.0011584349	0.0588164793	0.1263199549	-0.0441829316	-0.0715753393	0.080053581	0.0149169788	-0.057522261	-0.1018013597	0.0	0.0	-0.0319488205261961	-0.0023195147174988	5.380148524693545e-06	0.001020727133015	0.2636703576270207	-0.0126983997217707	0.0001612493554938	0.0695220574911609	0.3172032798932349	0.0076177203667099	0.1006179207750259	5.8029663585388186e-05	0.0040910737488077	-0.0003609477572319	1.6736884418183485e-05	1.3028328345073918e-07	-0.0008482168742955	-7.02495266327e-05	4.9349959921184275e-09	7.19471865839628e-07	0.0001402360674997	0.0001235040074825	1.9666154627780413e-08	1.525323986425333e-08	0.0	0.0	0.0
44.253140608452064	0.2516308435989529	0.0633180814503207	1958.340453711429	45.53346302548608	0.446544112084986	0.1994016440377685	2073.296255093308	44.98699615828845	0.1231559013833774	2023.82982334586	0.0151673760455521	45.26316508481922	37.6099302264962	0.977748	37.201618	0.0825349817018102	0.0408814083803613	-0.0329151352	-0.0393275238	-0.00403047	0.0916920452	0.0084538218	0.1459877763	-0.0876017514	0.0191269355	-0.0474295968	-0.0388515914	0.1487860907	-0.0389711743	0.1121046251	0.0628007844	0.1003959268	-0.0406819537	0.0514597941	-0.1094854364	0.0588764981	0.0488681024	0.1056995858	-0.0690767335	-0.0729999768	-0.0160822529	-0.1277296486	0.0273902564	0.0802068983	0.192195269	-0.0315772646	-0.0989102167	0.0203665226	-0.0906050218	-0.0287790236	-0.0707217229	0.0249569002	-0.0018501657	-0.0198186942	-0.0717441199	-0.0173245767	0.0204417497	-0.0113420573	0.1479568498	0.0899345219	0.0695815963	-0.0233412981	0.0829229264	-0.040461105	-0.0625852905	0.0716397809	-0.0311163736	-0.0960031915	-0.0491453901	0.0256938335	-0.0890789598	0.0336021308	-0.0570839297	-0.0200635813	0.1539289662	0.0076255218	-0.0538949787	-0.0085336275	-0.0433072305	-0.027306535	-0.0770035551	0.0189274052	-0.0618011866	-0.0766532955	-0.0727011531	-0.0362124776	0.1109117858	0.0583200695	-0.019086754	-0.154465823	-0.0593233194	-0.0469863821	0.0377652008	-0.0406141762	-0.045232573	0.0311664947	0.0358340985	-0.1006906726	-0.0740053764	0.1485698898	-0.1134581591	-0.0150340516	0.0017546221	0.0541650559	-0.1698298098	0.0565550191	-0.02571053	-0.1119251262	-0.1482271011	0.0775081905	-0.1512290361	-0.0307024062	0.0770199709	0.0278305556	0.0362295517	0.0006400843	-0.0977245719	-0.0647731284	-0.0774698301	-0.0746469896	0.0522065517	-0.1254648155	0.0554791803	-0.0168254129	0.0027056138	-0.0215929301	-0.0526053377	-0.0200227664	0.0143871904	-0.0620636096	-0.0711131699	0.1145066676	-0.0663698271	0.0017207131	0.0784073155	-0.0924225876	-0.0207612651	0.1212576594	0.0473500334	0.0378896479	-0.0999979991	-0.051083362	-0.0129488032	0.1243712558	-0.0327906378	0.0046770094	0.0468924767	-0.0565822642	-0.0076523688	0.0652864047	0.0532106903	0.0134946195	-0.0442884882	0.0018754104	-0.0228966763	0.0256362148	-0.1038775053	-0.0245094429	-0.0962336806	0.0135168544	0.0109629154	0.0230079187	-0.0083334464	-0.1016237012	0.0241296304	0.0730733482	0.0662772627	0.05696825	0.0874019035	-0.1287468183	-0.1045007554	0.0188615619	0.0213622062	-0.0602639141	-0.0314314933	0.057230717	0.078814908	0.0112040262	-0.0621536617	-0.1036312889	0.0	0.0	-0.0200063676538064	0.0119424528723897	0.0001426221806092	0.0004002547466992	0.2401865467461021	-0.0234838108809185	0.0005514893734907	0.0576895772378174	0.3000695061562979	-0.0171337737369369	0.0900417085248845	0.0002935662024685	0.0041540349564	6.296120759230039e-05	1.725600641899315e-05	3.964113661480744e-09	-0.0003257387769897	0.0005224780973058	2.72983362164289e-07	1.0610575083474553e-07	0.0001261764881665	-1.4059579333200006e-05	1.592050616603091e-08	1.9767177102654469e-10	0.0	0.0	0.0
44.26354134303294	0.0104007345808767	0.0001081752798218	1959.2610922263864	46.33942946496901	0.8059664394829298	0.6495819015727912	2147.3427231388378	45.07832656782501	0.0913304095365603	2032.055526155478	0.0083412437061158	45.38383568201633	38.68134388491863	0.968755	36.859467	0.1256605673411096	0.0586254016894615	0.0142888918	-0.067721046	-0.0637363377	-0.0062325996	-0.0080018382	-0.0896218484	0.0594417076	-0.0451008957	-0.063391054	0.0006677899	-0.0312353785	0.028817351	0.0833374997	-0.0135475798	0.0708745343	0.0287232384	-0.00655272	0.0258852238	-0.0466848226	0.0653956651	0.0109814224	-0.1025224074	-0.0366534287	0.0450122722	0.0747538419	0.0418998287	0.056437044	0.0711489863	-0.0332868763	-0.0877946867	0.0889935933	0.1219831447	-0.0317534838	0.0785179483	-0.053861133	-0.0183259016	0.0747015932	-0.075557662	-0.0119569822	0.0685449445	-0.0473325398	0.0048388467	-0.0314982908	-0.0683627335	-0.1218904429	0.0432890248	-0.0118240318	-0.0499414622	-0.0421243134	0.0999245846	-0.078958128	0.0503243795	-0.0723336059	-0.0339536067	0.1971399132	0.0871751852	0.0125101891	-0.1404233618	-0.1226418393	-0.0111538633	-0.1794204919	0.026190245	0.042581736	0.0451323805	-0.0747020196	0.0570198867	-0.1190278555	-0.0282327026	-0.0226682242	0.0313882721	0.0240278436	-0.019196273	-0.0962390522	0.1361540302	-0.0241592932	-0.0423298776	-0.0617327044	-0.0583886318	-0.0210385498	0.052768972	0.0357893189	0.0988419619	-0.0134051281	-0.0321999073	-0.0665011462	0.0403952441	-0.0874519907	-0.1172667331	-0.0363992195	-0.0225020035	-0.12158716	-0.0812935741	0.0291313787	0.0788684145	-0.1132844612	0.054830381	0.06914994	-0.0513100475	-0.1489158611	0.0020856426	-0.0704633546	-0.1397741195	-0.0152058875	0.0179363804	-0.0820387888	-0.0295691514	0.0600548419	-0.0573984433	-0.0286915623	0.0150290257	0.1190707983	-0.0821594437	0.0119345115	-0.0532778918	0.0655235084	0.1671071112	0.134934447	-0.0684293676	0.1118333535	0.1436608067	-0.0321278062	-0.0259364877	0.0631243326	0.0438908309	-0.0468070669	-0.0082237193	0.1082586716	0.0424508381	-0.0138449124	0.0327850542	0.0832026177	0.0273084604	0.03710522	0.1133031331	0.1778209213	-0.0311971729	0.0010315572	0.0468486866	-0.0058699675	-0.0327751343	0.0598434846	0.0329039826	-0.082354251	-0.0140932083	0.0304636338	0.0211350298	-0.0317632356	0.0375447597	-0.066273165	0.0409239767	-0.0102831951	0.0256940184	-0.0844881557	-0.1045663911	0.0386101294	0.0634965629	-0.0621929943	0.0570346737	0.0360857975	0.0775516848	0.0074771147	-0.0666108546	-0.1049449322	0.0	0.0	-0.0371353129866491	-0.0171289453328427	0.0002934007682155	0.0013790314706163	0.2634294713544278	0.0232429246083256	0.0005402335443483	0.0693950863780732	0.2570376099948817	-0.0430318961614162	0.0660683329518809	0.0018517440872469	0.0037000560723005	-0.0004539788840995	1.3690414938167802e-05	2.060968272082273e-07	-0.0007107570777571	-0.0003850183007674	1.482390919258161e-07	5.051756235818124e-07	0.0001323153280701	6.138839903600026e-06	1.7507346042298195e-08	3.768535536203198e-11	0.0	0.0	0.0
44.10966396581347	-0.153877377219473	0.0236782472199439	1945.662455176983	46.155536542881975	-0.1838929220870326	0.0338166067937074	2130.333553561313	45.05527288670442	-0.0230536811205865	2029.977614895403	0.0005314722132096	45.38752287007852	37.09541533156017	0.974927	37.094273	0.0530092885755851	0.0288403426392103	-0.0375263023	0.0194533212	0.0955476208	0.0052419528	-0.0291495822	-0.0173393813	0.0240669352	-0.0160163496	0.0106417271	0.0847007934	-0.044638266	0.009600856	0.0574624179	-0.0631998102	0.018733073	0.0335999297	-0.0681039669	0.0395779491	0.1173409076	-0.0328720068	-0.070277498	-0.0173269435	-0.0809335752	-0.0460076993	-0.0657136105	-0.0163196889	-0.0305758559	-0.1119225611	0.0537817279	-0.0249547119	0.0017422304	-0.0199381912	-0.1754278174	-0.1160140759	0.0695785983	0.062624467	-0.0632927939	0.1322966913	-0.0247270973	-0.0639130355	0.119507156	0.0408278508	0.0841905618	-0.0575414025	0.0315877227	-0.0326674273	0.0416254642	-0.0486381186	-0.0694731448	0.0502146833	-0.0298902404	0.0877593317	0.0432688911	-0.0142207937	0.00132382	-0.0018909571	0.0055075623	0.0508693615	-0.006219509	0.0755466351	0.0806141689	0.0643545837	-0.0144109062	0.1250188054	-0.0915977334	-0.1188688445	0.1009382578	-0.0174462957	0.0234486527	0.012670798	0.0977488434	-0.012740159	0.0616143113	0.1901521391	0.1014394312	0.0177059939	-0.0531914468	-0.045489141	-0.0768282393	-0.0806517246	0.0774417412	-0.0273134783	0.0701522444	-0.0626557873	0.019284413	0.0263055916	0.0238188664	0.0634770056	-0.0780318525	0.0340148417	0.0613795224	-0.039770576	-0.0987531975	-0.0697580612	0.0656539721	-0.0384554117	0.0192114805	0.0268810075	0.0595525779	0.0296347179	-0.0332741299	0.0168277176	-0.0946695821	-0.1709914386	-0.068253085	0.0966712313	-0.0900797251	0.0568013751	0.0285278779	0.0293549102	-0.0553772641	0.0750451287	-0.0119613655	0.1216169736	-0.0556656915	0.0576118041	-0.0219632214	0.0738426789	-0.0395698271	0.0483169902	-0.0566712374	0.1537638389	0.0114946173	-0.0592704196	0.0726048614	0.0116363154	0.0395917932	-0.0387220366	0.0609930056	0.0645184059	0.0240788053	0.0972595679	0.0090321363	-0.0866571533	0.0715811313	-0.0328009931	-0.0299454221	-0.0141002519	-0.0359139063	0.0532001955	-0.0413929331	-0.0501091931	0.0279195276	-0.0343981728	0.004267886	0.0162273713	0.0376106375	0.0662260335	0.0765963157	0.1115873688	0.0746909673	0.0878236862	-0.1925882006	0.109727352	0.0766290603	0.114366358	-0.0507891497	-0.1272494085	-0.1041401343	0.0762643048	0.0037408877	-0.0708813468	-0.1057357452	0.0	0.0	-0.0423850731246489	-0.0052497601379997	2.755998150653166e-05	0.0017964944237818	0.2623576943410057	-0.001071777013422	1.1487059664999808e-06	0.0688315597799285	0.2571923085786949	0.0001546985838132	0.0661478835920386	2.3931651833818532e-08	0.0039407237152417	0.0002406676429412	1.552930339986835e-05	5.7920914358873055e-08	-0.0011612745500828	-0.0004505174723256	2.029659928707378e-07	1.3485585806700094e-06	0.0003717912696102	0.0002394759415401	1.3822874815836446e-07	5.7348726576517396e-08	0.0	0.0	0.0
44.20600098209751	0.0963370162840391	0.0092808207065112	1954.1705228292055	46.25687153522785	0.1013349923458761	0.0102687806737387	2139.6981642265728	44.94626771381923	-0.1090051728851904	2020.1669814023087	0.0118821277157302	45.30195021892489	37.66946759378034	0.966502	36.77372	0.0698557635678325	0.0328299969817321	-0.0387411199	-0.0070952374	-0.0925601757	0.0587339988	0.0371079142	0.0584311211	-0.0060418754	-0.0160086894	-0.0677410059	0.1044168072	0.1015032852	0.026483754	0.0091061537	0.0191731895	0.0512181584	0.1113283869	-0.022594464	0.0023928288	-0.0156490217	-0.083035323	0.0109175209	0.0255316578	-0.0219339152	-0.029720359	-0.0110703415	-0.0991382325	0.0253755851	0.0531573103	0.0691752396	-0.0569752976	-0.0974648183	0.0903098597	0.0122759463	0.066983806	0.0523766124	0.1198735645	0.023228841	-0.1490927613	0.0893394872	-0.0477699532	0.0441474441	-0.0480108144	-0.0294021454	-0.054762226	-0.0694776454	0.0491630068	0.0843588961	0.04238818	-0.0255753802	0.1354093617	0.1423933336	-0.0403408718	0.1750415001	0.0015525146	-0.0726054004	0.0079441369	0.0204256098	0.0117280017	-0.0834078033	-0.0427611823	0.0355706019	-0.0686733823	0.1050089074	-0.0035778505	0.0801263312	-0.105089246	0.0527681778	0.0389292666	-0.0612793588	0.0318025451	0.1199417552	0.0870680891	0.0465364878	-0.0362853749	0.0400625265	-0.0715388629	0.2267585725	-0.0108980965	-0.0990036178	-9.46944e-05	-0.110803694	-0.0102555926	-0.0052805909	-0.1387629065	-0.0258795185	0.0230411194	-0.0490865884	0.0948272159	-0.0109655441	0.0404221002	-0.0312604857	0.1570986407	0.0252342355	0.0529531513	0.0075574877	-0.0315631262	0.0478809384	0.035653628	-0.0221378143	-0.0613005581	0.0360781418	-0.0478822357	0.0750254118	-0.0755074787	-0.0716448476	-0.209330547	-0.0565096186	-0.0836092078	-0.0643812386	0.0685959219	-0.055154958	-0.0728718021	-0.1112082258	-0.059442396	-0.1725964723	0.0534790794	0.0295391409	-0.060268268	-0.147746242	0.1558112156	-0.0664725167	0.194651063	-0.1388251026	-0.08668628	0.0434093424	-0.0261187465	0.1079882471	0.1388535471	-0.0359143395	0.0079476118	-0.1157882586	-0.0229289888	0.0097104654	-0.0816230668	0.01817536	-0.0550057889	-0.0065386722	0.001890717	0.0039765472	-0.1113111694	0.0419047806	-0.0424486187	0.0707624603	-0.009898811	0.084941663	0.0069157474	-0.0165053173	0.0436449349	0.0520141453	0.0347400258	-0.00259249	-0.0229215311	-0.0539612535	-0.1088625701	0.0815644038	-0.0594373364	0.1592407107	0.0930398403	-0.0075473027	0.0749531689	0.0	-0.0749531689	-0.105999788	0.0	0.0	-0.036487779261833	0.0058972938628159	3.477807490440608e-05	0.0013313580354602	0.2776286627897804	0.0152709684487746	0.0002332024773634	0.0770776744024415	0.2800193809335169	0.022827072354822	0.07841085369839	0.0005210752322922	0.0040121077541077	7.138403886599969e-05	1.609700863057113e-05	5.095681004822554e-09	-0.0008520311621784	0.0003092433879043	9.563147296259121e-08	7.259571013230749e-07	0.0002352101183522	-0.000136581151258	5.5323799775255936e-08	1.865441087896068e-08	0.0	0.0	0.0
44.34573890661125	0.1397379245137457	0.0195266875474093	1966.544559173335	46.26408099735176	0.0072094621239102	5.19763441160968e-05	2140.3651905295246	44.98556019335377	0.0392924795345379	2023.7006259098555	0.001543898947972	45.30858837566979	37.89012327297466	0.948061	36.072067	0.0426556140170078	0.0196976690478476	-0.0271559031	-0.0560167471	-0.0438556668	-0.0709091862	0.0252915381	0.0571648265	-0.0014286129	-0.0211039204	-0.1008595095	-0.0191701278	0.0576436697	0.0878546918	0.1235627005	-0.0228627256	0.0185626083	-0.0020642485	-0.0472918952	0.1213761639	-0.1485051321	-0.0839703609	0.0296846285	-0.0735895713	0.1210594335	-0.0861993175	-0.0508182361	-0.0395225694	-0.0543282664	-0.0534925125	0.1237962925	0.048610375	0.0809172072	0.1212538959	0.0631359638	0.0790282492	0.0095833978	0.0887214672	-0.0626198534	0.0664312747	0.1237235167	-0.0005734751	0.1443269506	-0.0312107821	-0.0680147657	-0.1591287163	0.0102567949	0.0495082105	0.0306388407	0.0270925144	0.0175975716	-0.0067639294	-0.0254032802	-0.1283991969	-0.0552245884	-0.0455264078	-0.0781570859	0.0287296967	-0.064126416	0.0501593666	0.0318445538	0.0908208872	0.0943221477	-0.0475406678	0.0910172699	-0.0613081248	-0.113089926	0.0231563171	-0.0640067741	0.0348684589	-0.0022855925	-0.0584411605	-0.0480729533	-0.0454444451	-0.0657154851	-0.0992396224	0.074213728	-0.0490427019	-0.0991179294	-0.0453165455	0.0980235396	0.0611668055	0.0092127502	0.0057801007	-0.0279164862	-0.0492144907	0.0888749355	0.1137069483	-0.1385030795	0.1602752957	0.0165246981	0.0939293289	0.0101252278	0.0032340594	-0.0602948657	0.0868348476	0.0403845862	0.0229003534	0.0519044895	-0.05272404	-0.1020642515	0.117271547	0.0223183769	0.0015223691	0.0070073513	-0.0361160396	-0.1601685769	-0.1172009882	0.0086913094	-0.166371308	0.0449430477	0.0156543644	-0.0140555531	0.0423641813	0.0707023026	-0.0710108405	-0.0331596338	-0.1298350833	-0.0452220183	0.0070153303	-0.0289976221	-0.0543937562	0.0232082633	0.116230415	0.0006269612	0.0269467679	0.103907672	-0.1230940229	-0.0305586418	0.0148390045	0.1078330625	0.0410025356	0.2206927362	-0.0117627196	0.1054706847	0.2137978542	-0.0864307584	-0.0275360954	-0.0107415184	0.0216093353	-0.0113342298	-0.024743478	0.0194905532	0.0810557401	0.0339346409	-0.034099559	-0.0397957078	0.0089002709	-0.0557406958	-0.010651819	0.0457620573	0.1043086371	0.166934046	0.0595954226	-0.1203447706	0.1269015857	0.0416444207	-0.0311379322	-0.0656301267	0.0262979254	-0.0149943521	0.0736186857	-0.0037408877	-0.078814908	-0.1057357452	0.0	0.0	-0.0451634981579331	-0.0086757188961001	7.526809836414838e-05	0.0020397415658616	0.2723304326658109	-0.0052982301239694	2.8071242446537448e-05	0.0741638645559477	0.2652783783560437	-0.0147410025774732	0.0703726180232122	0.000217297156989	0.0041221463970638	0.0001100386429561	1.699209091882607e-05	1.2108502943620165e-08	-0.0009949645640978	-0.0001429334019194	2.0429957384252752e-08	9.899544838103253e-07	0.000261051321866	2.5841203513799995e-05	6.814779264798593e-08	6.677677990416291e-10	0.0	0.0	0.0
44.37497104745887	0.0292321408476183	0.0008545180585349	1969.138055462813	46.24190163350367	-0.0221793638480889	0.0004919241807059	2138.313466682629	44.94950789042881	-0.0360523029249577	2020.458259591722	0.0012997685461929	45.29780907451975	37.60553272346186	1.019988	38.808781	0.0784908159492861	0.0379316216171232	0.0457679359	-0.0543437047	0.0217699286	-0.0903693171	-0.278658572	0.1312997758	0.0221114308	0.0703106879	-0.0432330629	-0.1004590171	-0.1163090948	-0.0053748719	0.0601268204	0.1861752834	0.0085132281	0.0305230549	0.0890798733	0.0701490357	0.0290327376	0.0353575707	0.0388258297	-0.0521700363	0.2028959787	0.0716206045	0.0389000311	-0.0194322089	-0.0024989253	-0.0876005392	0.1542767743	0.0724411944	-0.0382784023	-0.1423519649	-0.0335295191	0.034945035	0.0625504153	-0.0488284332	0.1174655046	0.0616016592	-0.0529733759	-0.0498579736	0.0011777299	0.0109964405	0.0685735313	-0.0058848802	0.1839542886	0.0026034164	0.2125314436	-0.1249123215	-0.0140803804	-0.1119241048	-0.0137489866	-0.0494500601	0.0330471607	-0.0089202569	0.034490936	-0.0885242713	0.0296020997	-0.0336177542	-0.1072964965	-0.0135731762	-0.0211637868	0.1164678311	-0.041189521	0.0098849006	0.0412382965	-0.0234853251	-0.0226891759	-0.1126844331	-0.0486443341	-0.0960978424	0.032528588	-0.000368816	0.0183300771	0.0834249086	-0.0215424595	-0.0524520168	-0.0543426574	-0.038472762	0.1867675578	-0.0094575734	-0.0202967633	0.0535264967	-0.0672207913	0.0242454512	0.0105571204	-0.1165593272	0.0801825662	0.0290283718	-0.2123811702	0.1440722643	0.0483103617	0.0061396743	-0.1215442275	-0.0799259507	0.0156519964	0.0115319687	0.0598825423	-0.0445343628	0.0898435337	0.0018169823	0.0447656035	-0.0320793484	0.115641296	-0.1058729731	0.0151751422	4.81616e-05	0.1037390747	0.033842219	-0.0350113329	-0.0988330786	0.0663933893	0.0400643779	-0.0688408437	-0.0052803721	-0.1237436175	-0.1267144119	0.0277039137	0.0360084652	-0.0440444579	-0.0514855435	0.0768644985	-0.0336158663	0.0117431114	-0.0423534562	0.1316745573	0.0702924961	0.0157668493	0.0010108683	-0.0218934437	-0.1116715334	0.0377072429	0.073415454	0.0772630013	-0.0001820953	0.1601355365	0.0756860209	0.2948700733	0.0573678549	-0.253646571	0.0549281863	-0.0658096401	0.082455307	0.0446501457	0.2391907671	0.2004458275	-0.0201682412	0.0759107041	0.1863726409	-0.0920432502	-0.1092470942	0.1124890767	-0.0430423469	-0.184473636	0.1353066077	0.0199960467	-0.2815825785	-0.0369219549	0.1815530403	-0.1818888642	0.0722612707	-0.0074771147	-0.0824557403	-0.1049449322	0.0	0.0	-0.0590415849566312	-0.013878086798698	0.0001926012931921	0.003485908754191	0.2719086202458811	-0.0004218124199298	1.779257176070631e-07	0.0739342977640187	0.2712062041890419	0.0059278258329982	0.0735528051906282	3.513911910636108e-05	0.0046429405829181	0.0005207941858542	2.1556897256507867e-05	2.712265840196428e-07	-0.0012552957960132	-0.0002603312319154	6.777235031058978e-08	1.5757675354884137e-06	-0.0001230850783175	-0.0003841364001835	1.514993650442511e-08	1.4756077394593805e-07	0.0	0.0	0.0
44.37565227156218	0.0006812241033102	4.640662789309019e-07	1969.1985145266017	46.30370513030461	0.061803496800934	0.003819672216823	2144.033108794197	44.97417592807692	0.0246680376481052	2022.6765004096133	0.0006085120814083	45.28974727815877	38.32668830325285	1.004503	38.219597	0.1219500343216851	0.0561052140176066	0.0313824182	-0.0836566531	0.0868843594	0.0118291179	-0.1136279181	0.0199701988	0.0608697239	0.0991208154	0.0341972787	0.0397426373	-0.0533393038	0.0622282013	0.0667016518	0.0227711757	0.0652044552	0.0420091229	0.019995252	0.149365245	0.1525827871	0.0293112817	0.0844969182	-0.0498257734	0.0545711428	0.0158762325	-0.0223814222	0.0101086614	-0.0306203548	0.0192401958	0.0537538245	0.0124988652	-0.0146911255	-0.0701214551	0.0537057339	0.0262440771	-0.0501888958	0.082390841	-0.0359191257	-0.1050921502	0.1515858285	-0.0038090552	-0.0766031265	-0.0140989278	-0.0309649432	-0.0392349639	0.1576235229	0.0241994983	-0.1088989957	0.0344900946	0.0104841675	0.1588358984	-0.0786883928	0.0560400444	0.0819812944	-0.0678764276	0.035377241	0.0059488263	0.068728355	0.0420432337	0.0580421181	0.1430549084	-0.055028681	0.1057478662	-0.0146850543	0.0541417794	0.1233215227	-0.1438734709	-0.0498387248	-0.0583899547	0.1828327534	0.0023268079	-0.1016356588	0.0108111583	0.0254335106	-0.0210934965	-0.0997692961	-0.0007298031	0.061149403	-0.0321589332	0.0460836612	-0.0573353394	-0.1054480715	0.0317133681	0.0280432311	0.0120128113	0.1344504005	-0.0245769078	0.0745252937	0.0377363061	-0.0004930545	-0.0781273527	-0.0090284945	0.0398771345	0.0518228511	0.0260872595	-0.0180638506	0.0113099252	0.0247842758	0.0651847574	-0.0239769064	-0.0124898731	0.016464115	0.0169374465	-0.1101892932	0.0542461182	-0.0385168666	-0.0370237253	0.0048894894	-0.0921592519	0.091349472	0.064664009	0.0505804165	0.1356477931	-0.1975812318	-0.12626161	-0.0446493859	0.0027925658	-0.0397708721	0.1780287411	0.1275349754	-0.014388587	-0.0283895487	-0.0053230719	0.0235070051	-0.0657174704	0.0110000088	0.0998167848	0.1079239163	0.0622993917	-0.0647758838	-0.1040541405	-0.0004308163	0.0483151795	-0.0762788564	0.0291654018	0.1174408405	-0.0140221097	0.0181521744	0.0582740818	-0.109149739	0.0229904735	-0.0814978505	-0.0283543365	-0.0840706853	-0.0100914698	0.0881590567	-0.0200593503	-0.0350343993	0.0818277498	-0.0612021947	0.0128484755	-0.0777219042	0.0089464103	-0.0330617662	-0.0477625561	-0.1360183945	-0.0195469764	-0.0777091824	0.0717795642	-0.0277962423	0.0708813468	-0.0112040262	-0.085865461	-0.1036312889	0.0	0.0	-0.030535329387618	0.0285062555690132	0.0008126066065658	0.0009324063408103	0.2666572175188406	-0.0052514027270404	2.75772306015684e-05	0.0711060716548902	0.2347792508422657	-0.0364269533467762	0.0551212966260555	0.0013269229301282	0.0041970538570022	-0.0004458867259158	1.7615261078577045e-05	1.9881497234800081e-07	-0.0008818094155074	0.0003734863805058	1.394920764233233e-07	7.775878452775023e-07	9.2850268837904e-05	0.0002159353471554	8.621172423271046e-09	4.662807415112484e-08	0.0	0.0	0.0
44.327321934714526	-0.0483303368476555	0.0023358214598078	1964.9114699038237	46.5498814530425	0.2461763227378952	0.0606027818767523	2166.89146329231	44.98323649581598	0.0090605677390627	2023.4915656385108	8.209388775414411e-05	45.32502383638428	38.840034944217976	0.986221	37.524017	0.068958293324987	0.0326232834616262	0.0278174412	-0.0920163684	-0.0624466495	0.0927099995	-0.0289003129	-0.0450090143	0.0852987047	0.0009950115	-0.0535160735	0.0565854368	0.1181129021	-0.0520241187	-0.0558079009	0.1238839399	0.0128007874	-0.0260505261	-0.0483631329	0.0349990461	-0.0081420982	0.0898508248	0.1055755593	-0.0843972108	0.0095802743	0.0286699618	-0.0433875901	0.0944987454	0.0445087732	0.0102830103	-0.0609929666	-0.0261271207	-0.1502579097	-0.0450220167	-0.0406561059	0.0668245063	0.1042979657	-0.0115360046	0.0941669448	0.0389292686	-0.0192464739	0.0058016727	-0.0699997865	0.0487578552	-0.0058969976	0.0103126369	0.0271772518	-0.0057466571	0.1330920457	0.074365967	0.0720379562	-0.1295628253	-0.1129514163	0.0479129317	0.0935887332	0.0221300512	-0.1151394431	0.0892725192	-0.052315517	-0.0673591848	0.1163412936	0.0318812409	0.0392586108	0.0935468479	0.0136528251	0.0493984815	-0.0278776567	-0.0163196036	-0.1376267626	-0.0505143966	-0.0289643711	-0.0723099901	-0.0317341555	-0.0758962759	-0.0146874843	-0.0148445769	0.182574678	0.0169293471	-0.1058026269	-0.0468947829	-0.0487945268	-0.0069694514	-0.0457790138	-0.0262615628	0.0184556859	0.1000818844	-0.0504615129	0.0445607074	0.0527645742	-0.0930891657	-0.040260147	0.0785623932	-0.0825473173	0.1215742282	-0.0280396621	-0.0691746602	0.073684462	0.1062211667	-0.0220917187	0.095747779	-0.0462637455	-0.0326295918	0.0121059458	0.0320878572	0.082829407	0.0241716286	-0.0104168285	0.0622182628	0.1176985889	-0.103530924	-0.1549887716	-0.0623888513	-0.0152753133	-0.0548118843	0.0322561772	0.1130454511	0.0302632675	-0.1016930438	0.1342099078	0.1812740091	0.0016002684	0.019967584	-0.0020234017	0.0681112833	0.0256176472	0.0631220356	-0.0442566261	-0.0522691911	-0.0954276485	-0.1347824801	0.1688956432	-0.1018345222	-0.0159176118	0.0079575254	-0.0170233979	0.0357773621	-0.0146560514	-0.0247213449	-0.0036516924	0.0860715486	-0.034536436	-0.1031619823	0.0342673339	-0.0662734893	-0.1022555152	-0.0360107979	-0.0139273581	0.0280361212	-0.0315266611	-0.0835675045	-0.0892625016	-0.0130703384	0.0635498191	-0.0207262496	-0.0727209437	0.0108222437	0.0896178415	-0.0706448325	0.0170610107	-0.0463516622	0.0367348073	0.0694793439	-0.0149169788	-0.0890345132	-0.1018013597	0.0	0.0	-0.0405281786671025	-0.0099928492794845	9.985703672249396e-05	0.0016425332660725	0.2786679321923344	0.0120107146734937	0.000144257266968	0.0776558164323514	0.2587921856038946	0.0240129347616289	0.0669733953296406	0.0005766210358662	0.0038800830613456	-0.0003169707956566	1.5055044562941042e-05	1.0047048529917824e-07	-0.0008151768925834	6.663252292399995e-05	4.439893111217379e-09	6.64513366201928e-07	0.0001680828424649	7.523257362699599e-05	2.8251841931080383e-08	5.659940134541372e-09	0.0	0.0	0.0
44.249784099969474	-0.0775378347450512	0.0060121158169508	1958.0433928939112	46.26979033763592	-0.2800911154065844	0.0784510329297045	2140.893497888786	45.05616662161691	0.07293012580093	2030.0581506349056	0.0053188032493394	45.407568401058775	38.2428458364304	0.95181	36.214741	0.0453907822090992	0.0206303300883474	-0.0072133409	-0.0675659252	-0.0736395099	-0.0356478714	-0.0160671	-0.0489163831	0.0366971109	-0.0425476729	-0.0519300579	-0.0752715475	-0.031564848	0.0667365358	-0.0768010613	0.0847690757	0.0114815723	-0.1714237413	0.0302719274	0.080628391	0.0146973264	-0.0231586201	0.0119550068	-0.0711976849	0.019402404	-0.0488569774	0.0433587127	-0.0345020526	-0.0082342497	0.0676204102	-0.0259212028	-0.1423208378	0.0862590372	-0.0131966802	0.0529477944	0.1357716464	-0.0742701606	0.0442423815	-0.1161589982	0.1020651305	-0.0637641115	0.1181640815	-0.0316276054	-0.0524508305	0.0506263169	0.0525608149	0.0361020859	0.0148645211	-0.0675514203	-0.0710406184	0.0220992851	0.0778174141	0.0792538105	0.0396953905	-0.0034337439	0.1226442022	0.0354340564	-0.074799144	-0.0792028956	0.0374192353	-0.1108220308	-0.0529464608	0.0829212432	0.0120633671	0.066085349	0.0300583232	-0.1345348732	0.048561263	-0.0764188504	-0.0272560432	-0.1277476022	0.0779559021	0.0390831862	0.159541149	0.0804531864	-0.1626847155	0.0053035067	0.0108458932	0.0420996264	-0.0410010212	-0.0215759586	0.0808520047	0.0841431284	0.0297462586	-0.0877489213	-0.0899300554	0.0646914316	0.0081904344	-0.041951064	0.0119403499	-0.075536904	-0.0891791393	-0.1978932341	0.0028718286	-0.0243350632	0.0080515127	-0.0028182674	0.0156513671	-0.08468053	-0.0531274222	-0.0065796746	0.0537142066	-0.0228488838	-0.0322937209	-0.0972643394	0.0537964723	0.0388928797	-0.0646180454	-0.0673568368	0.081831831	-0.015991957	0.0677850112	0.0710626263	0.0235372093	-0.0219531821	0.088890727	0.1466792281	-0.1273109041	-0.0440650221	-0.0657948441	-0.0490637865	-0.046997554	0.0275643195	0.0620238822	-0.0028332442	0.1534298147	0.0994186676	-0.1126720619	0.1028922679	0.0703027316	0.0358120496	0.0096686695	-0.0439921153	-0.0158576711	0.0633015584	-0.0015937388	0.0006018229	-0.0411813539	0.0085690003	0.0401819009	-0.0178794601	-0.0472025507	0.0375010242	0.079192798	-0.0886576135	0.0057700617	0.0335843905	0.0058919654	-0.0115889283	-0.0475661124	-0.0660888339	-0.039153646	-0.1112775452	-0.044420959	-0.0364129961	0.022181152	-0.0387442544	0.0496982016	-0.0251328941	-0.0547538354	0.1391190017	0.0680556987	-0.0186113467	-0.0919540145	-0.0994642612	0.0	0.0	-0.0343410837149065	0.006187094952196	3.828014394748922e-05	0.0011793100307142	0.2875264482338053	0.0088585160414709	7.847330645699763e-05	0.0826714584339471	0.269052598362542	0.0102604127586473	0.0723893006856353	0.0001052760699778	0.0040981250859914	0.0002180420246458	1.679462922043202e-05	4.7542324511639684e-08	-0.0009270126544229	-0.0001118357618395	1.2507237626221373e-08	8.593524614601911e-07	0.0002399002251153	7.181738265040001e-05	5.7552118010371623e-08	5.157736450753976e-09	0.0	0.0	0.0
44.21046635884393	-0.0393177411255436	0.0015458847672152	1954.565335666471	46.14354270500141	-0.1262476326345094	0.015938464745818	2129.2265333682885	44.9437683163857	-0.1123983052312098	2019.942310476955	0.0126333790188482	45.271431288533215	37.65974981281075	0.944584	35.939781	0.0515343555344516	0.0279266005606322	-0.0206653276	-0.0558277594	0.0342311203	-0.089626971	-0.0339365013	0.0230607787	0.0133610294	0.0106438862	-0.0157849472	-0.0073774177	-0.0710499421	0.07881189	0.0218602715	-0.014780542	0.1760198807	-0.0753843231	0.0386925678	0.0479904682	-0.0352388459	0.0142427411	0.0206672826	0.0559825508	0.0152611623	-0.0187178204	-0.0258332323	0.0185277556	-0.0055519982	0.0050566308	0.1187592592	-0.1566296525	-0.1512481609	0.0312143554	0.012082603	-0.033303545	0.036470816	-0.1209585084	-0.0439738657	0.0420508578	0.1068472462	0.0746098038	-0.035214515	-0.0421397203	-0.0947008642	-0.0292021124	-0.0435673617	-0.0197136678	-0.0970564988	0.022940266	0.0172113552	-0.2005446328	-0.2021743809	0.0970367257	-0.2054954485	0.0079661084	-0.0155024915	-0.0383003488	0.0379513059	-0.0374881731	-0.1083317296	-0.0890019702	6.25515e-05	0.0180890527	0.2042356893	0.1214864324	0.0791073621	0.0894925847	0.1558587294	0.0499164613	0.0835274245	-0.030169195	0.1379053419	0.1203440335	0.0870312191	-0.101244875	0.0588377242	0.0285246337	-0.0440761763	0.016933924	0.0251682337	-0.0171242412	0.0227627954	-0.093841338	0.0234953712	0.0401637777	0.0406594294	0.0584374415	0.1143430006	-0.0922068761	-0.146021958	-0.1295849603	-0.0071625133	0.090601769	0.0752438299	0.0110115497	-0.0666238803	-0.0551717497	0.1283005826	-0.0004312253	-0.051563032	0.0097889266	-0.0643400322	0.1845777542	0.0241832813	0.0015859672	-0.01655545	0.1223523225	-0.0273995581	-0.1441618224	0.1195386843	-0.0729287758	-0.0291262479	-0.1221373437	0.0915595189	0.0205468674	0.0381055585	0.0038190083	0.0229688163	-0.0053319004	-0.0616719748	0.1145323138	-0.0594166358	-0.094440821	0.1028394099	-0.0057359952	0.1054729507	-0.1972664561	-0.0549308643	0.0681022012	0.0476919033	0.0925897351	0.1395334558	-0.0153868131	-0.0295333692	-0.0965167216	-0.0041358172	-0.0354876737	-0.0155626224	0.0165346612	-0.0313057912	0.0596379556	-0.0677455915	0.0159902704	-0.0881153028	0.0251110625	-0.0164686294	0.0082860513	-0.0269992043	0.0458168926	-0.0369721432	-0.0462481378	-0.0503745302	0.0783285044	-0.0100481002	0.1340826067	-0.0669837194	-0.0417980821	-0.0275011202	-0.018441537	0.0165598782	0.0666108546	-0.0222825273	-0.0946157819	-0.0966316368	0.0	0.0	-0.0359974275540366	-0.00165634383913	2.7434749134242267e-06	0.0012958147905081	0.2730161626662664	-0.0145102855675389	0.0002105483872515	0.0745378250770132	0.2649809269252543	-0.0040716714372876	0.0702148916341669	1.6578508293224072e-05	0.0037090779078054	-0.0003890471781859	1.3757258926170083e-05	1.513577068544891e-07	-0.0007441582542839	0.000182854400139	3.343573165019354e-08	5.537715074188616e-07	0.0001858807096304	-5.40195154849e-05	3.4551638212701085e-08	2.9181080532233514e-09	0.0	0.0	0.0
44.19882952456315	-0.0116368342807788	0.0001354159120783	1953.5365313413956	46.12492942024063	-0.0186132847607751	0.0003464543695857	2127.50911402218	44.96436615087548	0.0205978344897772	2021.7942233499964	0.0004242707856682	45.31892209758296	38.06637893667997	0.956671	36.399685	0.0946903835407433	0.0450393710234667	-0.0266275442	-0.0526072128	0.0306568598	0.1418391936	-0.0583541638	-0.0220646293	2.54825e-05	0.0521782717	0.0071481571	0.108545527	0.0127548372	-0.0775357054	0.0500395208	0.0298785591	-0.0144260786	-0.1104023301	-0.0575306766	0.0140218026	-0.058251806	0.0360302941	-0.0014505681	0.0419301918	0.0255408876	-0.0240331945	0.0341018416	0.1059477894	-0.0191705265	0.0276424644	0.0858508208	-0.1456585976	-0.0666732662	0.0538013312	-0.0107454425	-0.0771515615	0.1121692471	0.033174738	0.0813700852	-0.1186619521	-0.0665141243	-0.0879873852	-0.0273018579	-0.0072318045	-0.0599256583	-0.020429059	-0.0442344886	0.0541455365	-0.0720547389	0.1282661293	-0.015260399	0.0313745656	-0.0123210636	0.0555218364	0.0033907365	0.0146873566	-0.0025660605	-0.13122163	-0.1188882352	-0.0269107915	0.0111104121	0.2666656304	0.0306990087	0.0775498344	-0.084716326	-0.1156646633	-0.031442988	-0.0242645355	0.0929292069	-0.0183046633	-0.0409495416	0.0405111055	0.0019755331	-0.0445172814	-0.0040904203	-0.0532338609	-0.0156759308	-0.034096492	-0.0892840264	-0.0283600939	-0.0126739542	-0.0795943735	-0.0786284036	-0.0562554979	-0.0385958728	0.0509083506	0.009230385	0.1413955007	0.0277549791	-0.1487694745	-0.0705980295	0.0509934671	0.0491252626	0.1122115326	-0.0565426913	0.0249153882	0.0044915769	-0.0798140366	0.0303958869	0.0385079813	0.0622182239	-0.1538471265	0.0441499262	-0.0940508119	-0.0191569544	-0.0053199643	-0.0219372192	0.091525126	0.0314709499	0.0006835485	0.0777855646	0.0192986709	-0.0404199217	-0.0912682771	0.0305384272	-0.0179263863	-0.0739654685	-0.010754307	-0.1541978307	0.0335307939	0.2023728336	-0.0077651065	-0.0584421901	0.1542774359	0.0298107063	-0.1129449316	0.0028107548	0.0621688523	0.0836561591	-0.019923551	-0.0800460941	-0.0017753011	0.0048510513	0.0147746886	-0.0208019848	0.0564898857	-0.1108082321	-0.0558665266	0.005907439	0.0117702164	-0.0259358577	-0.0955377261	-0.0109506816	-0.0656633958	-0.003477137	-0.0228600924	0.0222431404	0.0017304363	0.0280712284	-0.001641683	-0.0847709635	0.0069552063	0.0031074647	-0.0099055375	0.0074712515	0.0143410371	0.0744475461	-0.0382914235	-0.0238837431	0.0414904665	0.0868328499	0.0651452616	-0.0259259465	-0.0970123549	-0.0933175984	0.0	0.0	-0.0452671997346669	-0.0092697721806302	8.592867628078739e-05	0.0020491193718182	0.2822813356130211	0.0092651729467547	8.58434297332755e-05	0.079682752435471	0.295863135493704	0.0308822085684497	0.0875349949441658	0.0009537108060652	0.0041770298436018	0.0004679519357963	1.7447578314340078e-05	2.18979014215598e-07	-0.001027936938091	-0.000283778683807	8.053034138329003e-08	1.0566543486919003e-06	3.214673233572661e-05	-0.0001537339772946	1.0334123998648507e-09	2.3634135774839156e-08	0.0	0.0	0.0
44.14421144290452	-0.0546180816586314	0.0029831348440689	1948.7114039158623	46.10602425480937	-0.0189051654312635	0.0003574052799834	2125.76547258507	44.95516467386363	-0.0092014770118495	2020.9668308541964	8.466717919959647e-05	45.26252997386447	38.08353077403204	0.945353	35.969044	0.0627447494359132	0.0278134984886253	-0.0324871919	-0.0642696485	-0.1052592191	0.0002309194	0.0359070096	0.0289437448	-0.0096905903	-0.0483369275	-0.0368872093	-0.020374346	0.0664995323	0.0205368626	-0.0267052333	0.0351922932	-0.0678554023	-0.126207018	0.051917121	-0.0071044227	-0.0676128578	0.0167354701	0.0235108595	-0.0163730327	0.0026682909	-0.0924776228	0.0612894843	-0.0366261485	-0.1315731684	0.086554866	0.1295242403	-0.0103605016	0.0650493393	0.0584644942	0.0516133901	0.0862196221	0.0496036519	0.0414843647	0.0602209101	0.0254356735	0.077852938	-0.0265656559	0.0881617067	-0.0660925718	0.0999351793	0.0963676078	-0.0927800757	0.1346965429	-0.0003724159	-0.069092133	0.0390882245	0.0787159138	-0.0260768357	0.0032877982	0.0220637609	-0.0467757705	-0.0444646001	-0.0370844211	0.0260475047	0.0861066318	0.0163940259	0.0054773783	0.1051801457	-0.0154680191	-0.0749122778	-0.0416509688	0.0637662035	0.0076963291	0.1448101201	-0.0644107057	-0.061142566	-0.0031302569	-0.082028393	-0.0086176454	-0.139960107	0.0642486044	0.0299046619	-0.0614826135	-0.0517536235	0.0091500942	0.0154798568	0.151817171	-0.0024967356	0.0134538365	-0.1607384426	-0.0309675489	0.1148587655	0.0654507337	-0.0272751921	-0.0587282217	0.0064996704	0.1425685438	-0.01672144	-0.0225168457	0.025862809	0.0361472662	-0.0128682974	0.0894784345	0.0652170511	0.0120691624	0.1060299057	0.0606459451	-0.1451249354	-0.0041836338	-0.0544799075	0.0763591501	-0.117674256	0.0685752611	-0.0903238154	0.0194557319	0.0247613116	-0.0094757452	-0.0231920429	0.0104276388	-0.0863496937	0.0223471119	-0.0359196536	0.0506289588	-0.0564787349	0.0410885694	-0.015103825	-0.0062714986	0.0744328256	-0.0315037503	0.0115816523	-0.1036036051	0.1095190875	0.1847613297	0.0718378126	-0.091337631	-0.0202313979	0.1521621879	-0.0058241683	0.0572608334	-0.0337974698	0.0024547509	-0.0348462814	-0.0415377063	-0.0129492141	0.012651895	-0.0195720731	-0.0490125325	0.0568119025	0.0671753855	-0.0172359352	0.0225298503	-0.0140280059	0.0203790433	-0.0093104258	-0.0715396033	-0.0439311173	0.0036230164	-0.0082500402	0.0368130394	0.0059425636	0.0396048428	0.0100569507	0.0746492733	-0.0260966082	-0.0398705529	-0.1035914609	0.0636593764	-0.0295370653	-0.0991370163	-0.0895386565	0.0	0.0	-0.0348119402113979	0.0104552595232689	0.0001093124516989	0.0012118711812819	0.2735531701580669	-0.0087281654549541	7.618087220905577e-05	0.0748313369035283	0.2771123352188027	-0.0187508002749013	0.076791246330418	0.0003515925109492	0.0042181256121365	4.109576853469996e-05	1.7792583679761924e-05	1.6888621914576355e-09	-0.0008219099293966	0.0002060270086943	4.2447128311562346e-08	6.755359320407241e-07	0.0002812344387624	0.0002490877064266	7.909280954600211e-08	6.204468549290064e-08	0.0	0.0	0.0
44.13888750903329	-0.0053239338712316	2.834427186524757e-05	1948.241390535095	45.95515049289871	-0.1508737619106597	0.0227628920330744	2111.8758568249687	44.93266405572697	-0.0225006181366609	2018.9442991448184	0.0005062778165318	45.29426989088697	37.0873973995369	0.931305	35.434536	0.0308450169156197	0.0177337234274824	-0.0683383264	-0.013465098	0.027184072	-0.0916829881	-0.0066699041	-0.0281223873	-0.0552923294	0.0219250122	-0.0400016874	-0.0373162246	-0.0722384122	0.0581249122	-0.0272652916	0.0258327088	0.0349218547	-0.0589357566	-0.100476509	-0.0909526034	-0.0618121305	0.0624302663	0.0040813663	0.0516302905	0.0474414189	-0.0160921601	0.0021587449	0.0829276381	-0.0159133633	-0.0115396275	0.051784682	0.018642858	0.147182898	0.0040424217	0.1172141825	-0.0564765588	0.0132476633	-0.0534174893	-0.036756253	-0.0990732563	-0.1134582751	-0.0873789428	-0.0278529453	-0.0089242158	0.0608578452	-0.0295013464	-0.0144868676	-0.0238749237	0.0457618517	-0.0089226516	-0.0402697354	0.0012606642	-0.0690173178	0.0439980572	0.0960862721	-0.0534155553	0.092923798	-0.0729938184	0.0100309793	0.0152730896	0.1588964688	-0.0143105952	0.0592419497	0.0136058502	0.1290979697	-0.05503575	-0.0296515095	0.0450851862	-0.0851343119	0.0446820671	-0.0657489154	-0.0606673728	-0.0034736016	0.1021480196	-0.0722740098	0.0075168981	-0.0829617576	0.0669327791	0.0551660008	0.0188608446	0.1108628319	-0.0063665541	0.0806682086	-0.0331822113	-0.0346319617	0.0450642023	0.0502416855	0.049359672	-0.0525711732	-0.1152908935	0.0292167132	0.0230782905	0.1044818906	-0.0876572088	0.0192880628	0.0739885018	-0.0210149225	-0.0390594417	-0.013485055	0.0202541365	0.073572039	0.0211562661	0.094579826	-0.1097042571	0.0589008586	-0.0822370663	0.0433311789	0.0023531246	-0.053094535	0.0725703105	-0.0350401159	-0.0770598356	0.0060112925	-0.0540970257	0.057636748	-0.1164270113	0.0108140362	-0.0292030401	-0.0313359619	0.1142561439	0.0196745396	-0.0778857716	-0.0199866985	-0.1234425055	0.0787354266	0.0239038629	-0.074879763	-0.0625941683	0.1334321985	-0.0296751079	0.0043234077	-0.0551158338	-0.0843504912	-0.0197516554	0.0917509055	-0.0540947857	0.0043010538	-0.0438128885	-0.0078289878	-0.0150191075	-0.0249702856	0.0335313222	-0.047835241	0.0842682465	-0.0390837803	0.0046207932	-0.0489872929	-0.0191760257	-0.0252522058	0.0212491617	-0.0541773388	0.0432405152	0.0195977683	-0.0225546976	0.0517348264	0.0582733002	0.0301275168	0.0884211338	0.0623982411	-0.0438986924	-0.0027102599	0.0621536617	-0.0331113845	-0.1009838109	-0.0853136375	0.0	0.0	-0.0392005589655184	-0.0043886187541204	1.925997456901816e-05	0.001536683823209	0.2738146521575544	0.0002614819994875	6.837283605598128e-08	0.0749744637361625	0.2838320912537995	0.0067197560349968	0.0805606560255051	4.5155121169875976e-05	0.0041661887531627	-5.19368589737999e-05	1.7357128726979373e-05	2.697437320064379e-09	-0.0011298567499671	-0.0003079468205704	9.483124429947969e-08	1.2765762754462178e-06	0.0003108539617584	2.961952299600001e-05	9.663018554089283e-08	8.773161425105734e-10	0.0	0.0	0.0
44.21853425227802	0.07964674324473	0.0063436037094919	1955.2787714198844	46.09622955060267	0.141079057703962	0.0199033005226378	2124.862378781855	45.01379589353289	0.0811318378059198	2026.2418207446383	0.006582375105766	45.37769309416512	37.38231442856976	0.913936	34.773678	0.0520926986639145	0.0276642881839236	-0.0643466735	-0.0143249228	0.0988384113	0.032666298	-0.0071536319	0.042081169	-0.0297380452	0.1065245247	0.0672238498	0.0511271561	0.0151821007	0.0156465732	-0.125124412	-0.0413032915	0.0398202778	0.0900817727	-0.066848197	-0.004556386	0.0702143923	-0.0442311579	-0.0693700894	-0.0198844634	0.0634389409	0.0486251012	0.0304349983	-0.0073973205	0.0114286954	-0.0100572612	-0.0210835967	-0.0512026138	0.1430731798	-0.0630744368	-0.0715445721	0.0255613619	-0.0658175323	-0.0447742922	-0.0606268652	-0.0270225871	0.0515375542	-0.0085585702	-0.0514581146	-0.0461104441	-0.0928635316	-0.0934232951	0.0862489553	0.0518158751	0.00327199	-0.01014104	-0.0817612625	0.1042567321	0.0336378695	-0.024065994	-0.0554104226	-0.013134185	-0.0157855575	0.0827560508	-0.0312615368	0.038641818	-0.1008576264	-0.0164120437	0.0088069069	0.0424090689	-0.0185505027	-0.0266619567	-0.0269334038	0.0961345874	-0.0519809042	0.1983429199	0.2414898618	0.1085364521	0.089558105	0.0681307375	0.0194799636	-0.003495295	-0.0870088218	-0.0793315626	0.0133264143	-0.0010023348	0.0275573125	-0.1088586069	-0.0758776833	0.0146267597	-0.0107569416	-0.038473619	0.0312216139	-0.0146051909	-0.0886625605	0.0596461659	-0.0010061988	-0.1335339263	-0.0415766799	-0.045668526	0.0651236188	0.0850099695	0.0207820829	-0.0520832645	0.0599682737	0.0271632271	-0.0337059383	-0.0039727995	0.0329577887	-0.0804279568	0.0823196575	-0.0493053728	0.013832986	-0.0365862668	0.0242171018	-0.0100055598	0.0284865489	0.0639641797	0.0221351645	0.1036394895	-0.1787807095	0.1315388946	-0.1204564148	-0.0336453603	-0.0236472501	-0.0960027706	0.1183421796	0.0468673484	0.0250717611	-0.0368122927	0.141598547	0.0707878383	-0.0062850719	-0.1242715443	-0.1363113167	0.0793218232	-0.0316650826	0.0923271129	-0.0924182854	-0.1218653887	-0.0209531762	0.0890741779	0.017561925	-0.037515155	-0.0122175285	-0.0076414335	-0.0559438356	0.0278052682	-0.0905653641	-0.0306886248	0.0408316364	-0.0071526416	-0.0307548196	-0.0040954839	0.0203159767	0.058157414	0.0786161922	0.0960382689	0.0897339542	-0.095007803	-0.0182314636	0.0200060939	0.0764664939	-0.0081434568	-0.0078669739	0.0014629538	0.0568602689	0.0606285865	-0.0366444511	-0.1025475623	-0.0806635902	0.0	0.0	-0.0554474509016955	-0.0162468919361771	0.0002639614975858	0.0030744198114959	0.2741383124924113	0.0003236603348568	1.0475601235965984e-07	0.0751518143761869	0.2878234543087572	0.0039913630549577	0.0828423408502252	1.593097903648151e-05	0.0045060403683084	0.0003398516151456	2.0304399800824897e-05	1.154991203171407e-07	-0.0011169306241205	1.2926125846599978e-05	1.6708472940214002e-10	1.2475340190982096e-06	3.30160359922429e-05	-0.0002778379257661	1.0900586326410787e-09	7.719391299404063e-08	0.0	0.0	0.0
44.27790074622561	0.0593664939475928	0.0035243806036295	1960.5324944926067	46.11459595488978	0.0183664042871072	0.0003373248064374	2126.555960082737	45.06801259177072	0.0542166982378304	2031.125758972004	0.0029394503678119	45.4136699714408	37.56940419749012	0.909895	34.619949	0.059393421182039	0.030753980630013	-0.0297282102	-0.0624457918	0.0559483949	0.0809497361	0.0107345798	0.0963589531	-0.0112553272	0.106699004	-0.0192904593	0.046914133	0.0732775543	0.0502956964	0.0297535921	-0.0450643063	0.0362337331	0.0120914207	0.0781893611	-0.0123509055	-0.0136653453	0.0378934989	-0.1178713688	-0.0826072883	0.0577353526	-0.0540849586	0.0603901144	0.0999283012	0.0352009679	-0.122768959	-0.0641590712	0.0555484598	0.1612134467	0.0040602759	-0.0112447133	0.0622450434	0.0179262724	0.0695250368	-0.0805760998	0.0453838671	-0.0613258116	0.0454742955	0.0994242955	0.0096410371	0.1360986965	-0.007353993	-0.032882502	-0.0282959193	0.0524470518	-0.0269501208	0.1270316397	0.0037342931	-0.0827040924	-0.0705074079	0.0224074508	0.1635998021	-0.0590123924	-0.0790969545	-0.1050306907	-0.027195661	0.1133746719	-0.00053983	-0.0757436032	-0.0661051337	-0.0697662433	0.1136074941	0.0690953219	-0.0644686141	0.0831461546	-0.042158328	-0.0630267602	-0.1236737976	0.0240754734	-0.1877890175	0.0049555532	-0.020003748	0.0499759459	0.124824295	0.1435427145	-0.0609954142	-0.0213331474	-0.0414091703	-0.0691409753	0.0403543884	-0.0849618788	0.0702293013	0.0593199056	0.064055255	-0.219414432	0.0570344636	0.0405756698	0.0041127166	-0.013823696	-0.0759541029	-0.0686195434	-0.0063634189	0.15204125	0.0536858921	-0.152967137	-0.0060563847	-0.0922773328	-0.0424135006	-0.0101858585	0.0022951083	0.0313991289	0.027698231	-0.1221406805	0.133213039	-0.03662304	0.1928134614	0.0427370817	0.0246987068	0.151109877	0.0536599115	0.0491259886	0.1081021289	-0.0644165247	-0.0924756145	0.0148103493	0.0721840998	-0.1578342837	0.0436266572	-0.0865128097	0.0186155648	-0.0179079028	-0.0112302008	-0.0682815935	0.1191941342	-0.1669952681	-0.0096711982	0.0386583779	-0.0885188673	-0.0090022206	0.0411924292	0.0866048049	-0.0682409475	0.0139996308	-0.0478252977	-0.0259486772	0.0227726087	-0.0667304081	-0.0685123323	-0.064932776	-0.0938405869	-0.004357593	0.0684697078	0.0165028933	-0.0154935108	0.0019719329	0.0835306211	0.0291858769	0.0781290313	0.0257552165	-0.0025444121	0.0543064868	-0.0550994999	-0.0373276822	0.0491174971	-0.0850287392	-0.0397984318	0.0755026877	0.059084626	-0.0401318633	-0.1038238878	-0.0756116809	0.0	0.0	-0.0328983950431762	0.0225490558585192	0.0005084599201106	0.0010823043964168	0.269976321838044	-0.0041619906543672	1.7322166207040638e-05	0.0728872143531991	0.2746766830570024	-0.0131467712517548	0.0754472802151969	0.0001728375943459	0.0045620262160786	5.598584777020011e-05	2.0812083196188427e-05	3.13441515054802e-09	-0.0007839321790295	0.000332998445091	1.1088796443302377e-07	6.1454966131794e-07	3.128826050549085e-05	-1.7277754867520492e-06	9.789552454594584e-10	2.9852081326212808e-12	0.0	0.0	0.0
44.293425317775416	0.015524571549804	0.0002410123218049	1961.907526381348	46.55755071849613	0.4429547636063518	0.1962089226015589	2167.60552890534	45.03443945475987	-0.0335731370108476	2028.1007370044324	0.0011271555287491	45.364132048892486	38.61237689891825	0.944328	35.930054	0.0358788613882457	0.0185923325793724	-0.0161930878	-0.0844661837	-0.0969874713	0.0875664419	0.0157414193	-0.0192685111	0.0388169277	-0.0059386665	-0.0542111846	0.0694746735	0.0737078621	0.0361486841	-0.027133592	0.0643256501	0.0458318438	0.0173046286	-0.0129386845	-0.0231544304	0.0705551598	0.1514105044	-0.0606007066	0.0022251027	0.0066341106	-0.0366427238	-0.0001152357	0.0351406317	0.0393573687	0.0257793173	-0.0121995811	0.0188032538	-0.0189318398	0.052198913	-0.0697413522	-0.0206613465	0.0164669998	0.0079047505	0.0414490765	0.098199893	0.0432739525	-0.1313793505	-0.0962642231	-0.0554490872	-0.0441335634	0.0363132502	-0.0058972916	-0.1743559816	-0.0893247137	0.0275982717	-0.0575081488	0.0063136629	-0.018204898	-0.0428538522	-0.0330618395	0.1343159205	-0.0112227007	-0.0363257628	-0.0469111018	-0.0262513275	0.004575589	0.0321497182	-0.1658779836	0.1230445987	-0.0387956451	-0.0669932869	-0.1324124628	-0.0834088278	0.1025610326	-0.0602507911	-0.0396788113	-0.0049896884	0.1028550416	0.0775161111	-0.0670219387	-0.0006049813	0.0824788972	-0.0444183571	0.1090119605	-0.0207773727	-0.0663286295	0.0345835952	-0.0644727825	-0.0355905323	-0.0303731116	-0.0187001145	-0.0411867977	0.0360358485	0.0095506757	-0.0616507028	-0.009279208	0.0705004742	0.0359081815	0.0207051681	-0.0058285368	0.0483487324	0.1158708171	-0.0216675708	0.1217467122	-0.0978284288	-0.1226308971	-0.054821528	0.0548241047	0.0965739889	-0.0366605818	0.0193677662	0.1531144791	0.0648097693	0.0227322712	0.1483433	-0.0325246544	0.039440415	-0.0265905837	0.0036216384	0.0671283043	0.1799388211	-0.0232986687	0.0447554091	-0.0529973517	0.027760959	0.086843657	-0.1449422057	-0.0552114499	-0.0075903984	-0.0848763511	-0.0348330935	-0.0368003588	-0.1187046532	-0.0372473511	0.0856758323	-0.0622997441	-0.0505700051	-0.0029763906	0.1111768557	-0.0824091357	-0.0659094915	-0.0139711555	-0.0301220973	-0.0239395325	0.0384142373	-0.0728184908	-0.1000724093	0.0758387265	-0.0146886667	0.0508066879	-0.014690923	-0.0209237202	0.004957522	0.0157736671	-0.0109208994	-0.0034639055	0.136931355	-0.030182298	-0.0489163776	-0.0280868534	0.0051515218	0.0647988892	-0.0545699315	0.0689127411	0.0324320546	0.0835847476	0.057522261	-0.0435692762	-0.1048092098	-0.0701830781	0.0	0.0	-0.0402585409493951	-0.0073601459062188	5.417174776083079e-05	0.0016207501193741	0.2693079056548697	-0.0006684161831743	4.467801939293182e-07	0.0725267480482121	0.262180479791958	-0.0124962032650443	0.0687386039839413	0.0001561550960413	0.0046310345742148	6.900835813620013e-05	2.1446481227572854e-05	4.762153492654058e-09	-0.0010209302817929	-0.0002369981027633	5.61681007134511e-08	1.04229864028173e-06	3.236372028205372e-05	1.0754597765628702e-06	1.0474103904950156e-09	1.156613731004659e-12	0.0	0.0	0.0
44.274419985049015	-0.019005332726401	0.0003612026720412	1960.224265012508	46.32766503161127	-0.2298856868848631	0.0528474290345253	2146.2525472811776	45.02921721983929	-0.0052222349205806	2027.6304034314712	2.7271737565731503e-05	45.39835257667053	38.0812403076277	0.919982	35.003727	0.0850484893720894	0.0536327242952438	-0.0470892781	-0.0662716826	-0.0774073238	-0.0682577011	0.0446581589	0.0042676116	-0.0123118089	-0.0490284179	-0.0844408548	-0.0594418516	0.0315169589	0.1034142992	-0.0301774622	-0.0266572813	0.0385306011	-0.0370738913	-0.0565703467	0.0395694069	0.0508200686	-0.0823037938	-0.0857314727	-0.0764280955	0.0172726949	-0.0269600586	-0.1038716321	-0.0905010479	0.0812070486	-0.0493656433	-0.099033588	0.025640266	0.1523420332	-0.0353362236	0.1908765922	-0.0365908859	-0.0447803388	-0.0324857335	-0.0479236019	0.041908244	0.0138102491	-0.0191961657	-0.0919069699	-0.1042660319	-0.0996086762	-0.06003733	-0.0111418041	-0.0305373771	0.0260964466	-0.075388836	-0.0399170836	0.0460314282	0.1027612034	-0.0144366766	-0.0606951261	0.0966837201	0.0812721771	-0.0623034414	0.1660933982	-0.0424697039	-0.0295918075	-0.0088461361	0.0753909981	-0.0087376512	-0.0902621288	0.1349993028	0.0868146405	0.0913916566	0.0445858478	-0.0122286617	-0.1722728027	0.0888659885	-0.0411911294	0.107867868	0.0511708	0.0480462719	0.0931100658	0.0230219828	-0.1444241202	-0.0760927395	0.0312652901	0.1368306459	0.0963305133	0.0026329669	0.0027103012	-0.1024510822	0.0893572792	-0.0065828199	-0.1284163796	-0.0137192123	0.0724979232	-0.1250583486	-0.0277985673	-0.0565766539	-0.0019676856	0.0290240923	0.0747395212	-0.0403356904	-0.0643049642	-0.0352766334	-0.0908044951	0.079265437	-0.0383908755	0.0776776053	0.0743532661	0.0025946398	0.1655234613	-0.0999057719	-0.0029750788	-0.0397089338	-0.0600550274	-0.0337456577	0.0406445827	0.0579874714	0.0214239615	-0.0745284609	0.0241944608	-0.0898406828	0.113181607	-0.0343440836	0.0621886615	0.0826352197	0.1289001999	-0.092350695	-0.061746491	0.083643498	-0.0134344701	0.0289945358	0.1227944638	0.0305036619	0.0479624601	0.0959077271	-0.0923617427	0.0315517681	-0.2212478251	-0.0977851134	0.0112728453	-0.05309373	-0.0355320412	0.0225365081	-0.064752738	-0.0554114903	0.0500639779	0.0748142913	-0.0287542929	0.0556307023	-0.0165906013	0.0004965983	0.0089888675	-0.0169594892	0.0050145734	0.0113911592	0.0111452026	-0.0844382326	0.0370774366	0.0104840717	0.0021609704	0.0802660375	0.053329568	-0.0835630671	-0.0046029409	0.0559419782	-0.0469524072	-0.1055007667	-0.0644048267	0.0	0.0	-0.037888265821806	0.002370275127589	5.618204180467511e-06	0.0014355206869838	0.2731102955476814	0.0038023898928117	1.4458168896956804e-05	0.0745892335341418	0.2769532889034138	0.0147728091114557	0.0767031242344177	0.0002182358890435	0.0036370361388945	-0.0009939984353203	1.3228031875624611e-05	9.880328894192047e-07	-0.0007618901810111	0.0002590401007818	6.71017738130451e-08	5.804766479211267e-07	6.138548898461035e-05	2.902176870255663e-05	3.768178257879719e-09	8.422630586246955e-10	0.0	0.0	0.0
44.2918476395997	0.017427654550687	0.000303723143138	1961.7677673295136	46.14817705128219	-0.1794879803290783	0.0322159350826116	2129.6542451564883	45.11993804269908	0.0907208228597937	2035.808808977004	0.008230267700358	45.48001614732721	37.657849797739445	0.894397	34.030243	0.0304382249920061	0.0161318701893119	-0.0470199872	-0.0529799534	-0.0187937153	-0.0727475018	0.0360734696	0.0117831825	-0.0200316335	0.0568301022	-0.0236739034	-0.044356689	-0.0084251817	0.0370608727	0.0072345408	0.0657939086	-0.0617309219	-0.0434334676	0.0324375447	0.0263107442	-0.0080414712	0.0099908975	0.1227553561	-0.0328910467	0.1204817658	0.0280888897	0.0682708417	-0.0539432918	0.0819485084	-0.0594653836	0.04732089	0.0084599473	0.0717719123	-0.1166512737	-0.0404061236	-0.037832884	0.029800313	-0.0521414131	0.0877522844	0.0381922821	-0.1082044962	0.1184734258	0.103236856	0.0362833999	0.0651524025	-0.091262816	-0.0697572594	0.0274142376	-0.0314859536	0.1165796933	0.0074040639	0.0305385779	0.0298999544	0.1963685782	0.0256041604	-0.0350256275	-0.1157880402	0.0465035268	0.0607126613	0.0011323305	-0.0314837572	-0.1242064691	0.0666042963	0.0257384221	-0.0620523989	-0.1251353625	-0.0593893363	-0.0214715151	-0.0352956967	-0.0217662991	0.1175404814	0.0486789334	-0.0164511869	-0.0173744619	0.0710030464	-0.1411029405	-0.0791737096	0.095653529	-0.0396064228	-0.0344840659	0.1140799709	-0.0213728247	0.0580126795	0.0147231767	-0.0510592197	0.0100795189	0.0265657556	-0.0814922866	-0.0319845234	-0.0274281628	-0.0610394833	0.0443876088	-0.0649295421	0.0449220689	-0.0846708616	0.0020984864	0.0196340246	-0.0776983115	-0.154162849	-0.027882255	0.009447335	-0.0174044257	0.0193732809	-0.0569786118	0.1407752832	-0.1129716948	0.0497262524	0.1203368567	-0.0102295236	-0.0498120102	0.1067575095	-0.0018363563	-0.1127727263	0.0238425009	-0.0059492145	0.0484389294	0.1564585449	-0.014258664	0.0591511443	0.0162883235	0.0219334062	0.068345982	0.0711932176	0.1439683362	-0.0227945297	-0.0722842708	-0.0996646441	0.0842388251	-0.0183074281	-0.0680234123	-0.0513519766	0.0347299314	0.0762103427	-0.1490974276	0.0170030928	-0.0862513687	-0.0337781482	-0.044116729	-0.0185563802	0.0351796338	-0.0448749255	0.0098169851	0.0213817742	0.0681685103	-0.0306366995	0.1068218009	-0.0778137952	0.0128964155	-0.0702412735	-0.0530447295	-0.040825778	-0.0547918939	-0.0311672544	0.0340349147	0.1100659333	0.0569002706	-0.0919699219	0.0931369715	-0.0218339381	-0.1549730328	0.0174794971	0.0543442699	-0.0502770413	-0.1058966202	-0.0583057138	0.0	0.0	-0.032689890036309	0.005198375785497	2.702311080724161e-05	0.0010686289105859	0.2730901039454778	-2.019160220362304e-05	4.077007995493547e-10	0.0745782048729518	0.2656590662452842	-0.0112942226581296	0.0705747394783162	0.0001275594654514	0.0038340252461477	0.0001969891072532	1.4699749588097931e-05	3.8804708376412775e-08	-0.0006979184709752	6.397171003589999e-05	4.092379684917268e-09	4.87090192128361e-07	4.383760735019327e-05	-1.7547881634417083e-05	1.921735818189719e-09	3.0792814985551235e-10	0.0	0.0	0.0
44.35355514467171	0.0617075050720075	0.0038078161822118	1967.2378539714343	46.2670939885653	0.1189169372831102	0.0141412379727951	2140.643986146735	45.04543811837021	-0.0744999243288759	2029.09149527592	0.0055502387250082	45.38787673026696	37.78950429525901	0.890437	33.879604	0.0366558719880452	0.019729325904195	-0.0303477209	-0.0775976098	0.0433736862	-0.1054317823	0.0108652119	-0.0163891778	-0.0068686089	0.0380723898	-0.0030236182	-0.064161297	-0.072618093	0.0698782013	-0.1260363711	0.079638073	0.0107682678	-0.0917190106	0.0127310893	0.055101134	0.0158041646	-0.0446849579	0.0105280982	0.0148318834	0.0233031987	0.0078293588	0.1044364847	-0.1386331192	-0.0776656469	-0.0268243337	0.1251221776	0.0790851914	-0.0375178654	-0.0356689656	0.1241970324	0.0722251192	-0.0042664459	-0.0564470196	-0.0694401659	-0.1032598118	0.0206938204	-0.1199434175	0.0971721757	0.0545722957	-0.0672255994	-0.0319938871	-0.0684983784	-0.1726666521	0.0386554644	-0.0171259157	0.0584887371	0.0041772925	0.0220580836	-0.0415183341	0.0716980661	-0.0591186038	-0.0408587431	0.0919503404	-0.0049411415	0.0518228569	-0.0098533525	0.0320088843	0.0375180221	-0.0260499471	0.0202020123	-0.0419997387	0.0152566141	0.0766989014	0.0629969877	0.0058355066	0.0649110851	-0.0063958315	-0.0330832876	0.0398682162	0.0255817518	0.0550550557	0.0672318729	0.0248025896	-0.0871730354	0.0090731816	0.0671301351	-0.0679383655	0.0538773682	0.0232118875	-0.1270370641	-0.0797781509	0.0089564959	-0.0637407292	0.0634273104	0.0457102202	-0.0393723912	0.0277336094	0.1505816576	0.0402174268	0.091767987	0.1981495668	-0.0038405465	-0.0069874087	-0.1101105282	-0.0663830263	0.0470279713	0.0986140926	0.0490018191	0.0086542531	0.0145358817	-0.018307557	-0.0885729444	-0.0362010463	-0.0006202072	-0.04254476	-0.1509198663	-0.0140224998	-0.0768380524	-0.0476001997	0.002042692	0.0549407754	-0.0732489855	-0.049295921	-0.0072982289	0.0418465282	0.0742073676	-0.0748139567	0.018018323	-0.0055636341	-0.0251165577	-0.0324188407	0.0617070538	0.0622199808	0.0574401765	0.0457113354	0.0231693373	-0.0451874002	0.0968557484	-0.0454155401	-0.0326383236	-0.0400920455	-0.0195452692	-0.0448750608	-0.0432983938	0.0326627088	-0.0640446864	0.0318995524	-0.038844352	0.09191934	-0.0374157465	0.0696515913	-0.0213779853	0.0403060763	-0.0688573214	-0.0016177864	-0.0920013462	-0.0168863229	0.0472370498	0.0311617793	0.0229431356	0.0152661651	-0.1044045898	0.064429849	0.0423257015	0.0128166601	0.1349889663	0.0527296337	-0.0535390365	-0.1059956606	-0.0519161246	0.0	0.0	-0.0390957713933346	-0.0064058813570256	4.1035315960288216e-05	0.0015284793408398	0.2733946041002895	0.0003045001548117	9.272034428035193e-08	0.074744609551154	0.2682234930953768	0.0025644268500926	0.0719438422482856	6.576285069475936e-06	0.0039770717251671	0.0001430464790194	1.5817099507123615e-05	2.0462295159847792e-08	-0.0010322773665185	-0.0003343588955433	1.1179587102893549e-07	1.0655965614263698e-06	0.0001140535053098	7.021589795960673e-05	1.3008202073452576e-08	4.930272326273904e-09	0.0	0.0	0.0
44.33976378387633	-0.0137913607953805	0.0001902016325883	1966.014652409951	46.470147020214206	0.2030530316489063	0.0412305336618117	2159.4745640803235	45.05653450440387	0.0110963860336639	2030.091301546537	0.000123129783008	45.41053483063373	38.4577133328583	0.912144	34.705486	0.0561536241497794	0.0297849352234132	-0.0372767313	-0.0941385904	0.0730697376	-0.0345474791	0.001665819	-0.0618273919	0.0257099999	0.0659520775	0.0244612958	0.0329071821	-0.0919811683	0.0542498764	0.039308036	0.0006260114	-0.0760741486	0.0562165474	0.0403658358	-0.0191377174	0.0045026976	-0.0762896597	-0.0531607344	-0.0268701742	0.1687898799	-0.1314035898	0.0447035976	0.0334459837	-0.0489331822	0.0620396654	-0.0059728913	0.0751019485	0.0533218809	-0.0321752194	0.0194964372	0.0046478776	-0.0290321604	0.0703138303	0.0423968782	-0.0785991544	0.0053902194	0.0754983122	0.0356023374	0.1139559807	0.0011423018	0.056559971	-0.0757101932	-0.0685868555	-0.0021319151	0.0133514311	-0.0480479698	-0.1227643339	0.0146794734	-0.0350601042	-0.0225196889	-0.077378595	-0.0717598806	0.1643562664	-0.059502425	0.0429498101	-0.0483895002	0.0403746306	0.0097993866	0.2222796931	-0.1443510684	-0.0316855373	0.179854752	0.0092237638	-0.0459776483	-0.019091223	-0.1461894917	-0.0041257858	-0.0398803162	0.0462937317	0.0149049468	-0.0236132708	0.0879792493	0.0636388271	-0.0634288651	-0.0170653157	0.0375584205	-0.1089392168	-0.0833833047	-0.0883973776	-0.1672221007	0.0729447075	0.0220179453	0.0175126473	-0.029047354	0.022882117	0.080726919	0.0287356569	-0.011232797	-0.0369754184	0.1417128475	-0.038831566	0.0204752659	-0.0617145223	-0.116596172	0.0047965508	0.0132339748	0.1403911744	-0.0419349632	-0.0319808348	-0.0104591866	0.0646412502	-0.0569310427	-0.0279774666	0.0309639241	0.0516685371	-0.0489437586	-0.0592841247	-0.1252047964	-0.0304929929	0.0030706787	0.0354730952	0.0900131933	0.0021387578	0.0903984337	0.001827536	0.0966111173	-0.088368752	-0.0306008567	0.0483364791	-0.1161854432	0.011152145	0.1156094172	0.0151905702	-0.0675793789	0.1213064804	-0.0126625177	-0.0437406	-0.0693933203	-0.0451230898	-0.1308459183	0.1529460522	0.0320432146	-0.0479454568	-0.0336438562	0.0482583833	-0.0755604528	0.0756177989	-0.0611017429	-0.0150034501	-0.0535584374	0.0492064686	-0.0445393013	-0.0135631835	0.0072390212	-0.039955534	-0.0264561077	-0.0787546807	-0.0031143065	-0.0814781829	0.0406767236	0.025875861	0.0278126088	0.0423875635	0.0570904691	-0.0085083852	0.0166818743	0.0510985726	-0.0567343287	-0.1057976105	-0.045267892	0.0	0.0	-0.0308875647814943	0.0082082066118403	6.737465578265887e-05	0.000954041658131	0.273287290490515	-0.0001073136097745	1.1516210842835045e-08	0.0746859431436471	0.2774034126547064	0.0091799195593296	0.0769526533524773	8.42709231157625e-05	0.0039849489033684	7.877178201299954e-06	1.5879817762457016e-05	6.204993641503518e-11	-0.0005778938290843	0.0004543835374342	2.064643990912171e-07	3.339612776937142e-07	-0.0001968494664314	-0.0003109029717412	3.8749712434326884e-08	9.666065783750945e-08	0.0	0.0	0.0
44.24599835554044	-0.0937654283358853	0.008791955551012	1957.708370478488	46.40023485120836	-0.0699121690058461	0.0048877113751019	2152.981794247291	45.118264710173314	0.0617302057694431	2035.657810457271	0.0038106183043377	45.4270928739361	37.84948868545022	0.927014	35.271282	0.0557484435151523	0.0293617235090286	-0.0511639155	-0.03984779	0.0588484585	0.1214096311	0.0259746541	-0.0409874088	0.0325598586	0.0845568354	-0.0136053009	0.0975251686	0.0314391355	0.0002209308	0.0503391396	0.0145106339	0.0185173332	-0.019950966	-0.0997759998	0.0344061822	-0.0176003392	0.0505945581	0.0084543872	-0.0158479802	-0.0041893827	0.0253073586	0.1298107577	0.0431427026	0.0372448381	0.0969718569	0.0656225534	0.0523755848	-0.2074734168	-0.0323827202	-0.0110563967	0.0884837453	-0.1005918555	0.0441010027	-0.0698466886	-0.0338727858	-0.1956236942	-0.0678059709	-0.0189309726	0.1196914338	-0.0185482922	0.0215305449	-0.0239293532	-0.0576097588	0.0332867988	0.1587069785	0.0247782464	0.042970768	-0.0272241996	-0.051676332	0.0185024572	-0.0138597086	-0.0298011215	0.0531430664	0.1030678524	-0.1301962299	0.0145726932	0.0573028043	-0.1672999722	-0.0561548227	-0.0195112797	-0.0372547906	0.1542259293	0.1009349785	-0.0585372369	0.0318291273	0.0671293696	-0.1045974295	0.0330272336	0.0493732174	-0.1134287232	0.0516301552	-0.0613988307	0.11108165	-0.0256823063	-0.0313137582	-0.050966538	-0.0719623579	-0.1290272023	-0.0309981381	-0.0776765325	0.0356147237	-0.1048204385	0.0249077286	0.0477916667	-0.0373045344	-0.0805487376	0.0669602706	0.072593665	-0.0011358417	-0.0008988439	0.0602809542	-0.1276415281	0.1241816684	-0.1811570586	0.0173801112	0.0721585936	-0.0389161593	0.1422325441	-0.0208900959	0.0551739877	0.0586822083	-0.0440827124	-0.0102683889	0.0731789646	-0.0756653332	-0.1584658341	-0.0364875908	-0.0400633359	0.0556226657	0.0380301034	-0.0283523567	0.0552627497	0.1115878764	-0.0477776452	0.0183336657	0.0202391025	-0.0537267248	0.1081495302	-0.1910401795	-0.0050508395	-0.0085376804	0.0066097085	-0.0831390987	-0.145365208	0.0520373666	-0.0717378867	0.0245607932	-0.0488119362	-0.1116922811	0.0220273346	-0.0726476451	0.0038422142	-0.0554338485	-0.037684283	0.0310253641	-0.0586798123	-0.0507834969	-0.0491802538	-0.0994249432	0.0122209676	0.0509245499	-0.0499337408	0.0093824566	0.0184448865	0.0089371788	-0.0249351031	-0.004479638	-0.0124862841	-0.0678577173	0.0763256275	0.0200642918	-0.0600933109	-0.0066444053	0.0099237461	-0.0088887394	0.0200579471	0.0494515946	-0.059858937	-0.105303025	-0.038394137	0.0	0.0	-0.0358008982067161	-0.0049133334252218	2.41408453474018e-05	0.0012817043124076	0.2737740241477695	0.0004867336572545	2.369096531043854e-07	0.0749522162980634	0.2823225125234003	0.0049190998686938	0.0797060010775255	2.419754351818412e-05	0.0041650469408589	0.0001800980374904	1.734761601955808e-05	3.2435303107929355e-08	-0.0010413624403313	-0.0004634686112469	2.1480315361122278e-07	1.0844357321327603e-06	6.816941611074252e-05	0.0002650188825421	4.647069292879561e-09	7.023500810388595e-08	0.0	0.0	0.0
44.22027686737633	-0.0257214881641161	0.0006615949533767	1955.4328862274176	46.48245917440771	0.0822243231993482	0.0067608393255908	2160.619010900479	45.01363102270632	-0.1046336874669933	2026.226977848349	0.0109482085529404	45.371939062633615	38.00115224132388	0.927922	35.305843	0.0511795393349129	0.0220516943206653	-0.0733917776	-0.0299025154	-0.083979568	0.0768068648	0.0664816838	-0.0327434041	-0.001234102	-0.0399683368	-0.037785854	0.049798966	0.0949096127	-0.0060917265	-0.069025352	0.0465097409	-0.0678396291	-0.0096956067	0.0277260944	-0.0158952234	0.0965815017	-0.0165061986	-0.0086819504	0.0150304218	-0.0192203142	-0.0076968978	-0.0421755306	-0.0592806385	-0.0209015341	-0.0377020793	-0.1030121452	-0.0547430952	-0.0049972281	-0.0866951839	0.0815375733	0.0706698799	-0.1415456921	0.0145500234	0.0140846022	0.1270660152	-0.0625428848	-0.1940081973	0.1779504379	-0.0014075403	-0.1343483733	0.040144499	-0.0244287058	0.1060367733	0.0067380335	0.024367225	0.0486005436	-0.0550454935	-0.0351937207	-0.0326420298	0.0432744183	0.0550743198	-0.102214708	0.0183011081	0.0084258898	-0.105901197	-0.0971207252	0.1010551519	-0.0247166084	0.0182369486	0.0281523383	0.0809731394	0.0470252059	-0.0185623636	0.024059801	0.0828723226	0.0397569576	0.0389221412	0.081852666	-0.1516270099	0.0134904395	-0.1236991339	-0.1159275336	-0.0787310265	-0.0090955331	0.001633106	-0.0323334433	0.1084550667	-0.0249767323	0.0075269051	-0.0971819139	-0.1145180468	0.0394406141	-0.0309800263	0.0097914552	0.0774815215	-0.0271889714	-0.0682448216	0.1001821838	0.0276916947	-0.0587057184	-0.0069996967	0.1690985681	0.1692760068	-0.0560835942	-0.0488806924	0.124061143	-0.0571903872	-0.104297239	-0.0072881269	0.0275916322	-0.0813586377	0.0567999739	0.0906159508	0.0749446166	-0.0631748346	-0.1255398712	0.0181202755	0.0150457141	-0.0335234203	-0.0007856534	-0.0101679255	-0.0967820852	0.0299803039	-0.1729976081	0.0362411496	0.0193059646	0.1046218677	0.0327221531	-0.1517980105	0.0365776727	0.0301613625	-0.0453486115	0.0323815601	-0.1469161256	0.0391660522	0.1040976061	0.1765577337	0.0721729157	0.0730195789	0.0101530244	0.0689391268	-0.0252077642	-0.0568791324	-0.0206116608	0.038149298	-0.0438203601	-0.0927394846	0.075132069	-0.0388333735	0.0441848644	0.0893251236	-0.0408429912	0.036523917	-0.0322817982	-0.0655293596	-0.0389070435	-0.1093542082	0.0455715319	-0.0612686763	0.0347730816	0.0242114731	0.0377148679	-0.1495708105	0.0557847951	0.075111745	-0.0018462037	0.0477892128	-0.0629089685	-0.1045132902	-0.0313291043	0.0	0.0	-0.0514760992486742	-0.015675201041958	0.0002457119277058	0.0026497887938593	0.2840754192077241	0.0103013950599545	0.0001061187401812	0.0806988437980441	0.2901418240655431	0.0078193115421428	0.0841822780720805	6.114163299308802e-05	0.0040489794966237	-0.0001160674442351	1.639423496407911e-05	1.3471651611291245e-08	-0.0011476202753544	-0.000106257835023	1.1290727503796325e-08	1.3170322964045083e-06	-5.717793844810552e-05	-0.0001253473545588	3.2693166451753436e-09	1.5711959294901564e-08	0.0	0.0	0.0
44.2856237566673	0.0653468892909714	0.0042702159400064	1961.216471517095	46.14357743551443	-0.3388817388932779	0.1148408329553317	2129.2297385473166	45.11991717669429	0.1062861539879662	2035.8069260317525	0.0112967465295536	45.43323168989663	37.525157862604445	0.916989	34.889832	0.0787353004009953	0.0328623528359939	-0.0687933485	-0.0234125597	-0.0578832145	-0.0473689357	0.1020929438	0.0330663711	-0.0505080775	-0.0352818725	-0.0333210318	-0.0214271095	0.0571932035	0.0971092773	0.1027493328	0.0522340204	-0.0678147965	0.0371497381	-0.0039723361	-0.0170312466	0.0727660299	-0.1216197575	-0.0477511392	-0.005746482	0.0509705929	0.0124206401	-0.0329801431	0.0300750742	-0.0098359033	0.0847731236	-7.64782e-05	-0.0570289431	-0.0728808485	0.0893640527	0.0294650589	-0.0155871613	-0.0739660881	0.0707774095	0.1714760237	0.0135439906	0.1321556591	0.0647020345	0.0581718409	0.02079726	0.0316187995	-0.1491535097	-0.0225442902	-0.0077884049	0.0395642252	-0.0483806007	-0.0770333281	0.0097319779	0.0224622611	-0.0552436802	-0.0410771696	0.1619550556	-0.0745629295	0.0412683397	0.1537355873	0.0229880234	-0.0915123038	-0.0191715589	0.0256864472	0.0181752661	0.1002620856	-0.0272800294	0.0150112077	-0.0196667613	0.0212532543	0.0281585096	0.0288092266	-0.047266871	-0.0051494303	-0.1013909762	-0.0042046905	-0.0063956212	0.0414083897	-0.053516935	0.0485858342	-0.0156961287	0.0324498947	0.1250298643	-0.0053041734	0.0190276904	-0.072995303	-0.0181534825	-0.0228779965	0.0901079247	0.0098086549	-0.0538754597	-0.0113343498	0.0051235103	-0.0194675407	0.0421014717	0.0921939463	-0.0923347348	0.0443985188	-0.0211824973	0.0377091334	-0.0671829902	-0.1390157639	-0.0725693107	-0.0169966352	0.0605215267	0.1057806399	-0.063587065	-0.0170638208	-0.0535019533	0.0657421064	-0.0272947177	0.0382313938	0.0712840654	-0.0718334748	0.0307867515	0.0349549024	-0.1719106844	-0.0286222387	0.110257399	0.1015472985	-0.0629817237	-0.1072695709	-0.042359188	0.0158390373	0.0754618651	0.0084498108	0.0054206159	0.1443749018	-0.0209071401	-0.0826153877	-0.0740063587	0.0120794618	0.0408177019	-0.0813374655	0.0181332489	0.0767318459	-0.1255738726	-0.0591527717	-0.0408315024	-0.0516844017	0.0090090895	-0.0570658079	-0.0343852674	0.0287494228	0.0632886865	-0.0246079818	0.1039055073	0.008149971	0.018033336	-0.0287429263	-0.0052483853	0.0759736055	-0.0822681896	0.0407493738	-0.0826241084	0.0724028006	-0.0711370503	-0.0423904057	0.0395559939	0.1202755119	-0.0234693041	-0.0293652606	0.046111945	-0.0658806233	-0.1034306197	-0.0241079916	0.0	0.0	-0.0403933352034613	0.0110827640452128	0.0001228276588818	0.0016316215288591	0.2736119371336514	-0.0104634820740727	0.0001094844571144	0.0748634921420292	0.2769112138850431	-0.0132306101805	0.076679820375288	0.0001750490457483	0.0043119119650609	0.0002629324684372	1.859258479443535e-05	6.91334829584792e-08	-0.0007480938701704	0.0003995264051839	1.596213484392497e-07	5.596444385865272e-07	-0.0002738879468511	-0.0002167100084029	7.501460743031099e-08	4.6963227742025946e-08	0.0	0.0	0.0
44.3918955205691	0.1062717639018018	0.0112936878028003	1970.640387909123	46.38710691837164	0.2435294828572125	0.0593066090207013	2151.7636882564425	45.09379785888049	-0.0261193178137943	2033.4506053375749	0.0006822187630579	45.41887007959631	37.82661612640842	0.916212	34.860271	0.047921381268772	0.0279739159701011	-0.048511254	-0.0602630127	0.0410511756	-0.0677201985	0.039684392	-0.0309958504	-0.0323398982	0.0684190025	-0.0552060163	-0.0523490152	-0.0511618272	0.0808911194	-0.0446925374	0.0541289506	-0.0855650797	-0.0108905477	-0.0366755677	-0.0776126116	-0.0333593525	0.0224455964	0.0525348274	0.0146064198	0.0119913206	0.0502326032	0.0749391086	-0.011554925	0.0051926056	-0.1145298518	0.0764967942	-0.065503994	-0.0525534005	0.1380161463	-0.0837490576	-0.1926326992	-0.0642014165	-0.1679565148	0.0993157791	-0.1303711307	0.0014314464	0.0405642491	-0.1449974993	0.0484810681	-0.0641471696	0.051436072	0.1351515372	0.0375466328	-0.1712660036	-0.0177987573	0.0053166255	0.0072989525	0.0287521616	-0.0337506077	0.0015026452	0.0795966817	-0.1484745258	-0.0355656998	-0.0773570769	-0.1207252843	0.055202437	-0.0366102461	-0.0790054569	0.0141548353	-0.027771859	-0.029489255	0.0668334286	0.0361511803	-0.0572185128	-0.0207127249	0.0049057719	-0.0099761958	0.0081529823	0.0533240587	0.0961465391	0.0912582717	-0.0562371342	0.0054247116	-0.024669683	-0.0029983976	0.0738019767	-0.0156452344	0.0457129337	-0.0223806281	-0.0480775587	0.0598376359	-0.1039627984	0.0228879107	-0.0163134652	-0.099001159	-0.0596386121	-0.0256847985	0.1561025378	0.0095957662	-0.0084712045	0.0394099433	-0.2352138755	-0.1360614035	0.0711495716	-0.0312829137	0.0264190919	-0.2158470607	-0.0902044144	0.0832333463	0.0060825507	0.0780582667	0.1548893075	0.0268237924	0.1070458438	-0.1247648697	0.053600989	0.0816261385	-0.0483680041	0.142109246	-0.0510400014	0.0402663364	0.0457849434	-0.0340509878	0.0547764451	-0.0956704434	-0.0148162542	-0.0054958539	-0.1216502187	-0.0356601166	-0.0601831251	-0.065482365	0.0220307985	-0.0338271518	-0.0090011037	0.0511714905	-0.0509994227	-0.1480760592	-0.0053915801	-0.0188593972	0.0681432119	-0.0178192727	0.1156925241	-0.0466737112	-0.0525896008	0.0312296001	-0.0829772863	0.067528834	0.023296743	0.0791452711	0.0192803245	0.0920690834	-0.069417503	0.0485054707	-0.0554068222	-0.0252453373	-0.0059503953	0.1136461606	-0.0295908982	0.0245688043	-0.0189585898	0.0604150956	-0.1365621791	-0.0853798524	0.0024064777	-0.0179595825	0.009192651	0.0444203137	-0.068770199	-0.1020580481	-0.0167667741	0.0	0.0	-0.0413384998252865	-0.0009451646218252	8.933361623499748e-07	0.0017088715678052	0.2735331444853699	-7.879264828147825e-05	6.208281423208737e-09	0.0748203811320542	0.2542804345069527	-0.0226307793780903	0.0646585393730446	0.0005121521752598	0.0040713868960647	-0.0002405250689962	1.657619125744735e-05	5.7852308815626944e-08	-0.0009760278710733	-0.0002279340009029	5.195390876760327e-08	9.526304051118784e-07	-0.0002570141243387	1.6873822512400026e-05	6.605626010958876e-08	2.8472588617997793e-10	0.0	0.0	0.0
44.444429241931545	0.0525337213624439	0.0027597918801868	1975.30729064106	46.68719546087495	0.3000885425033104	0.0900531333417611	2179.694220001943	45.2016674275301	0.1078695686496047	2043.1907382290356	0.0116358438406517	45.53215339413629	38.24158111081662	0.933095	35.502666	0.0317323557703935	0.0160976897317798	-0.029093213	-0.0876079956	0.1243570966	0.0347814905	0.0074761612	-0.020844874	0.0466382146	0.1403761834	0.0140328982	0.0535514995	-0.031026728	0.0549198726	-0.0395329165	0.0789807942	0.0120887155	0.0439492842	-0.0919725187	0.1193281049	0.0461756605	0.0079390733	-0.0256997378	-0.0690256344	-0.0903611594	-0.070038821	-0.0095933866	-0.1666624247	0.0035268043	0.0673276547	0.0639444793	0.0339040157	0.0313983191	-0.073619244	0.0555625014	-0.0819748825	0.0289258657	0.0246197398	-0.1527496516	0.1463720166	-0.0058595057	0.1053450579	0.0802511581	0.0534600574	-0.1039148409	0.0473479661	0.0514507066	-0.0657494869	-0.0698437544	0.0716062318	0.0731434298	0.0393772601	0.1065219147	0.0214573859	0.0830190851	0.0987533494	0.0105503654	-0.0916598071	0.0093865451	0.0362988208	-0.0491411996	0.0150849277	-0.0841578367	0.0547794356	-0.0427048634	-0.008181052	-0.0283592101	-0.0247409537	-0.0054558761	0.0475382248	0.0157812819	-0.0200876378	0.1220423172	-0.0012516749	-0.0112995045	-0.1320233856	-0.0029117263	0.0792423979	0.0539768832	-0.0494328159	0.004965181	-0.1144868933	0.0184852467	-0.0355792259	-0.0286896448	-0.1935532287	0.1360440513	-0.0298197942	0.0115414528	-0.0004791409	0.0320358862	0.0031481647	-0.0039146292	-0.0402258557	-0.0349609191	0.0221229891	-0.0031064501	-0.0305462062	-0.159411128	0.0501933351	-0.0714323786	0.0197655691	0.091338998	0.2477813314	-0.1044902689	-0.0540692243	0.024844356	0.1144125349	0.0079162074	-0.0651092256	-0.1127731882	0.1055839955	0.0406601327	-0.0162210512	0.0070593441	-0.0356906573	0.0173317574	0.0787591933	-0.135194002	-0.0267980122	-0.0836414036	0.074906748	-0.0382352261	0.042937765	0.0703061019	-0.0178977713	-0.1155618104	-0.083711041	-0.0469002544	0.0280728274	-0.1173139912	0.0130521076	-0.058068971	-0.007353753	-0.0654496065	-0.0397293174	-0.0631423301	-0.0380807068	-0.067689419	0.0430327904	-0.0623833853	0.0314130321	-0.1215606864	-0.0628362634	-0.0378989088	0.0560374855	0.0083556773	-0.0120976773	-0.0330028153	-0.0292456443	-0.027675889	-0.0052065732	0.0847318242	-0.0256591343	-0.0117847413	-0.028080226	-0.0768858256	0.0627735434	0.1135918238	-0.0449517745	-0.0475867371	0.0427148457	-0.0715740957	-0.1003994225	-0.0093420254	0.0	0.0	-0.0463634440531848	-0.0050249442278983	2.525006449348845e-05	0.0021495689444727	0.2731894155245697	-0.0003437289608002	1.181495984927887e-07	0.074632456754656	0.2482682875367032	-0.0060121469702494	0.0616371425964071	3.6145911191880094e-05	0.0038509630510414	-0.0002204238450232	1.4829916420486088e-05	4.8586671454855595e-08	-0.0010026909757834	-2.666310471009987e-05	7.109211527817498e-10	1.0053891929174666e-06	-9.707036184318876e-05	0.0001599437624955	9.422655148367597e-09	2.5582007161220508e-08	0.0	0.0	0.0
44.35978127291973	-0.0846479690118116	0.0071652786578246	1967.7901945812805	46.77042058666984	0.0832251257948897	0.0069264215635752	2187.4722418539905	45.15768817006325	-0.0439792574668445	2039.2168008646704	0.0019341750873349	45.51564129386605	38.58612819778638	0.9702	36.914417	0.0559084280836086	0.0281313613351112	-0.0213804415	-0.0999462783	-0.0824935258	0.0813088754	0.0162805463	-0.0395699029	0.0720773092	-0.0006768639	-0.049801501	0.0954491686	0.0434486938	0.0419777604	-0.0450270101	0.1370491059	-0.1479509162	-0.0888018194	0.0723453148	-0.047875508	0.0954459049	-0.1019580993	-0.1526550274	-0.0413362594	0.0126612706	0.0499852354	-0.0614612108	-0.0977449251	-0.0729491684	0.1005479031	-0.0206887305	0.0354908331	-0.16572581	0.0387109499	0.1047688964	-0.1290419835	-0.0217926761	-0.0940647469	-0.0275212095	-0.0449373936	0.1621924397	0.1679414051	-0.0052965182	-0.0166690981	-0.0052103638	0.0256092713	-0.0751354128	0.0254051585	-0.0387506394	-0.0192432942	-0.0313184812	0.0638921994	-0.0246986119	-0.1410812561	-0.0703691517	0.1499414638	0.0318117342	-0.1217284802	-0.0410551796	-0.0833790637	0.1393945028	-0.0896475929	0.1169241343	0.1280904302	-0.1633573101	0.020401685	0.0045114858	-0.0657120223	-0.0409874512	-0.0546999607	-0.0062257592	0.0595771133	-0.0371452034	-0.1855371305	-0.0311755007	-0.0527352893	0.017241741	-0.0942802287	-0.0372711041	-0.0473752153	-0.0537529387	0.0005224711	-0.0245254026	0.0043322453	-0.0970966608	-0.0769648986	-0.0152605672	0.0035452415	0.1741477736	-0.0105364415	0.0561680024	-0.0504212951	0.0990756017	0.0642775202	0.0414292083	-0.0239568353	0.0357489568	-0.0147405571	0.0373302607	0.1759585344	-0.2747647732	0.0066402133	-0.0200027398	0.1149949545	0.0953924743	0.1476181731	0.002789516	0.044321298	0.0363756882	0.1627268008	0.0627660202	0.2271635874	-0.0203675555	0.0267313931	0.0515376153	-0.0793643045	0.0413780931	-0.1162316078	0.0172803198	-0.0253740809	0.067532947	0.0773216705	0.040864567	-0.1160673475	-0.0883777506	-0.0447733433	-0.0954162424	0.0214063499	0.049102092	-0.0731542856	-0.0354223776	0.0331721002	0.0210147181	0.0355956439	-0.0155022145	0.1822276583	-0.0591556342	-0.0533158156	-0.0507006719	0.0494067731	-0.1062396811	-0.0551585803	0.0793553209	-0.0211141926	0.1108643125	-0.0210608568	0.0180273734	-0.0789674589	0.1130999045	-0.0786769503	-0.0819623184	0.0456456137	-0.0426723138	-0.0255676481	0.1740579416	-0.008385901	-0.0725275372	-0.0554580042	0.0983209922	0.0456870883	0.0351322012	0.0409960724	-0.0742888199	-0.0984593917	-0.0018707352	0.0	0.0	-0.0289878243419678	0.017375619711217	0.0003019121603488	0.0008402939600807	0.2733161633584871	0.0001267478339173	1.6065013402743235e-08	0.0747017251530031	0.2533526131916161	0.0050843256549129	0.0641875466110206	2.5850367365205515e-05	0.0040670007412452	0.0002160376902038	1.654049502928901e-05	4.6672283588593074e-08	-0.0006045928515481	0.0003980981242352	1.584821165196643e-07	3.655325161430629e-07	-4.477147861106081e-05	5.229888323212794e-05	2.004485297020676e-09	2.735173187327753e-09	0.0	0.0	0.0
44.27841947636957	-0.081361796550162	0.0066197419378699	1960.578431325344	46.56664591962164	-0.2037746670482008	0.041524114930605	2168.452512203415	45.05003181574296	-0.1076563543202908	2029.505366599453	0.011589890625536	45.43422449608775	38.08679009954447	0.961861	36.597145	0.0719599701689663	0.0390876745219593	-0.0491109747	-0.0558271125	-0.0407424834	-0.0573716298	0.0311339486	-0.1297234569	0.0392020183	-0.0712917263	-0.0002650955	0.0111913046	-0.04106106	0.1392217977	-0.1279717629	-0.0047139681	0.0447539338	-0.0662566944	0.0226574832	0.0588895659	0.0969614452	-0.0092265929	-1.84848e-05	0.0927731017	-0.0897381849	-0.0089405279	-0.1023806263	0.1037022043	-0.0365505331	0.037768789	-0.1105705742	-0.0398084153	0.0075046069	-0.0616784441	0.0491639636	0.0274908484	-0.0162376971	-0.0313424197	0.0624201952	0.1163878303	-0.0176339047	0.0676349727	0.0270642115	0.0237582863	0.0347084974	0.1731860736	0.1105035336	-0.0378570195	-0.0154554084	0.0739679712	-0.0859436494	0.0427610006	0.0781805447	0.1871058049	-0.1360031654	0.0374887156	-0.1520551083	0.0480099951	0.0496238642	0.134994777	-0.126713271	-0.1080761295	0.0940539549	-0.0208231725	0.113823591	-0.086132145	-0.1108236503	-0.036221585	-0.0753473396	-0.0288150706	-0.0149335701	-0.1208210824	0.1148862313	0.0084450197	-0.0168368591	0.0026391255	-0.0516141193	-0.0774393748	-0.0664281797	0.0241525895	-0.0211568001	0.0943200524	0.079545126	-0.047684182	-0.0186685752	-0.005661731	0.0494553489	-0.0150382736	0.1134531206	-0.0573501859	0.016151265	-0.0322567139	-0.1208418153	0.0104285666	0.0496577613	-0.0640839702	0.0857491574	-0.0288826806	-0.0889733534	-0.0007526604	-0.0183798065	-0.0940097557	-0.0563387948	-0.0045083836	-0.1228676767	-0.0950778895	0.190927902	-0.0445385807	-0.1784346187	-0.0518905368	-0.0322435019	0.0903831602	-0.0530945745	0.1009945446	-0.0321451904	0.1734742407	-0.003132363	0.0386831393	0.0597030346	-0.0618493181	-0.0080133572	0.0550138317	0.1867196986	0.0893367637	-0.0123785475	-0.0312486049	0.0054634338	-0.1811818729	0.0657489797	-0.1105546323	0.0406860899	-0.0663793811	0.1780004143	0.1313062422	0.0432373728	-0.0167363228	0.0370629352	-0.0536374538	-0.0700117375	-0.0070818091	-0.0665872923	-0.0397254306	0.0221998101	0.1395812913	-0.0036008765	-0.0018488567	0.0128976187	-0.0218005723	0.1047888249	-0.0407870225	-0.0632771015	0.0470124689	-0.0261051348	-0.060952916	0.0786655409	0.0687251172	-0.1561882159	-0.0711586232	0.0782350565	-0.1321419066	0.0327738662	0.039264529	-0.0769109895	-0.0962433935	0.0056098749	0.0	0.0	-0.034376711352877	-0.0053888870109092	2.904010321634592e-05	0.001181758283439	0.2655974010348103	-0.0077187623236767	5.957929180941244e-05	0.0705419794364458	0.2485837048034227	-0.0047689083881934	0.0617938582937952	2.274248721498147e-05	0.003427873584446	-0.0006391271567992	1.1750317310942667e-05	4.084835225582293e-07	-0.0007201389494964	-0.0001155460979482	1.3350900751078133e-08	5.186001065817785e-07	-0.0003717664727873	-0.0003269949941762	1.3821031028871028e-07	1.0692572621631873e-07	0.0	0.0	0.0
44.15257923524243	-0.1258402411271433	0.0158357662869375	1949.4502531243609	46.04729014438587	-0.5193557752357734	0.2697304212707511	2120.352929641256	45.00049381061476	-0.0495380051281983	2025.0444431991773	0.0024540139520814	45.37817062324597	37.230135769355954	1.059949	40.329239	0.1258320993577566	0.0828429074693894	-0.0603180297	0.011032546	0.0753621701	-0.0712170697	0.0525250434	-0.0502140594	-0.0489224738	0.0511901787	0.0323339126	0.009782286	-0.0543383469	0.0436588702	-0.0228346804	-0.1078746202	-0.0354029377	-0.074713709	0.0853543443	-0.1487352615	-0.0178046368	0.1625170374	0.040495529	0.0809507534	0.2365564868	-0.0140477434	0.0913049262	-0.0332078967	0.0766911046	0.029547364	-0.1140726645	-0.0380497572	0.0845611486	-0.0512314842	-0.0704617905	-0.034306182	0.0214228272	-0.0212009949	-0.0497730468	-0.0202161946	0.0015021164	-0.052498959	0.0352549817	0.1480681792	-0.0699427059	0.1097878986	-0.0582355456	0.1237925471	-0.054785682	-0.0408034272	-0.0625278491	-0.0492728383	-0.0860744906	0.1384932767	0.0626656003	0.1061716364	0.0109790994	0.1125947261	-0.0149100223	0.0624134751	0.0962433574	-0.1082560265	-0.0131602975	0.092586236	-0.0019026885	0.0276337556	-0.0099268147	0.1489305126	0.048888559	0.0714637287	0.0153125075	-0.0266878775	0.0582089164	-0.0638016505	0.0508426943	0.1319820695	-0.0471050017	-0.0338743367	0.028374016	0.043502307	0.091164451	-0.1115640362	-0.0160860505	-0.0504831782	-0.1468701839	0.0460534443	-0.1192595501	-0.0800244376	-0.0461513816	0.0083846152	-0.0124069033	-0.0852568202	-0.0039972136	-0.0384580108	0.0238642837	0.0502480006	0.1550719252	0.024924615	0.071449716	0.1226426041	0.0565246152	0.0601955798	-0.0249716055	-0.1353580994	-0.0326450088	-0.0160763201	0.071608875	0.0256510954	0.0622638718	0.0953943266	0.1144570154	-0.0329688688	-0.0347816021	-0.0647748257	-0.049757862	0.0364364766	0.1999614898	0.1452149272	-0.0226291308	0.0048063278	-0.062206219	0.1040770644	-0.1612428874	-0.1349020997	0.0500817162	-0.0058853838	0.1428014629	0.0106730287	0.0213049185	-0.1412444499	0.1321569375	0.0243212759	-0.1119931849	-0.0673110845	0.0797295141	0.0592171537	-0.0090238866	-0.0167045639	-0.0114751621	0.000212566	-0.1153684302	0.3180892736	0.1641014789	-0.1368213928	0.1950819245	0.2567872672	-0.0454774457	0.0262341289	0.0345812506	-0.0886468603	0.0183190708	-0.0128912678	-0.0393347972	0.0998015292	0.0670928606	-0.1472277607	0.0357902129	0.1085340146	-0.1140856972	0.1604440876	0.2272521093	0.037520755	-0.0794373376	-0.0937576389	0.0130625369	0.0	0.0	-0.0252706362204833	0.0091060751323937	8.292060431679898e-05	0.000638605054988	0.2836466761806235	0.0180492751458132	0.0003257763332892	0.0804554369083154	0.2685095091508174	0.0199258043473946	0.0720973565044128	0.0003970376788906	0.0049148701313147	0.0014869965468686	2.4155948407689373e-05	2.2111587303994367e-06	-0.0008069144371136	-8.677548761720007e-05	7.529985251202843e-09	6.51110908822358e-07	-0.0003705196126301	1.2468601572000184e-06	1.3728478334355938e-07	1.5546602516128549e-12	0.0	0.0	0.0
44.10838326815988	-0.044195967082544	0.0019532835063613	1945.5494745308868	46.371284199284986	0.3239940548991171	0.1049721476099721	2150.2959982908574	44.89557403642304	-0.1049197741917211	2015.6125680599428	0.0110081590164417	45.31065988716086	37.10643460869476	1.325155	50.419849	0.9909903805184628	0.5674396516431531	0.2204283359	0.1666579502	0.1040539117	0.0559286508	0.0826824873	-0.0560658926	0.1340582369	-0.1181023823	0.2811623702	-0.1316511649	0.0671922857	-0.1042455482	0.1262479428	-0.0943768835	-0.1804175847	0.0122103369	-0.1075410428	-0.1325268797	-0.0308243285	0.0739734022	-0.2362928846	0.3111068465	-0.0216942047	0.1972729283	0.1016499821	-0.0476623587	0.1084839814	-0.031424072	-0.0129557262	-0.0668445624	0.1102712923	-0.0107327204	-0.0028378372	0.0210065198	-0.0702261751	-0.0740562808	0.006666314	0.0954664346	0.0330426104	-0.0540484048	-0.0345135765	0.0833338454	-0.0222529128	-0.1007703622	-0.130113688	-0.0804443443	0.0367965992	-0.1499802176	-0.0520075976	0.0129428558	-0.0490248451	0.0027362674	0.0496192843	-0.0664504908	0.0061961281	-0.0374169131	0.1282268567	0.0169834296	0.0084179458	-0.0728712096	0.0536710878	-0.1261020336	-0.0457166005	-0.0175061007	0.0706021992	-0.1457389154	-0.1586226934	0.0328414115	-0.0036461925	-0.0201265367	-0.0687364944	0.0162675367	-0.1250732788	-0.0323932207	0.0887418324	-0.0067293243	0.0685434054	0.357092311	-0.0462024684	-0.0890578192	0.0763947369	0.0734197276	0.0999147699	-0.0493913644	-0.0653749911	-0.0035849005	-0.0492541695	-0.0752095434	-0.1877578843	0.0029000847	0.0450043861	-0.1441321592	0.0560722456	0.0408044304	0.094982177	0.0928746594	0.0874340524	-0.1171158541	-0.0830993466	0.0630291544	0.0145198817	-0.101077597	0.0477033419	-0.0202815276	0.1493087754	-0.0750951444	0.0863134653	0.0047990468	-0.022632631	0.0131213996	-0.0082032478	-0.0152248885	0.01372768	-0.1426610165	0.0516986774	0.0248462315	0.0371591952	0.1822888259	-0.1440738464	0.0347002191	0.1309281979	0.0160612234	-0.0943350055	0.0322870955	-0.0790039529	0.0904069447	-0.0436732385	-0.0376796198	-0.0329056906	-0.0226042842	0.0273649551	-0.1195981055	-0.0248643493	-0.0133828373	-0.043915288	0.3059203581	-0.0046433734	-0.2264935788	-0.1627753109	0.1330502621	0.1283901355	-0.1085242694	0.0515649998	-0.2389087764	-0.3944364103	0.2753743825	-0.1029196321	0.1050635724	-0.0371324277	0.0646221423	-0.0575434016	-0.2142295966	-0.0726984623	-0.1513329865	-0.125733795	-0.1675893543	-0.0989546903	-0.0357509834	-0.0224378317	0.0357652936	-0.0818647166	-0.0910090951	0.020450122	0.0	0.0	-0.0414137727299817	-0.0161431365094984	0.0002606008563643	0.0017151005717305	0.1913016657824897	-0.0923450103981338	0.0085276009454314	0.0365963273311553	-0.1041242373398532	-0.3726337464906706	0.010841856801606	0.1388559090236733	0.0131741608969057	0.008259290765591	0.0001735585153375	6.821588395057675e-05	0.000645893104606	0.0014528075417196	2.1106497532773475e-06	4.171779025775773e-07	-0.0008557910477227	-0.0004852714350926	7.323783173623165e-07	2.354883657168315e-07	0.0	1.0	0.0
44.50892846634558	0.4005451981856964	0.1604364557896188	1981.044713222268	46.85054671764374	0.4792625183587518	0.2296925615035729	2194.9737277421186	45.20655034318262	0.3109763067595779	2043.6321939307047	0.096706263365827	45.56264972160457	37.88096044617375	1.142522	43.47097	0.5054071234350422	0.2651984098828163	0.2585288944	0.1170082903	0.0703187513	0.0200891819	0.0555342961	-0.0214371022	0.1672940563	-0.0397989681	0.2277974372	-0.1347352751	-0.0318869569	-0.0193602797	-0.0749754847	-0.0084011536	0.0235432731	0.2073794546	-0.0809154103	0.074248026	0.011625162	0.0775470597	-0.077837592	0.0234233951	-0.0952310421	0.2234056981	0.0122310727	-0.1291823873	-0.1549695188	-0.1189674707	-0.0812312459	-0.066097392	-0.1024388618	-0.0197799211	-0.0065220443	-0.1113548826	0.0401683976	0.0789107356	-0.0520114835	0.0691943969	-0.0339539604	-0.0443064914	0.2069791428	-0.0018190634	-0.0797203628	-0.0085862291	-0.1135969862	-0.0782185114	0.0374627878	-0.0159129017	0.0857534852	0.0451531006	-0.0381105853	0.0761499911	-0.0033921111	-0.0350418492	0.0676816935	-0.026899369	-0.0655818575	-0.0401468439	-0.0225603308	0.0660675074	0.0930553266	-0.0300763948	0.1378840106	0.0776133142	0.0230742379	-0.0244563083	-0.0589302438	0.0032297567	-0.1252941002	-0.0338224901	-0.1966879272	-0.0286423558	-0.0549309903	0.0537081049	-0.0769952089	0.0864415001	-0.02214511	0.1766705843	-0.0466688235	-0.060093939	0.0452224574	0.2175334489	0.1306750434	-0.1472936579	-0.1171343926	0.0407626552	0.0873267651	0.0928037468	0.0130063573	-0.1008084388	0.100947652	0.0997276458	-0.1474895143	-0.0169661728	0.0779773217	-0.0213614719	-0.073865647	-0.0494535112	0.0156573156	-0.0369426563	-0.2286741615	0.0170724687	-0.1898965408	-0.0759097109	-0.1904713277	0.035415319	-0.0752074392	-0.0923700798	0.0126257174	-0.0799504686	-0.0620534488	-0.007508688	0.1636853954	-0.0871690247	0.0391999224	-0.1014530859	0.0583164417	0.0773913331	0.0207525622	-0.0928964698	0.0284375051	0.0175178176	0.048098503	0.0870567501	0.0173803556	0.0360685858	0.0326223922	0.061353918	0.0385992559	-0.0443905017	-0.1584983998	-0.0402053669	0.0217554456	-0.0022901405	-0.0751185585	0.3077136167	-0.00518816	-0.1315611482	-0.0630844419	-0.0192809628	-0.1109042556	0.0087368718	-0.043864087	-0.1326239015	0.1955188259	0.2274809761	0.1170951358	-0.1156705534	0.1266607636	-0.1417670681	0.1269294377	0.1149513262	-0.0355344198	-0.0772797612	-0.0198237	-0.0374812949	0.0200743331	0.0261117176	0.0803591062	0.0339986915	-0.0841901024	-0.0880054659	0.0277358257	0.0	0.0	-0.0748648293528901	-0.0334510566229084	0.001118973189189	0.0056047426740373	0.168705159944821	-0.0225965058376687	0.0005106020760717	0.0284614309920076	0.034883946271222	0.1390081836110752	0.0012168897074535	0.0193232751108503	0.0090711372346651	-0.0041030236622406	8.22855307301276e-05	1.6834803172906264e-05	-0.0005669355212802	-0.0012128286258862	1.4709532757690085e-06	3.2141588528925204e-07	-0.0017469663068637	-0.000891175259141	3.0518912773169957e-06	7.941933425050285e-07	0.0	0.0	1.0
44.41540992092021	-0.0935185454253684	0.0087457183384766	1972.7286384433776	46.63833519128653	-0.2122115263572084	0.0450337319188561	2175.134309414796	45.148486468256735	-0.0580638749258852	2038.3858303743616	0.0033714135714088	45.49744438300508	37.899924682976376	0.959051	36.490215	0.1437662413284627	0.0665896042505973	0.239124683	0.0787119822	0.1054947334	0.0119291502	0.0162497855	-0.0412832632	0.1682067504	0.0374200425	0.1896212158	-0.0951608625	0.0307419714	-0.076678174	-0.0104270961	-0.0951189122	-0.0194862927	0.06312306	0.0152383842	0.022452723	0.1739245948	0.0333697134	-0.0498023617	0.0859170834	0.0346203772	0.1912921694	0.2654445565	-0.0342827742	-0.085199503	0.0342484188	-0.1884701391	-0.052686896	0.1065589493	0.1323998552	-0.0190880235	-0.0560071793	0.1514030582	0.0179259981	-0.1280184555	0.0450984338	-0.0392317313	0.0207147102	0.0946517867	-0.053759901	-0.0216957847	0.0183016716	0.1670131644	0.044075975	0.0071964274	0.079603957	0.0371103872	0.0007973605	-0.0795618916	-0.0499494804	-0.0846111415	-0.0070015944	0.0383884982	0.1513382366	0.1471872189	0.0443083418	0.0403432743	0.1294479092	-0.0741448322	-0.0188398848	0.084751007	-0.0272031841	-0.1583512475	-0.1715564618	0.0489396518	-0.0869682687	-0.1083521815	0.0740716085	-0.0389841659	-0.0421943528	-0.0180878851	0.0733618681	-0.1187434921	-0.0278585363	0.0784968574	0.1717924379	-0.0406826427	-0.0788568716	-0.0317126781	0.1877819315	-0.1327781165	-0.0101856891	-0.2046390189	0.0531982518	-0.0784313148	0.0277769884	0.0698924297	-0.101673468	-0.0304953641	0.0020829961	-0.0321441071	0.1219800587	0.1066940713	0.0222497387	0.1558949234	0.1288818706	0.0322768254	-0.0247970669	0.0364097137	0.1051241531	-0.1376749677	-0.119164106	-0.1081459244	0.0957231618	-0.0799823961	-0.0398680355	0.086830146	-0.0797082151	0.0876300384	0.1479601775	-0.0610024868	-0.0732405298	0.0829085497	0.099937839	0.0856231858	-0.0986422482	0.066501694	-0.1496016185	0.0828654251	0.0285747557	0.0243377436	0.0814754609	-0.0969749366	0.0101117077	0.0560366333	0.0471924983	0.0213751002	-0.1933751818	0.0761207744	0.1110629415	-0.0156065752	-0.0097194326	-0.0491897017	0.2796107753	-0.0083161577	-0.0400163632	-0.0959500506	0.0485829536	-0.0577641308	-0.0271582581	0.0825138512	-0.0459916209	0.1279029903	0.2137732639	0.2215296912	-0.1708414606	0.2164069147	-0.0716052251	0.0080624751	0.1951754619	-0.0072743754	0.2289072497	-0.0853789796	0.0831608706	0.1104674682	0.0232032852	-0.0389734594	0.032221499	-0.0864105979	-0.0847551701	0.0348833508	0.0	0.0	-0.0891511538108034	-0.0142863244579132	0.0002040990665167	0.0079479282257975	0.179048458344198	0.010343298399377	0.0001069838217785	0.032058350435434	0.0527850879827695	0.0179011417115474	0.0027862655133487	0.0003204508745769	0.0080872973735563	-0.0009838398611087	6.540437880833064e-05	9.679408723065812e-07	-0.001218159902834	-0.0006512243815538	4.240931951301293e-07	1.4839135488725402e-06	-0.0021366115993936	-0.0003896452925298	4.565109126663277e-06	1.518234539907113e-07	0.0	0.0	0.0
44.296260839462754	-0.1191490814574578	0.0141965036121559	1962.1587243577212	47.275919650937176	0.6375844596506468	0.4065139431880072	2235.012578841868	45.14573394619688	-0.0027525220598576	2038.137293540793	7.576377690003021e-06	45.52169364791657	38.29479748339165	1.005623	38.262218	0.1626830924991922	0.0829348865322717	0.2039419817	0.069950701	-0.0780794887	0.0913505124	0.0369212717	-0.0851513505	0.1884253136	-0.1141269589	0.0820580099	-0.0064290089	0.0361787212	-0.0565180885	-0.0553791535	0.0003276757	-0.0586732522	0.0991511877	0.0304808189	0.0526410794	-0.0201369421	0.0660815826	0.0602638678	0.0896868061	-0.1986301364	0.0426424329	0.0446516584	-0.1192497101	0.0438033674	0.0177336618	-0.0404942916	0.1284864656	-0.0647660184	0.0456500757	-0.0059937254	-0.0607083256	0.0582665686	0.0622428251	0.0322370525	0.0926558802	-0.0039914615	-0.0583542966	-0.0710306867	0.108726225	-0.0223370855	0.0665671589	0.0861507485	0.0097938883	-0.010815244	0.0411630593	0.0715078622	0.0051863291	0.0563650187	0.0506785356	-0.0014222546	-0.0237359763	-0.010123433	-0.0975138454	0.0075582456	0.0291690671	-0.0948594136	0.0177675931	0.064319059	-0.035903749	-0.0004650238	0.0960676888	0.0228512368	0.1275406818	-0.0171805368	-0.0281425771	-0.007002228	0.1968078068	0.0121316904	-0.0665113759	0.067775852	0.1787636269	0.024334774	-0.0504881726	-0.0786380581	0.1072255608	-0.1815285981	-0.0463384116	0.0132885085	0.0533291957	0.0738861323	-0.0679439846	-0.0824428373	-0.1036070151	0.0363833709	-0.0274678263	0.1133886395	0.1422993998	0.0513141299	0.0126282797	-0.0298736714	-0.0792682571	-0.0017957999	0.1019426401	0.0203491721	-0.0026448625	-0.0358577748	-0.0316598981	-0.0478331876	0.0966903747	-0.0515179468	0.0009146532	0.0641211405	-0.0164653696	-0.1008004321	-0.0890486147	-0.0649847026	-0.0518647272	-0.0434816154	-0.0813949864	-0.0189846594	-0.014558554	0.0846433295	-0.0865380916	-0.044655773	-0.0551189067	-0.0004210209	0.0823211883	-0.039337435	0.0564336826	0.0382323051	0.1307628528	0.0515982871	0.0077014827	-0.0493878743	-0.0665612191	-0.1121960757	0.0059120488	-0.1272690593	0.0604529931	-0.0256894591	-0.0213731891	0.0177161229	0.2120801877	-0.0106097813	-0.0298880057	0.0312447878	-0.1044147421	0.0191659003	-0.0151682443	-0.0590139371	-0.0647380918	0.06932993	0.1160647205	0.1574198192	-0.133414865	0.0725092575	-0.1286116432	-0.0005593952	0.0764342472	0.0038045178	0.0586541161	-0.0251557556	-0.0044143177	0.0312425786	-0.056741374	-0.0536977267	0.0304342698	-0.0885234364	-0.0812673177	0.0418570888	0.0	0.0	-0.0734807294960546	0.0156704243147488	0.0002455621982042	0.0053994176072723	0.2179957905300398	0.0389473321858418	0.0015168946843943	0.0475221646888169	0.1027941934816212	0.0500091054988516	0.0105666462135369	0.0025009106327952	0.0081639527882807	7.665541472439905e-05	6.665012512927621e-05	5.876052606569614e-09	-0.0011022855754572	0.0001158743273767	1.3426859745025798e-08	1.2150334898610107e-06	-0.0011680167314998	0.0009685948678937	1.3642630850634758e-06	9.381760181102078e-07	0.0	0.0	0.0
44.17640870016906	-0.1198521392936911	0.0143645352932743	1951.5550856443729	46.37067795192802	-0.905241699009153	0.8194625336249779	2150.239773721424	45.10398900168283	-0.0417449445140505	2034.3698238639251	0.0017426403924811	45.51028350383767	37.21348205200956	0.975651	37.12183	0.1695678936327587	0.0737627106396607	0.0929981868	0.1271630934	-0.0392773563	-0.0551062116	0.0587736883	-0.0824531955	0.0084911436	-0.0653594157	0.045120641	-0.068316177	-0.0443839164	-0.0190365241	0.0785631319	-0.0966763352	-0.1617093035	-0.1042536729	0.0312506637	0.0033481613	0.0796192518	-0.0027108946	-0.0427496045	0.0633577834	-0.0766840926	0.0418168793	-0.0123016835	-0.1116538925	0.0316166574	-0.0621762809	-0.0765219795	0.0986136672	-0.0371349144	0.0439563026	-0.0891527687	0.0829621784	-0.0652421615	0.0006260927	-0.0565318892	0.080543061	-0.0265477191	-0.0019194571	-0.0333628169	0.0420582883	0.2104022541	0.1184022555	0.1342335287	0.133100175	-0.0029856002	-0.0431774866	-0.1020421184	0.0232267729	-0.0476695954	-0.1073033566	-0.113130717	-0.0557291025	0.0592650254	0.0234334945	-0.1659358646	-0.098070881	-0.0213273951	0.0225637711	0.0880775631	0.0842154079	-0.0755163346	-0.1230377939	0.0532884187	0.0242452526	0.0887864686	-0.1170891349	0.0535309072	0.0116845951	0.0099082204	0.1517487052	-0.0080946233	-0.071914276	0.0783573998	0.06941535	-0.0983938369	0.0921164163	-0.0535567111	0.0494993726	0.1041740569	0.0197839143	0.0200069988	0.0254769809	-0.1004259372	-0.1546164049	-0.0160283928	0.1794092993	0.0264594987	0.0550351138	-0.0107746382	-0.029477747	0.004433619	-0.1814534267	-0.1261203991	0.1490060617	0.0691323292	0.0596827038	0.0304307094	0.0307424438	0.0065314225	-0.0504847747	-0.0569742665	0.0585844824	0.0786471601	0.0564958328	-0.0298958794	-0.0048889059	0.0267318661	0.0184132382	0.0517107354	0.1566934295	0.0713421754	0.0514128024	0.0320773834	-0.160524341	-0.0202101075	-0.0340877552	0.0806972623	-0.0586843281	-0.0534528785	-0.0112253085	-0.0629568605	-0.0603362588	0.0859435484	0.0040535285	0.1058280065	0.0829943103	-0.0686127631	0.1442493057	-0.0161581831	0.0514464459	-0.0133576271	0.0272204939	0.060693834	0.1351788054	-0.0130045674	-0.0858671015	0.0466540803	-0.0180223878	0.0423040571	0.1181690844	-0.0313021507	0.020197514	-0.030425086	0.0358919892	0.0823645529	-0.0358794763	-0.0063245013	0.0138863066	-0.0549318797	-0.0087085699	0.116772603	-0.0372107002	-0.0108819957	0.0361729157	-0.0848543603	0.1011743565	-0.0992376886	0.0286375605	-0.0905259858	-0.0775516848	0.048622297	0.0	0.0	-0.0447867449074408	0.0286939845886137	0.0008233447515716	0.0020058525194041	0.2312882366550752	0.0132924461250353	0.0001766891239869	0.053494248415014	0.1444370276884257	0.0416428342068045	0.020862054967467	0.0017341256407754	0.0072843331869056	-0.000879619601375	5.30615099778543e-05	7.737306431232894e-07	-0.000491928283379	0.0006103572920782	3.725360239930332e-07	2.4199343598820976e-07	-0.000939221050707	0.0002287956807928	8.82136182091161e-07	5.234746354944084e-08	0.0	0.0	0.0
44.25156278578012	0.0751540856110608	0.0056481365840346	1958.2008089838405	46.24544607741492	-0.1252318745131049	0.015683022394066	2138.641282899091	45.05968296284578	-0.0443060388370497	2030.375028712174	0.0019630250774301	45.42179523591525	36.80827792094448	0.9418	35.833878	0.1545456357625354	0.0821398746609527	0.0470961965	0.1372872351	0.0890965724	-0.0724522771	0.028292862	-0.05685964	-0.0112856447	0.020668217	0.1613605379	-0.1075775605	-0.0447816122	0.0249779936	-0.0667076231	-0.0883626913	-0.0161529208	0.0082498322	-0.0054664877	0.0606602767	0.0113191379	0.0679322726	0.0827819427	0.1578726481	0.009994008	0.0668313887	-0.1035051687	0.073681857	0.0583972708	0.0645925641	0.0757005709	0.028070121	-0.009725559	0.0028408164	0.0267100729	-0.0205753298	-0.0430076228	0.0504078421	0.0150147749	0.0006193028	0.01940502	-0.0429091273	0.0264685283	0.1179991618	0.0782626683	0.0112278946	-0.0609511052	-0.1141670903	0.0741007971	-0.0376779401	0.0975494959	0.0165553156	0.0849629943	0.0026933067	-0.0893696089	-0.1389917207	-0.0980118878	0.0461134359	-0.0004546994	-0.1954070551	0.0142992297	-0.011267007	-0.0610469684	-0.14237055	0.0031792124	0.0048319062	-0.1901968209	-0.0562345997	0.087141904	0.1149608975	0.0162798286	-0.1159736859	-0.0459072443	0.0060381431	0.0983433909	-0.1595388568	-0.1347192525	0.0181294196	-0.0216426239	0.1372804493	0.0664474797	0.0277593207	-0.0127579676	-0.0026094122	0.0837404089	-0.009850494	-0.0452177921	0.0735865133	0.1013583032	0.0014952693	-0.1019419052	0.1073889634	0.0672832802	-0.0636693427	0.1028627677	-0.0627485895	0.0589855714	0.0154076614	-0.08644073	-0.03305433	-0.0055524993	0.0771475823	0.1249622776	-0.0874686414	-0.0776625515	0.0379448758	-0.0151722307	-0.0043351828	-0.108202537	-0.1038410452	0.0080929765	-0.0853615802	-0.0483456088	-0.016739226	0.0449541496	0.1082913373	-0.085850443	0.0837491264	-0.0069467755	-0.2025579715	-0.0115250807	-0.0130731706	-0.0630309529	-0.0706225054	-0.0731083598	0.0711094739	-0.0870857276	0.0710916212	-0.0113798108	-0.0939342634	0.0075996918	-0.0625153292	0.1817569655	-0.0393124927	-0.060637221	-0.0718072534	-0.0168395828	0.0995698761	-0.0530785892	-0.1307598665	0.0262787403	0.0417867035	-0.0941089002	0.0258165073	-0.1171151301	0.0250221409	0.0040929203	-0.0338203301	-0.0741137667	-0.0513852789	-0.0861087884	0.0369809263	-0.0434157145	0.0673469705	0.0422823798	0.0248376401	0.0836926101	0.0937489186	-0.0175151758	0.1703738855	-0.0206416989	0.0268319309	-0.0924157511	-0.0736186857	0.0551452713	0.0	0.0	-0.0277245553564569	0.0170621895509839	0.0002911183122737	0.0007686509697132	0.2295641959930492	-0.0017240406620259	2.972316204319047e-06	0.0526997200819351	0.1566044842322185	0.0121674565437928	0.0245249644816391	0.000148046998745	0.0060410104510308	-0.0012433227358748	3.6493807269463344e-05	1.5458514255431982e-06	-0.0008401857407469	-0.0003482574573679	1.2128325661235468e-07	7.059120789544171e-07	-5.89622638350459e-05	0.0008802587868719	3.4765485565535612e-09	7.748555318652842e-07	0.0	0.0	0.0
44.34359001806525	0.0920272322851261	0.0084690114820605	1966.353975690256	46.37599630932232	0.1305502319073994	0.0170433630510757	2150.733033682277	45.0723150623088	0.0126320994630262	2031.513585076029	0.0001595699368437	45.4174019776345	37.18351231926069	0.946683	36.019653	0.1070848812842419	0.0456143525483084	0.0838474413	0.0897692325	0.0358677112	0.1038099123	0.0378866961	0.0436945103	0.0238667699	0.0424818801	0.0872398107	0.0161338533	0.1163155607	-0.0496603855	-0.0192533371	-0.0024513678	0.0591210485	-0.0373150631	0.0599131508	-0.1438843694	-0.0475128131	0.0003285722	-0.1037269277	0.1591699856	-0.1083148824	0.1209189837	-0.0890418326	0.0093384448	0.1629025812	-0.063910456	0.1149199552	-0.0227840734	-0.0932278746	-0.1067609976	-0.0665270464	0.0620300228	-0.0331106382	-0.0010207875	0.0637019669	-0.0509321815	-0.1040834144	-0.0091913155	-0.060575944	-0.0295131369	0.0239695552	0.0522313316	-0.1341902402	-0.0225314863	0.0015086318	-0.023122338	-0.1474256919	-0.1061096609	-0.0178705924	0.0262162291	0.0019965647	0.0143342702	-0.0199351914	0.0109849534	-0.0346302451	0.0802455747	0.0601640681	0.0198135377	-0.0236631271	-0.0491967179	-0.0954064301	0.1002688361	-0.0170636061	-0.0205835495	0.0619338968	0.0766020634	0.0299307784	-0.0217132489	-0.001267567	0.0100483271	0.1327876952	-0.0684662877	0.0033495243	0.0146946991	-0.1203569927	0.1439132459	-0.0418962716	-0.0261081427	-0.0992692912	-0.0277908493	0.2259727186	0.0114170528	0.0269788158	-0.0402154239	-0.0241708171	-0.0252965171	-0.1435226142	0.0496538176	0.0216688373	0.0776701383	0.1289927398	-0.0429127882	-0.0924310544	-0.0228059609	-0.0091735075	0.0625977514	0.0705733534	-0.020230913	-0.0310585494	-0.1030414667	0.1322295272	-0.0215819075	0.1193279843	0.0476459414	-0.0084301363	0.1198819779	-0.0418085681	-0.0380432554	-0.0399930411	-0.0207044199	-0.0349370401	0.0967252994	-0.0303157824	0.0074553996	-0.022356467	-0.0545053723	-0.0296082612	0.0961251265	0.0149478023	-0.1026332326	0.0653734967	-0.0141952948	-0.0100261441	-0.0831075884	-0.0115855117	0.0367273047	0.1332122702	-0.0392223411	-0.0055939612	-0.0155930386	-0.1353560643	-0.0035404484	-0.0750409333	0.0878037838	-0.0584815693	-0.0819720999	0.0333541955	-0.0624281396	-0.0027993543	-0.0994449476	-0.0509826006	0.0087287436	0.0523001991	-0.0515314458	-0.0483253262	-0.0207450623	-0.0084105067	0.0135072866	-0.1494405971	-0.0467369928	-0.0226456009	-0.1631556269	0.0542288206	0.0541165288	-0.1347172076	0.0360168654	-0.063542592	0.0250179432	-0.0941903779	-0.0694793439	0.0613935146	0.0	0.0	-0.0114078954302812	0.0163166599261757	0.0002662333911464	0.0001301400781482	0.2576317424445875	0.0280675464515382	0.0007877871638092	0.0663741147150342	0.1743949823115187	0.0177904980793001	0.0304136098554349	0.0003165018219095	0.0063519686127741	0.0003109581617433	4.034750525766733e-05	9.669497835477249e-08	-0.0004869349457659	0.000353250794981	1.2478612415470852e-07	2.3710564140804e-07	-0.0002929568436553	-0.0002339945798202	8.582371224447589e-08	5.475346338525727e-08	0.0	0.0	0.0
44.414800508087744	0.0712104900224943	0.0050709338892437	1972.6745041732315	46.72976322488471	0.3537669155623888	0.1251510305465263	2183.670771053787	45.152853327381365	0.0805382650725619	2038.7801636040144	0.0064864121408982	45.517152840640286	37.93463476717941	0.960801	36.556812	0.0642884122123392	0.0303146308961973	0.1018874017	0.0262955635	-0.083152191	0.0112250248	0.0719544078	-0.0210098557	0.1013524685	-0.0686624638	0.0061189519	-0.0738579789	0.0713344834	0.0398051561	0.0853462881	-0.0757863707	0.0318917782	0.030674727	0.0579156522	0.0201069628	0.0177696496	-0.0050881434	0.1184851875	0.0377500287	0.0274079091	0.0752803072	0.0346707331	0.0747393032	0.0170798263	0.0976377472	-0.0042962559	-0.0191113371	-0.0037362778	0.031008886	0.0320142829	-0.0731772137	0.0235458646	0.0471407316	-0.0856745927	-0.0152685299	0.0128812934	0.0781200287	-0.0846746012	-0.0430465419	0.0731504188	-0.0306733122	-0.0160635786	0.1542226011	-0.0452835425	-0.0553958092	0.1616626145	-0.0880847204	-0.000194827	-0.0261317988	0.1432239233	0.1274335811	0.084920112	0.0740979027	-0.1749188957	0.0396115749	-0.0900777612	-0.071194351	-0.0453883762	-0.0440858373	-0.0928188633	-0.0107851198	-0.1256698957	0.0225973991	0.1122605869	0.1209676627	0.0474926386	-0.0603856287	-0.0622140612	0.0850156957	-0.0116776542	-0.0077849626	-0.0380696905	-0.0140701672	-0.0369239848	0.0624211922	-0.0118982943	0.0798093874	-0.0004415555	0.0775277618	-0.0310884476	0.0796598952	-0.0299022392	0.0651326564	-0.0940292116	-0.0439811347	0.0382055896	-0.033317956	0.038617006	0.0349681784	-0.0352241116	-0.0853324231	-0.0086649882	-0.0948426808	-0.0796550407	0.016566832	0.0814004205	0.0459955758	0.0514711379	-0.0003207831	-0.0127863495	0.1525409527	-0.0212851818	0.0249204887	0.0605083705	0.0299108912	0.0574566906	0.1988419256	-0.0699174275	-0.1104216836	-0.1028689727	0.0687145969	0.0619020744	-0.044817698	0.0343062709	-0.0293516784	-0.0984905267	-0.1085136975	-0.0895918391	0.008304216	0.1547096082	-0.000988568	-0.0150427974	0.0702732021	0.0817251431	-0.0547374306	0.0015835518	0.0871076978	0.0745346085	0.0147918928	-0.063677112	0.0133632003	0.0442618843	0.0869595724	-0.0615329415	-0.0232713791	0.0418296046	-0.0582218456	0.0740839546	0.0101979768	-0.1156743199	0.0064941069	0.03986257	-0.054652956	-0.0796364484	0.0167272934	-0.0876935986	0.0766176254	-0.1185473126	0.1036929752	0.0132236769	0.0396012823	0.1421132598	0.0565852227	0.0697615878	-0.0471664045	-0.1101215289	0.0231961626	-0.0958476552	-0.0651452616	0.0673358985	0.0	0.0	-0.0070723849364782	0.004335510493803	1.8796651241875945e-05	5.001862868972375e-05	0.2516098957234618	-0.0060218467211256	3.626263793273182e-05	0.0633075396259713	0.1585819094312981	-0.0158130728802206	0.0251482219988764	0.0002500532739151	0.0060690124212873	-0.0002829561914868	3.683291176973953e-05	8.006420630071484e-08	-0.0001172217366405	0.0003697132091254	1.3668785700180177e-07	1.374093554101474e-08	-0.0004026470853869	-0.0001096902417315	1.6212467537056552e-07	1.2031949131136837e-08	0.0	0.0	0.0
44.31763393698447	-0.0971665711032727	0.0094413425399673	1964.0526777725577	46.66438929196242	-0.0653739329222844	0.0042737511057273	2177.565227991817	45.14630081994193	-0.0065525074394372	2038.1884777246887	4.29353537438805e-05	45.53828932696884	37.39781081942436	0.943868	35.91254	0.0717396587497029	0.0342254942082618	0.0870562843	0.0646040897	0.0197219667	-0.0987513701	0.0200399053	-0.04537897	0.0346604726	-0.0214286251	0.027261191	-0.0557796141	-0.038131093	0.0509133084	0.0136035006	-0.1083223177	0.0982406426	0.0330805774	-0.025204234	-0.0822848679	-0.0442569372	-0.2112486925	0.1133361643	0.0663520266	0.028307621	0.0328457525	0.0273990241	0.1025120098	-0.1390521166	-0.0361417638	-0.0287469396	-0.0581772678	-0.0341625235	-0.0805407115	0.0085226233	0.0453486885	0.041919533	0.0026731688	-0.0097539093	0.0651411773	0.0719545814	0.1162827706	0.0040207374	-0.0878585824	0.009338678	0.0631168838	-0.0511190834	0.0466981252	0.0436832455	-0.0383285151	0.0739004752	-0.0079439169	0.0744966873	-0.0325508175	-0.0811405514	-0.1135887233	0.1956984615	-0.1388383245	0.061784457	-0.0299341118	0.0776936748	0.0061357255	-0.0688170148	-0.0410735967	0.0464565699	0.0366392616	0.2628939796	-0.0300625799	-0.1495548923	0.01645845	0.1411598077	0.002222935	0.0711025092	-0.0788400847	0.0291620638	0.0889968881	-0.088968919	0.1667494281	-0.0062187305	0.1009084978	-0.0180437814	-0.0010110349	0.1068262051	0.0712058719	-0.0197758213	0.1231480365	0.0824332622	0.0563035016	0.0353462348	0.0731682459	-0.054512946	-0.0643962685	-0.1253007414	-0.0357398699	-0.0693878791	-0.0980167368	-0.0663818514	0.0173095506	0.0439117809	0.017224063	0.0431292684	0.0567530359	0.000603418	0.0815133103	0.0057325228	0.1055941611	-0.1445998394	-0.0231246174	0.0330851192	0.0677625236	-0.036929013	-0.0085831503	-0.0164276357	-0.0591779934	0.0373138027	-0.1164396368	-0.0522497277	-0.0229796488	-0.0289367067	0.065841393	0.105749404	0.0737010012	0.0319200412	-0.1563550805	0.1109861355	0.0079397723	-0.083914683	0.0613872647	-0.0398188179	-0.0905990479	-0.1335417783	0.0276512726	-0.1407119946	-0.0502267976	-0.0748898032	-0.092003762	0.0998886739	0.0777749886	-0.0354560703	-0.0414832958	0.0334956501	0.0781978545	-0.0181124802	0.0403627279	-0.1102032021	-0.0063617119	0.0237484574	-0.0835949539	-0.0623657802	0.0232808196	-0.0614181532	-0.0010814467	-0.0626382816	0.0159982316	-0.0323509296	-0.059637983	0.1515126724	-0.0677556306	-0.0425531732	-0.028340367	-0.0534146316	0.0213671566	-0.0973855183	-0.0606285865	0.0729428184	0.0	0.0	-0.0238195654388135	-0.0167471805023353	0.0002804680547777	0.0005673716976939	0.2561785890833619	0.0045686933599	2.087295901679496e-05	0.0656274695047419	0.1812846913043557	0.0227027818730576	0.0328641393013155	0.0005154163047756	0.0060269010757666	-4.211134552069978e-05	3.63235365770766e-05	1.7733654215637615e-09	-0.0004881441418238	-0.0003709224051833	1.3758343066696424e-07	2.3828470319689419e-07	-0.0005440333949711	-0.0001413863095841	2.959723348437809e-07	1.999008853783924e-08	0.0	0.0	0.0
44.33116756599243	0.0135336290079592	0.000183159114125	1965.2524177640992	46.44271545619755	-0.2216738357648751	0.0491392894627128	2156.9258189453303	45.17566410959984	0.0293632896579154	2040.8406277433876	0.0008622027795346	45.57765513119056	37.67298980710388	0.9863940000000002	37.530586	0.0435942399233463	0.0223645866492545	0.077708973	0.0737493596	0.0422978976	0.1636571473	0.0116965135	-0.0638226689	0.0762916299	0.0697332876	0.1108111857	0.0692044867	0.0459823181	-0.0824141059	0.0826895951	0.0034917496	-0.1252676755	-0.035323743	0.0396079055	-0.0362954428	0.0013790437	-0.0022295954	0.0838391819	0.0757302066	-0.0986604903	-0.0106393191	0.0967796159	0.0511379838	0.0889172466	0.0615895131	-0.0967571618	-0.0495559658	-0.059159917	-0.0851275688	0.0215733357	0.0828227829	0.0318908624	-0.0825870327	-0.0020202873	0.0237657634	0.0564692731	0.078780124	-0.0163921863	0.0256607651	-0.0028139112	-0.0474478801	0.0235274153	0.0446710444	-0.0141764088	-0.0904999208	0.0982429715	0.0100816347	0.0403727817	-0.0104905365	0.0733720576	0.0661633949	0.0833003041	0.0507832283	-0.0833850753	0.0908014896	0.0791338311	0.0295330515	-0.0620354051	0.0119881933	-0.0928945728	0.0560907723	-0.2006764302	-0.0581331009	-0.0597267329	-0.0203222083	0.0746256353	0.1107764436	-0.0494416669	0.0361104516	-0.0889763589	0.0734495729	0.1206699867	0.0214116659	-0.005612711	0.0708386015	-0.1328464895	-0.0630646636	0.0353898787	0.0012802428	0.0364323298	0.1038012513	-0.0746335848	-0.0910088896	-0.0355990442	-0.089520663	-0.0764961206	-0.0546982759	-0.09058206	0.0328717807	-0.0096385165	0.0201146232	0.0148749137	0.0945067249	-0.0435069849	-0.0425638929	-0.0548025024	0.0788414499	0.0844970895	0.0217327239	-0.0692265609	0.080547834	-0.0769172345	-0.0422035479	0.1315900431	0.1182871339	0.0685913956	0.1536165055	0.0403507373	0.0034354879	-0.2100678907	0.0667697689	-0.0221184617	-0.0091510644	-0.0989918425	-0.0129458456	-0.0239289824	-0.0913232553	-0.0012529586	0.0456477368	0.0009460205	0.0271026432	-0.1180661598	0.0427400877	-0.0064900624	-0.0322168158	0.0900118556	0.0080054042	0.0963076148	0.0704854439	0.0299597842	0.0478358975	0.0706092379	0.0709619695	-0.0402051675	-0.0444286431	0.0671318395	-0.0633406913	-0.017297206	-0.1055111523	-0.0921612333	0.0018043751	0.0261964494	-0.0624600632	-0.0116400057	0.0042146848	-0.0397804822	-0.0351307442	-0.0644424486	-0.0293479838	0.0387419443	0.0025984962	0.0949881847	0.014319762	-0.1472717145	0.0523378507	0.0549117251	0.0195314949	-0.0988020511	-0.0559419782	0.0781863408	0.0	0.0	-0.017525910215582	0.0062936552232315	3.961009606890916e-05	0.0003071575288846	0.2627045480138719	0.00652595893051	4.258813996270323e-05	0.0690136795471727	0.1845414895354906	0.0032567982311348	0.0340555613599775	1.0606734718323376e-05	0.0063239712969256	0.0002970702211589	3.999261296433885e-05	8.825071629945713e-08	-0.0004869278556896	1.216286134200003e-06	1.479351960247187e-12	2.3709873664647198e-07	-0.0002919633514949	0.0002520700434762	8.524259861613452e-08	6.353930681809336e-08	0.0	0.0	0.0
44.28136617716077	-0.0498013888316606	0.0024801783295622	1960.8393905157975	46.68588944581839	0.2431739896208427	0.0591335892281177	2179.572273347177	45.2218507513708	0.0461866417709586	2045.015785379256	0.0021332058780788	45.5865648717368	37.67894016679504	0.964205	36.686325	0.0185716430568728	0.0089451866219278	0.0606494207	0.0818319613	-0.0971848359	-0.0101353484	0.0674255836	-0.0746890936	0.0370233738	-0.1333440464	0.0020977232	-0.0620255649	0.0143441122	-0.0526975382	-0.0273176646	-0.04867533	-0.0053100436	-0.1197707378	0.0309403879	-0.0187288328	-0.0578256211	-0.1607459385	0.0161743857	0.0343330635	-0.047907797	-0.0096350103	0.0331480699	0.0527321457	-0.0255273588	0.0190463755	-0.006052909	0.1251321576	0.0548660187	0.0922032299	-0.0696197645	-0.0022639765	-0.0414029258	0.0995822945	0.0047293319	-0.20231282	0.1597787428	0.0432745664	0.036388783	0.0060702865	0.0459740249	0.0126358333	-0.0569513303	0.1386263357	0.0679933491	-0.0050776573	-0.0534759026	0.0228718154	0.0622007634	0.0911183635	-0.009293052	0.0427096299	0.0354187397	-0.0861283444	0.1139657353	0.0499805982	0.0780049222	-0.0016254959	0.0015083847	-0.0555863518	-0.0983884318	0.1568688214	-0.0208124637	0.0667730527	0.0023148675	0.0784386446	0.0284694466	-0.1832922418	-0.0570886138	0.1560359446	-0.0316894766	0.0289222186	-0.0379302865	-0.0812325703	0.0500117287	0.0267411926	-0.0702030529	0.1163363014	0.0298002843	0.0562975846	-0.0595151788	0.0731419936	0.0232417335	-0.0322517201	-0.0354474845	0.0800626052	0.0717463194	0.1079373041	0.0524740513	0.0105910407	0.0917866748	-0.0549285058	-0.0484171023	-0.1409368628	0.0629647609	0.144982947	-0.0033452076	-0.0389408895	0.039226584	-0.1427592858	0.0178584141	0.0557797145	-0.0497461627	-0.1577698403	0.0662554667	0.0190833292	0.1311435267	0.0573959811	0.074802195	-0.036564446	-0.0098338323	0.0360369826	-0.0002089149	0.0589153199	-0.1111887304	0.0791647236	-0.0064233204	0.0904196394	0.0970191787	-0.0525593017	-0.0502243921	0.0915012486	-0.0129595724	0.098155593	0.0098019415	0.1053818711	0.1028715108	-0.0098640383	0.013642617	-0.0714428737	0.0386910911	-0.1880213348	-0.0314129636	0.069819937	-0.0299234542	-0.0345511905	0.0584189453	-0.0224306522	0.1000425984	0.0691533962	-0.0313056195	-0.0189027081	0.0366250287	-0.038648938	-0.013198867	0.0943982293	0.0076669259	0.0814464598	-0.0068873364	-0.0159085285	-0.0528338028	-0.0098496958	0.1319059947	0.0928491816	-0.0680100725	-1.07477e-05	-0.0209193336	0.0176897492	-0.1000954889	-0.0510985726	0.0830403428	0.0	0.0	-0.023657124458893	-0.006131214243311	3.7591788097379714e-05	0.0005596595376635	0.2653303917441718	0.0026258437302998	6.895055295955255e-06	0.0704002167831156	0.1811130928205386	-0.0034283967149519	0.032801952391021	1.1753904035093577e-05	0.0063879885105892	6.401721366360025e-05	4.080639721141963e-05	4.098203645251046e-09	-0.0004862363278372	6.915278524000112e-07	4.782107706449717e-13	2.3642576650860506e-07	-0.0002289483256447	6.301502585019997e-05	5.24173358155116e-08	3.970893482901371e-09	0.0	0.0	0.0
44.259707486144144	-0.0216586910166256	0.0004690988965536	1958.921706759044	46.483655478928114	-0.2022339668902759	0.0408985773641772	2160.730226683684	45.04343892116936	-0.1784118302014405	2028.9113898451149	0.0318307811558276	45.46311704300185	37.02955676920301	0.937418	35.667118	0.1256674527250904	0.0571508995990953	0.0213530324	0.0973576709	0.0490737179	-0.0876022957	0.041378811	-0.0842865712	0.0015486894	-0.0234784283	0.071480772	-0.0593352948	-0.0335205229	0.0198978498	-0.0711579033	-0.0341187069	0.0656412229	0.0273137268	-0.0335660624	0.027071006	-0.0124844747	-0.1830186904	0.0354108552	0.0653860159	0.0986395504	-0.0103427999	-0.0002531405	0.021556738	-0.1296867571	0.0321650701	-0.0952885853	0.0514001092	0.0800968334	0.0519832641	-0.0219289301	0.197231563	0.0580205762	-0.0033884821	-0.0658871666	0.0177132719	0.0745582961	-0.0059831609	-0.1958231685	-0.036138662	0.1291798247	0.054390173	-0.0008444514	-0.1771822607	-0.0226625524	-0.0045700484	-0.0279971621	0.0900896395	-0.065432685	0.1354703023	-0.0070294974	-0.1932335708	0.05368183	0.0975224953	-0.0417148568	0.0218389587	-0.0859150752	0.0754699752	-0.004860841	-0.0521467869	-0.0626820881	0.0220214567	0.0271985871	0.1158468097	0.0850871607	0.1166867395	0.0296277047	0.14148291	-0.0084504815	-0.0492933665	0.1042752255	-0.0244355412	0.0006800594	-0.0053471455	0.1072594415	0.0846499544	0.0555315339	-0.0559962951	0.0699178325	7.19664e-05	0.0125404524	0.0954376536	-0.0055244503	0.0547566909	0.0199033896	0.0920272341	0.1220181339	-0.0041083342	-0.209037606	-0.0340019703	0.0870982154	0.029350568	-0.0124016789	0.017288509	0.0861865347	-0.0160727216	0.0051205139	0.0988721429	0.1215760432	-0.0600979256	-0.0215764081	0.0399808635	0.04328994	-0.0062008062	-0.2376354628	-0.1033172472	0.0045155478	-0.0885410605	0.0482586955	-0.0708699247	-0.0089059487	0.1114587386	-0.054898933	0.0122557893	0.0454284433	0.0136665618	-0.0005604329	0.109959273	0.0107555148	0.0177319397	0.0889225944	-0.0899186551	0.0555676422	0.0362958098	-0.0416067574	0.1561391098	-0.0692723214	-0.1450921576	-0.0635060481	-0.0548198234	-0.0237922468	0.1840023536	0.0310324191	0.0548642935	-0.0442360703	-0.0768705032	0.0418405435	0.0781100643	-0.031052638	0.0296077605	-0.0296421158	-0.0315182549	0.0524487391	-0.1704335456	-0.0193149368	-0.0092977854	-0.0483902633	0.0353900915	-0.0347146702	0.038025188	0.0155539989	0.0066155138	0.2553168825	0.0186138505	-0.0843719461	0.0812436153	-0.0432023577	0.0158424933	-0.1012642201	-0.046111945	0.087480642	0.0	0.0	-0.0295955783838053	-0.0059384539249122	3.526523501830629e-05	0.0008758982598719	0.2791931172243522	0.0138627254801804	0.0001921751577388	0.0779487967054508	0.2099058174343113	0.0287927246137726	0.0440604521927664	0.0008290209906845	0.0055947813378236	-0.0007932071727656	3.130157821805923e-05	6.291776189267967e-07	-0.000922023386509	-0.0004357870586718	1.899103605058189e-07	8.501271252695249e-07	-0.0005414250683318	-0.0003124767426871	2.9314110461809426e-07	9.764171472034009e-08	0.0	0.0	0.0
44.35340034418161	0.093692858037464	0.0087783516472283	1967.2241220912488	46.320305686730606	-0.1633497921975077	0.0266831546109689	2145.570718912168	45.19549523762294	0.1520563164535815	2042.6327897739984	0.0231211233734317	45.539448065824416	37.116117885966936	0.944365	35.931442	0.0592651425901393	0.034799365523356	0.0318405417	0.0872862032	0.0967061206	0.0427783351	0.0655331751	0.0309759684	-0.030870884	0.0746597421	0.112734378	-0.0186072136	0.0569088995	0.0111093308	-0.097697174	-0.0304753611	-0.0010305725	0.117917685	-0.0475961675	-0.0292309759	0.0500369197	0.0198610796	-0.0118741128	0.0071536909	-0.015112316	-0.0243218446	0.0117655076	0.0839714643	0.146309003	0.0570343355	0.1121950702	0.1380588221	-0.0908228532	-0.0642226183	-0.0143610078	-0.0433795834	0.0572995546	0.0787937409	-0.0374707824	0.0214506331	0.0245405941	0.1023513331	-0.0469049737	-0.1308101343	-0.0009585254	-0.0979830048	-0.0388387671	0.0251451019	-0.0479092922	-0.0135218293	0.0853156839	-0.0249465251	0.0132569975	0.0641265576	0.1306867819	-0.054300699	0.1100052942	0.0267672912	-0.1182175527	0.0231316178	0.045430401	-0.0640796833	0.0426430076	-0.0558130372	0.1340551524	-0.06756749	0.0184334146	-0.026660784	0.0635146362	0.0651076941	-0.0152671115	-0.0475656601	-0.043808147	0.0703727726	-0.0539816688	0.0706395758	-0.0003676997	0.0894997705	-0.1595871463	0.0767971354	0.0082882419	-0.0723779802	-0.1104310096	-0.0322817761	0.1039414413	0.0189701649	0.1155166999	-0.1210880868	-0.0521330558	-0.0261260223	-0.0171401204	0.0338853739	-0.0446886223	0.0464832619	-0.0838180736	-0.0881040418	-0.0773488982	-0.1418012211	-0.073937217	-0.0675309676	-0.0101895884	0.101081754	0.0984641122	-0.0313808726	0.0157974747	0.0869385838	-0.0912217412	0.0084176996	-0.0553196195	-0.1502217762	0.0548409481	0.0397558898	-0.033030416	-0.1695941534	0.0231515196	0.0204224295	-0.0580228878	-0.062433301	0.0114144016	-0.0029728555	-0.0645382382	-0.0482322677	-0.0715876386	-0.0688137803	0.0777462014	-0.1004140189	-0.0274376464	-0.1022081235	0.0982490131	-0.0268713105	0.0765368144	0.0967464084	0.0456167396	0.0765291184	-0.015636895	-0.0728481535	0.0243853057	0.0544116891	-0.0412528327	-0.0741563152	0.0505210596	0.0211460991	-0.0619850557	-0.0846760228	-0.0135044249	0.037365088	-0.0239963706	-0.0563365937	-0.0852452135	-0.0258448425	-0.0121955897	0.0411727805	-0.0704769683	0.0837072376	-0.0316075544	-0.0403250539	0.0608108928	-0.03118477	0.2373993812	0.0281370183	-0.063031917	0.0139903026	-0.1023067888	-0.0409960724	0.091485117	0.0	0.0	-0.0237652602890534	0.0058303180947519	3.3992609085991444e-05	0.0005647875966064	0.2804031018320927	0.0012099846077405	1.4640627509689846e-06	0.0786258995170589	0.2075521969151594	-0.0023536205191519	0.0430779144443091	5.539529548172937e-06	0.0061128938712224	0.0005181125333988	3.736747148082838e-05	2.684405972649229e-07	-0.0004882986215519	0.0004337247649571	1.881171717370917e-07	2.384355438094857e-07	-0.0005870121573458	-4.558708901399998e-05	3.445832728717702e-07	2.078182684770358e-09	0.0	0.0	0.0
44.46775081565353	0.1143504714719227	0.013076030325851	1977.3808626030552	46.547719358087896	0.22741367135729	0.0517169779202015	2166.6901774393104	45.17230907556962	-0.0231861620533209	2040.5375072187896	0.0005375981107628	45.556378008075455	37.437319908398656	0.936782	35.642944	0.110839544238217	0.0551577538802215	0.053290431	0.0242660534	0.0245532725	0.0825466634	0.0278190486	0.1193597728	-0.0001895683	0.0799613948	0.0158504534	0.0079753093	0.1373718807	0.0302136268	-0.0361662882	-0.100970716	0.1755099396	0.0904224886	-0.0152518826	0.0586745218	-0.0381207053	0.0214691693	0.0155376802	0.0182016217	0.0136962257	0.086766448	-0.0321000649	0.0799903098	0.05631264	0.0977575331	-0.0646544126	0.0537220058	-0.0526182143	0.1396342879	-0.096890876	0.0401910817	0.042314409	0.1133451971	0.147186113	-0.0295085321	-0.0274679484	-0.1634122637	0.0496256307	-0.1106007923	0.0707792268	-0.0884300863	0.001783	0.0431545831	0.1180655668	-0.0527621407	-0.0094561413	-0.0668115046	0.166372975	-0.0277734532	-0.0198552976	-0.0290703067	0.0940842596	0.060108335	-0.09998818	0.1081405519	0.0646314056	0.0478012166	0.0607666449	0.0152963794	0.1067692063	-0.0395341503	0.1298456593	0.0838299644	-0.0090208802	-0.0250797128	0.0292245202	-0.0260389384	-0.0043014049	0.0576576791	0.1197185681	-0.0204136043	0.0901271467	-0.0904123617	0.1593601349	0.069461046	-0.0221743196	0.0036740892	-0.1353545943	0.1449300251	0.0479494482	0.0342902404	-0.1074939767	0.055417976	-0.0444070804	0.0446668089	0.0944502402	0.0911852774	-0.0780103514	0.0493214625	-0.0146436065	-0.1154566281	0.0118703014	-0.1046009602	0.0377343944	-0.0858737313	0.0970522942	0.0577649999	0.1186920568	-0.0167826045	0.0969603691	0.0510411901	-0.0452028824	-0.0904475296	0.0782775934	0.1624775662	0.0193732321	-0.0386992784	-0.0659403771	0.0382624969	-0.0109071307	0.0066999058	-0.1694070156	0.0686258812	0.0246212893	0.030921244	0.0512794561	0.0240841744	-0.0159565396	0.0897213373	-0.1112058109	0.0515930706	0.0837068406	-0.1499716853	-0.0233372494	0.056756381	-0.0201834905	0.0344348565	-0.104318383	0.0553493952	0.0782424107	0.0858331277	0.0665714402	0.0494977238	-0.0387433046	0.0005340175	0.0578241515	-0.1072035012	-0.0494635537	-0.0774504373	-0.0220587631	0.0664836214	0.0182682772	-0.0501617213	-0.08712351	0.0457617466	-0.0117932997	-0.0150241443	-0.0651786991	0.0796203356	-0.0114866876	-0.0021908015	-0.0193366375	-0.0328677396	-0.1276911505	0.0571350271	-0.118327281	0.012133754	-0.1032218959	-0.0357652936	0.0950338178	0.0	0.0	-0.0432128201415054	-0.0194475598524519	0.0003782075842147	0.001867347824582	0.2748280055650411	-0.0055750962670516	3.108169838689274e-05	0.0755304326428582	0.2028932379096559	-0.0046589590055034	0.0411656659894642	2.1705899014961945e-05	0.0052788746018677	-0.0008340192693547	2.786651706224387e-05	6.955881416549477e-07	-0.0009933055232027	-0.0005050069016508	2.550319707149409e-07	9.866558624249897e-07	-0.0003028797460871	0.0002841324112586	9.173614058978618e-08	8.073122712768299e-08	0.0	0.0	0.0
44.49020967043427	0.0224588547807371	0.0005044001580622	1979.3787565192029	46.76860455759279	0.2208851995048917	0.0487902713603158	2187.302372264489	45.23366931603879	0.0613602404691704	2046.084839792749	0.0037650791104344	45.60438676122535	38.24640948425128	0.93503	35.576275	0.0717485026537247	0.0405669335890515	0.0490153665	-0.03540007	-0.0862548232	0.0143206332	0.0487902944	0.0744068435	0.0321048652	-0.0106874081	-0.0621365366	-0.0198324861	0.0893265848	0.0868662758	0.0602038507	-0.0673577617	0.1067998091	-0.0072057495	0.106971215	0.0616368075	-0.1231327474	0.0105269993	-0.0395598875	-0.0545694274	-0.0418703051	0.0350649412	0.0703791176	-0.1193584141	-0.0098917241	-0.0149759444	0.0352103541	-0.0543431598	0.0124595821	-0.0420245246	0.0033996345	-0.0408451729	-0.1594964065	0.0627596042	-0.028343839	0.025250547	0.0098168328	0.1389991953	-0.0508769274	-0.1748387595	0.0084806936	-0.021316231	0.0828164459	0.1584372376	0.0367529352	0.0273251262	-0.0702481842	-0.0778770655	-0.1759258285	-0.0200000708	0.0322204593	-0.1359091929	-0.0054793155	-0.0957988902	-0.1015211462	0.1399246065	0.0047409716	0.0511258248	0.0217915956	-0.1354984691	-0.0449530809	-0.0890101987	0.1298673014	-0.1241825096	0.0568460013	-0.0624891278	0.1074551975	0.0207990207	0.0234594392	-0.0329009407	0.0962426593	0.0667396753	0.0679017647	-0.0294989936	0.1304088316	-0.0192042032	-0.0553106682	0.03174032	-0.0715176452	0.0936744926	-0.0454915014	-0.0821284339	0.0525858184	-0.0638532974	-0.0565656173	0.136604447	-0.049130561	-0.1310886437	0.0243950897	-0.0047072114	-0.0282263154	-0.1188276771	-0.2306890471	0.024463924	0.0110444342	0.1331757761	0.078820113	0.0586062268	-0.1481384701	-0.0899992901	0.0768043693	-0.0382191159	0.045985071	-0.0037787299	0.0106889288	-0.0475690111	0.1101923103	0.0188841747	0.098711849	-0.0522410863	-0.0479130655	-0.0120236742	-0.0545970581	0.0252092984	-0.000826154	0.059761547	-0.1016731711	-0.147100561	-0.0311014281	0.0643449588	0.0843524204	-0.0715102795	-0.023418778	-0.0482470438	-0.057979209	-0.0368722658	-0.1014244508	0.0250571651	-0.0651861426	0.0729811237	-0.0570123281	-0.0148538186	-0.0915687465	0.0370899756	-0.0298643036	0.0500409677	0.0615016614	-0.1268787141	0.0302480147	0.0146189675	-0.0283243048	0.0536217125	-0.0186054437	-0.083864177	-0.0468905129	0.011556182	-0.0143510695	-0.0455984295	-0.0193894357	0.0209027121	-0.0119318385	0.0043326173	0.0730376728	-0.0462131731	0.1521725345	0.1315357373	0.1119041069	0.0102734258	-0.1040084014	-0.0304342698	0.0981090648	0.0	0.0	-0.0406221145440497	0.0025907055974556	6.711755492688268e-06	0.0016501561900298	0.2769485585331779	0.0021205529681367	4.496744890673753e-06	0.076700504073605	0.2170065877705482	0.0141133498608923	0.0470918591358166	0.0001991866442959	0.0045937276733661	-0.0006851469285015	2.1102333937049527e-05	4.69426313635176e-07	-0.0009409376384663	5.236788473640002e-05	2.742395351764878e-09	8.853636394825375e-07	-0.0006238428173939	-0.0003209630713067	3.891798608139588e-07	1.0301729314269394e-07	0.0	0.0	0.0
44.5175793764964	0.0273697060621316	0.0007491008099274	1981.8148735426576	46.77243820651547	0.0038336489226793	1.46968640623605e-05	2187.660975782308	45.40127198550166	0.167602669462866	2061.2754979014976	0.0280906548110787	45.75089800261328	38.111162769356426	0.920386	35.019096	0.0874955926994454	0.0460373562657613	0.0557788014	-0.0437808202	-0.0541595322	-0.0938615753	0.0179247712	0.030123131	0.0185618115	-0.0572614314	-0.0378824946	-0.1081015015	-0.035353065	0.0519841878	0.0023685641	-0.0122095411	-0.0116632831	0.026137746	-0.057346364	0.0119340148	-0.1044769103	-0.0054880243	-0.0733370024	-0.1012336433	-0.0601418325	-0.0098297627	-0.0197656866	-0.1828599263	-0.0085519356	-0.0242988566	0.0071614453	0.0157498436	0.0064274747	0.0020984711	0.0101034613	-0.049146183	0.1098379295	-0.0680221417	-0.0590668319	-0.1062293315	0.0009723451	0.0381873843	0.0657651676	-0.1352769183	-0.0586108293	-0.0451092686	-0.0530205833	0.0608516174	0.1188078329	0.0714557559	-0.0004421681	-0.0468886812	0.0180629969	0.0364002254	-0.0968638522	-0.0349293379	0.068582847	0.0597766358	0.0853941791	-0.0246422728	0.1655654435	-0.1758589902	0.0471189893	0.1663459945	0.0472390804	0.001350003	-0.0877897501	0.0834166052	0.0539972218	0.034248949	0.0957613754	0.0188370092	-0.0871841902	-0.0618291585	0.0172313846	-0.2145408212	0.1264252377	-0.0434527979	0.0564643738	-0.0479832428	-0.0065749337	0.0423856231	0.1220672455	0.0810551761	0.0496780612	-0.1016405415	0.0404649098	-0.1022291101	0.0252606466	0.0241199172	0.1011658888	0.0030444448	-0.0165124228	0.085464791	-0.0359422955	0.1119397748	-0.0146882998	-0.0627459841	0.0019840971	0.1210527449	0.0414312523	0.0559893905	0.0568853423	0.1177901419	0.0869176243	-0.0774064449	-0.132530533	-0.0058846567	0.0799569784	0.0504643658	0.109564559	-0.1289244031	0.0228486082	0.0625768457	0.0338618669	-0.0081095089	0.0222883263	-0.0107948078	0.1514182135	-0.0506259447	0.0895855585	0.0630581735	-0.0481672347	0.0356625338	-0.0463983274	-0.040000028	-0.0227619874	-0.0197301759	0.0823793294	-0.0544995202	0.1281083141	0.0239414452	0.034259605	-0.2235695245	-0.0302738811	-0.0420869488	-0.0891078929	0.0206875829	-0.0230385458	0.0564297745	0.059471413	-0.0283444024	0.0367399247	0.0990621071	-0.0214688652	0.0118500788	-0.0376227528	-0.028015289	0.007352272	0.0824451435	0.0485053086	0.0830703092	0.0180239654	0.0047439093	0.0104097059	0.0342405684	0.0455651983	0.0479329517	0.0316564464	-0.0684335758	0.0079691441	0.0084098975	-0.1046653254	-0.0250179432	0.1006955375	0.0	0.0	-0.0327783671740036	0.0078437473700461	6.152437280510516e-05	0.0010744213545937	0.2666911003457244	-0.0102574581874534	0.0001052154484673	0.0711241430036132	0.2143430116032973	-0.0026635761672509	0.0459429266231712	7.094637998747039e-06	0.0053928300999577	0.0007991024265915	2.908261648700977e-05	6.385646881845822e-07	-0.0011869110334128	-0.0002459733949465	6.050291102150687e-08	1.4087578012370408e-06	-0.0003343024194381	0.0002895403979557	1.1175810764216735e-07	8.3833642048403e-08	0.0	0.0	0.0
44.45712319282659	-0.0604561836698067	0.0036549501439174	1976.43580258216	46.8035306432745	0.0310924367590317	0.0009667396236143	2190.570480675935	45.27135160601869	-0.1299203794829679	2049.495276235771	0.0168793050049984	45.65430827979396	37.95376485398435	0.919869	34.999432	0.080403744672536	0.046966348461065	0.0243047761	-0.0385570813	0.0411772277	-0.095977015	-0.0197701993	0.0218670089	0.0504725208	6.29828e-05	-0.0219000174	-0.0218714008	-0.0554975611	0.0299473799	-0.0075849607	-0.1175537032	0.0526642323	0.0106934979	0.0296933084	-0.0262938098	-0.0564237369	-0.0145778169	0.0927579389	-0.0894452535	-0.0458327967	-0.0726922646	-0.2048508416	0.0466744756	-0.0976508356	-0.0601838742	-0.1367821982	0.0996505484	0.1174742417	0.0219240708	-0.000859905	-0.0204031668	0.0477591192	-0.0503384591	-0.078674435	-0.0495194631	0.0021980826	-0.0372537421	-0.0386457781	-0.0127139533	-0.153643116	-0.0109304829	0.0488235716	-0.0007480461	-0.0355137705	-0.0630384173	0.076552949	-0.0558090511	0.0525617236	-0.0094065844	0.0643535116	-0.002658781	-0.0433489785	0.009785012	0.0151076718	-0.0052007439	0.0807086497	-0.0220805866	0.0783340078	0.0356484535	0.0860652636	-0.0651775592	0.0125500762	-0.0538647692	0.0355631875	0.030878687	0.0013597834	-0.1619520357	-0.09607795	0.0231088581	0.090070909	0.1388752496	-0.0042694853	0.1021468295	-0.1093566589	-0.0600348308	0.0166801324	-0.0229618223	0.1259631618	-0.0187243225	0.1390268928	0.080658263	0.0380788005	0.0830904706	0.0293960419	0.10283707	0.2097504812	-0.0266428157	0.0287406715	-0.0961985614	-0.0352973015	0.0473110308	0.0784924158	-0.105367697	0.0066992638	0.0092515991	0.0550315809	0.0507997913	-0.0688957537	0.0290939618	-0.1436273235	0.0515683264	0.0082032994	-0.0371881563	0.1105130192	-0.0878660574	-0.0162570592	0.0443076	-0.0337437639	-0.05475194	0.0146675499	0.017223165	-0.1445824119	-0.0240867281	0.0912936964	0.0481755109	0.001150948	-0.0384613738	-0.0651554333	-0.0224428156	0.00433562	0.0004466735	0.016962852	-0.07840182	0.0525904571	-0.0262580775	0.0825175985	-0.0638236739	0.0465878967	-0.0328316771	0.0654696059	-0.0974836842	-0.0929608281	0.0043059773	-0.0201749635	0.0691598956	0.0432217021	0.0450441678	-0.0943354905	0.0465945377	-0.0427756775	0.0035269587	-0.0175041051	-0.0918650123	0.0106783226	0.0295414127	0.040351387	0.0204893784	0.0477214544	-0.0374120923	0.0321230005	-0.0088597539	-0.0130206889	-0.0606369561	-0.0875389257	-0.0080578941	-0.0061724758	0.0065437496	-0.1051918494	-0.0195314949	0.10278035	0.0	0.0	-0.040168223385379	-0.0073898562113754	5.4609974824803634e-05	0.0016134861699377	0.2875663347792141	0.0208752344334897	0.0004357754126531	0.082694396898351	0.2551146504011683	0.040771638797871	0.0650834848493103	0.001662326530264	0.0053112903502833	-8.153974967439921e-05	2.8209805185012503e-05	6.6487307769636865e-09	-0.0013039743366027	-0.0001170633031898	1.3703816953730447e-08	1.7003490705184517e-06	-0.0003630396711698	-2.8737251731700022e-05	1.3179780284307653e-07	8.25829637091096e-10	0.0	0.0	0.0
44.39726049292596	-0.0598626999006342	0.0035835428393933	1971.116739276724	46.84105919350635	0.0375285502318476	0.0014083920825043	2194.084826369565	45.28380166267862	0.0124500566599294	2050.622693024815	0.0001550039108354	45.66926069940338	38.14321621665805	0.960763	36.555363	0.0737280420317383	0.0339934525829844	-0.0021015908	-0.0201043273	0.0483415649	0.1389003657	-0.0310826122	-0.020519358	0.0488372753	0.0650741551	-0.0040002132	0.1335005567	-0.0279118905	-0.0866921385	0.0500509751	0.0226209662	-0.0572565628	-0.0893183882	0.0260818251	-0.0573348709	-0.1781463234	0.0421333597	-0.0063302639	-0.0537793238	-0.1525100954	-0.054729792	0.0006582943	0.0175761839	-0.1824887981	0.1187921702	-0.0145360684	-0.0619346541	-0.0772488565	-0.0453102609	-0.0311787987	0.0465151623	-0.0574870193	-0.0003516001	-0.0808487888	0.0602710416	0.0481231659	0.0669953209	-0.011216228	0.0807280771	0.0156723713	0.0109529785	-0.0379596398	0.0347770631	-0.0514508238	0.1278329687	-0.1909057166	0.0872694106	0.1134071861	-0.0266553116	-0.0055163302	-0.067494883	-0.0066866398	-0.0443300607	-0.028276614	-0.0946477291	0.107129223	-0.0795233117	0.0287657495	0.0170503921	0.1270647201	-0.0662179056	-0.0150945688	-0.0975321632	0.0713749252	-0.0899560825	-0.0760663869	-0.0831283074	0.0001384592	0.0593029133	0.0715299572	0.0334628445	-0.0166353412	0.0804341123	0.0275848051	-0.0655109881	-0.127046135	-0.0773095513	-0.0331413742	-0.002351929	-0.0264979161	-0.0051108025	0.0751836989	0.0597898633	0.1901067675	0.051270854	0.0670602068	-0.0762580077	-0.0642546073	-0.0078480235	0.0794661503	-0.0500827929	-0.1054030391	0.125978147	0.0602536679	-0.0288253903	-0.0276339329	0.0047755756	-0.0219437164	0.0063957559	-0.0482031084	-0.0647989163	-0.0595034618	-0.0822723637	-0.0494223722	0.0784049048	-0.0072386855	0.1004572048	-0.0561963698	0.022402325	0.0281983379	-0.0008082267	0.0436714198	0.0326119317	-0.0340988821	-0.0619893615	0.071673563	-0.0570398326	-0.0755706921	0.0105861112	-0.0415883053	-0.0275960341	-0.0032696501	-0.0564594786	-0.0159531639	-0.1125145567	0.0498854148	0.0459841713	0.004563323	-0.1703618105	0.0453094287	-0.1104042956	0.0426036558	-0.0138739734	-0.013310529	0.0392148918	0.0573037448	-0.0372440357	-0.0555707725	-0.0864732852	0.0014176362	0.0459654921	-0.0600387651	-0.0822223703	0.0359349021	0.0030978402	0.0122319872	-0.0057976483	-0.0409110304	-0.0096615179	0.0390075831	-0.0489230028	-0.0719447638	0.0137967156	0.003142338	-0.0340984618	0.1205533338	0.0046755634	-0.1055873175	-0.0139903026	0.104353116	0.0	0.0	-0.0201099886595415	0.0200582347258375	0.0004023327803167	0.0004044116438868	0.2989344724098686	0.0113681376306544	0.0001292345531895	0.0893618187949664	0.2729441328505047	0.0178294824493363	0.0744984996575139	0.0003178904444111	0.005243845002376	-6.744534790730037e-05	2.7497910408943757e-05	4.548874954336786e-09	-0.0009140423924831	0.0003899319441196	1.5204692104489088e-07	8.354734952562293e-07	-0.0003951061236611	-3.206645249129999e-05	1.5610884895450045e-07	1.0282573753767995e-09	0.0	0.0	0.0
44.36124758393533	-0.036012908990628	0.0012969296139672	1967.9202872032083	46.60535405232356	-0.2357051411827839	0.0555569135799961	2172.0590263424324	45.16438776716894	-0.1194138955096804	2039.8219223831995	0.0142596784407968	45.53169729500856	37.97225807783172	0.934089	35.540474	0.0422885197576627	0.0189959743960003	-0.008727541	-0.0069435189	-0.0921403324	0.0273785793	0.0182669004	0.0423734237	-0.0177826157	-0.085055122	-0.0077256952	0.0279255868	0.0631534589	-0.0098245018	-0.0328049725	0.0020942148	0.0019323499	0.0053307239	-0.0158887907	0.1039061198	0.0527519701	0.0545638732	-0.0261237366	0.0830293688	0.0335377644	0.0063123532	-0.0751215422	-0.0269007908	-0.0773843169	0.0088308667	0.1190920547	0.0896606263	0.0569082629	0.0236507182	-0.0626685804	0.0345132021	-0.0157495627	0.1024749107	-0.0379035113	0.0176463854	-0.00774396	-0.0268823291	-0.039895691	0.013012134	0.0168419453	0.0452283989	0.2048117749	0.0498611303	0.0489766043	0.0481821256	0.0255145694	-0.0800095353	-0.1418898224	0.0257304357	-0.055851799	-0.014523664	0.004277049	-0.0900825272	-0.0666250921	-0.0221662349	-0.0863897093	-0.0663112082	-0.1912662525	0.0708217607	0.1195729083	0.0292085281	0.0079079938	0.0829978933	-0.1275425067	-0.0197282948	-0.0475332153	-0.0245351544	-0.1119922938	-0.0755267973	-0.0014461215	-0.0629504341	0.0695576935	0.0137807561	-0.0477268732	0.0355106497	-0.011021251	0.1132302678	-0.0951957694	0.0062566515	-0.0128524367	0.0150839757	0.063065974	0.0527661763	0.0645467491	0.1034745456	0.0183762571	0.1353762424	0.0026536089	-0.0109632192	-0.0102874735	0.0496588593	-0.0400177964	-0.0483202806	0.0068008987	0.1345020722	-0.0379444835	-0.0674101982	0.0631620784	0.0434657593	-0.0168114807	-0.0711536504	0.0503358056	0.035924981	0.0563531334	-0.0254854185	-0.0591757355	-0.0823396556	0.2103249084	0.0212165088	0.0628719298	0.0796886338	0.0544060132	-0.0646081922	0.0318147994	0.082817962	-0.064301751	-0.0347819119	-0.0648944258	0.0111021849	-0.0011136681	0.0716003928	0.0971420074	-0.0160219525	-0.0089927184	-0.1361135867	-0.1679553957	-0.0005375102	0.1507245493	-0.1137905266	-0.0449724687	0.1226486399	0.1438301876	-0.0142756941	0.0192214256	0.0604800229	0.0932403602	-0.1157576768	0.0209962159	0.0407752291	0.0466316841	0.0481763695	-0.1069184084	-0.0366805927	0.013555333	0.004565064	0.1021287546	-0.0307401739	0.0083170431	-0.0099043887	0.0187464304	0.0312593066	0.0405389224	-0.0159348774	0.0627188421	0.0065959938	-0.0157725688	0.0028059207	-0.1058512369	-0.0084098975	0.1054060001	0.0	0.0	-0.0346342688745409	-0.0145242802149994	0.0002109547157638	0.0011995325804739	0.3043021367855942	0.0053676643757256	2.8811820850433817e-05	0.0925997904522784	0.2793982363343374	0.0064541034838327	0.0780633744667382	4.165545178002192e-05	0.0051442817570907	-9.956324528530033e-05	2.6463634796336177e-05	9.912839811740877e-09	-0.0010706848099411	-0.000156642417458	2.4536846947086362e-08	1.1463659622386095e-06	-0.0004577498945799	-6.264377091879996e-05	2.0953496598790957e-07	3.924242034927088e-09	0.0	0.0	0.0
44.46300183599011	0.101754252054782	0.0103539278112281	1976.95853226726	46.57845173170279	-0.0269023206207705	0.0007237348547827	2169.5521657225668	45.21523118505672	0.0508434178877834	2044.417131118126	0.0025850531425117	45.573848272440095	37.76761007121229	0.925787	35.224606	0.0509491351140921	0.0227170737409473	-0.0041379483	-0.0158385564	-0.0291350951	-0.0801247051	0.0403431633	0.0918054288	-0.044958626	0.0073538657	-0.0402863232	-0.0363427911	0.0324912377	0.0595264149	0.1389789861	0.067864836	-0.0702910139	0.0158055177	0.0240319249	-0.0574096492	-0.0686322033	-0.0286267704	0.083107063	0.0352020105	0.0371658568	0.0338868557	-0.0347804384	0.1167462698	0.1502366292	-0.1239697899	-0.1146832332	-0.0469869934	0.0808880693	0.0413609001	-0.000330857	0.0999628929	0.0430778312	0.0268591074	-0.0173293805	-0.0800142598	0.056215615	0.1109283541	0.0432588664	-0.0310612891	-0.0366444247	0.0585857237	0.057558016	-0.1255595447	-0.0690654713	-0.0641425467	0.0565025708	-0.0306085242	0.1406506631	-0.0245752513	0.0415540018	0.0548178981	-0.1288844894	-0.1578910671	0.0235507611	-0.0027253199	-0.1054746291	0.1195462979	0.0463635585	0.0446728614	0.0947758642	-0.0151734035	0.0364712402	0.120995909	0.0277311351	-0.2190394154	-0.0281693378	-0.0303505223	-0.0062006965	-0.0359663822	-0.0362081748	0.110531457	0.0105014177	0.0864793635	-0.0317791201	0.0002671729	0.0923541371	0.0612827829	0.0059196347	-0.0264564606	0.0739450131	0.1335758525	-0.0129928451	0.0034938795	-0.1905547426	-0.0059937006	-0.0389953512	-0.1345886936	-0.1516354299	0.0094118428	0.0702090491	-0.004774854	0.0570087047	-0.1583759457	-0.0883398624	0.0008433316	-0.0152918011	-0.090817993	-0.1170463485	0.1163737793	-0.103668812	-0.0212999016	0.0930958534	0.0157150245	0.0101880325	-0.006050169	-0.1334808979	0.0270102149	0.0692852124	-0.0858569924	0.0090059132	-0.0707537026	-0.0561097415	-0.0825703085	-0.096186075	-0.0177054184	0.0899837976	0.0201652557	0.0866839232	0.028152865	-0.0888043514	0.0049748427	0.1371004325	0.0788028796	-0.0947376166	-0.0197022931	-0.0427931644	-0.0280619491	-0.0481903046	0.0191984922	0.1810603324	-0.0300907482	0.0766414204	0.0058508627	0.0023351634	0.0287929793	0.0679382118	-0.0232305929	-0.0268400054	0.1011484518	0.0079733387	0.0569595111	-0.04074397	-0.0650780441	-0.0243287996	0.0558085031	0.1333838363	-0.0193325874	0.0274419006	-0.0536596437	0.0261784766	-0.0526148054	-0.0311064859	-0.064711778	-0.0233467143	-0.0150402573	-0.0292388897	0.000935404	-0.1059832789	-0.0028059207	0.1059337567	0.0	0.0	-0.0400516164811648	-0.0054173476066239	2.9347655090993697e-05	0.0016041319827543	0.3009136925925304	-0.0033884441930637	1.1481554049507635e-05	0.0905490503896719	0.270344384387073	-0.0090538519472644	0.0730860861696254	8.197223508298401e-05	0.0054081465803974	0.0002638648233067	2.9248049435064093e-05	6.96246449786763e-08	-0.0013620359128381	-0.0002913511028969	8.488546515929827e-08	1.855141827860716e-06	-0.000564323795719	-0.000106573901139	3.184613464146996e-07	1.1357996404006651e-08	0.0	0.0	0.0
44.56234417629002	0.0993423402999056	0.0098689005762622	1985.802518486129	46.30024258776025	-0.27820914394254	0.0774003277732409	2143.7124636854483	45.340621407177984	0.1253902221212612	2055.7719495890465	0.0157227078036192	45.694326798647445	37.85853522609225	0.92751	35.29015	0.0492210097046122	0.0327160549705331	0.0043909791	-0.0471688482	0.0282446626	-0.0975890621	-0.0094983061	0.0499630492	-0.060959875	0.0511959855	-0.0589254221	-0.0992869166	-0.0137224227	-0.0529288422	0.0152652949	0.0637543305	-0.0034055919	-0.0816315523	-0.0432111424	0.0352134178	-0.0009870888	0.0524310024	0.0793445184	-0.0283450848	0.0022434887	-0.0099159465	0.0489800291	-0.0168289987	-0.0398530346	-0.0581470154	-0.1546676053	-0.0746134087	-0.045237827	-0.0024806175	0.0222913453	-0.0189358618	0.1443890703	-0.0006699777	0.0748704782	-0.0328524579	-0.1092624891	-0.0159588523	0.031685596	0.0308428131	0.0367375012	-0.0056780653	-0.063075283	0.0784873863	-0.0530386536	0.0149497574	0.0775684696	0.0307682056	0.1082363782	-0.0394131006	-0.16935635	0.0116833324	-0.0602057925	0.1010639095	0.0042909451	-0.0620298172	-0.0459956521	0.0871575974	0.0075547219	0.0615047101	0.0435367169	-0.0992356995	0.0417902116	-0.0997681171	-0.0112797761	0.0090414649	-0.0119272137	-0.0933212024	0.0430521715	0.2090891271	-0.0163882875	-0.1798006255	0.0328925218	-0.0670126334	-0.0086411913	0.0113927649	0.1394926122	-0.0180568613	0.0973173467	0.025203096	-0.0314211885	-0.0014438643	-0.0031591215	0.0218819484	-0.010342646	-0.1256340208	0.0847339131	-0.0428890797	-0.0551894066	0.1255498947	-0.1508316736	0.0019719765	0.014962194	0.0856606292	0.0187278209	0.0001700572	0.1194322038	-0.1237072264	-0.0401263086	-0.0105584938	-0.0275190142	0.1181844231	-0.0424190882	0.0326796444	0.0832443548	-0.0196426324	-0.0059400846	0.0248948782	-0.1150785391	0.0715014256	0.0370612404	0.0788048209	-0.0263612795	0.1016078351	0.0348359505	-0.0616875373	0.0841639556	0.0032424367	0.0752091373	0.0172777801	-0.1198953697	0.0777372794	0.0794416718	-0.0231664803	-0.0321066206	0.1256931733	0.03279027	0.0236337145	0.1208071529	-0.011196865	0.0408569424	-0.0184908353	-0.0301351212	-0.0167294282	-0.0045292581	0.0920797903	0.0535985899	0.0391539087	-0.0211456556	0.0956481696	0.002517787	0.0230730621	-0.0864800147	-0.0304383965	-0.0614094861	0.064204052	0.0430571333	-0.0038248419	-0.0489303869	0.0713135875	0.0126233247	0.077738368	-0.0711529388	-0.0669886945	-0.1099059597	-0.0390640602	0.0353011788	-0.000935404	-0.1059832789	0.0028059207	0.1059337567	0.0	0.0	-0.0403811708718677	-0.0003295543907028	1.086060964315573e-07	0.0016306389609829	0.300187757047496	-0.0007259355450344	5.269824155444166e-07	0.0901126894812064	0.2538154446718081	-0.0165289397152648	0.0644222799539476	0.0002732058481108	0.0048741620369801	-0.0005339845434173	2.3757455562738e-05	2.851394926085826e-07	-0.0012648881461179	9.714776672020004e-05	9.437688578722405e-09	1.5999420221895775e-06	-0.0005659230866537	-1.599290934700074e-06	3.202689400076513e-07	2.5577314938138364e-12	0.0	0.0	0.0
44.5555667788737	-0.0067773974163216	4.593311573876354e-05	1985.1985309866732	46.70285896023551	0.4026163724752578	0.1620999433851355	2181.1570350596503	45.36127903996682	0.0206576327888328	2057.6456361417327	0.0004267377924382	45.737566223734	38.42376025752446	0.93193	35.458332	0.0728656735530624	0.0403130920456398	0.0146747731	-0.0478829527	0.0656659734	-0.0595977725	-0.041210874	-0.0328023491	0.0245661943	0.058654206	-0.0233638363	0.0243060022	-0.0909584326	-0.0151702371	0.1066603192	-0.1014073947	-0.0327060884	0.0328927558	0.0706479398	-0.0540070101	0.0012041717	-0.1008933577	0.0560142988	-0.097310464	-0.0899851855	-0.0698204386	-0.0358251316	0.0065991831	0.0907964611	-0.1574558019	-0.0070581892	0.0122648251	-0.0371667859	0.0046152814	0.0443119812	-0.0873147968	0.0189411152	-0.0491608313	0.2232176379	0.1308990328	0.0051648563	-0.0549883799	-0.0172444444	-0.1361519644	0.0620539153	0.1065929135	0.0956852416	-0.0472705547	-0.0164480716	0.000584936	-0.0865110709	0.0329456337	-0.0096781593	-0.0707974661	0.0694783339	-0.0340219016	0.0466835039	-0.0357425399	0.0106736073	0.0651166062	-0.0469421116	-0.1092467265	-0.0779027673	-0.0084228808	-0.0614298185	0.0099216486	-0.0372043951	-0.0010411781	-0.0541528164	0.033575631	0.0527521491	0.0566627789	-0.08524736	0.0099885735	-0.1999158334	-0.0685514599	0.0579332045	-0.1329862131	0.0677686634	-0.1018157191	-0.0311850294	-0.0659211487	0.0352551649	-0.0191771845	0.0750203608	0.0481630507	0.0420539133	-0.0899131898	0.0022637936	-0.0793471862	-0.00117309	0.0688571789	0.0681551157	0.050130563	0.0208818613	-0.1177302642	0.0191989981	0.0076242288	0.067497383	-0.0754530966	0.0383127295	-0.0257935323	-0.1393726629	0.1181506989	0.0737042415	-0.0463176688	0.0578744219	-0.0732975654	-0.0557311756	0.0967462132	0.0502742865	-0.0247594756	0.0858619817	0.0668989683	0.0026093368	0.010779422	-0.1006918055	-0.0015142515	0.0602274549	0.1060925432	-0.0195911197	-0.0338035807	0.0073027523	0.036580202	0.0147419976	0.0503032467	-0.1577582335	0.0034872652	-0.0166443611	0.0453138755	-0.1956202367	0.0233313371	0.0374617449	-0.0060655166	-0.0518860162	0.0678551938	-0.0426505797	0.0023071898	0.0069308811	0.0865632888	0.0339682387	0.0515587854	-0.1103497506	0.0038830141	-0.0101442988	-0.0186577048	0.0126283574	-0.0872466054	0.0399009848	0.0397282929	0.0775927444	-0.0484180484	0.0119567863	-0.0520710154	0.0078529007	-0.0310034408	0.0226894788	-0.0711446525	0.1071584055	-0.0437375605	0.1250173573	-0.0028059207	-0.1058512369	0.0084098975	0.1054060001	0.0	0.0	-0.0345250131655205	0.0058561577063471	3.429458308160966e-05	0.0011919765340793	0.3005201186922619	0.0003323616447659	1.1046426291150133e-07	0.0903123417388112	0.2870032551526975	0.0331878104808893	0.0823708684682443	0.0011014307645154	0.0052412985517822	0.000367136514802	2.7471210508914182e-05	1.3478922050103254e-07	-0.0011170852583535	0.0001478028877644	2.1845693631495832e-08	1.2478794744307057e-06	-0.000411075614799	0.0001548474718547	1.6898316108237586e-07	2.3977739539792112e-08	0.0	0.0	0.0
44.45636834745476	-0.0991984314189338	0.0098403287959769	1976.3686866445776	46.67964380259042	-0.0232151576450903	0.0005389435444863	2178.9891455367183	45.35380577165253	-0.0074732683142855	2056.9676979727824	5.584973929730393e-05	45.75186876938394	37.88837847872356	0.950177	36.152607	0.0678990668365176	0.0425462252664676	-0.001200765	-0.0027376698	0.0810013543	0.1008079397	-0.0370565915	0.0048584532	0.0044473039	0.0889758478	-0.0575440528	0.094233737	0.0418541111	-0.0654796984	0.0244323195	-0.1240633259	-0.0502767929	-0.1052013896	-0.0331875654	0.0483102726	-0.0892873764	-0.0133303136	-0.0215399569	0.0199443847	-0.0111052313	-0.0337337399	0.0589105275	-0.0562839946	0.0731038315	-0.1507902968	0.126582447	-0.0387386431	-0.0552104248	0.0728284506	0.0338591083	-0.1187807381	0.0035445899	-0.0268990954	-0.1149011412	-0.0134061636	-0.0384957959	0.0525911824	-0.1519141105	0.1180629375	0.0703253962	-0.0292832536	0.0447191968	-0.161070779	0.1177972072	-0.034586064	0.1060638243	-0.014291775	0.1207546287	-0.1442161585	0.0476949849	-0.1017346363	-0.0426902671	-0.0285272442	0.1311409236	-0.0797473669	-0.1204650202	0.0406025701	0.0998274046	-0.0065496164	-0.0495628556	0.0987105492	-0.0924531704	-0.0156842972	-0.1220146921	0.0522933156	-0.0436263857	-0.0342993203	-0.0704578591	0.0035925349	0.0102014397	-0.0334398241	0.0733311099	0.0238885768	0.1004183965	-0.0446456408	-0.0806582091	-0.1492269023	-0.0251133087	-0.0698739278	0.0153319394	-0.0498176355	0.0332677925	0.0256441473	-0.1062162897	0.0257264621	-0.1054599123	-0.0003796785	0.115489669	0.0228708495	-0.0382115719	-0.0151501744	-0.0663334353	-0.0094107876	0.0087617901	0.0093945246	-0.022733246	0.0030695338	0.1330518902	0.1382556701	0.0613976016	0.0765673065	0.1022708648	-0.1274077196	-0.0755997038	-0.0129477453	-0.1055808825	-0.0948637299	-0.0270475694	-0.0027334375	-0.0560116248	-0.0543352632	-0.0116002528	-0.1403625127	-0.0617911276	-0.0447120523	-0.0479326749	-0.0156901975	0.1061492572	-0.0355041701	-0.1507449404	0.1528021365	0.0534048975	0.1525217266	-0.0201749116	-0.0761611476	0.1260906118	-0.0811339314	0.0758742575	-0.0296507432	-0.0484530095	-0.0089960809	0.1057467516	-0.0114894175	0.0132354938	0.0938626515	0.0689150885	-0.0211445498	-0.0528648431	-0.0887750371	0.025285096	-0.0473430908	-0.1167498406	-0.071698946	0.0693852449	0.0671375529	0.04018364	-0.0044008572	-0.1207930027	0.0630909769	0.0421750762	0.1522172686	-0.0247904374	-0.0445890845	0.0729093863	-0.1332195487	-0.0204024663	-0.0046755634	-0.1055873175	0.0139903026	0.104353116	0.0	0.0	-0.0307001139862563	0.0038248991792642	1.4629853731535953e-05	0.0009424969987691	0.3007340884100529	0.0002139697177909	4.5783040131548994e-08	0.0904409919318255	0.248308740597885	-0.0386945145548124	0.0616572306573077	0.0014972654566325	0.0051891268224067	-5.217172937550026e-05	2.6927037179020653e-05	2.721889346030437e-09	-0.0014149702507064	-0.0002978849923529	8.873546866908739e-08	2.0021408103841327e-06	-0.0005643325607636	-0.0001532569459646	3.184712391380024e-07	2.3487691486396324e-08	0.0	0.0	0.0
44.41365706418041	-0.0427112832743503	0.0018242537189418	1972.5729338146227	46.80529181773846	0.1256480151480374	0.0157874237106414	2190.735342143654	45.30961411729151	-0.0441916543610219	2052.961131457862	0.001952902315164	45.70704414460307	37.92266755959806	0.931381	35.437439	0.1185487167549748	0.0635357656894653	-0.0193316697	0.0085342636	-0.0457521999	0.0998181072	-0.0320594618	-0.0033168906	0.0185772046	-0.020582959	-0.0074183035	0.1307771379	0.0272072343	-0.0685878719	-0.0220870318	0.0247952731	-0.0498034185	-0.0150863027	0.098824566	0.0656015906	0.047728808	0.0361711746	0.1359467209	-0.0579660222	-0.0957778717	-0.0514661371	0.0589128217	0.1237950074	-0.0528841759	-0.0915288557	0.1465072169	-0.002682977	0.0321691197	0.0368736373	0.0260320209	0.0177034208	-0.1540291832	0.0556915626	-0.0301438956	0.0050509023	-0.0925171429	-0.1378178612	0.0469812908	0.0523296052	0.0117862353	-0.0366528442	0.0741856703	0.1163577298	-0.0800104774	0.2508918756	-0.1212772712	-0.0213806077	-0.0074777109	-0.0140423329	0.0243578103	-0.0410957378	0.0235651287	-0.1103870923	0.0686484472	0.0065705416	-0.0420012112	0.1083985898	0.0558050291	-0.0728106547	-0.1630028329	-0.179946269	-0.0718794503	0.0980205343	-0.0690257998	0.0891128497	-0.0995413345	0.079318464	0.0156715235	-0.0534039897	0.0955458812	0.004322345	0.0901472617	-0.025595599	0.0294365904	-0.1033906263	-0.1307430048	0.0085297601	-0.0409066375	-0.0196458361	-0.0029136559	0.1014666761	0.0856609825	0.0690652122	-0.0676420405	0.0714136493	-0.0449382317	0.0292673082	0.0972143902	-0.0466588327	-0.0141256545	-0.0185845483	-0.0738008653	0.1400614561	-0.0306695443	-0.0785497264	0.1420866326	-0.0801921029	0.0200131438	-0.0836825831	0.0379788975	-0.0765194978	0.1081714619	-0.028144352	-0.0552946491	-0.1000196161	0.0215354179	-0.0051714134	0.0433486738	0.1170679394	0.0907063634	-0.0775873537	0.1085926323	-0.0527457081	-0.1706883807	-0.1099573549	0.1218682901	0.0132991438	0.0810060586	0.2031337684	0.1279356618	-0.1001236935	0.0099580266	-0.014717903	0.1014998246	-0.0125700201	0.0065073086	-0.0793984154	-0.0077531678	-0.055162683	-0.0927908336	0.0640539137	-0.059706917	-0.0135948486	0.032012863	0.0382232085	0.0566409302	-0.0890485807	-0.0154345163	-0.0421221836	0.0511991468	-0.0223052331	0.0144185343	-0.1152279444	0.1147517366	0.025928077	0.094948284	0.0359144849	0.1238388265	-0.0359926603	-0.0382820138	-0.029873408	0.0507432757	-0.0233441007	-0.0671407417	0.0195362082	0.1314445603	-0.0065437496	-0.1051918494	0.0195314949	0.10278035	0.0	0.0	-0.0440104405893606	-0.0133103266031043	0.0001771647942813	0.0019369188808696	0.3223286940324499	0.021594605622397	0.0004663269919868	0.1038957869966647	0.2984803555860935	0.0501716149882084	0.0890905226708008	0.002517190950525	0.0056890897195649	0.0004999628971582	3.2365741837259034e-05	2.499628985348216e-07	-0.0015831158009123	-0.0001681455502058	2.827292605404481e-08	2.506255639098193e-06	-0.0005629976173024	1.3349434611999774e-06	3.169663170881797e-07	1.7820740446005757e-12	0.0	0.0	0.0
44.43269855735476	0.019041493174349	0.0003625784623087	1974.264701088756	46.55955505109095	-0.2457367666475036	0.0603865584823696	2167.792166555569	45.28893466676985	-0.020679450521662	2051.087603250948	0.0004276396738778	45.62687946611507	37.91136823176086	0.922274	35.090935	0.1628448186246136	0.079490216164269	-0.0251370205	-0.002463351	-0.102007442	0.031351277	0.0313416151	0.0868139315	-0.0596599327	-0.0820062877	-0.0934509664	0.0296220935	0.0568036752	-0.0325457071	0.0211900356	-0.0316921551	-0.0454013982	0.0208603554	0.0311071732	0.0068655027	-0.1123245084	0.0428458104	-0.1043202922	0.000721689	-0.113632823	-0.0161852169	0.0678543187	0.1143631298	0.0030777334	0.001960274	0.051971111	-0.0382111207	0.000338881	-0.0313465737	0.0165848306	0.0984947358	-0.1861303125	0.0382187215	-0.0482919333	-0.0680078859	0.110806662	-0.042883135	0.0046933714	-0.1365815966	0.0071074696	0.0553217354	-0.0701132492	-0.1188953817	-0.1172512805	0.0316205229	0.0356516495	-0.0410132567	-0.043166029	-0.1450322215	0.0012963189	0.0300343946	-0.0339581428	0.060877353	0.1612398891	0.027412537	-0.0008833668	-0.0445043311	-0.0539887449	0.0448409975	0.0174425645	-0.0674356587	0.0227642729	-0.0259405675	0.0036521605	-0.093672074	-0.0947755204	-0.0296223408	0.1594941616	-0.0381139747	0.0505861533	-0.0078456793	0.0261649431	-0.0985634431	-0.1496859787	-0.0457068192	-0.0610749401	0.1133534116	-0.1073188943	0.0204001269	-0.0139809107	0.0799476004	0.1025010902	-0.0124157685	-0.0415904879	-0.0076367862	-0.0478268814	-0.1754732852	0.0675299931	-0.0371869715	0.1515562543	0.0433081179	0.0185865037	0.0387731111	0.0632235658	-0.1053737489	0.0237699336	-0.0231927973	0.0035009098	0.0419293957	0.0907493815	0.0695848601	-0.0242201704	0.0775863652	-0.0933095322	0.0370279254	-0.18528552	-0.0053666877	0.1045098978	-0.0237786553	0.0337263157	-0.0958442966	0.0593175876	0.1937038921	0.0440286325	-0.0117641489	-0.0138303044	-0.0821388813	0.0446357217	0.0228828597	-0.0542154129	-0.1505628231	0.0678596258	-0.0784881267	0.0382365497	-0.0187641219	-0.0504989815	0.0165229934	0.0777004822	0.0544365302	0.0094228003	-0.0686978451	-0.080489457	-0.0324884223	0.041754072	0.0923285781	0.0850523407	-0.1087690265	0.0351527929	0.0467760813	0.1436777073	-0.0510403581	-0.0882206785	-0.0344303275	0.0721023402	0.0583577683	0.1122876568	0.0422333211	-0.0835353586	-0.0780006882	-0.171075044	0.1785488436	-0.0839929952	-0.0306621178	-0.0343654764	0.0982076051	-0.081524057	-0.0084098975	-0.1046653254	0.0250179432	0.1006955375	0.0	0.0	-0.031962624566276	0.0120478160230846	0.000145149870926	0.0010216093691647	0.2924984712155947	-0.0298302228168552	0.0008898421933032	0.08555535566346	0.3253576573522423	0.0268773017661488	0.1058576051977391	0.0007223893502286	0.0045171628541146	-0.0011719268654503	2.040476025059276e-05	1.373412577964166e-06	-0.0020752951002194	-0.0004921792993071	2.42240462666428e-07	4.30684975299465e-06	-0.0003453142216893	0.0002176833956131	1.1924191170088702e-07	4.7386060725649424e-08	0.0	0.0	0.0
44.44730352425465	0.0146049668998884	0.0002133050581468	1975.56279057722	46.48064301695143	-0.0789120341395204	0.0062271091320368	2160.450175269276	45.24592711001026	-0.0430075567595906	2047.1939200443608	0.0018496499384294	45.64545913160154	37.711051768205294	0.949297	36.11911	0.0883902096671898	0.0427290953355166	-0.0230886817	-0.0147052636	-0.0428795876	-0.080027889	-0.0330923116	0.0340750097	-0.0541819529	-0.0337107906	-0.0504919313	-0.0580748706	-0.0268512265	-0.0023119894	0.0036660233	-0.0385073006	0.118890051	-0.0352497019	-0.0519272789	0.0425561592	-0.0647796824	-0.0021989854	-0.068878389	0.0069879298	0.0200045206	-0.1007856842	0.0085189039	0.0841872306	0.0442353167	-0.0586456176	-0.0345407046	-0.0504526309	0.0775990955	-0.0372876004	0.0562680907	-0.0199165187	-0.0363499663	-0.0416262054	0.0093858783	-0.0746075958	-0.0301799073	-0.0368313663	-0.0191872024	0.0188559723	0.0136016434	-0.1146153083	0.051364833	0.0670646219	0.0863747121	0.0146168964	-0.0764195895	0.053700189	0.0589822295	-0.0759025682	-0.0016858474	0.0584706433	-0.0876970432	-0.1066337576	0.0959698096	0.0341781639	-0.0619197733	-0.0609338977	-0.0822137105	-0.1277079237	-0.0278848967	-0.0295771682	-0.0128236361	-0.1489786676	0.0675223656	0.006745597	-0.0735723444	-0.1443710963	-0.0624864625	-0.0669140643	-0.0899161074	0.0049758311	-0.0493320481	0.0819652539	-0.0174508827	-0.0197259978	0.0484076987	0.0409365767	0.0631165213	-0.0490166231	-0.0390202916	0.0546196341	0.0322790565	0.0196965261	-0.1062621341	-0.0542861478	0.0199541036	-0.0043002031	0.0399680769	-0.0663442691	-0.0411877179	0.0286650841	-0.021025552	0.0388349981	0.0089878558	-0.010058522	-0.036054486	-0.1076683595	0.0905416384	-0.0769112256	-0.0606963908	-0.1258482818	-0.0167034429	-0.0645011857	0.0659470362	0.0528664449	-0.0516598739	0.0425588191	0.0734997375	-0.0232241112	-0.0638659186	-0.0564266865	-0.1276291196	0.0592887119	0.0852462376	-0.1253046577	-0.1440953308	-0.0349691062	0.0778550381	0.0487020025	-0.049507363	0.0110639795	-0.1208519742	-0.051592481	0.065363792	-0.0748069961	-0.002351843	0.0768480589	0.0629834391	-0.01772737	-0.034841434	-0.111582314	-0.0286262344	-0.0126879524	0.0418206073	0.067754727	0.0220562124	-0.0259130817	0.0080196854	0.1254138774	0.067697867	-0.0168595357	-0.0199579879	-0.1181703567	0.144345869	-0.003788309	0.1136080525	0.0338317897	0.0726319569	-0.0745711585	-0.0656530679	-0.0966665048	-0.1149539315	0.0371405718	-0.0718216096	-0.0799426704	-0.1650104682	-0.0102734258	-0.1040084014	0.0304342698	0.0981090648	0.0	0.0	-0.0256145516824517	0.0063480728838243	4.0298029338345385e-05	0.0006561052578929	0.3212480712825822	0.0287496000669875	0.0008265395040117	0.103200323302779	0.3139392528039479	-0.0114184045482944	0.0985578544511011	0.0001303799624285	0.0049529445520246	0.00043578169791	2.453165973543017e-05	1.899056882333228e-07	-0.0019397120429043	0.0001355830573151	1.83827654309097e-08	3.762482809387973e-06	-7.919633355272853e-05	0.0002661178881365	6.272059248195035e-09	7.081873038626876e-08	0.0	0.0	0.0
44.55110497919821	0.1038014549435573	0.0107747420483993	1984.8009548675395	46.381453101451584	-0.0991899154998492	0.0098386393368672	2151.2391918021526	45.36001663597263	0.1140895259623704	2057.531109215713	0.0130164199343183	45.702665785816855	37.25434408186302	1.007549	38.335514	0.2024703392323225	0.0896863177274528	-0.0408455922	-0.0269186189	0.0517792618	-0.0963761296	-0.0544623591	0.156858356	-0.1073792282	0.0891410716	-0.121623671	-0.0405888671	-0.0240613385	-0.0154303495	-0.0774531846	-0.0040411382	-0.0616140698	6.81916e-05	0.0871341463	-0.171587306	-0.172883238	-0.0069653749	-0.0455212837	-0.077064659	0.1019937063	-0.0935281469	0.00035183	-0.0789208301	-0.1258322772	-0.1266012358	0.117643416	0.005810134	0.0857402759	-0.1371460797	0.014922277	-0.0192047919	0.1138644549	0.0108542313	-0.0078019244	0.0244694916	0.0816653341	0.017561869	-0.0080518994	-0.0616910983	0.0390955187	-0.1273453475	-0.0814738945	-0.0342841073	-0.1112666343	0.0714341841	0.0352017619	0.01553863	-0.0347626847	-0.0308817073	-0.028886704	0.0717669019	0.0485385543	0.0537368478	-0.0605298643	-0.0756996285	0.0038835031	-0.018636984	0.0086254014	-0.0404288336	-0.0500904252	0.0141130755	-0.0330818867	-0.001039975	-0.0585636473	0.0644745111	0.0203301526	0.0709174753	0.0746177708	0.1242547608	-0.0916967831	0.1170463778	-0.0094620497	-0.0846586417	-0.0286050575	-0.0783851574	0.1772984447	-0.1135814941	-0.0155435326	-0.0329003862	-0.0502654847	-0.0027541235	0.2456286613	-0.0384255045	0.0165766017	0.0364862747	-0.004412714	-0.0150495302	0.0598873198	0.0480859651	-0.0630430252	0.15300698	0.0280561727	-0.0261701604	0.0828186433	-0.0614247379	0.0024334718	0.0500124428	-0.0250000052	-0.0199184678	0.0802787926	0.1014469845	-0.037163074	0.0683042005	0.0526407507	-0.0003276259	0.047994693	0.0426946527	0.0273853615	0.0235052843	0.1057899431	0.0306157667	0.0581391815	-0.0043068905	-0.0559974346	-0.0650352652	-0.0169328197	-0.0574407962	0.0155212051	0.0289590324	0.0190664614	0.0492569601	-0.113732211	-0.0220655522	0.0152149476	0.0718610736	0.0299048202	0.1083610265	-0.1181771683	0.1329303395	0.0658222966	0.0432980768	0.0782801492	-0.0602211184	0.0773935346	0.1185021928	0.1377850622	0.0952556097	-0.1461804505	0.0619460409	0.06705898	-0.0387708629	-0.1639133206	-0.0405345619	0.0305881504	0.0362298322	0.0529889879	-0.0740804716	-0.0333606883	0.072747602	-0.1484615031	0.1153264067	-0.1117718077	-0.073529686	-0.0497728741	0.0916955373	0.0605672148	-0.012133754	-0.1032218959	0.0357652936	0.0950338178	0.0	0.0	-0.0549194876631418	-0.0293049359806901	0.0008587792728323	0.0030161501251819	0.3599124904914816	0.0386644192088994	0.0014949373127615	0.1295370008117808	0.3719808059241174	0.0580415531201695	0.1383697199759559	0.0033688218886014	0.005584995823595	0.0006320512715703	3.11921783495736e-05	3.994888098937591e-07	-0.0016233548393604	0.0003163572035439	1.0008188023411658e-07	2.6352809344748302e-06	-0.0006599764768897	-0.0005807801433369	4.355689500477407e-07	3.373055748945131e-07	0.0	0.0	0.0
44.66287200299589	0.1117670237976824	0.0124918676085917	1994.772135555994	46.07255866730606	-0.3088944341455217	0.095415771446082	2122.6806621523588	45.46302232158428	0.1030056856116559	2066.886398612871	0.0106101712683272	45.76297905481941	36.9303542494461	1.050981	39.988026	0.4019623699037373	0.1943669786262443	0.1154944072	0.1053438952	0.0028457476	-0.124086237	-0.2309569116	0.2132339896	-0.0690015493	0.0589085324	-0.0225655884	-0.2103927937	-0.0462964336	-0.2782044364	-0.2388861973	0.1442996653	0.0446130191	-0.0120479287	0.2598012543	0.0613715435	0.0009687372	0.0283437225	0.0640136144	-0.0812757777	0.0213717572	0.1436353102	-0.0206191997	0.0546336763	0.0314372392	-0.092640275	0.0724005137	0.0574737411	-0.0482160167	-0.0008701401	0.2234093198	0.1084404967	0.1315691811	-0.0510335289	0.1520233992	-0.1833515087	-0.0465783813	0.1336345815	0.0006012742	0.0583208382	-0.0530761423	0.0228036761	-0.0354131473	-0.1297662298	-0.0542040715	0.0155828611	-0.115253116	0.0033901523	-0.1607080329	0.0804320476	-0.0123852468	-0.0753113127	0.1032218427	-0.0657820703	-0.0273424095	-0.0449582437	0.0014325742	0.016945357	-0.0949079596	-0.0096981191	0.0254658185	0.0337314049	-0.057371704	0.0471383187	0.1133008738	-0.0042179458	-0.090104007	0.1366730906	-0.0843307932	-0.0461764296	-0.0547431962	0.0030577622	0.0224294522	-0.0849633152	-0.0902726272	-0.0260984048	0.1692068872	-0.0165934947	-0.0334557283	0.1336633837	0.0887470897	0.1229185063	-0.0002461522	0.0055597545	0.0662075975	-0.2347162089	-0.0314121951	0.0905422543	-0.0183239021	0.1451570965	0.1833084819	0.1665445738	-0.0923511074	0.1186864769	-0.0467796576	0.0887109698	-0.1435809847	-0.0001233485	-0.1602269329	-0.0233545109	-0.0210168878	-0.0772851743	0.0428562847	0.0143307784	-0.0838522443	0.0751823034	-0.0237002671	-0.0449005802	0.087405109	-0.1017077475	0.1202052013	-0.021641631	-0.0285608852	-0.0649683915	-0.0268652728	-0.0213583336	0.0831631118	-0.0695703929	-0.1185975759	0.0500408191	-0.0864748316	-0.0092303304	-0.0844892482	0.0507242715	0.0380585822	0.0754523238	0.1753958137	0.1185519662	-0.0463417785	-0.0301087603	-0.0712642073	0.0957727343	0.0003913851	0.1440363427	0.2435132411	0.0888506796	0.001735983	0.0239084667	-0.0901979646	0.0955580494	0.173486729	0.0426724218	0.1489138149	0.0614134557	0.0089646824	0.1924608508	-0.0838661203	0.0649822842	-0.0337577375	-0.0665683838	0.1315917977	-0.1798369248	-0.0654454916	0.1527026851	-0.0602838107	-0.0788750242	-0.0189341943	-0.0139903026	-0.1023067888	0.0409960724	0.091485117	0.0	0.0	-0.0811878665632122	-0.0262683789000703	0.0006900277300376	0.0065914696770859	0.3212590736518166	-0.038653416839665	0.0014940866333808	0.1032073924036233	0.2367792594625655	-0.1352015464615519	0.0560644177116409	0.0182794581655951	0.0080580092216785	0.0024730133980835	6.493151261665574e-05	6.115795267100499e-06	-0.0021444964995667	-0.0005211416602063	2.715886300025788e-07	4.59886523665383e-06	0.0003826490188695	0.0010426254957592	1.46420271641791e-07	1.0870679244071171e-06	0.0	0.0	0.0
44.91081975544063	0.2479477524447375	0.0614780879423968	2016.981731105676	47.26417459105397	1.1916159237479107	1.4199485097295863	2233.902199773632	45.451081042387045	-0.0119412791972379	2065.8007679216357	0.0001425941488663	45.82665125528971	39.09309635935181	1.090421	41.488628	0.302791054297883	0.1482091713648479	0.0730231567	-0.0987838287	-0.0491448717	-0.0531992265	-0.1419917614	0.1298599056	0.0518019498	0.0110687083	-0.114213761	-0.0672035063	-0.0703571239	-0.1598187632	0.06986961	0.2308108094	0.0949876127	0.1742193238	0.1061785551	0.0506062577	0.1204568233	-0.0787903639	0.053197607	-0.1486991393	0.0997112837	-0.0012522507	0.115006678	0.0877173655	-0.0535039821	0.0126388295	0.0959379962	-0.0575104769	0.0331101701	-0.030544572	0.0125961371	-0.110168542	0.0480103895	0.1244743312	0.1675502591	-0.0008326203	-0.0532536721	0.0063622817	-0.1022506331	0.0795223221	-0.1815810328	0.1720954156	-0.0119015102	-0.0266565856	0.0650163586	-0.0004715587	0.0379130432	0.0767859371	-0.005950292	0.0512494801	0.0244702678	-0.075107598	-0.0339976874	0.0004753023	0.0615470279	-0.0550410326	0.0269284487	-0.03116704	-0.0116243797	-0.1295770117	-0.0056750086	0.000117099	0.0019847131	0.091804414	0.0054522551	-0.0712792598	0.0609146433	0.0730667449	0.031228391	-0.046363872	0.0594142789	-0.0276993183	-0.0317423526	-0.1245111859	-0.0585074397	-0.1170466306	0.0706427686	-0.0756472059	-0.0469745825	0.0886384435	-0.1014035145	-0.0106325493	0.0813584728	0.0737100451	0.0731118163	-0.198880772	-0.0221504182	0.0296744807	-0.0585100918	-0.0321263728	-0.1437051187	-0.0221076452	-0.0069552006	-0.0457894147	0.026671447	0.0349721293	-0.0127098553	-0.0243872925	-0.0932373129	-0.0377156076	-0.0680294695	-0.0053795769	0.0931296883	-0.1590390562	-0.0550822708	-0.05228187	-0.0696271419	-0.2564852664	-0.0099308641	0.0634314421	-0.0455118622	-0.0764771073	-0.0312857111	0.1027487914	-0.0609509668	-0.0833656969	-0.0329594949	0.0709245823	-0.1912114038	0.0520530483	0.0003395384	-0.0871416139	-0.008569157	0.0363091703	0.0093931874	-0.0230151308	-0.0019214168	-0.025284978	-0.0241519169	-0.0123649399	-0.0029974809	0.0334295836	0.0765075134	0.0407725878	0.14136996	0.1774211062	0.0896386058	-0.108714812	-0.1462181629	0.0638480519	-0.0263131983	-0.0419427856	0.0491159283	-0.0056876192	-0.0988928116	-0.0942287341	-0.042254103	-0.0016883217	0.077961963	-0.0802025278	-0.0612058326	-0.080991736	-0.0842794831	0.0238411326	0.067374635	-0.0201340377	0.0927541212	-0.0158424933	-0.1012642201	0.046111945	0.087480642	0.0	0.0	-0.0483862845230333	0.0328015820401789	0.0010759437843385	0.0023412325299439	0.3354744752484038	0.0142154015965871	0.0002020776425522	0.1125431235431918	0.3337206179519967	0.0969413584894312	0.1113694508462625	0.0093976269857764	0.0060319961608548	-0.0020260130608236	3.638497768456705e-05	4.104728922628215e-06	-0.0014326845853753	0.0007118119141914	5.066762011848254e-07	2.052585121171995e-06	-5.618024954911604e-05	-0.0004388292684186	3.156220439400953e-09	1.925711268208178e-07	0.0	0.0	0.0
44.79925206692482	-0.1115676885158052	0.0124473491207597	2006.972985755868	47.7357504760826	0.4715758850286278	0.2223838153405335	2278.7018735148204	45.56816705586959	0.1170860134825417	2076.4578488316383	0.0137091345532339	45.94473864419922	39.56175053072727	1.018763	38.762157	0.0931112275718659	0.0464176491924737	0.0872944683	-0.1484094271	-0.0790696977	0.0282129525	-0.1519927385	0.0243736338	0.1369846187	-0.065565791	-0.2051209374	-0.0235834222	-0.0554522924	-0.1312268549	0.0427438407	0.1002714441	0.0159162029	-0.0332901376	-0.0976164275	-0.053228972	0.0488096785	0.1516657528	-0.0499807342	-0.2150584937	-0.0327396236	0.0437997685	0.0545265096	0.0054150006	-0.0883534587	0.1784695166	0.0663430356	0.0350279931	0.0211824274	-0.0714866993	0.0433789411	-0.0272155774	0.0027262546	-0.0386919194	-0.0069533395	-0.0695720855	-0.0179760377	-0.0766062993	0.1514058545	0.0906004077	0.1296399846	0.0151757652	0.028502691	-0.0773014067	-0.0434635572	-0.0457486189	0.1005039684	0.0476441523	0.1047817223	-0.0471680681	-0.1031193182	0.0766187643	0.0447720305	0.1036797351	-0.021530835	-0.0231867456	-0.0339195521	-0.0685048859	-0.1385238599	0.0422676291	-0.0186361694	0.0548722981	0.0378805818	0.1457147432	0.0174448465	-0.0586198086	-0.0166617888	-0.1051906801	0.0512811865	-0.0324076731	0.0457885439	0.0183825816	0.0833669703	0.0261230732	0.1685708959	-0.1988482764	0.0138679032	0.0111518089	0.016498514	0.1410390619	-0.1205364575	-0.0709525335	0.0171451243	-0.0575164351	0.1806413783	-0.1087287395	0.0268587758	-0.0135865426	-0.0092194648	-0.1119957223	0.0555225824	0.0294677197	-0.0252973273	-0.0416938352	-0.0482424269	-0.1209728998	0.0852809366	-0.0231560654	0.1168877802	0.0463615434	-0.003517706	0.0091078069	-0.1438529484	-0.0159561579	0.005345027	0.1053261755	-0.0377228557	0.0366726487	0.058151951	0.0031529373	0.069860869	0.0941468039	0.1363452645	0.0007854992	0.0226439968	-0.0287089788	-0.1036665191	0.0797844871	-0.002778035	-0.0686827835	-0.1332476323	0.030409253	0.1664428224	0.0560754051	-0.0494211823	-0.0310248951	-0.0720235686	-0.0472652083	-0.0460924149	0.0964077482	0.0158173207	-0.0164379838	-0.0512914522	-0.0212799385	0.0951759171	0.2590613616	0.024526365	0.2146252945	0.2173706117	-0.1567235645	0.0896206288	0.011597734	-0.0860945403	0.0279892574	-0.0004271597	-0.1453422811	-0.098002808	0.0775875226	0.0470217904	0.2962843378	-0.0709195797	-0.1362138642	-0.1088085331	0.1255054354	0.1304937211	0.1879489553	0.0335900812	-0.0176897492	-0.1000954889	0.0510985726	0.0830403428	0.0	0.0	-0.0178029160768744	0.0305833684461588	0.0009353424255135	0.0003169438208402	0.3642850541046698	0.028810578856266	0.0008300494540331	0.1327036006440422	0.3356110568264085	0.0018904388744118	0.1126347814641388	3.57375913788741e-06	0.0056498560868825	-0.0003821400739723	3.192087380248324e-05	1.4603103613555496e-07	-0.0013752248199239	5.74597654513999e-05	3.3016246457298905e-09	1.8912433053347231e-06	-0.000253117238026	-0.0001969369884768	6.406833618591072e-08	3.8784177430344325e-08	0.0	0.0	0.0
44.36824761032072	-0.4310044566041	0.1857648416125955	1968.5413960107303	47.51817949787601	-0.217570978206588	0.0473371305577715	2257.977382792364	45.436588916000055	-0.1315781398695321	2064.483612321579	0.0173128068915261	45.91519728471813	38.7087096467888	1.045168	39.766827	0.0996473166333251	0.0481364648314058	0.0599963802	-0.033730636	-0.0897828307	-0.0556252153	-0.1378543448	-0.153949903	0.1023583081	-0.0764220357	-0.1026767867	0.0359878278	-0.2096578583	-0.0111624127	-0.0307745184	-0.0737232976	0.101250627	-0.0809307196	-0.0159474282	0.0606906898	0.0572188444	0.0560714813	-0.1128706054	-0.044289198	-0.1690722851	-0.0578243943	0.011440988	0.025198582	-0.0887571706	-0.0393208536	-0.0207475967	-0.1021829873	0.0043476602	-0.045233158	-0.0950005841	0.0980010648	-0.0621378301	-0.0045765297	0.011800802	-0.0165449808	-0.0944220748	0.061136013	-0.0150541629	-0.0261782576	0.0129672217	-0.0077977865	0.032746786	-0.1018349164	0.0893722666	-0.1890886107	0.0515597582	0.0484929538	-0.0757962701	0.0176017149	0.1106213065	0.0411319753	-0.0205319858	0.007673077	-0.0556412099	-0.0173632461	0.0367213953	0.027790621	0.1615600773	0.0285174263	0.0071718513	0.0779544819	-0.0714773341	0.0298984901	0.0175602746	0.0251767028	-0.0800693347	0.0125319977	0.1292261788	0.0224981941	-0.0646560655	0.0086600557	-0.0016968487	-0.0774277931	-0.0782914495	-0.0997641036	-0.1770905891	0.008451295	0.2252054273	0.0088660812	0.0498648052	-0.0009727245	0.0457436147	0.0242143772	0.0379583687	0.0066826867	-0.1185694646	0.008548442	-0.053495231	0.0244926765	0.0281930049	0.066450023	-0.0087488976	-0.0742586095	-0.0568473413	-0.0703579491	-0.0089598539	0.0373609985	-0.0147607338	-0.1664904644	-0.018205218	0.0335681044	0.0404020134	0.0486672859	-0.0429471219	0.0511309857	-0.1424514033	-0.0120396623	0.0189402439	-0.0280913686	-0.0700966554	-0.0088927996	-0.0372405999	0.0464685767	0.0105793793	0.0287174217	-0.0611576317	0.0111459565	-0.038034769	-0.0260402093	0.0817005821	0.1095369342	0.0186932153	-0.1093141204	0.0178272497	-0.0004319706	0.0108508583	0.0417342507	-0.1066321148	0.0323609667	0.0977877549	0.144146516	-0.0463485093	-0.0033781815	0.0455416356	0.0992208082	0.11712773	0.1901279372	0.1684353554	-0.0573532124	-0.1318675531	-0.0188510177	0.0406154784	-0.0693529838	0.1467710564	-0.0931555909	-0.1011487103	0.0197909895	0.1469177835	-0.0585567629	0.1306640927	-0.1645007172	0.1299515496	-0.1113140666	-0.0656869762	-0.131276582	-0.0573746427	-0.0195314949	-0.0988020511	0.0559419782	0.0781863408	0.0	0.0	-0.0083261998404537	0.0094767162364207	8.980815062563972e-05	6.932560378317124e-05	0.345489799241534	-0.0187952548631358	0.0003532616053702	0.1193632013799554	0.3150258921805999	-0.0205851646458086	0.0992413127441829	0.000423749003495	0.0055893576671119	-6.04984197706002e-05	3.1240919130902586e-05	3.660058794739749e-09	-0.0006739230614429	0.000701301758481	4.918241564485429e-07	4.541722927445708e-07	-0.0005071206775336	-0.0002540034395076	2.571713815821375e-07	6.451774728169103e-08	0.0	0.0	0.0
44.11017070537249	-0.2580769049482327	0.0666036888676591	1945.707159657101	46.896952043522845	-0.6212274543531677	0.3859235500421171	2199.3241109724813	45.42661214556013	-0.0099767704399269	2063.577091023151	9.953594841100022e-05	45.84974903039322	37.63249941275814	1.074576	40.885769	0.1603828492904898	0.0791152222019091	-0.11960024	0.0682478034	0.0130635739	0.1271938223	-0.0826860515	-0.1623276609	0.0189841169	-0.1391984545	-0.0118216853	0.2565115286	-0.1254228411	-0.0860584485	0.1054628963	-0.0104051561	-0.0253742537	-0.1369923634	0.1093722676	-0.0027610612	0.0199968488	-0.0116577223	-0.0392782864	-0.0623254096	-0.1247172264	-0.0360742904	-0.0468346711	0.046165101	0.039251917	0.0309482336	-0.0006682067	-0.0778129387	0.1033067797	0.0576275183	-0.0628081389	-0.044036326	0.0157719772	-0.0951222629	-0.0086361793	0.0084028095	-0.034772903	-0.0112856169	0.0356582335	0.0231220899	0.0125806772	-0.0226565306	0.0024708702	-0.024022038	0.059736466	-0.0050954252	0.0570674086	-0.1363973903	-0.0862626579	-0.0506738926	-0.033727822	-0.0070716226	0.1180053494	0.0754536839	0.141617219	-0.0084421017	0.0835076385	-0.0516649145	-0.0130393042	0.0042625236	-0.0301799193	-0.0388493985	-0.0530205329	-0.1114885251	-0.0783918973	-0.0424311405	0.0266015997	0.0575062638	0.0582762016	-0.0030345979	0.0251231644	-0.0754326972	-0.0528503738	-0.1154862686	0.0753320226	-0.1195595556	-0.1836209018	-0.052123014	0.0469390687	-0.0317634771	0.0535225509	-0.0037407345	-0.0205774628	0.0448385777	-0.0147862854	-0.034103506	-0.0342077336	-0.0017021938	-0.0031219415	-0.148049434	0.0801324177	0.0039327701	0.1078021065	0.040276164	0.0034049174	0.0378507499	0.0106722385	-0.028981025	0.0556916058	0.0423568476	0.1156546738	0.0302470678	-0.0293483646	0.1857219822	0.1069828984	0.0151387572	0.0744510561	-0.1329103664	0.0140462995	0.0413143176	-0.063059735	-0.1018326226	-0.0247609748	0.0572513739	0.0310825482	-0.0559996418	-0.0144731692	0.0891567872	0.0366806144	0.0587355166	0.0239116614	-0.0521303547	-0.0441997841	-0.0479287407	0.0442619563	0.0334822838	0.0157415936	-0.0951628546	0.1166138964	0.0887566438	0.0070393008	0.0677619678	0.080312163	-0.0945563527	0.0260679412	-0.0447720112	0.1314467899	0.0313300676	0.0593229825	-0.1735532709	-0.0944098754	-0.0014644132	0.0500437277	0.091383962	0.044263334	-0.0602375269	-0.1624206984	-0.0754234357	0.0228573419	-0.1646354082	-0.0733520759	0.1294978895	-0.1547107862	0.0029679	-0.0051849607	-0.0669431996	0.0469709149	-0.0213671566	-0.0973855183	0.0606285865	0.0729428184	0.0	0.0	-0.0025221609824939	0.0058040388579598	3.3686867064707314e-05	6.361296021614595e-06	0.3627419664001223	0.0172521671585882	0.0002976372716678	0.1315817341878274	0.3396202754013018	0.0245943832207019	0.115341931463656	0.0006048836860067	0.0042800214793578	-0.0013093361877541	1.8318583863764133e-05	1.7143612525624395e-06	-0.0002968699744942	0.0003770530869487	1.4216903037754393e-07	8.813178175618698e-08	6.113524882839748e-05	0.0005682559263619	3.737518649310076e-09	3.2291479784553185e-07	0.0	0.0	0.0
44.1062013839733	-0.0039693213991895	1.575551237006445e-05	1945.357000523608	46.50271591904399	-0.3942361244788515	0.1554221218441044	2162.5025878473075	45.36532409434416	-0.0612880512159677	2058.0126301848827	0.003756225221851	45.76698729393674	37.0028765232026	1.01031	38.440533	0.1812508220927275	0.0961167731705507	-0.1686079399	0.1039544842	-0.1381139161	0.039830158	0.0383890694	-0.0306377084	-0.1064051296	-0.238753874	-0.0046691601	0.0963418096	-0.0348882784	0.000343318	-0.0650759725	0.0902292937	-0.0079883799	-0.009431629	0.0439783323	0.0906198939	0.1535583059	-0.0271222673	0.0985968937	-0.0213035211	0.007728638	-0.1196751817	-0.0562441859	-0.0178692948	0.036364695	0.0697843222	0.0050139468	0.0022806258	0.0001007996	0.1136829319	-0.0307748141	0.0233590348	-0.0203881859	-0.0394564268	-0.0005711659	-0.022065641	-0.0290730561	0.0416792614	-0.0570518659	-0.0256026499	-0.0854311629	0.0871336874	-0.0531979078	0.0708463557	0.0899615982	0.0028619628	0.0403388982	0.1555835176	-0.1085961312	-0.0938992088	-0.008886971	0.0345215141	-0.1307740799	0.1687962132	-0.0371307641	0.0279270185	0.0624977355	0.0348655359	0.1330522014	-0.0398525772	-0.0928305916	0.032775259	0.0137789601	0.0187863479	-0.0258534868	0.1370751755	0.0397398465	0.1054810096	0.0842959268	-0.2055123111	-0.0886509754	0.0810089748	-0.0253745927	0.0475566306	0.0221275925	-0.0492137497	-0.1156144473	0.1704487739	0.0170147259	-0.1013632111	-0.0067853064	-0.069255649	-0.0252012235	0.0405325715	-0.0916686655	-0.0457319587	-2.86413e-05	0.0792043768	-0.0199023815	-0.0592902325	-0.0742326798	0.0630990156	0.0359871945	0.0037648802	-0.0442586204	0.0778340044	-0.0786982164	-0.0075732936	-0.0462323053	-0.0787606653	0.1092029612	0.1577972493	-0.0354525943	-0.0612160266	-0.1184754369	-0.047985852	0.0765383591	-0.0260026779	-0.1094512761	0.125367954	-0.0958506119	-0.0082682383	-0.019800859	-0.0679319732	0.0024003661	-0.0661751976	-0.0306419959	0.0087978706	-0.012717808	-0.1078722145	0.1062462517	-0.1137480413	-0.0540158863	0.1151054143	-0.1103535837	-0.0432610949	0.0843216497	-0.0542495229	-0.1040618119	0.0358095966	0.1805121403	0.081225674	-0.1579561311	-0.1391274244	0.0227767766	-0.1585682093	0.0764617424	0.0335195727	0.1540780218	-0.0401010023	0.0116806209	0.0566993548	0.08539068	0.1577597991	-0.0154486201	-0.0367578164	-0.1572245725	-0.0362673624	0.1519954037	-0.0426746973	-0.0006487641	0.1613025948	0.0139809045	0.1910442445	-0.0197187341	-0.0733421965	0.0619918296	-0.0231961626	-0.0958476552	0.0651452616	0.0673358985	0.0	0.0	0.0152752661385591	0.017797427121053	0.0003167484121291	0.0002333337556038	0.3496082584143067	-0.0131337079858155	0.0001724942854566	0.1222259343514846	0.3820808673593916	0.0424605919580898	0.145985789202105	0.0018029018694314	0.0026900101360372	-0.0015900113433206	7.236154531982874e-06	2.52813607188818e-06	0.0001659420663713	0.0004628120408655	2.141949851700893e-07	2.7536769391576942e-08	-4.3223267540884415e-05	-0.0001043585163692	1.868250856910872e-09	1.0890699938797676e-08	0.0	0.0	0.0
44.16171123203791	0.0555098480646094	0.003081343232156	1950.2567389419032	45.78219081870802	-0.7205251003359763	0.5191564202141686	2096.0089961605927	45.226660670066366	-0.1386634242777944	2045.450835365328	0.0192275452324436	45.60605309411302	36.581676564827134	0.972814	37.013878	0.0458296166686017	0.0231887547256567	-0.1804110053	0.0906675147	-0.0074531361	-0.0827147968	0.0265050822	-0.0233178275	-0.2049704714	-0.0687881861	0.0792070381	0.0079465146	-0.1183874593	0.0808300111	0.0188661729	0.0467897905	0.0885788023	0.0424760616	-0.0833388709	-0.0618285849	0.1062910638	0.0027978661	-0.0208520452	0.0591072069	0.0884670696	-0.030320399	-0.1011959239	-0.0167325389	-0.0197631877	-0.0148492138	-0.119037907	-0.0162153161	0.0403547758	-0.0584939784	-0.0156010598	-0.02025928	-0.0294976202	-0.0553130083	-0.0502721239	-0.027362817	-0.0064266395	-0.0130059216	-0.0077951782	-0.0937241289	0.1112963088	0.0157992515	-0.1123542115	0.0370014545	-0.0610289947	0.0594190105	0.0004358176	0.075733524	-0.0821004773	-0.042201026	0.0759449704	-0.0436433597	-0.0400571595	-0.0622618665	0.0254361438	0.0429499903	0.0161675929	0.0365696072	0.029534794	0.1177447564	0.0550605388	0.0193427412	-0.0483774327	0.207172414	-0.0186639179	-0.0477029302	0.0360816588	0.061446501	-0.0245945399	0.033662581	-0.0895681544	-0.0628507888	-0.0197345335	-0.0586408306	0.0615835096	0.037114861	0.1002379227	0.0368893577	0.0751418692	-0.140115303	0.0241065764	-0.0321702625	-0.0248971396	-0.0128974575	0.0278012792	0.03786165	0.0877275833	-0.1521998022	-0.0068690935	0.0324145966	-0.0662158136	-0.010908643	0.0511906474	-0.0359900408	0.0224022934	0.0126723084	0.0050402194	-0.0220757386	0.0255858577	-0.1124061963	0.1466829124	-0.0329268252	-0.0509740586	0.0417993507	-0.1262781961	0.0122455618	-0.0268310643	-0.0153758381	-0.0001821423	-0.0057840632	0.0516996612	-0.0181494361	0.1317033588	-0.0176523251	-0.0579208552	0.0773582484	0.0640794439	0.0411810339	-0.0544809028	0.0135938343	0.0413901271	0.0288527583	0.0074406309	0.0215448415	0.0594171298	0.082329595	-0.0789821522	-0.0418632442	0.045775899	-0.1114450048	0.1197096689	0.0915877075	-0.0479999045	-0.1296060508	0.0115107223	-0.1657237237	0.0930139304	0.1046577789	-0.0177777646	0.0373649143	-0.0196146796	0.0276128883	0.0298992917	0.0901591434	-0.0918614966	-0.0621711444	-0.0759558724	-0.0682705213	0.1100984482	-0.0365538966	-0.0813050436	0.0096953847	0.0291990556	-0.0514372947	0.0757897375	-0.0161615318	-0.0164445527	-0.0250179432	-0.0941903779	0.0694793439	0.0613935146	0.0	0.0	0.0047476995704016	-0.0105275665681575	0.0001108296578469	2.254065121079154e-05	0.3496933812742924	8.51228599856868e-05	7.2459012921428405e-09	0.1222854609070476	0.3780438347622805	-0.0040370325971111	0.1429171410017704	1.629763219013787e-05	0.0029639953823745	0.0002739852463373	8.78526862673736e-06	7.506791521051118e-08	-0.000149115106222	-0.0003150571725933	9.926102200248443e-08	2.2235314903598348e-08	-7.777874147723305e-05	-3.455547393634863e-05	6.049532625782252e-09	1.1940807789656694e-09	0.0	0.0	0.0
44.19020164259416	0.0284904105562517	0.0008117034936637	1952.773921213132	46.07455252946078	0.2923617107527647	0.0854753699142832	2122.864390790041	45.251157536798594	0.0244968667322282	2047.667258420164	0.0006000964796965	45.60163320172263	37.04679420097607	0.951496	36.202766	0.0395057921700562	0.0235617954632599	-0.15417042	0.0769425339	0.0978633555	0.1038078549	0.0007886655	-0.0415735859	-0.1400152882	0.0570436525	0.1175750674	0.1048876512	-0.0350694951	-0.0309896735	0.0736710725	0.0953315081	-0.0200233018	0.0662744131	-0.0689759179	-0.0258665094	-0.118866053	-0.0024407292	-0.1266880165	0.073577826	0.1427094068	-0.0194735188	-0.1162734714	0.0008232491	0.023999726	0.050159764	-0.1251662794	0.0419733724	-0.0762003952	0.0620836477	0.0017202935	-0.0824371258	0.0554555529	0.0116022173	0.0500823756	0.058317223	0.1115887212	-0.1459058351	0.1701137297	0.0546149814	-0.0616282078	-0.0020185429	0.0089219944	-0.0719797928	-0.0447649589	0.0616857107	-0.1072938097	0.0581686611	-0.1361294522	0.0921170964	0.0991430387	0.0243448693	0.0519179916	-0.045532153	-0.1144476804	0.008498014	-0.0437793618	-0.1888042611	-0.0654120051	-0.083362353	-0.0170945926	-0.0849442948	0.1466232363	-0.0637393136	0.0292718055	-0.1824614989	0.1017057045	-0.0106884619	0.0620605706	0.0414969601	-0.0114755321	-0.0013251838	0.0344958722	-0.0306817485	-0.0188434975	0.0551655725	0.0801780092	-0.0412066699	-0.0784805477	-0.1636680221	-0.0052439393	-0.0184410603	-0.154699986	0.0132180012	0.1127755863	-0.0366681073	0.0915494789	0.009246921	0.0350448265	0.0037763098	0.037879638	-0.0395011481	0.1855965724	0.0197685225	0.0327362467	-0.0261882019	0.0398537128	0.0585661006	-0.12990554	-0.0092130595	0.0195912233	-0.0717293482	-0.031261226	-0.1038025817	0.0083204991	-0.0936957503	0.0713300781	0.0795173433	0.1157870904	0.0067605623	0.1053174536	0.0742427917	0.007128909	0.0501710736	-0.0221265607	0.1205260698	-0.157546383	-0.0219868225	-0.0640590126	-0.0272505181	-0.0320623989	-0.2279842197	-0.0041412629	0.0204817482	0.0067732007	0.0370390468	-0.0585260198	0.0991268798	-0.0754784685	0.0212319591	0.0307707166	0.015030794	0.1712373277	-0.1188221999	0.0109400333	-0.1376411411	0.0288638625	0.0337080928	-0.0031889556	-0.1533390658	0.0216732536	0.0305160403	0.0321080528	0.1168124743	-0.0628170952	-0.0162297863	-0.1377424349	-0.0591052859	0.0542762484	-0.0341588458	-0.0882611516	0.0495990416	-0.0233359881	0.0359629097	-0.0845382698	-0.0334062285	-0.0773034577	-0.0268319309	-0.0924157511	0.0736186857	0.0551452713	0.0	0.0	0.0053690773577983	0.0006213777873967	3.861103546700187e-07	2.8826991674022377e-05	0.3330174408195177	-0.0166759404547747	0.0002780869900511	0.1109006158899809	0.3621591882263288	-0.0158846465359516	0.1311592776167534	0.0002523219955721	0.0029769942057859	1.2998823411400004e-05	8.862494501282823e-06	1.6896941008076084e-10	-9.921125115930352e-05	4.9903855062696496e-05	2.490394750118619e-09	9.842872356594404e-09	-0.0001413526108418	-6.357386936456694e-05	1.9980560591793357e-08	4.0416368659830244e-09	0.0	0.0	0.0
44.2107496880657	0.0205480454715356	0.0004222221727002	1954.590387980801	46.41366232882489	0.3391097993641097	0.1149954560247667	2154.228050774179	45.20908019980606	-0.0420773369925342	2043.860932512496	0.0017705022883832	45.55294135180004	37.2258927833064	0.959292	36.499401	0.0502794341919905	0.0249492565081816	-0.14160955	0.0729241432	-0.098133541	0.0288020735	0.0609549233	0.0233812235	-0.1291259475	-0.085700036	0.0079167313	0.0560417176	0.0870577491	0.0653645489	0.0398086986	0.033384585	0.1016368071	0.1248896997	-0.0849313531	-0.0034354097	0.0067548725	0.078865571	-0.0204697249	0.0618639287	0.102391452	-0.0524175912	-0.0474580666	-0.0631132829	-0.1167375613	0.0682693091	0.0584353316	-0.0624266442	0.0261349018	-0.0669343716	0.0506354972	-0.0178469112	-0.0646352579	-0.0921390865	0.0021272284	0.0124458701	0.0153405219	-0.1872981484	-0.0192812852	0.0151273623	-0.0002388645	-0.0067161286	0.0532856782	0.1739069379	-0.1790852792	-0.0804664155	-0.0378604243	-0.1354220699	0.0945599218	0.1313317624	-0.0263449792	0.0304964371	-0.1027735496	0.0497507045	0.0223622158	0.0346358742	0.0892704092	0.1108965897	-0.0675000894	-0.1450694672	0.1089679626	0.1867448437	0.0164841894	-0.0890715544	0.0956067022	0.0276023347	-0.0127130883	0.070831247	-0.0957147593	0.010314205	-0.0532192311	-0.0122949171	0.1174596592	0.074271564	-0.0168311556	0.0497847376	0.0651907458	0.1512989801	-0.1445405266	-0.1136035391	-0.0516771817	-0.0787508381	0.0398436231	0.0238103917	0.0422762299	0.0621789589	0.0947346964	-0.0972214338	0.0786878596	-0.0345429301	0.0157890428	0.0671735436	-0.0551292604	0.0156347616	0.0823661183	-0.1205520888	0.13674388	0.0027322377	-0.0208729729	0.0243193136	-0.1535181797	0.0128053471	0.0495801998	0.034785368	0.0817743375	0.0220124253	0.0560354857	-0.0273793861	-0.102033314	0.0546706589	-0.0146665542	-0.0351085541	0.0440629329	-0.0355108124	-0.026789112	0.1281479495	-0.0705769081	0.0716485456	-0.0890649738	0.0830216386	0.0248568581	0.1353982557	-0.034219488	0.121153959	-0.118156325	-0.0658482693	0.160056879	0.0492153675	0.08037365	0.0224965636	-0.1156589693	-0.052156208	0.0540595399	-0.1281721003	-0.0059622268	-0.1381776558	0.032567443	-0.0633375594	0.0937481987	0.0176476063	0.1018757559	-0.0925828809	0.1050205283	0.03324113	-0.0200689214	-0.0679873347	-0.1039656861	0.0165370835	0.0729343401	0.026956498	-0.0053071741	0.0719383353	0.0316547538	-0.0971849577	0.1065480488	0.0741155478	0.0487901522	-0.0286375605	-0.0905259858	0.0775516848	0.048622297	0.0	0.0	-0.0001910533434141	-0.0055601307012124	3.09150534145647e-05	3.6501380029706034e-08	0.3401317253444205	0.0071142845249028	5.061304430127166e-05	0.1156895905857723	0.3536233818477683	-0.0085358063785604	0.1250494961894525	7.285999053227404e-05	0.0025609793217161	-0.0004160148840698	6.558615086257456e-06	1.7306838376760925e-07	-0.0002297265577517	-0.0001305153065923	1.7034245254907254e-08	5.277429133644516e-08	-0.0001762066719259	-3.4854061084100006e-05	3.1048791231201764e-08	1.2148055740541743e-09	0.0	0.0	0.0
44.35862300165579	0.1478733135900967	0.021866516872115	1967.6874346030263	46.14262201366844	-0.2710403151564478	0.0734628524401065	2129.1415662962795	45.32737468213451	0.1182944823284515	2054.5708955746086	0.0139935845493563	45.715817181304416	37.09453417931798	0.934869	35.570133	0.0304435444207737	0.0145927255741482	-0.1377082669	0.0364041892	-0.0276876902	-0.0828872982	0.0653156897	0.0288906293	-0.1681599735	-0.031323655	-0.006086269	-0.0160115668	-0.0369878215	0.084909197	0.139126483	0.1217143112	-0.0850025194	0.1569968213	0.0096585773	0.0077246314	0.0704790441	-0.0552978095	-0.010473	0.031325094	0.1178726545	-0.0447851173	-0.1892323623	-0.0792846519	-0.008945641	0.1888771746	-0.0352056154	0.1012913468	-0.0067834975	-0.0160266519	0.0349568232	-0.0935252327	0.0465630739	0.0064483645	0.0043989006	-0.0600796865	0.0007904435	0.0290451081	0.0259972118	0.0099646462	-0.0291907707	0.0239158164	-0.1262191341	-0.0839331494	0.0485216912	0.0454161949	0.0101518378	-0.0053271885	0.0442327454	0.1057698351	0.0775692226	0.0720044288	-0.0256799512	-0.149406765	-0.0667685014	0.0687832202	-0.0567916482	0.0421142675	-0.0568948018	-0.1112463367	-0.076079775	-0.0565424379	-0.0622026367	0.0212956908	-0.0016218823	-0.1030225175	-0.0612318463	0.0589963607	0.0153230029	-0.0024739008	-0.1044697132	-0.003182266	-0.0712879487	0.0165804705	-0.0481431209	-0.0131935058	0.1200376519	0.1084576627	0.011570274	-0.1422837831	0.0395797791	-0.1269177423	-0.0901672344	0.0080988851	0.1252514207	-0.0382649737	0.1192506403	0.0724887424	-0.0106719359	-0.0443354854	-0.0302851911	0.0738368629	0.0857763495	-0.1347195295	-0.1243245474	0.0477626119	-0.0999834926	-0.0057142846	0.029589875	-0.0392839412	-0.076475506	0.0027260783	0.0473411583	0.0067231509	0.0056638991	0.0791361113	0.0043097711	0.0556623844	-0.023763109	-0.1230174677	0.0411471969	-0.0094301855	-0.0067912504	0.0222333866	-0.107670719	-0.0538213502	-0.0567199662	-0.0632779356	0.1051194754	0.0904890936	0.0225992749	-0.0250950484	-0.1056487103	0.0861974812	-0.0272254734	0.0245683682	-0.0178042048	0.0684445542	0.005930218	0.0199849336	-0.0013639967	0.0556667688	0.1152319636	-0.1119347975	0.0064855752	-0.1204468277	-0.0026790532	0.0306702129	0.0677570431	0.0951595601	0.1040124845	-0.0742712466	0.1364383731	0.0270850376	-0.0561146713	-0.0222042548	-0.0563196933	0.0122318339	0.0712509145	-0.0349897401	-0.0582430687	-0.0482945171	-0.1008974388	0.0283142329	-0.078021147	-0.0504589886	0.0531325107	-0.0304342698	-0.0885234364	0.0812673177	0.0418570888	0.0	0.0	0.0007647462629591	0.0009557996063731	9.13552887543164e-07	5.848368467099089e-07	0.3306450617662193	-0.0094866635782012	8.999678584596948e-05	0.1093261568703869	0.3573325337083162	0.0037091518605478	0.1276865396464049	1.3757807524605776e-05	0.0024549999515382	-0.0001059793701779	6.027024762052564e-06	1.1231626903304364e-08	-0.0002910218066458	-6.12952488941e-05	3.757107536989666e-09	8.46936919433854e-08	-1.764270348487149e-05	0.000158563968441	3.112649862550966e-10	2.5142532087767485e-08	0.0	0.0	0.0
44.50288742974528	0.1442644280894853	0.0208122252119862	1980.5069895845804	46.13471583874671	-0.0079061749217359	6.250760189308651e-05	2128.4120055219064	45.40337769839228	0.076003016257772	2061.4667064228656	0.0057764584802791	45.76372016853406	37.60218987486807	0.923282	35.12928	0.0873189725117234	0.049460753974114	-0.1159108693	-0.0065716668	0.0675005882	-0.0743729249	0.0359505724	-0.0540395338	-0.1163769847	0.0580643812	0.0032152708	-0.0097040846	-0.0400788165	-0.0016395898	0.0047798092	0.0612470846	0.0441667387	0.0302289076	-0.0838062689	-0.0217511695	0.0552885514	0.0355529039	0.1158867052	-0.0062059038	0.0973384726	-0.0163709667	-0.063753354	-0.1011863637	-0.0821642785	0.0785064952	-0.0212196091	-0.06773857	0.0168291744	0.0570093441	-0.1286889562	-0.057993329	0.0722362785	0.035628799	-0.0791905874	0.0112820218	-0.054907574	-0.0395926637	-0.0831824992	0.1208755422	-0.0687257733	-0.038726358	-0.0384887473	0.0416604691	0.0581353273	-0.1011260058	-0.06452215	0.0879104552	0.0952813351	-0.1220014179	-0.0798259284	-0.0947089464	-0.0668786704	-0.0099504782	-0.068866624	0.0056047664	-0.0416963298	0.0127634588	0.0635383184	-0.0243019484	-0.0161378707	0.0241812364	0.1392579089	-0.0020168655	-0.0976661836	-0.0226320493	-0.02994498	0.0453888696	0.089055317	0.0751269272	-0.0705082935	-0.1067350138	-0.0772534651	0.0635855891	-0.1140307466	-0.0158771721	0.1313486949	-0.0545512243	0.040252474	-0.0820595936	0.0011889065	-0.137601313	-0.1037419625	0.1292273303	-0.009864376	0.0070153534	0.0355087017	0.0121202508	-0.0597046446	-0.1000734484	-0.0822225212	-0.0481856479	-0.0760474563	0.0215999065	0.1555899057	0.0727112157	-0.0807298578	0.0148622446	0.0315471998	-0.0181394293	-0.0547991244	-0.0009624759	-0.0628561164	-0.0400637052	0.082247037	-0.0054365016	-0.1542694826	-0.0744563337	-0.1367638877	0.110828355	-0.0375574444	-0.0350609646	0.0414565342	-0.0621760188	-0.0633062009	0.0192781177	-0.0031454527	0.0834504758	0.010997417	-0.0232570285	0.0170444546	-0.0227335807	0.0361239184	0.0527617328	-0.0645172613	0.0457392622	-0.1309209832	0.1184168617	0.0010319984	0.0508466714	-0.0475744511	0.0149000707	-0.0102554556	-0.0965447887	-0.0270431868	-0.0849421974	-0.0411915963	0.0977244248	-0.0511892892	0.0373110587	0.0564437331	-0.0875319283	0.1118779588	0.0285596809	-0.0581240213	0.114412778	-0.085317844	0.0627189828	0.0181154624	-0.0104773022	-0.0798740926	0.0469255074	0.0772949778	-0.0567993024	0.0400276401	0.0346618047	0.0162860251	-0.032221499	-0.0864105979	0.0847551701	0.0348833508	0.0	0.0	-0.0046109710191757	-0.0053757172821348	2.8898336297442764e-05	2.12610537396782e-05	0.3218590150427332	-0.008786046723486	7.719461702728077e-05	0.1035932255642783	0.3155505285885951	-0.041782005119721	0.0995721360925417	0.0017457359518243	0.0025969287049779	0.0001419287534396	6.744038698738192e-06	2.014377105294712e-08	-0.0003051355564336	-1.4113749787799997e-05	1.9919793307262437e-10	9.31077078000427e-08	-0.000489104267985	-0.0004714615645001	2.392229849611428e-07	2.222760068009089e-07	0.0	0.0	0.0
44.52316954982059	0.0202821200753078	0.0004113643947492	1982.3126267620712	46.4267265180965	0.2920106793497936	0.085270236854328	2155.440935186125	45.49131119786477	0.0879334994724843	2069.4593945009765	0.0077323003294773	45.87104779117856	38.0281035100303	0.933473	35.517021	0.0530913181382969	0.0308821227380541	-0.0783569851	-0.0376612228	0.1020038878	0.0534652958	0.0128331625	-0.0295193515	-0.0372296122	0.1237695726	0.0730786104	0.0818519649	0.0074721588	-0.0426242399	0.0333240214	0.0611591308	-0.0407358317	0.0158431751	-0.12003144	-0.0159302374	0.0430444594	-0.063240733	-0.0818781438	-0.048695777	-0.0232432428	0.016631549	0.0464711379	-0.1527744067	0.0883408722	0.0234429151	0.0066344621	0.0310542539	-0.1237715311	0.0795396574	-0.0104609222	0.1241792471	-0.0537276473	0.0829001625	0.002869883	-0.0141267426	-0.0994470025	0.0719276366	-0.0143976818	-0.0259067349	-0.0847273365	-0.0100258897	0.01225903	-0.0801869201	-0.0247220279	-0.0368018188	-0.1417444874	-0.1329384266	0.006704869	0.1339133082	0.0640548882	0.0429723681	0.0881745717	0.0121818103	0.0574956402	0.0702218554	-0.070711944	-0.0125775966	0.0266889072	0.0334881694	0.0446034332	0.0692057441	-0.0503594962	-0.0113590898	0.0104169647	-0.0010069026	-0.016940682	-0.0830096885	0.0969084921	-0.1588860133	-0.0063829508	-0.0033221847	0.0535434854	0.0061859357	0.0697605752	-0.0579269586	-0.0330614233	-0.1020421236	-0.0418517756	-0.0406414821	0.0691842457	-0.1102322095	-0.0920716353	-0.0343233617	-0.0295270797	0.0354829857	-0.0020704553	0.0194706776	-0.1037289813	0.1362405135	0.0439462697	0.0661297726	-0.1263102403	0.0515388293	-0.0490853411	-0.0217430501	-0.0406045421	0.0787162806	-0.0112122539	0.0489734661	0.0028491665	-0.1597253549	0.0818843582	-0.0464554468	-0.0151020912	0.108881736	-0.0260404798	-0.0257103224	0.0890609535	-0.1106145399	0.0142951854	-0.1362585774	0.0567393232	0.0712395446	0.0371779627	0.1100428388	-0.0249663135	0.096101777	0.0116520223	-0.0122725633	0.1014523615	-0.1032414882	0.1180199039	0.0280748675	-0.0369257682	0.0060471101	0.0991395921	0.0184743272	0.1374854907	0.0450268144	0.1018504277	0.0343993612	-0.0797628458	-0.0771645113	-0.0342974219	-0.048936786	-0.1016439012	0.0219081431	-0.0061303822	-0.0921966354	0.0259964401	-0.0836270682	0.123449777	0.0337378718	0.0207552491	0.0395097866	-0.1086877009	0.0798941975	0.0209842047	-0.0158816256	-0.102760577	-0.0716324602	-0.008895842	-0.1218408297	-0.0164966666	0.016990295	-0.0891311555	-0.0339986915	-0.0841901024	0.0880054659	0.0277358257	0.0	0.0	-0.0045473645865712	6.360643260449987e-05	4.045778268670784e-09	2.0678524683201865e-05	0.3126454502866806	-0.0092135647560525	8.48897755139739e-05	0.0977471775849612	0.2889763940175953	-0.0265741345709998	0.0835073562994124	0.0007061846281976	0.0026249588078066	2.803010282870005e-05	6.890408742681446e-06	7.856866645874985e-10	-0.0003718141559156	-6.667859948200004e-05	4.446035628880976e-09	1.3824576653923013e-07	-0.0002390127227229	0.0002500915452621	5.712708162341388e-08	6.254578101158505e-08	0.0	0.0	0.0
44.48299602015632	-0.0401735296642655	0.0016139124856856	1978.736934929243	46.74156795622228	0.3148414381257822	0.0991251311611107	2184.774175006146	45.47430147443499	-0.0170097234297799	2067.9120945878003	0.0002893306911576	45.835208185461184	38.39624692566126	0.946608	36.016788	0.0792605794520098	0.0385460167025438	-0.0806240342	-0.0377812409	-0.0437179976	0.139112554	0.0362065247	-0.0403738183	-0.0275794765	-0.0122161047	-0.0431330598	0.1067425153	0.087681715	-0.0112576732	-0.0214896436	0.0236728296	-0.0139339242	0.0683539897	-0.0770048168	-0.0801845495	0.0632316491	-0.0669685609	0.225704238	-0.0394676029	-0.0909572908	0.0536453023	-0.0244781104	0.0113559721	0.0827345357	-0.127117527	0.0520638217	0.0015346753	0.0609682334	-0.0205026784	0.0779859866	-0.0920621432	-0.0211709566	-0.1617022809	-0.0254471615	-0.0259030683	-0.1489131403	-0.1094046953	0.0425462891	-0.0493593306	-0.1162806502	-0.0761670788	0.069865333	0.0440981302	0.082548598	0.1098469774	0.041977736	0.0710560402	0.0841648443	-0.0706965053	-0.0874611329	-0.0057232076	-0.0441060704	-0.0103484118	-0.1634438275	0.1053585766	-0.0376003955	-0.0240103581	0.0245748575	0.0236362497	-0.0574499967	-0.0218213793	-0.0060306285	0.0571756314	-0.0059545354	-0.0068726923	0.0560698952	-0.0736054101	0.0132777235	-0.0884527044	-0.0190179551	0.073074726	-0.0934129936	0.0058677138	0.0479944051	-0.0474189301	-0.0593326008	0.044115366	-0.031928052	0.0021537017	0.1116308031	-0.0242778832	-0.0554093905	-0.0228009523	-0.0313533656	-0.0875797874	0.0097689833	-0.0436117663	0.1293917926	-0.1101584048	-0.1388508167	0.1416843542	-0.0244920969	0.0862783421	-0.0909968715	0.001995858	0.0935588925	-0.0393742086	-0.0280256179	0.05290185	0.0526510039	-0.1049079566	-0.0123195813	-0.0979370975	0.0683550111	-0.0002477378	0.0541847776	-0.0707785166	-0.0122769914	0.0570119972	-0.0429949276	0.1112388037	-0.0696701286	-0.1640561146	0.0063220517	-0.0297496575	0.0429315239	0.0183240197	-0.0058211557	0.0475932557	-0.0559116132	0.033327017	-0.030468629	-0.0924332086	-0.0412118274	-0.0746954987	-0.0647282355	-0.0215163682	-0.0826094276	0.0396131842	0.1063159487	0.0841882767	-0.070782519	-0.0918610668	-0.028494762	-0.028345678	-0.0654482614	-0.0703240923	0.0364233663	-0.0838702839	0.0452061377	-0.0906980243	0.0685411049	0.0735671803	-0.0148622402	0.0435961315	-0.0935535343	0.0531173018	-0.0394864738	0.0760255094	-0.0081611876	0.0961887414	0.044303753	-0.0077368476	0.0188997509	-0.0836683471	-0.0663946223	-0.0357652936	-0.0818647166	0.0910090951	0.020450122	0.0	0.0	0.0047931689342419	0.0093405335208131	8.724556645343319e-05	2.2974468432181635e-05	0.3025366338683568	-0.0101088164183238	0.0001021881693793	0.0915284148323961	0.3144707779470082	0.0254943839294128	0.0988918701825965	0.0006499636119403	0.0022049071897509	-0.0004200516180556	4.861615715415212e-06	1.7644336183121148e-07	-0.0003880397805651	-1.622562464949996e-05	2.632708952664607e-10	1.5057487130101096e-07	-0.0004890723916869	-0.000250059668964	2.3919180431034455e-07	6.252983804238529e-08	0.0	0.0	0.0
44.51503790408201	0.0320418839256859	0.0010266823255071	1981.5885996018576	46.79720388139997	0.0556359251776896	0.0030953561703774	2189.9782911173165	45.363413374764576	-0.1108880996704115	2057.83927300977	0.0122961706485151	45.750138525580375	38.369013029246	0.934043	35.538712	0.0553254569453864	0.0367081370389431	-0.0767230031	-0.0444864625	-0.1041203177	0.0010780577	0.0751806815	-0.0018560437	-0.0386230777	-0.0563236634	-0.018541839	0.0108702179	0.045299626	0.0463008475	-0.0730316472	-0.0748200293	-0.0547124793	0.078697613	-0.1329411451	-0.0508294415	0.0752175478	0.0637963487	0.0240337513	-0.030515026	0.0179424721	-0.0412534626	0.019953048	0.0904735355	0.206029444	0.0424294255	0.1081382465	-0.0569729806	-0.0450883256	0.0800135558	0.1290628572	-0.0479971077	-0.1145365931	-0.097351399	-0.023047978	0.0899191449	-0.0070093013	-0.1726714691	-0.0119538452	0.0569598381	-0.0185504335	-0.0608334056	-0.1053570102	0.007345794	0.0194406782	-0.0135843021	0.1495681176	-0.0116298426	-0.0667611373	-0.0090706327	-0.0404845772	-0.0959480966	-0.0116994184	0.0741129469	-0.0770055737	-0.0192817352	-0.0266840474	-0.0083932068	-0.0154492023	0.1040932266	0.0867005535	-0.0196140656	-0.030028899	-0.1260721148	0.0949673846	-0.1276701752	0.0262862754	0.0755134558	0.0562064595	0.001433388	0.0158963798	0.0968607034	-0.0723754829	0.0080538634	0.0241858629	-0.0200052998	-0.0021925395	0.1427486045	-0.0321506003	-0.0295843956	-0.0076600778	-0.0506328636	-0.1486729626	-0.0133594459	-0.0754326835	-0.092510969	-0.0939368352	-0.064651384	0.1697855087	-0.08501133	-0.0092499895	0.0319135072	0.0467107089	0.0757022265	-0.0577725181	-0.1092569426	-0.0827126727	0.0820481031	0.0724361764	0.015133348	0.0280775215	0.0296896369	-0.0730448653	0.0144530677	-0.0484537335	-0.0663677678	0.114076908	-0.136913127	-0.1537780846	-0.1042710593	-0.0577808006	-0.0012160043	0.017888571	-0.0120635053	-0.0048108477	0.0079680281	0.0885393823	-0.073125309	-0.0013562493	0.0129349255	-0.0501378392	-0.0601930808	-8.3834e-05	-0.025459882	0.071820531	0.0571122893	-0.0552545828	0.0050219572	0.0619843194	0.0737612748	0.0554194576	-0.0410421488	0.0931402247	-0.0705567216	-0.0039263125	-0.0311032878	-0.0389654952	-0.0639727601	0.05962312	0.032530605	-0.0707193178	0.0571863911	0.0026345552	0.1096727558	-0.1045677552	0.0378273805	-0.0186317293	0.0099705956	-0.00621461	0.0758743095	-0.0786199752	-0.0051857076	0.0599217429	-0.0379009963	0.0099591228	0.0010250943	-0.0693717597	-0.037520755	-0.0794373376	0.0937576389	0.0130625369	0.0	0.0	-0.0048036825080259	-0.0095968514422678	9.209955760495756e-05	2.3075365637914e-05	0.3019600391395727	-0.000576594728784	3.324614812615804e-07	0.0911798652371722	0.3189793807023378	0.0045086027553296	0.1017478453132469	2.0327498805365705e-05	0.0015279392965277	-0.0006769678932232	2.334598493873563e-06	4.582855284550581e-07	-0.0002528741544278	0.0001351656261372	1.8269746489088347e-08	6.394533797757487e-08	-0.0004898070327065	-7.346410195999869e-07	2.399109292887464e-07	5.396974276789084e-13	0.0	0.0	0.0
44.580268226490105	0.0652303224080981	0.0042549949614644	1987.4003151458032	46.46630059886765	-0.3309032825323257	0.1094969823906681	2159.117091344328	45.39647650232121	0.0330631275566304	2060.8400788258014	0.001093170403826	45.74568742158397	38.1970401802088	0.935083	35.578304	0.0919206803532122	0.0470339890762257	-0.0644792905	-0.0651001936	0.0050079967	-0.1052819501	0.0450151442	0.0329610097	-0.0965387865	0.0200481071	-0.0599702849	-0.0470431876	-0.0360014429	0.0451814528	0.0483300182	0.0191778151	-0.0966279678	-0.0252914489	-0.0904083872	-0.1307072229	-0.0422731395	0.0049395851	-0.015510953	-0.0310389772	0.0962147196	0.0085627708	-0.1031816229	0.0216360716	-0.0694759283	0.01924389	0.0227305351	0.0330261188	-0.0712989939	-0.0080395805	-0.0291269816	0.1099147649	0.0860165309	-0.1152685571	-0.0263513545	0.0498189607	0.0225327176	0.0286069607	-0.0440861019	0.0816052521	0.0123422214	-0.0901022357	-0.0079111863	0.0873495023	0.0694427486	0.0265764389	0.0918521616	-0.0831176397	-0.0945902758	0.083910914	0.0413289998	-0.0824158794	-0.0723201637	-0.0678130361	0.0959673542	-0.0326776579	-0.0514158092	-0.0202410743	0.0562406406	-0.0167593267	-0.0004258061	0.1270150415	-0.0223250054	-0.0287634794	0.0253929802	-0.0736026753	-0.0702679599	0.133687256	0.07420805	0.0841304342	0.1154631728	0.0317592623	-0.085829698	0.1970972425	0.1137209309	-0.0462248356	0.0914829184	0.0686306843	0.0553691087	-0.0804576385	0.0053344547	0.077982606	-0.0473307351	0.0131621216	0.129241563	0.0466234776	-0.0631325244	0.0151325309	-0.0706605019	0.0178576337	-0.0448836016	0.0250645231	-0.0214522828	0.0031953615	0.0233922024	0.053821189	-0.041909753	0.0398244079	0.0152545659	0.0443664184	0.0344109369	-0.0319954387	-0.075074286	0.1305047949	-0.0659614289	-0.1090080706	-0.0014205803	-0.0414677763	-0.0366334115	-0.1332978632	-0.1265145622	0.0212195555	0.0055868829	-0.1027322522	-0.0641797625	0.0340974314	-0.0511230004	0.074892581	0.038305961	0.0121932062	0.0880471609	-0.0082621745	-0.0812638404	0.0124708868	-0.0915877909	0.0698650145	0.0091082036	-0.030255309	-0.1379011327	0.0258665984	-0.0190315665	-0.2553980295	0.1106596514	-0.0733574061	-0.0082335227	-0.0035190907	-0.0297802873	0.0531830219	0.0080396385	0.0830015899	-0.039100519	-0.0077325107	0.0443525265	0.0715369032	-0.1006684133	0.0764220448	0.0007963672	-0.0735135181	0.0225439622	-0.0345947838	-0.0542242075	-0.0250754425	-0.1240747246	-0.0276968439	-0.0845336715	-0.0350251967	0.046582384	-0.039264529	-0.0769109895	0.0962433935	0.0056098749	0.0	0.0	0.0042810737652132	0.0090847562732391	8.25327965441572e-05	1.8327592583196725e-05	0.3201801574341516	0.0182201182945789	0.0003319727106684	0.1025153332145581	0.2984512811919586	-0.0205280995103792	0.0890731672451215	0.000421402869508	0.0022309580351433	0.0007030187386156	4.977173754570454e-06	4.942353468446694e-07	-0.0001651478241544	8.772633027340001e-05	7.695909023237661e-09	2.7273803822932623e-08	-0.0005808160893178	-9.100905661129993e-05	3.373473296104226e-07	8.282648385278795e-09	0.0	0.0	0.0
44.60240731732471	0.0221390908346066	0.0004901393429829	1989.374738500541	46.494045368917696	0.0277447700500488	0.00076977226513	2161.6962547669773	45.327508064192166	-0.0689684381290405	2054.582987309406	0.0047566454579592	45.67363197756129	38.342073032862245	0.922009	35.080833	0.0949705940712636	0.0458342187299867	-0.0440957367	-0.0689580771	0.0931634346	-0.0776680207	-0.0343766851	-0.0429194247	-0.0307200066	0.0774108252	0.0157616774	-0.0426915088	-0.08138355	0.0194700868	-0.0239354984	0.025743876	0.0589035951	0.0292071712	-0.0804806569	-0.0361629862	-0.0507957462	-0.0026927977	0.0787824799	-0.0182091874	0.1044500101	-0.0580936408	0.1277287652	-0.1321362679	-0.0594691424	-0.0602799825	0.0299444386	0.1888090582	0.0830110955	0.0479891249	-0.1135817081	0.0190550153	-0.1268705656	-0.1153671137	0.0736418929	-0.0086178566	-0.0039005015	-0.0439604142	-0.1416536517	-0.1407122256	0.0259253312	-0.1425421398	-0.1183870742	-0.041050883	0.108002356	-0.0555110531	0.0004719774	-0.0122820731	0.0470328037	0.148024075	-0.1120695732	-0.0110589896	0.0167068389	0.0544197454	-0.0107939106	-0.0103575456	0.0082737836	0.0171040804	-0.0922439729	0.0073845475	0.1174313462	-0.1452785907	0.0311191318	-0.1427439165	0.0884525647	-0.0591951518	0.0256857371	0.0406672328	0.1018472746	0.0052579121	-0.1056439454	-0.0219512506	0.0025623423	0.0663919401	-0.0347182505	0.0100427018	0.1143243035	-0.0811336849	0.0159574282	-0.0237464953	-0.1174665887	-0.0284234988	-0.0200168445	-0.1015752838	-0.0282985898	0.1262693539	0.0627835166	0.1114082072	0.0478849111	-0.1019081773	-0.0541179145	0.1096081363	-0.1742814971	-0.0234691342	0.0923414081	-0.1238514932	-0.1487053835	-0.0017559441	-0.0085260277	-0.0424487677	0.0325184648	-0.0068687737	-0.0099974275	0.052757043	-0.002055892	0.0289161486	0.021598432	-0.0439143604	-0.0370618877	-0.0943455036	0.0092277017	0.1192323994	-0.1082582507	0.1104054665	0.1900919384	0.0835104452	0.1522548681	-0.0397599917	0.0691227921	0.0589861338	0.1187834262	-0.0152982891	0.000359777	-0.0116215602	0.0262684361	0.020584063	-0.0449455157	0.0160385523	0.024488119	0.0675477377	-0.0020677103	-0.1362151977	-0.0994043136	-0.0581110291	-0.0140740804	-0.019979311	-0.074253292	0.0827172346	-0.0484886063	0.0141267094	-0.0237181222	-0.0473018899	0.0365629208	0.0524846212	-0.009295769	0.1453486387	0.0739652081	0.0583162397	0.0314458688	-0.0117675097	0.0734346551	0.1029131908	0.0505703756	0.0232803047	0.0476540756	0.0556620114	0.0231377417	-0.0409960724	-0.0742888199	0.0984593917	-0.0018707352	0.0	0.0	0.0112151674698992	0.0069340937046859	4.808165550536601e-05	0.0001257799813778	0.2933662078540635	-0.0268139495800881	0.0007189878920835	0.0860637319106735	0.3079410462403231	0.0094897650483645	0.0948276879595848	9.005564067316082e-05	0.0017163441217496	-0.0005146139133937	2.945837144264406e-06	2.6482747985837857e-07	-0.0003392957912073	-0.0001741479670529	3.0327514428657946e-08	1.1512163393098773e-07	-0.0009267099236337	-0.0003458938343159	8.58791282561178e-07	1.1964254461775528e-07	0.0	0.0	0.0
44.61071668035799	0.0083093630332768	6.904551401878861e-05	1990.1160427351704	46.54665224532505	0.0526068764073528	0.0027674834453384	2166.590835247224	45.4544989994594	0.1269909352672371	2066.111479291856	0.0161266976400476	45.7832119992939	38.34951053782711	0.909974	34.622952	0.0642697357425586	0.0324455622017434	-0.0306912707	-0.0668408443	0.1012692509	0.0381734656	-0.0237252405	0.0692839275	-0.0412816161	0.0944608754	0.002695993	0.037999459	0.0539429526	0.0208673785	-0.0570369796	0.0402512198	0.0954611524	0.0170491439	-9.47199e-05	0.1071693744	0.0325122042	-0.0388003908	-0.1700092536	-0.0176840088	-0.0474096442	-0.0342457966	0.0191933338	-0.0310729044	0.0857537598	-0.0114815006	0.0292721863	0.0617317791	0.0591682579	-0.1189583472	-0.1725785769	-0.014243838	-0.0614905744	0.152629948	0.005390297	-0.032786508	-0.0068427019	0.0688251591	-0.0122860932	0.1020897259	0.0739634428	-0.032658391	-0.0712391808	0.0176885569	0.0456831254	-0.0877993774	-0.0651097948	-0.0095170001	-0.0625018548	-0.0473976206	-0.0261477966	0.0218604218	-0.132726121	0.0101557811	0.0949911921	-0.0477202802	0.0100582371	0.0650182962	-0.0458854774	0.0717371506	0.0018790516	0.1026078349	-0.0931602677	0.0090150558	0.051745689	-0.0338145215	0.0232378587	0.1117934252	-0.055718978	0.0019796922	0.0895360254	0.0733176736	0.0141935993	0.0642257155	0.0854897311	-0.0042238415	0.0062296303	-0.0694000076	-0.0908809558	-0.0484569895	0.0439590865	-0.0598365793	0.0780068424	-0.1078711953	-0.0812656937	0.0734222408	-0.0408333531	0.0550954944	0.0104415942	-0.033756588	0.0163672862	-0.1457592686	-0.0460365686	-0.0223597531	0.0187248266	-0.0007616679	-0.1794748085	-0.0692517804	-0.0093528784	-0.1242466867	-0.0218805307	-0.0796105179	-0.0444229475	0.2000228091	-0.0099271561	0.0300352269	-0.0913887131	-0.0150402131	0.0263737802	0.0267910764	-0.064303845	0.0057976808	0.0727250525	-0.0068580994	0.0409491871	-0.0906006201	0.0315982386	0.0580999069	-0.0577526148	0.0241447056	-0.0058430599	0.0804307688	0.0051255471	0.0664115878	-0.0931291365	0.1142425095	0.0557178779	-0.1178615935	-0.035553983	0.033927136	0.0101036429	-0.0883344321	0.0396444725	-0.0621281629	-0.0122540077	-0.0188769117	-0.0666400253	0.0168681323	-0.0797539474	-0.0666794186	0.0262627267	-0.0666488915	0.0441013304	0.0440114628	-0.0223427494	0.0761066876	0.0757441804	0.0570926713	-0.0071045158	-0.0228260209	-0.0046336482	-0.0439303631	0.0370178718	0.0739626075	0.0584943981	0.0476136165	-0.0654425177	-0.0427148457	-0.0715740957	0.1003994225	-0.0093420254	0.0	0.0	-0.0052680214383684	-0.0164831889082676	0.0002716955165856	2.7752049875109062e-05	0.3113361395421066	0.0179699316880431	0.0003229184448729	0.096930191784982	0.323766439270301	0.0158253930299779	0.1048247071977695	0.0002504430645532	0.0017163831623163	3.9040566700027785e-08	2.9459711598829026e-06	1.5241658482593185e-15	-0.0003540681272651	-1.4772336057799996e-05	2.182219126045779e-10	1.2536423874501505e-07	-0.0006616968579328	0.0002650130657008	4.378427317981402e-07	7.02319249921895e-08	0.0	0.0	0.0
44.625746491441696	0.015029811083707	0.0002258952212119	1991.4572499184208	46.74447644149864	0.1978241961735918	0.0391344125917277	2185.046077789821	45.42964519578583	-0.0248538036735723	2063.8526626149865	0.0006177115570444	45.797999257809806	38.363122395330215	0.920314	35.016373	0.0512583891676684	0.0270059703077197	-0.0247829241	-0.0735196767	0.0190386001	0.1146296567	-0.0348176652	0.0980189841	0.0097104728	0.0769040515	-0.0585133578	0.0574670386	0.0634078969	0.0433558666	0.0421157454	-0.0639275929	0.0368702507	-0.0374653521	0.0564990712	0.0425816907	-0.0325225858	0.119262579	-0.0996181123	-0.0360314443	0.1495094087	-0.0806095838	0.1217487474	0.0388129322	0.0307479222	0.1221365307	0.0838319316	0.0564178946	-0.0714955189	-0.1697871207	-0.1122514125	0.0310189779	0.0876532996	-0.2426773676	0.0242394918	0.0898338626	-0.0618653873	-0.0028763115	0.0729092826	-0.0850485679	0.0045254441	0.0710325993	-0.0768265336	-0.0216597669	-0.1532009891	0.0690399681	-0.071400087	0.0855338897	0.058703874	-0.149354479	0.0858857983	0.0260984697	-0.0294609889	-0.0463984272	0.0151971051	0.1128233038	0.0318115621	0.0758443603	-0.0176464976	0.0112741918	0.0213813385	0.1733044233	0.030384068	0.0078904441	-0.1610411645	-0.010156398	-0.0405668873	-0.0882034935	-0.0042915058	-0.0064784869	0.0495743221	0.041343805	0.0278580098	-0.1199110894	0.0911004077	-0.0517604636	-0.0208551662	-0.0408475115	-0.1451215902	-0.0760209113	-0.090941219	0.0198502691	-0.0254404163	-0.1844208164	0.0449511002	-0.0396687547	-0.0592776499	0.0346082567	-0.2059937052	-0.0364899267	-0.1188344685	0.1304059771	0.0252410349	-0.0223129896	0.0511776979	-0.0597186593	0.0326926672	-0.0014848858	-0.1266278211	-0.0244719413	0.1259453145	0.00745702	-0.03248694	0.0604518065	-0.0968622813	0.0934908149	0.0772546993	0.1020288338	-0.1947840142	0.0878363903	0.0385472258	-0.0598687874	0.0024492862	-0.0196264269	-0.154616124	0.0972654088	-0.1013515997	-0.0046360464	-0.0166042189	-0.0482310583	-0.1096879722	0.0798240572	0.0557009402	-0.0486702306	0.0841702049	-0.1007284465	-0.0747576267	-0.1484575847	0.0057157133	0.0166640916	-0.1474625872	-0.0333925861	-0.0633714126	-0.061099877	-0.0105956008	-0.0080390484	-0.0750646539	-0.0640698045	-0.0234818868	-0.1054400498	0.0072650323	0.02884199	0.0476944092	0.0999196112	-0.0483506963	0.0846236707	0.1236040149	-0.0629189061	0.1075431727	0.0473795205	0.0517211714	0.0470462467	-0.0025108376	0.0915418516	-0.0153518903	-0.0449338399	-0.0173193007	-0.0444203137	-0.068770199	0.1020580481	-0.0167667741	0.0	0.0	0.009158551386676	0.0144265728250444	0.0002081260034763	8.387906350238487e-05	0.3061929111127597	-0.0051432284293468	2.6452798676442087e-05	0.0937540988157063	0.3263253665164782	0.0025589272461771	0.1064882448321138	6.548108651227917e-06	0.0013388433663379	-0.0003775397959784	1.7925015595870004e-06	1.4253629754741192e-07	-0.000373067608054	-1.899948078889997e-05	3.609802702477791e-10	1.3917944017913298e-07	-0.0008477507945075	-0.0001860539365747	7.186814095880975e-07	3.4616067314942495e-08	0.0	0.0	0.0
44.63322977397458	0.0074832825328812	5.599951746692516e-05	1992.125200056411	46.95324767945887	0.208771237960228	0.0435854297994461	2204.6074676486096	45.43989745548793	0.0102522597020993	2064.7842807652587	0.0001051088289992	45.76540789558573	39.1462799856669	0.929462	35.364414	0.0537346157581647	0.0354172747461701	-0.011372706	-0.0917114436	-0.0885815667	0.0768209571	-0.0129089972	0.0199924918	0.030295287	-0.0170764601	-0.0365793509	0.0282114335	0.1287937854	0.0544041233	-0.0727904797	0.0418006855	-0.030435047	-0.014968894	-0.0439304407	-0.0174986202	-0.0287666626	0.0075608154	0.0784518954	0.0372414689	-0.0551740848	0.0184427768	0.04715597	-0.034977369	0.0030293039	0.0457639786	0.0115729855	-0.011654167	-0.0512201701	0.0637915053	-0.002371268	0.0475592248	0.0865873046	0.0017408025	0.0674604342	0.0100020024	0.0407338103	-0.0829022434	0.0169420387	0.0535977811	-0.0556996388	-0.0301315936	0.1186540667	-0.0325078375	0.0440537562	0.0153205702	0.0330857186	-0.0502206276	-0.0727757941	-0.0175774635	0.1238305817	0.0674285191	0.0438621197	0.0394608712	0.0113617065	-0.2086838346	0.0878092496	-0.037734568	0.060779591	-0.0856310711	-0.0795627909	-0.136961281	0.0029208489	-0.0723925889	0.004002845	0.0972092061	-0.1851395175	0.0230235908	0.0706642363	0.0726898692	-0.0087830365	-0.0405447238	-0.0871507767	0.0408798484	0.0269653015	0.0132111404	-0.0481089725	0.0676174027	-0.0251963396	0.015439608	-0.0582403401	-0.0282516012	-0.0898912603	-0.0205764635	0.0293172348	-0.0108730447	-0.0521647161	0.0965411923	0.0152055888	0.0358687371	-0.0036484854	0.0204566851	0.0375757319	0.0148276407	0.0443966481	-0.0706683087	0.0499710134	-0.0854981452	0.063074029	0.0366756688	-0.0251025299	0.0486509882	0.0653103583	0.0003119016	0.0964821545	-0.1742306079	-0.0751757295	0.064843802	0.0389128417	0.0002655564	0.120765555	-0.0163000244	-0.0412497752	0.0043740095	0.1398071205	-0.0389315696	-0.0331109121	-0.0905299917	-0.0086431595	-0.0418690928	-0.0102133176	-0.0823522016	-0.1539416885	0.0446174312	0.1282771364	0.0911380395	0.0498393262	0.0347842298	-0.123986797	0.0057149436	0.124192347	-0.0025088952	-0.0127909702	-0.0569640277	-0.0121221357	0.025372567	-0.0668017697	-0.0903944775	0.0493396074	-0.0206395969	0.0050929037	-0.0019317705	-0.0154212743	0.0696243004	0.0161033177	0.0916651392	0.0910589071	0.0278557952	-0.0805907157	-0.0561760168	0.0211600154	0.0051208667	0.0145795364	-0.0366900828	0.0426277492	0.0153759735	-0.0560907438	-0.046111945	-0.0658806233	0.1034306197	-0.0241079916	0.0	0.0	0.0150585271919254	0.0058999758052494	3.480971450252831e-05	0.0002267592411899	0.3023626173725233	-0.0038302937402364	1.4671150136494244e-05	0.0914231523843629	0.2918206709792343	-0.0345046955372438	0.0851593040107705	0.0011905740141178	0.0014363094769294	9.746611059149998e-05	2.0629849135172066e-06	9.499642713834504e-09	-0.0004171442825855	-4.407667453150004e-05	1.9427532377557842e-09	1.740093524937715e-07	-0.0008962010228932	-4.845022838570001e-05	8.03176273434818e-07	2.347424630626491e-09	0.0	0.0	0.0
44.59365454867343	-0.0395752253011494	0.0015661984576367	1988.5940260064224	47.074409826771245	0.1211621473123756	0.0146802659413458	2216.0000605388173	45.45746258326939	0.0175651277814594	2066.3809045093367	0.0003085337139789	45.84424331979422	38.76045212689347	0.921075	35.045311	0.0790046121098896	0.0346224271253478	-0.0082439614	-0.07174481	-0.0645386284	-0.0715869362	-0.014488359	-0.0356967883	0.0012364543	-0.0456763834	-0.0709480219	-0.0606526659	0.0081895235	0.0597545045	-0.1231509931	-0.0612154356	0.0944132007	-0.0795792971	-0.0101813592	-0.016980216	-0.0348698479	-0.0187104449	-0.0555072304	-0.0172448313	0.0327097211	0.0163715453	0.0120563524	0.0506375424	0.0853924698	0.0991534076	0.0084563557	-0.120130951	0.0709108256	-0.0057556189	-0.1485004449	-0.013577673	0.0157049621	-0.0192903947	0.1197364339	0.0956317971	0.0484633938	-0.0521255527	-0.0230424927	0.0524290965	0.0227590809	0.0940582897	0.0818090966	-0.0274975539	0.0096838685	0.0751392431	-0.0342627549	-0.0408810889	0.1506335347	0.0901140703	0.0430672836	-0.0082209898	0.0525108078	0.0263187886	0.0289028257	-0.0062876153	-0.0296048024	0.112052677	0.1063223632	0.1480920149	0.0314187709	-0.0433936813	0.0688036815	0.1735049192	-0.0200910489	0.1398360132	-0.0132802906	0.018912224	-0.1610538216	-0.0652539092	-0.0832830708	-0.0242837087	-0.0601786556	0.0719125976	0.0689063498	-0.0529096703	0.0144039656	0.0237790689	0.0305633799	0.0304943059	-0.0341536427	-0.0054464583	-0.0347003615	0.0058945867	-0.0335312772	0.0077735886	-0.0854534541	0.0702049295	-0.1088987586	-0.0370208365	0.0214308188	-0.0972897187	0.1035638386	-0.0927863796	0.0882380387	-0.0413154769	0.1122118626	-0.0973885035	0.1269910922	0.031962296	-0.080270865	-0.0774859072	0.0773685238	-0.0521687218	0.0604297194	-0.0094125592	0.0221432357	-0.015348738	-0.1727939356	-0.084238613	-0.0029440272	0.0660017704	0.1219854301	0.0429643753	-0.0367684623	0.053142806	0.1171743525	-0.0375056329	0.0269443144	-0.0745047144	0.0039416827	0.0387980045	0.0876532034	-0.0142600968	0.02345738	-0.0487375398	-0.0908081951	0.0396162377	-0.0013808164	-0.0508418917	-0.0782786817	0.1335141473	-0.1806952611	-0.0441500063	-0.0127527154	0.0118616364	-0.0854452969	-0.0329235458	0.0899119703	0.0940222003	-0.0586525058	0.0190481598	-0.0005900322	0.0371700149	0.0186546059	0.0086795197	0.1148170355	-0.010189051	-0.0218307925	0.0069655949	-0.0058830732	-0.0222792412	0.1002503619	0.0893442485	0.0047077707	-0.0478289216	-0.0098047492	-0.0477892128	-0.0629089685	0.1045132902	-0.0313291043	0.0	0.0	0.0007497152111568	-0.0143088119807686	0.0002047421003009	5.620728978398853e-07	0.3098734481737324	0.0075108308012091	5.641257932439168e-05	0.0960215538830788	0.3145212317239512	0.0227005607447168	0.0989236052051514	0.0005153154581245	0.0011603391031483	-0.0002759703737811	1.3463868342950013e-06	7.615964720488004e-08	-0.0005368501016731	-0.0001197058190876	1.4329483123433222e-08	2.8820803166641785e-07	-0.000602189044098	0.0002940119787952	3.6263164483166316e-07	8.644304367506915e-08	0.0	0.0	0.0
44.557028130737706	-0.0366264179357216	0.0013414944908021	1985.3287558433512	46.66310513019562	-0.4113046965756268	0.1691715534251684	2177.445380391689	45.476192059808845	0.0187294765394554	2068.084044260621	0.000350793291442	45.84274484902467	38.21259776711112	0.938485	35.707748	0.0718982118449784	0.0398927307800834	-0.0526860425	-0.0459924769	0.0559507899	-0.0888691036	-0.0457212112	-0.0244923261	-0.0143159563	0.0568994785	-0.0042609181	0.0274253318	-0.0948376601	0.0574052441	0.0570742094	-0.0519640706	0.0083308744	-0.0530592008	0.0657224719	-0.0092503918	0.0076258991	-0.1139686791	-0.0584199527	-0.064435471	0.0680226834	-0.0712141299	0.0233940508	0.1382994741	0.0385008392	-0.0648262708	-0.0126598039	0.1031342048	-0.0384903987	0.0386717355	-0.0225829417	0.0268911927	0.0593244474	0.0017298285	-0.1099871001	-0.058113532	0.0169062643	0.0709990252	0.0500715862	-0.0237929034	-0.009496392	-0.0738488383	0.0541245505	-0.028383276	1.87861e-05	-0.1980316526	0.021530116	-0.0594592203	-0.087113254	0.062311835	-0.1291945256	0.0916153304	0.0089974253	-0.1068013579	0.0410489818	0.0176140231	-0.0208711585	0.0868077407	-0.0174530081	0.1125389674	-0.1012201574	-0.1349091124	0.0493800986	-0.0029082451	-0.1729807438	0.1542962499	-0.0925441538	-0.0075402878	0.0445900056	0.0322160242	-0.0750994516	-0.0813334177	-0.0596255655	-0.002332173	0.0406419424	-0.0626614127	0.026254224	-0.0243198596	-0.0092758638	-0.0308579624	-0.025986457	0.1905479444	-0.0072382109	-0.0178703623	-0.0918601854	0.0119383746	-0.047035735	0.0458047392	0.039558107	-0.025846295	0.0163554432	-0.0066390636	0.0043270832	-0.1060335554	-0.0491914577	0.0453120812	-0.1302376417	0.1026950954	0.0130649877	-0.0096323922	-0.1203562467	0.014332124	-0.0393550719	0.1457097064	0.1550000566	-0.0465502958	-0.0106451775	0.0501616734	0.1216308438	0.0757740248	0.1184401667	-0.0306637554	-0.0612703069	-0.0216206581	0.073554847	0.083040953	-0.018716434	0.0058918066	0.2524183672	-0.0290840234	0.0357774834	-0.0175041615	0.0760085648	-0.0237519984	0.1081573542	-0.0339139245	-0.0397909685	-0.051136597	-0.0399612427	0.0275995877	-0.1054783218	0.0275420762	-0.0824329037	-0.064063005	-0.0011274382	-0.0075150499	-0.0820145542	0.0773754005	-0.0828394873	0.036745273	-0.0528725945	-0.0333610304	0.0015483959	0.0275281751	0.0117560621	0.0346251406	0.1606170725	-0.0785559744	0.0389379652	-0.102169568	0.051268843	-0.0675755723	0.0225144277	0.0013994116	-0.0007829764	-0.0349436455	0.0569538669	-0.0494515946	-0.059858937	0.105303025	-0.038394137	0.0	0.0	0.0047639267923074	0.0040142115811506	1.61138946182436e-05	2.2694998482464275e-05	0.321576399786025	0.0117029516122925	0.0001369590764396	0.1034113808993413	0.3491559166657865	0.0346346849418353	0.1219098541427256	0.0011995614010201	0.0011603228219249	-1.6281223400070946e-08	1.346349051079763e-06	2.6507823540301773e-16	-0.0003980191938277	0.0001388309078454	1.9274020973177962e-08	1.584192786552522e-07	-0.0008942691292232	-0.0002920800851252	7.997172754816204e-07	8.531077612674406e-08	0.0	0.0	0.0
44.55160517147903	-0.0054229592586736	2.940848712123419e-05	1984.8455233553573	46.70329666399694	0.0401915338013196	0.0016153593893026	2181.1979192853078	45.44661071154536	-0.0295813482634841	2065.394425166749	0.0008750561650855	45.8112082365596	38.1852323045255	0.935644	35.599621	0.033961104957755	0.0186994984069528	-0.0432281882	-0.0299803674	0.0784345191	0.1067307753	-0.0372422552	0.0337090277	-0.0039072514	0.0896820118	0.0129137333	0.0813415504	0.0393370388	-0.0017027171	-0.0001010518	-0.0149877508	-0.0205428365	-0.0988482241	-0.0322464776	0.0860747729	0.0663313412	0.0012447477	0.0275965888	-0.0342366209	-0.0228105736	-0.0284863729	-0.1207521283	0.041778176	-0.0176967433	0.0142920983	-0.0016110102	-0.0801399621	-0.0804784077	-0.0204657375	0.0252481732	0.077126808	0.0629047782	0.1602956251	-0.014361417	0.1390472991	-0.068781783	0.0504388042	0.035713739	-0.0742645541	0.1406226002	-0.0358450216	0.0361629344	0.0545312645	-0.1473124865	0.0444240229	0.0105715487	-0.002845451	0.055136349	0.0170005408	-0.0014513158	-0.0130143051	0.0349384314	0.0761730167	0.0017340743	-0.151288141	0.0005460458	-0.0403987368	-0.0325292258	0.0786829596	0.0133482785	0.0810651418	0.1031533865	0.0932084082	-0.0510220037	0.0159688374	0.0887705316	-0.0362910891	-0.0529579399	-0.0628745142	-0.0487203482	0.0818110097	0.0349979874	0.0211098507	0.0192871007	-0.0400697277	-0.025901489	-0.0234417531	-0.0497681553	-0.0681114635	0.0650629492	0.006445549	0.0432826073	0.1080413839	0.0259060049	0.0335397932	-0.0280813285	0.0150239167	-0.1097413795	0.1635282973	-0.0502205538	-0.1314858359	0.0235731604	0.1025382932	-0.0476074833	-0.0354994153	0.1165182937	0.0656772016	0.0191849758	0.0495519849	0.0170716344	0.0049935793	-0.0707656664	0.0521206575	-0.0318047844	-0.0571398951	-0.0160403893	0.1064008791	0.0784936963	0.0114826502	0.0111700382	0.0113176485	0.1078586433	-0.0251953312	0.0999158668	0.0455113708	0.1452218169	0.1118807113	0.0191667738	-0.1495227279	-0.0221063385	0.0874146353	0.0086874796	0.0019176406	-0.0025790106	0.0167786777	-0.0796626103	-0.0050357379	0.0194706947	0.0533344189	0.0189961659	0.0523127527	0.0368674171	-0.0660804436	0.0178244259	-0.0124807994	-0.082429573	-0.0305652956	0.0045830994	-0.0970605918	0.0301917091	-0.0336609763	-0.0333744081	0.0021437514	0.0095164313	0.0476901592	0.1096287147	-0.053661243	-0.1183435788	-0.0161571586	0.1444557565	0.0682305714	-0.1088487323	-0.046082237	-0.0648204185	0.0438351049	-0.0762664119	-0.0510985726	-0.0567343287	0.1057976105	-0.045267892	0.0	0.0	0.0097698414060261	0.0050059146137186	2.5059181119842436e-05	9.544980109890205e-05	0.3100619901659485	-0.0115144096200764	0.0001325816288989	0.0961384377456687	0.3457771669926117	-0.0033787496731748	0.1195618492134364	1.1415949353978873e-05	0.0011602150718633	-1.0775006159991114e-07	1.3460990129787626e-06	1.1610075774784646e-14	-0.0006560075557922	-0.0002579883619645	6.65579949091259e-08	4.303459132564564e-07	-0.0008711246202336	2.314450898960004e-05	7.588581039771337e-07	5.35668296369677e-10	0.0	0.0	0.0
44.57576176584742	0.0241565943683852	0.0005835410514787	1986.9985370055845	46.9042480817208	0.2009514177238642	0.0403814722852309	2200.008488111609	45.45399341193997	0.0073827003946078	2066.065517092682	5.4504265116543145e-05	45.813404921138	38.55523530650014	0.929474	35.364876	0.0603823801172719	0.0391679733780402	-0.0331253355	-0.0364305428	-0.0758237857	0.0314617043	0.0321051926	0.0251167232	0.0056640426	-0.0433560084	-0.0278917143	0.0324563953	0.1050419805	0.0529237359	-0.0305578902	-0.0251542063	0.0119928685	0.0607443275	-0.1224700692	0.0617583453	0.1081729829	0.0901135059	0.0670459375	0.000593539	0.0010536062	0.057858855	-0.0675134634	0.040677158	-0.0879125325	0.04195596	-0.0810473033	-0.0666608695	0.0926549671	-0.0906469962	-0.1007363592	0.0443817754	-0.1250475412	0.0912476341	0.0325288046	-0.0593366221	-0.0354955601	0.017525157	-0.0503071857	-0.0291020534	-0.0828229269	-0.0334070797	0.1519490488	-0.0236332168	-0.1246063866	-0.1427534199	0.0604843331	-0.0235049825	-0.0647073802	0.0318533283	0.1096565761	-0.0254498942	-0.1062573545	0.0919847984	-0.0123719801	-0.0319036574	-0.0349136387	0.00369397	-0.0481691637	0.054995358	-0.0245237114	-0.0371999966	-0.0212908031	-0.1038074496	-0.0307896246	0.0782107115	0.0365803339	-0.0656809868	-0.0727111091	-0.0316270807	0.1752117631	0.0628390327	-0.0903689545	-0.1458605714	-0.0084230089	-0.001922091	0.0185206093	0.0809486801	-0.0372943228	0.017622484	0.0220630725	0.0366759727	0.0254563572	0.1104387755	0.0617426647	0.1435317956	0.016062673	-0.0830097887	0.0014793039	-0.0076727369	0.0079389439	-0.0866114365	0.0337548004	-0.0737170291	-0.0436440083	-0.1020863466	0.0133361372	-0.0215952931	-0.035439112	-0.1835473066	-0.0739981131	-0.0522930189	0.0878900486	0.1597466051	0.049380932	-0.140189935	-0.0694507496	0.0187821145	0.0280916955	0.0099919943	-0.2349147867	-0.0307161784	-0.0165990127	0.0081428836	0.1010093968	0.0324711046	0.0529354817	-0.0505592354	-0.0793576329	-0.0877026297	-0.0916418742	-0.0125333352	-0.0268066088	0.0035319812	-0.0382561794	-0.038050404	0.0629341161	-0.1350720295	-0.0232091854	-0.031570218	0.0017177521	0.0724826878	0.0422056236	-0.0472943506	-0.0001146706	-0.0129892297	-0.0960228757	-0.1183020412	0.0644360265	0.0717171248	0.0671354135	-0.1399598317	0.0518379511	-0.0383478878	-0.0268637391	-0.0380570105	0.0049705294	-0.0145304859	0.0883208894	0.0144356796	0.0388792475	0.0066366546	-0.0513205048	-0.037138661	0.1053104145	0.0383388957	0.0935465519	-0.0527296337	-0.0535390365	0.1059956606	-0.0519161246	0.0	0.0	0.0099013677248223	0.0001315263187962	1.7299172536079926e-08	9.803708282215274e-05	0.3240234014108551	0.0139614112449066	0.0001949210039494	0.1049911646618601	0.3101921750535226	-0.035584991939089	0.0962191854644352	0.001266291651305	0.0013032382896407	0.0001430232177774	1.6984300395856171e-06	2.0455640823401587e-08	-0.0006560216234274	-1.4067635199961626e-08	1.9789836011919934e-16	4.303643704043214e-07	-0.0008000728933566	7.105172687699992e-05	6.401166346840016e-07	5.048347892203793e-09	0.0	0.0	0.0
44.64651683096284	0.0707550651154207	0.0050062792394874	1993.311465137448	46.71233206266885	-0.191916019051952	0.0368317583687492	2182.04196673304	45.44450642138112	-0.0094869905588481	2065.20316388295	9.000298986367418e-05	45.79067014998772	38.32625836712795	0.920712	35.03149	0.0530081551252282	0.0237489976449467	-0.0232704932	-0.0569367903	-0.0443416561	-0.0848040591	0.0266567881	0.0681172936	-0.0422620023	0.0418132923	-0.0668685839	-0.0778981832	0.0126588057	0.124345138	0.1317741427	0.031978554	-0.0608722663	-0.0322139141	-0.0264098274	0.1115719112	0.0613433382	-0.0582961126	-0.0082563901	0.0184116922	0.0207014984	-0.0058405976	-0.053413265	-0.0702966979	-0.0408872494	-0.0308902102	0.0673493681	-0.0524878223	-0.1297241497	0.1387520016	-0.0871184939	0.0765272711	-0.0260539198	-0.0385518443	0.0188602964	-0.1378458598	0.0039458898	0.0110559141	-0.0448728537	0.0411505792	0.1342716509	0.0180042004	-0.0216385746	-0.025374358	-0.0458241637	-0.0536046416	0.0042833535	-0.0589261255	0.036419698	-0.0289867894	-0.0548706873	0.0673226886	-0.0195829591	-0.0491286979	-0.0675536972	0.2750903439	-0.0478085789	-0.0094352286	-0.0340011716	-0.0051466021	0.152686152	0.0429682812	-0.0171767937	-0.135020899	-0.0796426225	0.1072840076	-0.0918599319	0.0786806316	-0.0107225571	-0.1398349731	-0.0205666605	-0.0461490392	-0.1231300428	-0.0307922288	-0.081114202	0.016973507	0.0871577135	0.0855495332	-0.0182788964	-0.0271407846	0.0330897612	-0.022365636	-0.0713973314	0.0620639878	-0.0200860468	0.1174070858	-0.0610130954	0.0951830003	0.0197574311	0.0983847704	0.1037652783	0.0002661955	-0.1768676496	0.0261550972	0.0471390012	0.0144864292	-0.0381796782	-0.1703748753	0.0044065103	0.0510431801	-0.0457987668	0.0315592478	-0.0792535983	0.0571137253	-0.102674053	0.1305162459	0.0025946636	-0.0101586574	-0.0837808	-0.0465650812	-0.0875311315	-0.0324305533	-0.0176354769	0.0408571343	0.0065968381	0.0779451779	-0.119536148	-0.0560672024	0.1648993067	-0.0061181015	-0.0960616504	0.0038856248	0.0177220954	-0.1295877321	-0.0513959592	-0.0597377969	0.0555328272	0.0221420036	-0.0278199864	0.0307178686	-0.0232114703	0.1789709791	-0.0275050258	-0.0315678731	0.0057115951	0.0151532943	-0.109816423	-0.0217245544	0.02928198	0.1224243853	-0.0324368824	0.006683437	-0.039162338	0.0162825033	-0.0436592625	-0.0698508074	0.1503470177	-0.0573901808	0.056144815	0.0145179691	0.0768669227	-0.1632696032	-0.0402767623	-0.0318038896	-0.0101838742	-0.0437640366	-0.0560981036	-0.0543442699	-0.0502770413	0.1058966202	-0.0583057138	0.0	0.0	0.0009909864290733	-0.008910381295749	7.939489483563363e-05	9.820541026074508e-07	0.3103205865632219	-0.0137028148476331	0.0001877671347485	0.0962988664449421	0.3011282572455016	-0.009063917808021	0.0906782273117129	8.215460603056049e-05	0.0014866593104944	0.0001834210208536	2.210155905479685e-06	3.36432708910134e-08	-0.0006562775606953	-2.5593726790001416e-07	6.550388510012361e-14	4.307002366721732e-07	-0.0010430167587115	-0.0002429438653548	1.0878839589530434e-06	5.902172171357977e-08	0.0	0.0	0.0
44.76094523734244	0.1144284063796021	0.0130938601865753	2003.5422185403688	46.5557768698577	-0.1565551928111475	0.0245095283961355	2167.4403599559773	45.559344264439176	0.114837843058055	2075.6538498056866	0.0131877301982264	45.882036874362704	38.44449203361676	0.921584	35.064671	0.0514016469004883	0.0277583875493231	0.0003022847	-0.0818402494	0.0487619054	-0.0887814868	-0.0343507521	0.0010074908	-0.0372951776	0.1113297672	-0.0280581981	-0.1030478612	0.014267111	-0.0110741423	0.0204584284	-0.0126619832	-0.0776531763	-0.058169295	0.0359445669	0.0144633629	-0.0443983464	0.0270371584	0.158398193	-0.0937401806	0.0386151601	0.0095456232	-0.0999916726	0.0841328618	0.0021148083	-0.1381089515	-0.0762561534	-0.0810137461	-0.0626542572	-0.0036608855	0.2139143197	-0.0426940885	-0.0458683936	0.0052080009	-0.0225330055	0.1247350349	-0.1195174042	-0.0717875528	-0.1096245389	0.0133692129	0.0412644342	0.1171136605	-0.0567397096	0.028176837	0.0594737861	0.011390249	-0.0775616543	0.1461842171	-0.0677213573	0.0602918991	0.1043413271	0.0907505317	0.1065446427	0.1070550451	-0.013588244	0.0110875566	0.0654507577	0.0626529462	0.0156921077	0.0079902082	0.0781608484	0.0716589799	0.0438387928	-0.0298591151	0.0175573551	0.0112174276	0.0335000149	-0.0997478356	0.0833567443	0.0614384001	-0.051905971	-0.1401864369	-0.0328339058	0.0194744351	-0.0917514822	-0.0725286547	0.1329524333	-0.0103030052	0.0450394078	0.0264822453	0.0072114961	0.0548275052	0.0193701856	0.070635253	0.0343291063	-0.0393329149	-0.0315722636	-0.0343954297	0.0887406502	0.0168871766	-0.148761732	-0.0835039153	0.0899370286	0.2324441104	-0.0522198788	0.1193836017	0.0755903814	-0.0028587677	-0.0069080306	0.0385693391	-0.0521099499	0.0546479277	0.132033206	-0.1113807904	-0.0877767502	0.1267478487	0.0515849368	0.0698146834	-0.0366850188	0.0100756601	-0.074797135	0.0129219257	-0.0497045092	0.0209298489	0.0482297113	0.187833065	0.0298230428	-0.0493221951	-0.0402923691	-0.029017632	0.015180049	0.0389958636	-0.0325264584	-0.195730472	-0.0549323401	0.2190440139	0.080931807	0.0099728695	0.0073371826	-0.0689389892	0.0208066769	-0.0821395412	-0.0660065928	-0.0241165856	-0.0159438839	0.0167569897	-0.0950488584	0.0197576723	-0.0161085316	0.0891045577	-0.057395851	0.010386887	-0.025504668	0.0630716067	-0.0698462595	0.0300622454	0.0531330716	-0.022487175	-0.095943699	0.0064907219	0.0709984975	-0.028222376	-0.0148817759	0.0693334373	-0.0475589265	-0.0996676834	0.0343658488	-0.0559419782	-0.0469524072	0.1055007667	-0.0644048267	0.0	0.0	0.0128972009797649	0.0119062145506916	0.0001417579449271	0.0001663377931124	0.3102747846806153	-4.580188260661089e-05	2.097812450309765e-09	0.0962704420086022	0.2894964435755014	-0.0116318136700001	0.0838081908428634	0.0001352990892536	0.0013280284521056	-0.0001586308583888	1.7636595696019956e-06	2.516374923316753e-08	-0.000656956240624	-6.786799286999812e-07	4.606064456202116e-13	4.31591502094819e-07	-0.0014400635563378	-0.0003970467976262	2.073783046292272e-06	1.5764615950529997e-07	0.0	0.0	0.0
44.75351331316452	-0.0074319241779221	5.523349698638391e-05	2002.8769538715935	47.20366093745599	0.6478840675982909	0.4197537650477067	2228.185605898309	45.64436186965631	0.085017605217132	2083.4077704881347	0.0072279931968561	46.04454377506304	38.81041523728158	0.935036	35.576485	0.028610217539041	0.0169432990185458	-0.0029905875	-0.0758971072	0.0956200414	-0.0503041859	-0.0601212783	-0.065405466	0.0540024608	0.127104456	-0.0598600491	-0.0215291058	-0.0491133238	-0.0180913952	0.0389780533	-0.0997368959	-0.0348039862	0.1727650683	-0.0179691227	0.0562891227	-0.0218810677	-0.0688861453	-0.0072182554	-0.08821722	-0.0131151776	-0.0185333058	0.0018403886	0.0737418637	-0.0900304299	-0.1081756879	-0.0611443785	0.0439001012	0.0939920896	0.0678175578	-0.0968153732	-0.0793569741	-0.0491119462	0.0069197169	-0.0289548454	-0.0460305429	0.1274075519	0.0755954641	0.0095465019	0.1424604206	-0.0342590817	-0.0301668667	-0.0964803056	-0.0239586704	0.0827203018	0.0214245645	-0.1251026699	-0.065925145	-0.0573539685	-0.0383150008	-0.0627923684	0.1954985947	0.1145572115	0.1864477069	-0.0758367558	-0.0497168513	0.0001969967	0.1011640215	0.044339708	-0.0886506314	0.0164714837	0.1146941266	-0.0146827212	-0.0295234038	0.0850856314	-0.2053559753	0.0368973263	0.0069129311	0.0180496853	0.0506602056	0.0516730238	0.0009764874	0.0326478721	-0.0635305107	0.0211846941	-0.1071478677	-0.0401009294	-0.1314870298	0.0978627143	0.0450355597	0.0084659113	0.0539984968	0.0174845508	0.0099650045	0.0112997846	0.101708745	0.0091493888	-0.0496285391	0.0731011779	-0.0975076312	0.060156762	-0.0187914248	0.0568710591	-0.0324653763	0.0817859706	0.0404680494	-0.1571439478	-0.0492451549	-0.0315070923	-0.0540494362	0.0078235625	-0.0277216202	-0.0516416706	-0.1266431082	0.0216914587	0.0537323864	0.0823812036	0.0303312256	-0.092720144	-0.0276715065	0.0951012764	-0.1269896171	0.08796055	0.0771761155	0.0982295363	0.0130854285	0.0252705148	-0.0425383552	-0.1007832312	0.0233641006	0.0183355186	0.0179215896	0.0710258277	0.0284520361	-0.1559775561	0.1121249019	0.0791927696	-0.021735573	0.0104116839	0.2112257849	-0.0532676473	-0.0621111588	0.0653148716	-0.019978784	0.0044089516	0.0412697187	-0.1186487932	0.0817219771	-0.051518172	-0.0111830315	-0.0678686643	-0.0629923331	-0.0429401604	0.0192596958	-0.0018157528	0.0325659803	0.0810052239	0.0238644302	-0.080057416	-0.0186990218	0.0379788338	-0.077782368	0.1129544071	0.0978792806	0.0940255174	-0.0115813198	0.0442302745	-0.057522261	-0.0435692762	0.1048092098	-0.0701830781	0.0	0.0	0.0074673544804539	-0.005429846499311	2.948323300607993e-05	5.576138293675493e-05	0.3102932397962092	1.845511559389612e-05	3.4059129158406774e-10	0.0962818946632277	0.2798216302674703	-0.0096748133080311	0.0783001447655448	9.360201254525576e-05	0.0013471104673903	1.9082015284700065e-05	1.8147066113525124e-06	3.6412330732552686e-10	-0.0006563016451048	6.545955192000311e-07	4.2849529375675836e-13	4.307318493672668e-07	-0.0011900581148196	0.0002500054415182	1.4162383166479802e-06	6.250272078871014e-08	0.0	0.0	0.0
44.64072903443299	-0.1127842787315316	0.0127202935289918	1992.7946887256685	47.56710872872845	0.3634477912724563	0.1320942969808269	2262.629832810674	45.59678234567448	-0.047579523981831	2079.066560278812	0.0022638111023376	46.02622171181629	38.86877730258024	0.97337	37.035027	0.0795817431524021	0.0380784111374823	0.0026197612	-0.0386179392	-0.0135328068	0.1462065934	-0.0721925339	-0.0949484183	0.1461200037	-0.022183597	-0.0297598068	0.1525508751	0.0126725565	0.0390476045	0.0425197625	0.0631453784	-0.0691065543	-0.0348403911	0.090262222	0.0791255531	-0.0441649211	0.0784720074	-0.0037885561	-0.0909908756	-0.1001569634	-0.1191184322	0.0782719525	-0.0530457042	0.1317028139	-0.0403455436	-0.012775612	0.0844289198	-0.0448981182	0.0251481576	-0.0242224525	-0.1039529759	0.0220218057	0.0773433402	0.017958542	0.1201342618	0.0809808972	0.0056249364	0.0024120358	0.0135108016	-0.1671943786	-0.0262426258	0.0419748404	-0.122152966	-0.0434481675	-0.0480762936	0.0237526264	-0.003160781	0.0590549872	0.0940997996	-0.1323431847	0.0034359387	0.0461640511	0.052038129	-0.032818388	-0.0160209883	0.0451213471	0.080125791	0.171926324	-0.0295776251	-0.0695735017	-0.0298216528	0.1187387885	-0.0447374555	-0.0206174968	0.0310857998	-0.0148945879	0.032295503	-0.0383892895	0.0059610946	0.0663665925	0.0136546041	-0.0346097805	0.0683603762	-0.0081854863	-0.0899253022	-0.1495314339	-0.0755764744	0.0668178186	-0.0189156638	0.0381316127	-0.0969376266	0.0220990931	-0.0993036918	-0.1195917783	-0.034731312	-0.0016130101	0.0464989193	0.0657519005	0.0468053603	-0.0681468028	-0.10007479	0.0419555949	-0.1009030742	-0.0619354643	-0.1063050866	-0.1112743921	0.1334237896	-0.0333113297	0.0939058233	-0.065774016	0.062521157	0.044371925	-0.0371481085	0.0860253725	-0.09766874	0.0385554708	-0.0413902335	0.0002927595	0.0621903573	-0.0056747701	-0.0076061993	2.1689e-06	-0.0106710076	-0.015538535	0.0452794221	0.1085611322	0.0129177194	0.0340939261	-0.0908112885	-0.0621148216	-0.0932025404	0.132489416	0.0885825771	0.0377676718	-0.0781092461	0.085501723	0.0432010736	-0.0353452882	0.0163313607	-0.1194160033	0.0030224373	-0.0558634384	-0.0187355652	-0.0059314336	0.0051029727	-0.0882126491	-0.090295283	0.0118587377	-0.0645975368	-0.0811779001	-0.0205229907	-0.0048523862	-0.0096422658	0.0256046918	-0.0224231552	0.0288027945	-0.0984195249	-0.0513679664	0.0010840044	0.1373171333	-0.0496495749	0.0593001417	-0.0557413344	-0.0934190386	-0.0312326692	-0.0035413187	-0.059084626	-0.0401318633	0.1038238878	-0.0756116809	0.0	0.0	-0.0018656000329997	-0.0093329545134536	8.710403995019392e-05	3.480463483128482e-06	0.3194546435422012	0.009161403745992	8.39313185970763e-05	0.1020512692806748	0.3094299881569569	0.0296083578894865	0.0957469175708144	0.0008766548569119	0.0010542276065416	-0.0002928828608487	1.1113958463944305e-06	8.578037017891896e-08	-0.0006029784493115	5.332319579329995e-05	2.843363209610602e-09	3.635830103341012e-07	-0.0009066836313922	0.0002833744834274	8.220752074345467e-07	8.030109785774579e-08	0.0	0.0	0.0
44.54260877734876	-0.0981202570842256	0.0096275848502745	1984.0439966919469	47.08648806450131	-0.4806206642271391	0.2309962228821364	2217.1373582484243	45.54116232151888	-0.0556200241555941	2073.997465594932	0.0030935870870688	45.93192809710527	38.65116914144651	0.940534	35.785686	0.0488326033710236	0.022984369476718	-0.0109026884	-0.0125634328	-0.0915311792	-0.011251347	-0.0109219972	-0.1096366428	0.047546067	-0.0917515557	-0.0343484088	-0.0017497951	-0.0278660843	0.0425427875	-0.0959160688	-0.0063199523	-0.1203128384	-0.1012515691	0.0526345931	-0.0093520751	0.0294739335	-0.0076029113	-0.072426028	-0.032512309	0.0166886551	0.0418606591	0.0267369968	-0.1267853106	-0.0379978458	-0.010461109	-0.0100616846	-0.0422143693	-0.0613065694	0.0634863104	0.0643798968	0.0414833045	0.0611684324	0.0023287206	0.096218102	0.1493217964	0.0568866493	0.0025159994	0.0696788462	-0.046611836	-0.0199449299	-0.0406076446	0.0501442756	-0.0651190651	0.0356036542	0.0247467509	-0.182090233	-0.0553914582	-0.1335347978	0.0706262189	0.0190184784	0.1075834926	0.0305401495	-0.0625578882	-0.0324438487	0.0312313869	-0.0679231707	0.0016353246	-0.0608599828	-0.0756185003	-0.0803699974	-0.1066998807	-0.0617480443	0.0611160334	-0.0384100346	0.0592331862	0.0105532088	-0.041334323	-0.1406447632	0.1166480859	0.1196841953	-0.058131368	-0.0268367104	0.0405194637	0.0139716327	-0.0419996179	-0.0763444467	0.0567914461	0.1238706935	0.0681069346	-0.0669538831	-0.0438161771	-0.0511352157	0.0210949925	0.0620301082	0.0534079927	-0.0510250564	0.0408950011	-0.0477706206	0.1903295533	0.0181632217	-0.0290227534	0.1163426057	0.0004759572	0.0105480292	-0.0421576715	-0.0113890636	0.0880933282	-0.0307909201	0.0230452361	0.0360728989	-0.1462698961	0.1788117417	-0.015971486	0.0270389713	0.020107108	0.1565644326	0.0513514791	0.0043879419	0.0014237405	0.0959310393	0.011994362	-0.0934269351	-0.0245048606	-0.0107230073	-0.0483783879	-0.0571285737	-0.0732599458	-0.0817658437	0.0772261672	0.0783454369	-0.0137048395	0.0631554542	0.0738656278	-0.0003474186	0.059831639	-0.0863596668	0.0230045107	0.0004059867	-0.1582117248	-0.136507508	0.0230712715	0.0735625049	-0.0219019082	0.0109041767	-0.0214776312	-0.1081935322	-0.0414283352	0.0754433839	0.1140597802	0.0357078783	-0.0875060423	-0.0082298414	-0.0554077101	0.0927451703	-0.1285003234	-0.0139394936	-0.0366819462	-0.0193292516	0.036069751	0.0569872115	-0.0003174564	-0.0495064772	0.0394905065	-0.2191590252	0.0934595523	-0.0334324751	-0.0606285865	-0.0366444511	0.1025475623	-0.0806635902	0.0	0.0	0.0107147151904314	0.0125803152234311	0.0001582643311208	0.000114805121612	0.3267645209596566	0.0073098774174553	5.343430785822397e-05	0.1067750521579938	0.2964868892039547	-0.0129430989530021	0.0879044754698381	0.0001675238105072	0.0012701875235909	0.0002159599170492	1.6133763450859829e-06	4.663868577194051e-08	-0.0006561072654176	-5.312881610609996e-05	2.8226711008357863e-09	4.30476743733761e-07	-0.0009575811337795	-5.08975023873e-05	9.169616277704326e-07	2.590555749265209e-09	0.0	0.0	0.0
44.4957340698577	-0.0468747074910638	0.0021972382023727	1979.870350415495	46.75793865486816	-0.3285494096331476	0.1079447145702898	2186.3048272524143	45.36568468833456	-0.1754776331843217	2058.045347241393	0.0307923997479713	45.76273567769525	37.871684928109325	0.941665	35.828724	0.064223165365286	0.0323840220157146	-0.0302622115	0.0298735949	0.0529844874	-0.0972266089	-0.0398211952	-0.0842334603	0.0020370864	-0.0067969993	0.0102861086	-0.0169005738	-0.0791887298	0.1195859062	-0.0213096627	-0.1023193297	0.0334442872	-0.0899307715	0.0083709344	0.0355584471	0.0817496066	0.0579697446	0.0894974423	0.1167471266	0.0477393735	-0.0582715298	-0.0243871095	0.0218026838	-0.0109231225	-0.0944415022	-0.0691429164	-0.0802135863	0.0981489242	0.077312383	0.1080017665	-0.0238687095	-0.0600846586	0.0141949969	-0.065480773	-0.0691086492	-0.0466863984	0.136862341	0.1910644556	-0.0489518755	0.0027635454	0.0764833601	-0.0174377851	0.0513621008	0.0294233572	0.1302735421	0.02205624	-0.0704310973	0.0018332447	-0.0135602663	0.0727248899	0.0009348983	-0.1507636943	-0.0833119272	-0.0081300217	-0.0512107994	0.0280850833	-0.0131325692	-0.0193571002	0.0298358932	-0.0814312308	-0.0114011266	-0.0312133657	0.0220227524	0.0460843718	0.070608398	0.0898350883	0.039716975	0.0051722242	0.0403913284	0.1211033259	0.0720831847	0.025926806	0.0262493165	-0.0748755956	0.0557229189	0.0176074508	-0.032400743	0.095720179	-0.0686319176	-0.0774183828	0.059109344	0.0314527838	0.1011209481	-0.14451564	0.0437664308	-0.0531314308	-0.0860952777	0.0575117963	-0.0033484895	0.073591403	-0.0211330597	0.0399492985	-0.0063524939	-0.1876142912	0.1352501869	0.0917408348	-0.076384261	-0.0590858633	-0.0188006691	0.0799396353	-0.0464519198	-0.0309652052	0.0463302224	-0.0524272739	-0.0755283424	0.0025280574	0.0657057388	-0.0537709877	-0.0604082399	0.0340426932	-0.0445337621	-0.0036086283	-0.0399481917	-0.108531866	-0.0584592272	0.0578825327	0.0008921434	-0.1019220147	0.0288728967	0.046677967	0.1091288456	-0.0723162045	0.013367087	-0.0006625319	-0.0526742901	-0.0360063894	-0.1253173961	-0.0339385913	0.0910579412	-0.0379873852	-0.0349257546	-0.095394177	-0.0121526517	-0.0039003165	-0.0678376833	-0.113258426	0.0855679491	-0.0619733861	0.0574325215	0.0254755858	-0.1086317379	0.0172357431	-0.1087945818	0.0373188666	-0.0440781374	-0.0216310551	-0.0353965048	-0.1037489582	0.1064151339	0.0442565454	0.1032516205	0.0834679599	-0.033880914	0.0689303775	0.1019342985	0.0215986563	-0.0621536617	-0.0331113845	0.1009838109	-0.0853136375	0.0	0.0	0.0170545789486169	0.0063398637581855	4.019387247235399e-05	0.0002908586631146	0.3199034119558064	-0.0068611090038501	4.707481676271393e-05	0.1023381929809663	0.3006476068995951	0.0041607176956403	0.0903889835344534	1.731157174281482e-05	0.0008209827658755	-0.0004492047577153	6.740127018645861e-07	2.0178491435415118e-07	-0.0007925381012436	-0.0001364308358259	1.861337296418096e-08	6.281166419228107e-07	-0.0013091750383903	-0.0003515939046108	1.7139392811442432e-06	1.2361827375946832e-07	0.0	0.0	0.0
44.544016383838205	0.0482823139805077	0.0023311818433123	1984.1693956036463	46.636665301663534	-0.1212733532046286	0.0147072261974946	2174.9785504593874	45.41430580567341	0.0486211173388468	2062.459171811221	0.0023640130512779	45.77690143739589	37.62574852236456	0.93467	35.562584	0.0714567594636546	0.0401452344033387	-0.0326525718	0.02561099	0.0818739397	0.0688279978	-0.0035501202	0.0339762989	0.0025434892	0.0986107954	0.0275041814	0.0359448694	0.0401501284	-0.0107868917	-0.0277629486	-0.0034157324	-0.0009633127	-0.0650690168	0.0294506416	-0.0242226318	0.0504714617	-0.0768049639	0.0137242858	0.0438499317	-0.0079633834	-0.0050662894	-7.47703e-05	0.0872116978	0.0533451494	0.0672852852	-0.0174595782	0.030440544	0.0167758946	-0.0489735539	0.1881494822	-0.0977475131	0.0687373954	0.139167194	0.0430813748	-0.1119742765	0.1654408297	0.0119031563	0.042214943	-0.0196459406	-0.0194184048	0.0337754288	0.0755783486	0.0704526782	0.1138159125	-0.0096984828	-0.1291308199	0.1315473401	0.0242600795	-0.0497436263	-0.0983942316	-0.0366867922	0.0662536525	-0.086703209	-0.0235145932	-0.0578039795	-0.0322327032	0.0627144149	-0.0307453188	0.0763862553	0.0351206996	0.0801367859	-0.0903395468	-0.0580536566	-0.0520697185	0.0156082603	0.0800059939	-0.022903747	0.0811847953	-0.0521825481	-0.0522661732	0.009244926	-0.0127482202	0.1456891426	0.0090939216	0.0291800652	0.0290872317	-0.0271597409	-0.0775208434	0.0083261385	-0.0054729898	0.0279384705	0.1035390664	-0.0286452527	-0.0273236163	-0.1716190081	0.0712705964	0.0416829399	0.0589492575	0.0460648401	0.0651304715	-0.1480989784	0.0742092202	-0.0373086993	0.0250847404	0.1222763047	-0.0215255325	-0.0622950028	0.0927051135	0.0342327654	-0.096070506	-0.0772709675	-0.1465520919	-0.2171023358	0.0258231803	0.0636878259	0.0636874389	0.0589478072	0.0837984143	0.0142650505	-0.0267599096	-0.0068204369	-0.129429645	-0.0298075051	-0.1173437011	-0.0016396695	0.0952223834	0.026960705	0.0816640385	-0.0729714083	0.1216062155	0.0616928096	-0.017504374	-0.026527669	-0.0358674076	-0.0622807484	-0.0678296772	-0.0738885277	0.0912759845	-0.0533820659	0.049683469	-0.0223260331	-0.043495016	-0.0082781322	0.020514459	-0.0374272123	-0.0737985385	-0.0357139277	-0.0601586354	-0.0950015383	-0.0291141135	0.0569044685	-0.0362352441	0.011890183	-0.007025643	-0.0499352068	0.0165627168	-0.0824689978	-0.1005970381	0.0050470193	0.0752326737	-0.0505887527	0.0386636233	-0.0760047009	-0.006802116	-0.0094800481	0.0202730282	-0.0636593764	-0.0295370653	0.0991370163	-0.0895386565	0.0	0.0	0.0045959624750082	-0.0124586164736087	0.0001552171244364	2.11228710716835e-05	0.3270662646191198	0.0071628526633134	5.130645827633589e-05	0.1069723414519041	0.3184880231179576	0.0178404162183625	0.1014346208695847	0.0003182804508444	0.001440009218943	0.0006190264530674	2.0736265506408286e-06	3.831937495973297e-07	-0.0007819059893368	1.063211190679991e-05	1.1304180359871641e-10	6.113769761607601e-07	-0.0012589361211972	5.0238917193099874e-05	1.5849201572550512e-06	2.5239488007351462e-09	0.0	0.0	0.0
44.57420571017586	0.0301893263376555	0.0009113954247214	1986.8598146930744	46.57530290936376	-0.0613623922997774	0.0037653431887517	2169.258841098988	45.455878502982	0.0415726973085952	2066.2368904778614	0.001728289161512	45.77549911720776	37.82926441177609	0.908224	34.556351	0.035582285466239	0.019440304843235	-0.019706774	0.0037767023	0.0328011852	0.0843145806	0.0042664772	0.0885017716	-0.0275047732	0.0478754437	-0.0083122745	0.0162906027	0.1064143465	0.0250382871	0.0024133697	-0.0830792265	0.08410466	0.0326065504	-0.0671564134	-0.1383192289	0.0145496661	0.0672562547	-0.029385461	0.0218744282	0.0503102834	0.0133835037	-0.0893984802	-0.0296240301	0.1526823911	-0.0082031318	0.0170162354	0.0608148493	-0.0261356756	-0.1221184002	0.1302219162	0.093727417	-0.0193584218	0.1340852603	-0.0108857704	0.0023078947	-0.0584960024	0.0667070374	0.0474738207	0.0716112105	0.0433101119	0.0484943134	-0.0496483136	0.0441701576	-0.0645390047	-0.0086289549	-0.0344572407	-0.1072418556	0.047478976	-0.1196359281	0.0626277509	0.0656144709	0.1212380209	0.0874347695	0.1151732289	-0.0268246881	-0.0443517865	0.0763402124	0.1277821626	0.0586839929	0.1075134162	0.0060709494	0.1195194478	-0.1175963856	-0.0145914956	0.031309363	0.1167319402	-0.0560046427	-0.0812103235	0.1220433052	-0.0247563379	0.1008702045	-0.1256406923	-0.1267253696	0.0231168978	0.0392434713	0.0429214946	0.0290083547	-0.1324926222	0.011037027	0.0725472364	-0.0199149454	0.0997106011	-0.0757215808	-0.0590400199	0.0771034888	-0.0049993911	0.0134550737	-0.0163446329	0.0787395111	0.0724534905	-0.0745398966	0.111676933	0.0487012042	-0.1713153158	0.0556307075	0.0728697207	0.058368425	-0.0291642127	0.0217855264	-0.0228143688	0.029919975	0.0057032925	-0.0347357448	0.0665621922	0.0389548723	0.0512844082	0.0033549753	-0.1340386096	-0.0526468643	0.0077573069	-0.1834226264	-0.0454343266	0.0881029447	0.0917950343	0.0027856966	-0.0413695663	0.0446889341	0.0210723735	-0.1154726779	-0.0026541513	0.051416465	0.101088195	-0.0537439614	0.1423373201	0.1201996697	-0.0497541897	-0.0686742431	0.0707127944	-0.028048575	0.0508681291	-0.0217712173	0.1235917571	-0.0099375997	-0.0004473765	-0.0241572013	-0.0457888174	-0.0844935122	-0.0759342441	-0.0742808822	-0.035722253	0.0297807735	-0.0413449836	-0.0020433446	-0.054602315	-0.0294849915	-0.0041073222	-0.0930642336	-0.1233169617	0.0345981172	-0.0145337905	-0.0570332282	0.1330784047	0.0239107969	-0.1620848575	-0.0211570344	-0.0612235318	-0.0651452616	-0.0259259465	0.0970123549	-0.0933175984	0.0	0.0	0.0046008213089834	4.858833975200476e-06	2.360826759856246e-11	2.116755671719573e-05	0.3272952931578317	0.0002290285387118	5.245407154449587e-08	0.1071222089232709	0.3248016702718246	0.006313647153867	0.105496125011367	3.986214038353297e-05	0.0017400363917492	0.0003000271728062	3.0277266446115755e-06	9.001630442208149e-08	-0.0006572318327726	0.0001246741565642	1.5543645314994665e-08	4.3195368200963083e-07	-0.0014149298106205	-0.0001559936894233	2.002026368982564e-06	2.4334031139892985e-08	0.0	0.0	0.0
44.62949538868287	0.0552896785070089	0.0030569485494084	1991.7918586484652	46.96820803788992	0.3929051285261664	0.1543744400221633	2206.0125662905075	45.50834652453053	0.0524680215485275	2071.00960339675	0.0027528932852167	45.85427450765311	38.71855294133422	0.942385	35.856102	0.048572934612525	0.037437784218773	0.0062885921	-0.0442143482	-0.0916506523	0.0682619294	-0.0244462879	0.0468073959	0.0083633976	-0.0308601242	-0.0225282338	0.0181762796	0.1169765094	-0.008426474	-0.1004268711	0.026898306	0.0007679054	0.0595556309	-0.0170715859	-0.0730038972	-0.0143271883	-0.0763818002	0.0202436148	0.0109488955	-0.0570378579	-0.0198989623	0.0189793316	-0.0275189732	0.1457659023	-0.0050442593	0.1530592577	-0.094588154	-0.0366467591	0.0475867184	0.1023286017	0.0980011936	0.1620507435	0.0283775317	-0.1921896222	-0.0443769929	0.0329726422	0.0410583957	0.0503311834	0.0012412832	-0.0199329896	-0.0543642546	0.0923205058	0.0514265396	0.0905546505	0.0013752254	-0.006752186	0.0503409989	-0.0717935229	0.0813977686	-0.1198575469	0.0844912836	-0.1599263023	0.0043465062	-0.0145440346	-0.0320922092	-0.0235688923	-0.070932493	-0.1279735229	-0.0058652267	0.0211429381	-0.0017446108	0.0042739454	-0.004919989	-0.103699004	0.0107342648	0.1346277709	-0.0209028773	-0.0951558756	0.0071641375	0.0546070705	0.0852443368	-0.0379341669	-0.083833387	-0.0100116306	-0.0173536786	-0.0327070508	0.0911820149	-0.0795777643	-0.0260191761	0.0397636562	-0.0421614158	0.0513239059	-0.0321530523	-0.081484488	-0.0874422813	-0.1169928139	-0.0431046932	0.0197744296	0.1105473029	0.0822232427	0.113694478	-0.0400195386	0.0582017793	0.0487355408	0.1538324277	0.0123968401	0.0946913153	0.0679914397	0.0089709561	-0.0782802166	-0.0947421714	-0.0715267853	0.0064962593	0.0271787425	-0.1222858583	0.0880806733	0.0689054632	0.0822568713	0.0344538178	0.1059357999	0.0608237012	-0.0607164381	-0.0481181273	0.1277347133	-0.0494318258	-0.0933493219	-0.0085409376	-0.0289346572	0.0003187115	0.0491102659	0.1324876802	0.1073291292	-0.0065550667	-0.0889441643	-0.0470888421	-0.0869990026	-0.0896951973	-0.0229826914	-0.0420526821	0.0346664739	-0.0747883115	0.0368685922	-0.0166214587	0.0365796382	-0.0057693009	-0.0826544009	-0.0885491684	0.0532436831	-0.019319936	0.0013063175	0.0033750781	-0.1052838459	0.0331661292	0.0052869967	-0.0511713985	0.0645149162	-0.0493114441	-0.0100332704	0.0752210231	0.0746537047	0.0558843932	0.1851093961	-0.0510969777	0.1664181977	-0.0542369917	0.0956459589	-0.0666108546	-0.0222825273	0.0946157819	-0.0966316368	0.0	0.0	0.0044619756228883	-0.0001388456860951	1.927812454721913e-08	1.9909226459249436e-05	0.3268353222522364	-0.0004599709055952	2.115732339941578e-07	0.1068213278717232	0.3340366854963292	0.0092350152245045	0.1115805072573735	8.528550619683165e-05	0.0010230554333136	-0.0007169809584356	1.046642419632478e-06	5.140616947592317e-07	-0.0006561955036836	1.0363290890000234e-06	1.0739779807076184e-12	4.305925390545735e-07	-0.0013581650422185	5.676476840200018e-05	1.84461228190438e-06	3.2222389317327174e-09	0.0	0.0	0.0
44.5644241151066	-0.0650712735762724	0.004234270644838	1985.9878967110944	46.79374329336397	-0.1744647445259559	0.030437947082507	2189.6544114052454	45.47922804306965	-0.029118481460884	2068.3601833935327	0.0008478859625878	45.87922342916549	38.508277020429375	0.936115	35.617554	0.0513854002441815	0.0261207419311398	0.0057591311	-0.0202083986	-0.0488616224	-0.0833840736	-0.0245125817	-0.046292125	0.0027025479	-0.0718837878	0.0047492412	-0.0539613681	-0.0398062456	0.1340930456	-0.0744545949	-0.0149820386	0.0190958089	-0.0634062401	0.0309273229	-0.0276506869	-0.0150928124	0.0373842256	-0.0902243406	0.0100274787	0.0619718272	-0.0729497757	-0.0504997754	0.0016971233	-0.0497252486	-0.0882704116	0.0657795501	-0.0611409204	-0.0506960184	-0.0117046393	-0.0990215447	0.120948523	-0.0043833145	-0.0241321373	0.052415429	-0.0036406024	0.0887650504	0.0199317596	0.0398925321	0.0307897912	0.0985705923	0.0072887278	0.0396914617	0.0340001875	-0.0233934843	0.0560174389	0.048121136	0.0343397292	-0.0305495133	-0.0694580244	0.0382853598	-0.0333675464	-0.0045856572	-0.0309337162	0.0103903546	-0.1040136133	0.0570941723	-0.1380428637	0.0553449502	0.00288664	0.0473239602	-0.0405371029	-0.0954422331	0.0199925281	0.0947410084	0.0412457309	-0.0086585141	0.0861103313	-0.0284829649	-0.0106573396	-0.0536915731	0.063765375	-0.1084532109	0.1276702642	-0.0003415271	-0.0176626153	0.025061777	0.0575534322	0.0717261661	-0.0218832655	-0.0034782384	0.0839004901	0.029067188	-0.006264934	0.0137851201	0.138405641	-0.0823578099	0.0984200887	-0.0524554749	0.1020622101	0.0049397181	-0.0484446542	0.0048746872	0.0144674649	0.0416026203	-0.0545679334	0.0080921498	-0.1250224962	0.0462752273	0.0297793765	0.0217406797	0.037998562	-0.0810748618	0.013361295	-0.037185158	3.20572e-05	0.0463059972	0.0233883403	-0.0088566944	0.0238076399	0.0082381725	0.0281208516	-0.0196624067	-0.052011303	0.0294761986	-0.0709098677	-0.0086123225	-0.0552952659	-0.0520509945	-0.0345045711	-0.0154659745	0.0016375355	-0.1379649996	0.0311481473	0.0432709221	-0.0135030517	0.0559336245	0.0747023726	0.043145223	-0.1575847085	0.1226133869	-0.0218107163	0.0324172762	-0.0159296353	0.0082661002	-0.017693637	-0.0423747843	-0.0257856699	0.0220549823	0.1140177569	-0.108831241	0.0008253552	0.0136944574	0.0591449042	-0.0071447891	-0.1063634054	0.020286687	-0.0890761368	-0.0694981825	-0.0627497569	-0.0024052807	-0.0326951053	-0.0186424829	-0.0484453086	-0.0792792117	0.0505224037	-0.0488432645	-0.0680556987	-0.0186113467	0.0919540145	-0.0994642612	0.0	0.0	0.0044839488617753	2.1973238887000243e-05	4.828232271851797e-10	2.010579739501601e-05	0.3469901651270106	0.0201548428747742	0.0004062176913068	0.12040217469487	0.3281240321980689	-0.0059126532982602	0.1076653805059193	3.495946902542835e-05	0.0011443655717512	0.0001213101384376	1.309572561809451e-06	1.4716149687749689e-08	-0.0007909208762899	-0.0001347253726063	1.815092602390637e-08	6.255558325511833e-07	-0.0016080481478198	-0.0002498831056013	2.5858188457066893e-06	6.244156646495049e-08	0.0	0.0	0.0
44.53985436360588	-0.0245697515007137	0.0006036726888068	1983.798626731222	46.7866874225847	-0.0070558707792685	4.978531245373511e-05	2188.9941199786454	45.4639349781737	-0.0152930648959497	2066.9693836996057	0.0002338778339117	45.81648476918539	37.83008129233763	0.992259	37.753735	0.1168880258924039	0.0594228056780583	-0.0032541367	0.0386944923	0.0903591482	-0.0055009594	-0.0678094394	0.0022901053	-0.0190015691	0.0135418255	-0.015391105	0.0507212575	-0.0725182502	0.018444164	-0.0408430762	-0.1534001907	-0.1006562224	0.0010363943	0.0532535953	0.0991103694	-0.0919369498	-0.0169478942	0.0896067962	0.0237476769	-0.0308523087	-0.0315075253	-0.0380163091	-0.0337722535	0.0581323324	-0.0430527587	-0.0714003171	0.0787131235	-0.046708699	0.0390504365	0.0173936355	-0.0231176722	0.0116685736	-0.1471098602	-0.0780723839	0.103451492	0.1256605919	-0.0289212987	-0.0529948513	0.0163366688	0.0395197099	0.0509022608	-0.1112922634	0.1892926255	-0.0764759027	-0.0042959133	-0.001709622	-0.0507154091	0.0053334916	0.0920060345	-0.0114274014	-0.058808601	0.045946051	-0.0670726375	0.1993316552	-0.0839944364	-0.0843060024	0.041682192	-0.0170484611	-0.003190459	-0.1669884553	-0.0668478394	0.0495465746	0.0099843267	0.016287253	-0.0365431341	-0.0097282183	0.0251998749	-0.1345064051	-0.1379347034	0.0435127984	0.0458966308	0.1028588745	-0.0163948588	-0.093356545	-0.0130485022	-0.0119786284	-0.0207256682	0.007847905	-0.0635908549	0.0240541122	0.0708591872	-0.0503907862	-0.0755074394	-0.0223783483	0.0263280069	0.0386588792	0.0010952207	0.0824296285	-0.0780365403	-0.0090615294	-0.0003694089	0.0392754249	0.1832696003	0.1024619157	0.0980792305	0.027432193	0.05778427	-0.0741344875	0.0320148924	0.0157598249	0.0891193645	0.0721918361	0.0741820794	-0.022545435	-0.1180756552	0.1173551563	0.149837438	0.0484873306	-0.1276970794	0.0266040213	-0.038217803	-0.0019306827	0.0705844953	-0.0231373984	-0.1129486452	0.0359735981	0.0749510912	0.1135156447	0.0686470175	-0.0739328849	0.012249569	0.0428293581	-0.0155563829	0.0239502815	-0.1231719698	-0.0068287835	0.0330238305	-0.1262437179	-0.1588106645	-0.1884135194	-0.0144141966	0.0536384418	0.0428463885	0.0758317844	-0.0176173475	-0.0957435564	0.2091276737	0.090908323	-0.1450511648	0.0406891635	0.1198795935	-0.084911941	-0.1199154324	-0.0480165682	-0.0954829581	0.2056635247	0.165515584	0.0055267915	-0.0140158995	-0.0476991878	-0.0506624917	0.0618686302	-0.0049079711	0.0332428854	-0.0209201925	-0.0449750854	-0.0694793439	-0.0149169788	0.0890345132	-0.1018013597	0.0	0.0	0.0377524655219048	0.0332685166601295	0.0011067942007653	0.0014252486529826	0.3277274997844017	-0.0192626653426088	0.0003710502761013	0.107405314114935	0.3203686736867084	-0.0077553585113604	0.1026360870797806	6.014558563973175e-05	0.0020549394562269	0.0009105738844757	4.222776168758108e-06	8.291447990891654e-07	-0.0006582449707692	0.0001326759055206	1.7602895905737696e-08	4.33286441542945e-07	-0.0016968280653895	-8.877991756970011e-05	2.879225483493473e-06	7.881873763682746e-09	0.0	0.0	0.0
44.34779574726474	-0.1920586163411428	0.0368865121108743	1966.7269876411128	46.22514323480837	-0.5615441877763274	0.3153318748253753	2136.76386707855	45.28229243025488	-0.1816425479188197	2050.486007739118	0.0329940152144407	45.7134616043394	36.90035348770813	1.161926	44.209286	0.3264867936696767	0.1623594492657935	0.1630754377	0.2079182445	-0.022293083	0.0727296266	-0.0610016077	0.0673835834	0.0670983964	-0.1139220502	0.1937107726	-0.048568489	0.0135021614	-0.2611095454	0.0848213701	0.083514651	0.1866634392	-0.1697356654	-0.187250716	0.1571861479	-0.2499383049	0.0220309905	0.0179660465	0.2446857733	-0.1501068694	0.0578827889	-0.0510454349	0.0544467075	-0.1424615418	-0.006970762	0.0687980972	0.009602788	0.2084617771	-0.0102406978	-0.0786085699	0.0201582778	-0.0341562358	0.0491392299	0.1296492823	-0.1032122945	0.0227787844	-0.0436374161	0.0280763009	0.0606655125	-0.0946724178	-0.1477034466	0.0053204699	0.0191908472	-0.0691033059	0.0610034789	0.1699948689	0.1444007158	-0.0044042785	-0.0392302792	0.0531771993	0.0611802454	0.1595179433	-0.0550231719	-0.1010476262	-0.0704907614	0.0339287314	-0.0686962255	-0.0811328371	-0.0043532445	-0.041323385	0.07955536	0.1200070169	0.0945527438	-0.0812939016	-0.0551854284	0.0720807465	-0.0013303026	0.0263842592	-0.0530223394	0.0352945224	-0.1854869585	0.0852804216	-0.0938425843	-0.1130387215	0.2412053173	-0.1078071617	0.0008034026	0.0497367871	0.0568452338	0.1223034698	0.018613576	0.2330050309	0.1455621451	0.0479367443	-0.0184405719	0.0753669997	0.0966090995	0.0271840101	-0.0493530048	-0.0411297744	0.1653705759	0.0648680272	-0.0263794078	-0.0213144299	-0.1140382425	-0.0395515953	-0.2599207056	0.0147231873	-0.0856151417	0.0485098501	0.0269226734	-0.1298862142	-0.1069034042	0.1203452341	-0.0454576535	0.0280967659	0.0648493808	0.0911042276	0.0058128792	-0.010005075	0.035224432	0.1189097735	0.0316453887	-0.0561684399	0.0856039963	0.0179523692	0.0417214189	-0.1524599673	-0.1046354006	-0.0234564379	0.0225518195	-0.0174527479	0.0335861298	0.0036875296	0.0860922436	-0.0909367497	0.0136006377	0.0285834249	0.0593490128	-0.1398031827	0.024930648	-0.0734980683	0.2307737617	0.1599887764	-0.0247714184	-0.0698241593	-0.0415668728	0.0372206911	-0.0925236703	0.0753131193	0.0571326864	-0.2651305623	-0.2223705781	-0.1391304399	-0.0133380668	-0.1065270365	0.1115704931	0.4483171018	-0.068171986	0.2278176018	0.2279151242	0.0220887049	0.0734355987	0.0400119562	0.0454013391	-0.2085820883	-0.0708813468	-0.0112040262	0.085865461	-0.1036312889	0.0	0.0	-0.0370466929559967	-0.0747991584779015	0.0055949141090022	0.0013724574589758	0.273467628505017	-0.0542598712793847	0.0029441336312553	0.0747845438401579	0.2275371421746328	-0.0928315315120756	0.051773151068999	0.0086176932428774	0.0040840088235936	0.0020290693673666	1.667912807119038e-05	4.117122497585899e-06	-0.0006064459775647	5.1798993204500016e-05	2.683135696999839e-09	3.677767237044048e-07	-0.0016857717779544	1.1056287435099984e-05	2.8418264873475394e-06	1.2224149184754978e-10	0.0	0.0	0.0
44.66155863244428	0.3137628851795426	0.0984471481161908	1994.6548194792583	46.71391317084596	0.4887699360375919	0.2388960503741916	2182.189683733336	45.478177132898445	0.1958847026435677	2068.264595331287	0.0383708167297589	45.81969210152419	37.82311456065791	1.098983	41.814404	0.1862276155029017	0.0810538184317707	0.1047858177	0.0917434759	0.0478580262	-0.0104306946	-0.0130992034	0.0466076897	0.0333124389	-0.0217537279	0.0711334202	-0.071680963	0.0742609284	0.0259569527	0.1103847026	0.0642749508	0.0697578481	0.0406770289	0.0446163474	-0.0664534839	-0.1417389556	-0.0321002927	-0.1747954999	0.0699570795	0.0397727107	0.0934082333	0.0718754066	-0.0187932104	-0.0965829792	0.1078304225	-0.0302212095	0.123208104	0.0134008586	0.0803039674	0.1142737787	-0.0570981799	-0.0070493709	-0.0191224978	0.1348018837	0.0774069345	-0.0213850808	-0.0242541059	0.0141608121	-0.0334699531	0.0212806597	-0.0671316634	0.1117443849	-0.182997179	-0.1234257212	-0.0788593438	0.0348075929	-0.0353238679	-0.0084244282	-0.1270078158	-0.0685797136	-0.0435139849	-0.0911433325	-0.0287051426	0.1080015568	0.1706952598	-0.0035667247	-0.0969982346	0.0335364723	0.0723995378	-0.1541135987	0.0021486287	0.0119048865	0.0642246245	0.0750287002	-0.0087114528	0.1296858632	-0.028097343	0.0746495313	0.0671862099	0.1122666061	-0.0354341332	-0.0312164354	0.1250408021	0.0366803529	0.1366185311	0.0472201912	-0.0243832565	-0.0843107509	0.0838957007	-0.0473853694	0.0798512815	-0.0540464119	0.0474239055	0.0567705724	-0.0447897668	0.1816785523	0.023013214	-0.0150716534	0.0363500705	0.1189498884	0.0295923142	0.032531161	-0.0751116508	-0.0351540301	-0.208421143	0.0218943591	0.1591077906	0.0326775802	0.1445143805	0.1201590613	-0.0452295363	0.0967527954	0.0897681683	-0.0320813799	0.0052668309	0.1108176154	-0.0562658346	0.0590627468	0.1472716158	-0.1936800376	-0.0233679001	0.0039464385	-0.1119165342	-0.074194303	-0.1552816897	-0.0348437127	0.0101721402	0.0453165721	0.0130400086	0.0735373138	-0.0608901723	0.0501431085	0.0286953595	-0.0614240995	0.0925758514	-0.0261658774	-0.0230696523	0.0035460916	-0.0550683115	0.0432553916	-0.0170344047	-0.0311210058	0.1154049963	0.0069623222	-0.0052141433	0.0656264679	-0.0345096647	-0.0490289908	-0.0425693968	-0.075097261	0.0812660404	0.0856644158	-0.1206802345	-0.1251042973	-0.0720125545	-0.100497118	0.1079101269	-0.069845461	-0.1294160352	-0.0338534869	0.0334156573	-0.1378762294	0.0153280183	0.066092946	-0.0844154545	-0.0784273184	-0.0722612707	-0.0074771147	0.0824557403	-0.1049449322	0.0	0.0	-0.0128507698574509	0.0241959230985457	0.0005854426945907	0.0001651422859291	0.3124915871636347	0.0390239586586176	0.0015228693493895	0.0976509920480474	0.2494951771287361	0.0219580349541032	0.0622478434104993	0.0004821552990456	0.0029778248663387	-0.0011061839572548	8.867440934585097e-06	1.2236429472881096e-06	-0.0010883698259975	-0.0004819238484328	2.322505956882804e-07	1.1845488781418286e-06	-0.0012528856078094	0.000432886170145	1.56972234625593e-06	1.8739043630280595e-07	0.0	0.0	0.0
44.81464546602326	0.1530868335789748	0.0234355786152367	2008.352448245359	46.957177062611	0.2432638917650393	0.0591773210366727	2204.976477689401	45.55130905423846	0.0731319213400141	2074.9217565547465	0.005348277918882	45.8832121091875	38.63840959000149	0.976644	37.159603	0.0414474353132254	0.0225677944530204	0.0965622226	-0.0088912398	0.0647119001	0.0779260153	-0.0160000797	0.1020848693	0.0461429015	0.0917865716	0.0105037082	0.0066011161	0.1440849346	0.0172549287	0.0180869159	-0.1128826426	-0.0024318339	-0.0110491215	0.1731409928	0.001041915	0.0311416669	0.0598714226	-0.0241615094	-0.0388098136	0.0074376081	0.1501880341	0.0706377651	-0.06316318	0.0395554454	0.1584125887	0.0371615326	0.0625125193	0.0447430846	0.0826772909	0.0334254983	-0.0417962286	-0.1100448913	0.0830203415	-0.0340988292	0.1541597971	-0.0308255335	0.0298544053	0.0114265586	-0.0678345202	-0.0553869334	-0.0695900494	-0.0770559075	-0.0333386379	-0.0775976964	-0.0385816969	0.0807621598	-0.0545810848	0.0612826176	-0.0172881741	-0.032637671	-0.0101099146	-0.1401531037	-0.0994078663	0.0196777035	-0.0030680117	0.1093747723	-0.0317482278	-0.0307137212	-0.0114437983	-0.0660030937	0.0332165774	0.0054630544	0.084556629	0.2056627795	0.0735911318	0.0427425327	-0.0649939964	0.0607826947	0.0353827171	-0.1522267504	0.1127009034	0.0566164674	-0.0354024777	0.0271126968	0.0603495929	0.007407626	-0.0564175191	-0.1562510082	0.1448320869	-0.035511153	-0.0730129206	-0.0904216555	0.0540915848	-0.0462630556	-0.0306615051	0.0169917911	-0.0310975894	-0.021624402	-0.0958092816	0.0482161019	-0.0493503545	-0.092416272	-0.0121365856	-0.0474245035	-0.0545757169	0.0056423154	0.1963494216	0.0316884557	0.0806040678	0.0543569425	0.0339031852	0.0878169805	0.086589039	0.0715597662	-0.0237067656	0.021770276	0.0468485985	0.0517834052	-0.0188029062	0.0304967127	0.1641500781	-0.024720363	0.0901824798	-0.1615596091	-0.0906713624	0.0051584429	0.0253090636	-0.0635709223	0.0023290098	0.0037338944	0.1166575684	0.0096125917	0.0558945578	0.0148627481	0.0403935509	0.1041415542	0.1460874549	-0.0480685151	-0.0038031307	0.2251561573	-0.1002345345	-0.1921670678	0.082652828	-0.0061528744	0.0212616745	0.0128276803	-0.0591101839	-0.0560148047	-0.0889407589	-0.0530591724	0.0634682761	-0.0570991643	-0.0525569746	0.0251575026	0.0195893803	-0.0171403774	0.0180406656	-0.0385897448	0.1573269585	-0.0821500052	-0.0835586411	-0.178620644	0.0947363612	0.0010503233	-0.0059938743	-0.1259799447	-0.0736186857	-0.0037408877	0.078814908	-0.1057357452	0.0	0.0	-0.0172992899139643	-0.0044485200565133	1.978933069320197e-05	0.0002992654315273	0.3184455579077792	0.0059539707441444	3.54497676221286e-05	0.1014075733511967	0.2313673893773185	-0.0181277877514176	0.0535308688672757	0.0003286166887604	0.0030239448417799	4.611997544119988e-05	9.144242406127265e-06	2.12705213469688e-09	-0.000889415955686	0.0001989538703115	3.9582642511925176e-08	7.910607422288407e-07	-0.0012661548972797	-1.326928947029994e-05	1.6031482239053678e-06	1.7607404304661287e-10	0.0	0.0	0.0
44.57794286899103	-0.2367025970322274	0.056028119441801	1987.192990431028	47.04346061407865	0.0862835514676447	0.0074448512538697	2213.087186548369	45.48830743517195	-0.0630016190665117	2069.1861133167195	0.0039692040050018	45.86660206677547	38.79479091016092	0.991544	37.726517	0.1059917182135743	0.0505250332508486	0.077920182	-0.012600385	-0.0782121713	0.0215338674	-0.0531528255	-0.05439426	0.1146623331	-0.0474826035	0.0296678429	-0.0260445589	-0.0191157651	-0.0322107212	0.0366385032	0.1549179508	0.0801229673	-0.0676324501	0.0854041124	-0.0848134013	0.0563607302	0.0548609971	-0.0249868805	0.0274623965	-0.0400965727	0.0538233541	-0.0133659227	-0.0676687399	0.0165674316	0.0007095225	-0.0425357056	-0.0996269053	0.0215783267	-0.1384916809	0.0829255381	0.0193688899	-0.0651664356	0.0849120769	0.0188793901	-0.027505645	-0.0296152203	-0.0142690153	0.0307118692	-0.117852651	0.0818831982	0.065349364	0.0363746431	0.069586778	0.1471043803	-0.0095942554	0.0130608985	0.0677133638	-0.0279039252	0.1049286291	-0.0164630614	-0.0318090276	-0.0579305485	0.0980775958	0.0831872752	0.051003939	-0.0143956987	-0.1447045218	0.0452813587	0.025647076	-0.0780966824	-0.0659779625	-0.0467712227	-0.0155992345	0.0405794719	-0.1362064511	-0.1145051524	-0.0176308807	-0.0777631928	-0.0315887407	-0.0057607366	0.1132535855	-0.1242118624	-0.0360460387	0.0346473145	0.0286184183	-0.0350026955	0.0685212759	0.0025673579	0.0461562579	-0.0467612046	-0.0898945064	0.0144331918	-0.0533066751	0.0580180171	-0.0448336836	-0.0479093137	-0.0524782357	0.0136174702	0.0603200798	0.0336445973	-0.0646660271	0.1117621728	0.0720883092	-0.0753036767	0.0940639562	0.0753430796	0.0299295473	-0.1067243019	-0.11777636	0.0129390994	-0.0083723148	0.0173286958	-0.0385958255	-0.0231535685	0.0769340173	-0.0095233413	-0.0554451366	0.0755442458	0.0127341608	-0.1601546294	0.0811257251	0.0506119427	-0.0542674114	0.2001481414	-0.0187647045	0.0795833492	0.0011094751	0.0474101048	0.0701918271	-0.0415217038	-0.0669595849	-0.030265004	0.1016816837	0.0608884809	-0.1574079566	-0.0624070188	0.0761432378	-0.0473772359	0.0773953296	0.1167798725	-0.0979766327	0.0250771434	0.0561759846	0.01732507	0.0719632662	0.0427402605	-0.0044452602	0.0345014933	0.0188029218	-0.0887683778	0.0582273696	-0.0750483989	-0.0121917593	0.0218161143	-0.0535226399	-0.0854750746	-0.0270125577	-0.1359941953	0.0133363964	-0.1187808266	0.0833190312	-0.0210661632	0.1134822032	0.0098282447	0.0601050236	0.0050340453	-0.0749531689	-0.0	0.0749531689	-0.105999788	0.0	0.0	-0.0251393629610845	-0.0078400730471202	6.146674538418062e-05	0.0006319875700891	0.3339697226659837	0.0155241647582045	0.0002409996914398	0.111535775657594	0.2668757245172131	0.0355083351398946	0.0712226523365874	0.001260841864407	0.0034528421508143	0.0004288973090344	1.1922118918439922e-05	1.839529016969498e-07	-0.000793910368714	9.550558697200005e-05	9.121317142866264e-09	6.302936735515993e-07	-0.0016841349066404	-0.0004179800093607	2.836310383764669e-06	1.747072882251709e-07	0.0	0.0	0.0
44.477018983679	-0.100923885312028	0.0101856306264753	1978.2052176745424	46.66100821521256	-0.3824523988660857	0.1462698373984235	2177.249687660134	45.547122943644624	0.0588155084726764	2074.5404084434786	0.0034592640368994	45.91130262266809	37.58997296191889	0.969515	36.888355	0.1805295143049372	0.09893827434784	-0.0077979613	0.0608187455	-0.0005959013	-0.0882633732	-0.0162949427	-0.0364888706	-0.0354836152	-0.0147380399	-0.0233334176	-0.0294497523	-0.1196854772	-0.0638612927	-0.1273226836	-0.0923827298	0.0660198673	-0.0316262058	0.0476411005	0.0751965467	-0.0598916111	0.0851681113	-0.049876997	-0.0156397968	-0.0408900285	-0.0695261079	0.0782300664	-0.0062741088	0.1114330875	-0.0357664235	-0.0311935037	0.0245197388	-0.096215173	0.0330696844	-0.1620023877	-0.1465149955	-0.0182730866	-0.0082484308	0.0881955352	0.0121138399	0.1285338343	0.0273896124	0.0759309884	0.0328124343	0.0093781347	0.1167009581	0.043241914	0.0747991295	0.0033051715	-0.1141317837	0.0723991744	0.0304799194	-0.0833460222	-0.1619117084	0.1443983903	-0.0876054996	0.047678072	-0.0031263254	0.1279471217	0.06855409	0.0525737188	-0.0370376949	-0.038652404	0.0468768176	0.1730236033	-0.0342730745	0.0373761015	0.0560655353	0.0552129422	0.1204390771	-0.0195852233	-0.0121125014	0.0136698727	0.0641497138	0.0365259207	-0.077014639	0.0618240737	0.0013175978	-0.0796895428	-0.0370229294	0.0264780108	-0.0341303771	0.0956121169	-0.0597715249	-0.0017757679	0.017051747	-0.0828698725	-0.1684416011	-0.0722589505	-0.0595035696	-0.0288212463	0.0743433425	0.0487736679	-0.0371869626	0.0491144322	-0.2006966144	-0.0240512958	-0.105665372	0.1193191509	-0.0633713679	0.0400444055	-0.0486223131	-0.0551228244	0.1417964058	0.0474519113	0.0138556413	-0.1478300973	-0.0070122878	-0.0110353659	-0.0464844825	-0.2064897935	-0.0047110037	0.033594156	0.0716348113	-0.0916439722	-0.0424694975	0.1127402082	0.0934081937	-0.0642729112	0.0591147937	-0.0476565278	-0.0749031753	-0.1322274618	0.0124296102	0.0785105156	0.0119974747	0.0275136972	-0.0772320831	0.0826144913	0.0514920672	0.1008418003	0.0080643152	0.0230344045	-0.1672790881	-0.0249390843	-0.0617357027	-0.0836704902	0.0128056908	0.0501581903	0.0354066525	0.0891001058	0.0937036831	-0.0391817561	0.0814355131	0.0043272404	-0.0189087741	-0.0620760215	-0.0434636522	0.0350561722	-0.111177061	-0.0739779704	-0.0464775554	-0.0075842894	0.1197956138	-0.018632834	-0.0274465603	-0.0144722861	-0.0668980645	-0.0076053261	0.0134882874	-0.0575530777	-0.0762643048	0.0037408877	0.0708813468	-0.1057357452	0.0	0.0	-0.0294350524027464	-0.0042956894416619	1.8452947779205526e-05	0.0008664223099524	0.3567170102026011	0.0227472875366174	0.0005174390902735	0.1272470253678826	0.355122526908076	0.0882468023908629	0.1261120091175771	0.007787498132212	0.0029811586400662	-0.0004716835107481	8.887306837241355e-06	2.224853343116531e-07	-0.0012749894502752	-0.0004810790815612	2.314370827157677e-07	1.6255980983130566e-06	-0.0013321028002338	0.0003520321064066	1.7744978703907312e-06	1.239266039410678e-07	0.0	0.0	0.0
44.50349481699638	0.0264758333173773	0.0007009697498495	1980.561050926424	46.37704258436685	-0.2839656308457137	0.0806364795016041	2150.830078872176	45.43393984424824	-0.1131830993963802	2064.242889770768	0.0128104139889708	45.828703017862864	37.5889760671951	0.96842	36.846703	0.0854300256449495	0.0447428972849806	0.0278324767	0.0893337319	0.1106498239	0.0694288776	0.0006736059	0.0172877464	-0.0011089115	0.062519019	0.0980675287	0.0913671282	0.0170705479	-0.0683887263	0.063652397	-0.0098405339	-0.0692530842	-0.0016473699	0.0489374497	-0.0155524905	0.0592207434	0.0434377264	0.0335769193	0.012898373	0.0280003346	0.0685573832	-0.0045923715	-0.082864791	0.1012466377	0.0342757922	-0.0249676169	0.0565611072	-0.0300442816	-0.1229510855	-0.1557411053	0.146358806	-0.0337381037	-0.1013087348	-0.0288996808	0.0962082556	0.0090627232	0.102281859	0.0196550336	0.0794976944	-0.0165006589	-0.0201835165	0.0554477111	0.0073986954	0.0096162423	0.1542780263	0.0273332688	0.0586140823	0.000659613	-0.148213375	0.0223230935	-0.0134029777	0.1259546671	0.0198873626	-0.0505136823	-0.0049770409	0.0439389845	-0.0173571756	-0.036255443	-0.1223293629	0.0197852692	-0.0488613518	-0.1366057599	0.036175542	0.1223069632	-0.0785006853	-0.0063761053	-0.1398433	0.0806982377	0.0467106631	-0.0717620789	0.0485809892	-0.0433002053	0.0078611572	-0.0645877423	0.0228096047	-0.0224139881	-0.1069835803	-0.0173685279	0.0064487138	0.0743039349	-0.0142107013	-0.0546753414	-0.1897947137	0.0930257067	0.1283620802	-0.0632138719	0.0067744615	-0.176377549	-0.0727010767	0.0075080485	0.0803166657	0.0378166	0.1182980342	-0.0591795129	-0.0264740816	0.0094531289	-0.0322208404	0.0086383275	0.0596202743	0.0206551477	0.0155057722	-0.0304874185	-0.0418371126	0.0185889972	0.0156717197	-0.0190296424	0.0479552251	0.0231718492	0.0699261077	-0.0040156579	0.0387207738	0.07425245	0.0080036348	0.0158149688	-0.1474597061	0.0292218137	-0.105017961	-0.0643070112	-0.0589597779	0.0899615126	-0.1099782788	-0.1361832958	-0.0251781467	-0.0006633267	-0.0204028838	0.0063843548	0.0225353032	0.1567921402	0.0031511663	0.0607858228	0.0440800154	0.1167949995	0.0459314478	-0.0024844342	-0.0404908853	0.0407953588	-0.0423780947	-0.0806919496	-0.0554332889	0.0818029099	-0.0297092523	0.055206124	-0.1513924162	0.0711483306	-0.1177336523	0.0267126264	0.0467260159	-0.0906144599	0.0070748227	-0.0081769144	0.0201280036	-0.0527769887	0.0669984879	-0.0372965673	0.0217127981	0.0659975707	-0.0775516848	0.0074771147	0.0666108546	-0.1049449322	0.0	0.0	-0.0301140574166112	-0.0006790050138648	4.6104780885353933e-07	0.0009068564540909	0.3329302577400881	-0.0237867524625129	0.0005658095927128	0.1108425565188815	0.3318012606186542	-0.0233212662894217	0.1100920765481281	0.0005438814613421	0.0025648798230604	-0.0004162788170057	6.57860850674235e-06	1.7328805348774816e-07	-0.0009392107340158	0.0003357787162594	1.1274734629281067e-07	8.821168028904978e-07	-0.001331300295916	8.025043178000284e-07	1.772360477906029e-06	6.44013180087689e-13	0.0	0.0	0.0
44.64595272307733	0.1424579060809492	0.0202942550049685	1993.261094551256	46.85542261469495	0.478380030328104	0.2288474534167177	2195.430628401667	45.46465321365668	0.0307133694084384	2067.034691838063	0.0009433110604192	45.81292272754414	38.20261452642325	1.000891	38.082169	0.0991462571913604	0.0585409149128801	0.0415463168	0.0155611281	-0.1261853716	0.0072884946	0.0734862076	0.0929980742	0.0069777011	-0.0747271092	-0.0648680762	-0.0162813572	0.1268839496	0.0011810674	-0.0629542823	-0.0045472162	-0.0097542991	0.0554901897	-0.0983592227	-0.0455362609	0.0021126991	-0.1271455268	-0.0046649941	-0.006960335	0.0075342789	0.0751362906	-0.1108071303	-0.0862973251	-0.128979691	0.0974202687	-0.0302772219	0.0522508927	-0.0437221866	0.0351087214	-0.0654850189	0.1350634617	0.0055636886	0.0077094123	-0.0084724352	-0.0888211697	-0.085813711	0.0168737315	-0.0184222415	-0.1766835324	0.010156879	0.025047526	-0.0707868443	0.007840641	-0.0306184334	0.087736532	0.0923189207	0.0511967132	-1.86468e-05	-0.0041231173	0.0001126385	-0.0186641788	-0.030159084	-0.052822341	0.0161555087	0.0050129759	-0.0150774077	0.0594883043	-0.121586828	-0.00264163	-0.0082429404	-0.0419462028	-0.0398655192	-0.074417731	0.0075339104	0.054427882	-0.1719515374	-0.1219014127	-0.1633905133	0.0964012333	0.0024230919	-0.0056713635	-0.0339085976	-0.0586589705	-0.0324434384	0.0328879847	-0.0004945816	0.1242215613	-0.0828185735	0.0662371875	0.0139587053	-0.080803433	-0.0475333146	0.0894651044	0.0641739296	0.0714206659	0.1041137102	0.0500661137	-0.0945072208	0.0565614901	0.011188289	0.1132361879	-0.0603767603	-0.0537269315	-0.0064514624	0.0553047252	0.0769097283	-0.0260280971	-0.1061569378	-0.0747838298	0.1009022972	0.1536336287	-0.0440409542	0.0620844238	-0.0313140067	0.0079678565	-0.096767833	0.0450698451	0.0426462023	0.0211556752	0.1097571971	0.0959949306	-0.0690305067	0.0674903936	-0.0366116017	0.0225210635	-0.0170769516	-0.1299516519	0.042667644	0.0237623959	-0.0446802734	0.079652298	0.0161260507	0.0296974181	0.1001163366	-0.0909904684	-0.030020023	-0.0709698471	-0.0142602347	-0.0445986603	-0.0365395185	-0.022867337	-0.0625066188	0.049338698	-0.0061743129	0.0374124349	0.0682395462	-0.0708463015	0.0259220552	-0.0100199712	-0.0033568921	0.0469780612	-0.0865792964	0.031723492	-0.0335080811	0.0094053786	0.0329285761	-0.0287899014	-0.0846885852	0.0984323336	-0.0662998606	0.0612124304	0.0205206986	-0.0792867936	0.0564805767	-0.1085781348	0.0010441334	-0.078814908	0.0112040262	0.0621536617	-0.1036312889	0.0	0.0	-0.018706049585333	0.0114080078312782	0.0001301426426785	0.0003499162910889	0.3257547416581303	-0.0071755160819578	5.148803104243534e-05	0.1061161517127552	0.2780941798586198	-0.0537070807600344	0.0773363728712383	0.0028844505237648	0.0026381261597101	7.324633664969977e-05	6.959709634546759e-06	5.365025832601152e-09	-0.0010372419404687	-9.803120645290007e-05	9.610117438611118e-09	1.0758708430672745e-06	-0.0016971358031752	-0.0003658355072592	2.880269934419131e-06	1.338356183715962e-07	0.0	0.0	0.0
44.62325101054908	-0.0227017125282458	0.0005153677517151	1991.2345307504695	46.51279959966848	-0.3426230150264686	0.1173905304258277	2163.4405265989208	45.46938208365927	0.0047288700025873	2067.4647070697947	2.236221150137068e-05	45.83616922742045	38.470141253133455	0.941763	35.832447	0.0503092428033953	0.0243052344668369	0.0616620144	-0.0020208301	0.007371156	-0.1121885605	0.0111327037	-0.0432155233	0.0091657685	0.0084999768	0.0432318847	-0.0632504112	-0.0562465233	0.0007865626	0.0348466789	2.07053e-05	0.0886454068	-0.0044305681	-0.0268754807	-0.2094434047	-0.0494310452	0.061768266	0.0370796514	0.0372172925	-0.0562516783	-0.0060796004	0.0486470066	-0.0062253966	-0.055691254	-0.0234456672	-0.1802500882	-0.0757136288	-0.0378007622	-0.1119235075	-0.0879870895	0.0037941867	-0.0940924027	-0.0409324171	-0.0399014494	0.0046100982	0.1539123818	-0.0477691658	-0.0149293228	-0.0685895406	0.0048424246	-0.0317578312	-0.081162609	-0.066889199	0.0983251804	0.0570327958	0.0711564622	-0.030857055	0.067913035	-0.0550494457	-0.0061971092	-0.0097482117	-0.0398705313	0.0697015249	-0.1076484002	0.0801206108	-0.118771452	-0.0161972677	0.0119732607	-0.0725396993	0.0233723915	-0.0254492008	-0.0746038748	0.1350345118	-0.0412856499	-0.0116917426	0.1135928937	0.0078147364	-0.078931212	-0.0880401021	0.0596747156	-0.0466414088	0.0961608339	0.1302561232	-0.100058989	0.0730344689	0.0152237593	-0.0154760799	0.0768114535	0.0288208782	-0.0166226581	-0.0047857881	0.0386791599	-0.0675932873	-0.006494406	0.074992206	0.0562361007	-0.2199179351	-0.0123336453	0.010256624	0.0312224047	-0.0323069324	0.0415327461	-0.0266525956	0.0465719855	-0.0819992098	-0.0366635656	-0.0741299747	0.0095011136	-0.0220301094	0.0596936544	0.047929435	-0.1062201303	-0.0650198828	-0.0406159408	-0.0029649919	-0.0914587755	-0.0464902978	-0.0594572061	-0.0419730108	0.0199412971	0.0875340889	-0.0529040578	0.0470135062	-0.0481942958	-0.0798166763	-0.0959202476	-0.0157826713	0.1000612617	0.075392782	0.1199273477	-0.0643077288	-0.0207021318	-0.0699388335	-0.2000376876	-0.1381154784	-0.016037258	0.0898637095	0.0398461394	0.0101702718	-0.0669118472	0.0767046194	0.001118427	0.0653332474	-0.019612899	0.0485862277	0.0399215283	0.0742601902	-0.0477584336	0.0862834672	-0.0997598069	0.0388967019	0.0058869704	-0.06353333	-0.0054931628	-0.0825458648	-0.1071797024	-0.0738520138	0.0452624219	0.0276012608	-0.0761225754	-0.1271657471	0.0422418026	-0.1055794576	-0.0122510998	-0.0085278465	0.0839872628	-0.080053581	0.0149169788	0.057522261	-0.1018013597	0.0	0.0	-0.0301634649209603	-0.0114574153356272	0.000131272366173	0.000909834616038	0.3334051331806762	0.0076503915225459	5.852849044824263e-05	0.1111589828312244	0.2781409068396669	4.672698104712936e-05	0.0773623640575922	2.183410757778786e-09	0.0027576196573044	0.0001194934975943	7.604466174351636e-06	1.4278695967318978e-08	-0.0008723096514247	0.000164932289044	2.720265996929357e-08	7.609241279686817e-07	-0.0020358041958204	-0.0003386683926451	4.1444987237199446e-06	1.1469628017688326e-07	0.0	0.0	0.0
44.56570194748933	-0.0575490630597528	0.0033118946590554	1986.1017900724544	46.856172044198594	0.3433724445301109	0.1179046356625841	2195.500858635538	45.5440434650499	0.0746613813906336	2074.2598951463547	0.0055743218711576	45.86395595387732	38.77713130183733	0.956485	36.392601	0.0494081161208433	0.0297602297106783	0.0597347231	-0.0034133224	0.0280112564	0.1330191858	0.0018674629	-0.0462995789	0.0540574455	0.0301276067	0.056589442	0.0487215271	0.0230196548	-0.0685287298	-0.0016301011	0.1166233924	-0.0683035665	-0.0555535085	-0.0308296659	-0.0755398112	-0.0229413566	-0.0619830976	0.0033194617	-0.0150432588	-0.0019982722	0.0389987222	0.1022595762	0.0799241887	-0.0854324955	0.0469508498	-0.0161976837	0.0628865417	0.0533146593	-0.0770113932	0.1071283139	0.0004324205	0.0683511967	-0.0638102131	-0.0506171131	-0.0594343373	-0.069160118	0.1352222769	-0.0038177583	0.0871461758	-0.0424922145	-0.0793110011	-0.1120710635	0.0421189687	0.0054154249	0.0224703144	-0.1097148022	-0.0795301081	0.0615253589	-0.0233423235	0.0636908033	-0.1088127878	-0.0254387197	0.089245326	-0.052020533	-0.0847186889	-0.0554071569	-0.0316887733	-0.0528303816	-0.0204000857	0.0361917419	-0.0630342066	0.042521779	-0.0753331647	-0.0776439362	-0.0381104708	-0.089348661	0.1592679301	0.0410628449	0.0942097931	0.0927346649	0.0023217204	0.0682886004	-0.0016771209	0.0450847616	0.0191516585	-0.0377686071	-0.066897646	-0.0582857043	0.0452210694	-0.1054636722	0.0641381408	0.0707390149	-0.0148961582	0.0469671073	-0.1028704101	0.0727707316	-0.0675485834	-0.0815347573	-0.0861475492	-0.0363213173	0.0387247864	-0.1180049112	0.0203497029	-0.0743524854	0.0917427411	0.0611824515	0.067636369	-0.0362582577	0.0013133946	0.0865256419	-0.1002257936	-0.0331614357	-0.0085806981	0.0847768994	-0.0159242519	-0.1526471684	0.0652002896	-0.0341566562	-0.0469628168	0.0714077133	0.0245301961	0.0140636084	0.0058692201	-0.0117899653	-0.0938123158	0.0153388596	0.0077357999	0.0292875357	0.0730494563	0.0085388576	0.007703443	-0.0169935672	0.056798485	0.0180892692	0.1234366823	0.0508549052	-0.0683932209	-0.0198928761	0.0019295823	-0.0358582016	0.0279220232	0.2090660335	0.0582591428	-0.0191044845	0.0509393187	0.049681503	-0.0272605802	-0.0222281879	-0.1017249385	-0.0475316412	0.0337478941	-0.0277247809	-0.0196227338	0.0380090946	0.0049064789	-0.0928598785	-0.0056644475	-0.0101701631	-0.0177253333	-0.0256559031	-0.0181865713	-0.0796750251	0.03121531	-0.118302419	0.0308490456	0.081790979	-0.0812673177	0.0186113467	0.0527296337	-0.0994642612	0.0	0.0	-0.0297916885293432	0.000371776391617	1.3821768536382918e-07	0.0008875447054293	0.3335494167614996	0.0001442835808233	2.08177516952101e-08	0.1112552134219365	0.268801727563229	-0.0093391792764379	0.0722543687409763	8.72202695574472e-05	0.0031567869390201	0.0003991672817157	9.965303778367892e-06	1.59334518792301e-07	-0.0008720974572204	2.121942043000792e-07	4.5026380338543753e-14	7.605539748902873e-07	-0.0016441261343011	0.0003916780615192	2.703150745491879e-06	1.5341170387551637e-07	0.0	0.0	0.0
44.46324294188981	-0.1024590055995204	0.0104978478284425	1976.979972909514	46.89864703063127	0.0424749864326727	0.0018041244724557	2199.4830933037388	45.49131303125498	-0.0527304337949203	2069.459561307629	0.0027804986482004	45.89616749688402	38.45672278798471	0.966818	36.785755	0.072245748840345	0.0368262833714257	0.0460008582	0.0369308924	-0.1003933376	-0.0097177753	0.0538328849	-0.100009764	0.0418253353	-0.1230234164	0.0389144864	-0.0847623753	-0.0234567217	-0.0110092086	-0.050140959	0.0570265439	0.0377029369	-0.0928123988	-0.1299480038	0.0225211732	0.0970127482	-0.005262221	-0.0088765302	0.0348028976	-0.1559088125	0.0681316299	-0.1519548832	-0.0010066208	-0.0137878736	0.1898200232	-0.005810304	0.0785437057	-0.0041316593	-0.0041996516	0.0769683575	-0.0849714232	0.0171330136	0.0126593221	-0.0878512374	0.0138444051	-0.1222651775	-0.1142865744	-0.065561347	-0.0488554056	0.0352562689	-0.0560916128	0.0115002876	0.0676367445	0.0821714889	-0.0642468952	-0.1025196904	-0.0119445053	-0.0189302987	0.0280016556	-0.0501814825	-0.0855210945	-0.0332446746	-0.0153910878	-0.0191457723	-0.0167844271	0.1036053355	0.1357292504	0.0058122503	0.0061887842	-0.061635166	-0.0370994206	-0.0010473553	0.0955481967	-0.0919124111	-0.1117745951	-0.0014114278	-0.0409258225	0.0879972752	0.008403362	-0.0311077245	-0.0645636849	0.0133420652	-0.0498385313	0.033736123	0.0242766807	-0.0345785258	0.1361502584	0.0545719096	0.0322696637	0.0862380234	-0.1375202504	-0.0432791498	0.0717469132	0.1352586513	-0.1328447207	0.1259884119	0.0375008744	0.0961538051	-0.0767057782	-0.0467865282	-0.0469010451	-0.0728572263	0.0468003166	0.0434647706	0.1128419843	0.0372129358	0.1141218011	0.2160205882	-0.095008115	-0.0337729926	-0.0410576622	0.06265718	0.0412988164	0.0435340561	0.0699596025	-0.0536881893	0.0328117821	0.031932291	0.1055472737	0.0325746674	-0.0405460966	-0.0311878693	-0.0333585509	-0.0344489414	0.0743701133	0.0759945227	0.0085866806	0.0637261793	-0.0076267231	-0.0773975858	-0.0717827644	0.0422166145	-0.0776630225	-0.0549598017	0.0687422583	0.0525459199	-0.005108119	0.0279178909	0.0436948652	0.0607337998	-0.0262161393	0.0205805654	0.0613985765	-0.0258264031	-0.0074889852	0.0751663776	-0.0488176352	0.0589626601	0.0632588864	-0.0527806986	0.0546612911	0.0049109709	0.0273852871	0.0615392799	-0.0251608995	-0.0331480226	-0.0273777448	0.0471836407	0.017824022	-0.0087114968	0.0133546724	0.1154416075	0.0780139314	0.0030008859	0.0380460885	-0.0261295819	-0.0824557403	0.0222825273	0.0477892128	-0.0966316368	0.0	0.0	-0.028305464718727	0.0014862238106162	2.2088612152425413e-06	0.000801199332943	0.3110669171337434	-0.0224824996277561	0.000505462789512	0.0967626269350911	0.2774759940153117	0.0086742664520826	0.0769929272547852	7.524289848172723e-05	0.0028351949002162	-0.0003215920388039	8.038330122211948e-06	1.0342143942204919e-07	-0.0007933882747943	7.870918242609999e-05	6.1951353981850875e-09	6.294649545810756e-07	-0.0020358800920689	-0.0003917539577678	4.144807749282473e-06	1.534711634267353e-07	0.0	0.0	0.0
44.46602483977656	0.0027818978867486	7.738955852296617e-06	1977.2273650516256	46.63344226630179	-0.265204764329475	0.0703335670230523	2174.6779376045024	45.5618818886426	0.0705688573876202	2075.8850812346186	0.0049799636329942	45.94310048926482	37.24547865791271	0.976751	37.16367	0.1144975296242585	0.0645190510754378	-0.0003839168	0.0868583464	0.0431986823	-0.1352120461	0.057216961	-0.0299723435	-0.0247415872	-0.0113966537	0.0122120831	-0.0285054635	-0.0840784028	0.0586169746	-0.0187893509	-0.0127341898	-0.109409649	0.1255976871	0.0162114382	-0.0513768432	-0.0111663617	-0.0687842104	-0.0699695778	0.0340488292	0.0042277234	0.0724633711	0.0024336601	0.0674994252	-0.0067342123	-0.0898346107	-0.1291004272	-0.1189255499	-0.0674032564	-0.0101504408	-0.0823492012	0.1257951366	0.0904779368	-0.047930296	-0.0986789106	-0.0769562347	0.1833494349	-0.1543984967	0.102044876	0.0890493988	-0.0345699033	0.003373723	0.0562877864	-0.1383913421	-0.1207588404	0.0134082241	-0.0970771843	0.0173085835	0.0761749315	0.066042539	-0.1221761834	-0.1950819644	0.0056005545	-0.0783359239	-0.023025973	0.0751880991	0.0775604997	0.0153455492	0.0252298664	0.0098117203	-0.1033519398	0.004713942	-0.0443458223	0.0380580028	0.0498476693	-0.0213521861	0.0058679849	-0.1155932666	-0.0296773595	0.014314112	-0.1220908828	0.0039662377	0.071956887	-0.0248923778	0.0602035267	0.0179560566	0.0533994819	-0.0479436323	0.0839282277	-0.0218805189	0.0468257818	0.1288468056	-0.0750453008	-0.0122588471	0.015636366	0.0565973813	-0.0429155007	-0.1308369409	-0.0307650446	0.0784578189	0.2056048959	0.0597341063	0.0477641358	-0.014225701	0.1111426777	-0.0404912247	0.0153049795	0.0387860995	0.0638745035	-0.0119269906	-0.1763237602	-0.0178334309	-0.0587617369	-0.0382704664	0.0083924096	-0.018758273	0.0105626651	-0.0759667706	-0.0267392099	0.1051175835	0.0675005695	0.0975530704	-0.0193963504	-0.0323790716	-0.1907107926	0.0252349981	0.0430731323	0.0919524127	0.0722358545	0.0155369689	-0.1309084393	-0.1080273913	-0.0428373496	0.0515302849	-0.0251643777	-0.1904828752	-0.0701996234	-0.0124488052	-0.0067624126	-0.0041134345	0.0139992224	-0.0628085661	-0.0248725589	0.0479219964	-0.0256785927	-0.0530356717	0.0780050172	0.0951807131	-0.1049992894	0.0786587502	0.0004121206	0.0296110612	0.0204893642	-0.0698879623	0.0385816363	0.0229646466	0.0386815139	0.0380141909	-0.0189807924	-0.0661113985	0.0700139535	-0.0440377893	0.0283155387	0.0026811657	0.1028230904	-0.0090660909	0.0725062612	-0.0836184785	0.0259259465	0.0427148457	-0.0933175984	0.0	0.0	-0.0249588027409544	0.0033466619777725	1.1200146393468809e-05	0.0006229418342618	0.3330811349836011	0.0220142178498576	0.0004846257875409	0.1109430424819638	0.33499784935821	0.0575218553428982	0.1122235590746259	0.0033087638420893	0.0025887525328907	-0.0002464423673254	6.701639676548015e-06	6.073384041299657e-08	-0.0008712394632908	-7.785118849650008e-05	6.060807550317585e-09	7.590582023952413e-07	-0.0017278777588163	0.0003080023332526	2.98556154941204e-06	9.486543728904576e-08	0.0	0.0	0.0
44.51065248330864	0.0446276435320811	0.0019916265672265	1981.1981844898696	46.44996587784736	-0.1834763884544301	0.0336635851202809	2157.599330053184	45.40398623602731	-0.157895652615295	2061.5219661213573	0.0249310371148099	45.81771913392304	37.74999585270569	0.964693	36.704884	0.125358373121544	0.0776313590195331	0.0216455452	0.0792922833	0.060724247	0.104511736	0.0409851172	-0.0155422882	0.0164192055	0.0299263135	0.1163478898	0.0566293928	0.0356006826	-0.0834647494	-0.0073205997	0.0101948452	-0.0236649187	0.1012431874	-0.0718176696	-0.0111275075	-0.0313269049	0.0738602454	0.0053216381	0.046827117	0.0523613268	-0.0620478367	0.1416766766	0.0293362635	0.0817450954	-0.1069413418	-0.0322581297	-0.1335208648	-0.04284482	-0.0217213151	0.068508349	0.0159077929	-0.0493967134	0.1929651341	-0.0159154059	0.0653548017	-0.0150647197	-0.0469586336	-0.102334193	-0.1158838294	-0.0302384951	-0.008448153	-0.1105609582	-0.0637553192	0.0105394223	-0.0018776694	0.0096709838	-0.0139984245	0.0820722321	-0.0202920289	-0.0236633722	0.0462046274	0.0061361717	-0.0761295335	-0.0623350646	0.0015954693	0.0730456773	-0.0527293405	-0.0347209363	-0.0491104025	0.1208902517	-0.153260988	0.0426026914	-0.0212052967	-0.1918622827	0.0329488205	0.0601908556	0.019899748	-0.0001163437	-0.0604558322	0.0657606423	0.0038991569	0.1435052018	0.0546862577	0.0708147259	0.079031244	-0.0434616566	-0.0916561589	-0.0408149235	-0.0281938229	-0.0470573263	-0.0383303107	0.0853582224	0.0604006358	-0.1790038784	-0.0484973637	-0.0496176463	-0.1263646922	-0.0266625306	0.109718033	-0.1319568401	-0.0381557369	-0.0344881001	0.0666616982	9.09856e-05	-0.0892641433	-0.011480194	0.0403618647	0.0075250711	0.00048076	-0.0709493664	0.0920412646	0.1050722306	-0.1233358606	0.0326543792	0.1269667437	-0.0897774473	-0.1009218086	-0.0066790694	0.0030795444	0.1814855378	0.0640469243	-0.0420405011	0.0564697124	0.0481407407	0.0379255247	0.0134231659	-0.0377139907	0.039016555	0.0378841495	0.0704029536	-0.0569396702	-0.0007305222	-0.0299844383	-0.004160191	-0.0872924753	-0.0257478442	-0.0222600669	-0.0305472614	-0.024159853	-0.0157340843	-0.0140122969	0.0762600762	0.0609665203	-0.0325126492	-0.0558387283	0.0494142785	-0.0516189887	-0.028774854	-0.0679289279	0.1320542909	-0.0531781301	0.0404053511	-0.1093068081	0.0674532255	-0.0211006982	-0.0919811746	0.0846346591	-0.0946985644	0.0448465242	-0.0617921003	0.0783197219	-0.0944149568	0.0271928674	-0.067605356	0.0413324578	0.1498719494	-0.0847551701	0.0295370653	0.037520755	-0.0895386565	0.0	0.0	-0.02090704549488	0.0040517572460744	1.6416736781116406e-05	0.0004371045513249	0.3276288298303882	-0.0054523051532128	2.9727631483751695e-05	0.1073406501360294	0.2636688254819432	-0.0713290238762667	0.0695212495310274	0.005087829647141	0.0031587362586749	0.0005699837257842	9.977614751867506e-06	3.2488144765883826e-07	-0.0007866029472243	8.463651606649999e-05	7.163339851874912e-09	6.18744196581955e-07	-0.0019637632538854	-0.0002358854950691	3.856366117310574e-06	5.56419667839944e-08	0.0	0.0	0.0
44.589640607256335	0.0789881239476955	0.0062391237247765	1988.236049484283	46.81894852695884	0.36898264911148	0.1361481953453256	2192.0139411700216	45.419566559305	0.0155803232776889	2062.937026435137	0.0002427464734372	45.792949113712496	38.10674483256703	0.947136	36.0369	0.1091399401307272	0.0489849412303009	0.0311179858	0.0471350696	-0.0976086309	0.0086935078	0.1014620052	0.0480982208	0.0100136055	-0.0980676775	-0.0170434976	0.0075161234	0.1047852998	0.0493966796	0.0435706654	-0.0368138309	-0.012706887	0.0687677298	0.0452353407	0.0665569311	0.0067208092	-0.0901513422	-0.0313742348	0.0697360089	0.0377306326	0.0465588622	0.2042374948	0.1446886725	-0.0514269158	0.0134578539	-0.1130508104	0.1044239405	-0.1285515817	0.0471524495	0.1334059105	0.075253974	-0.0429926858	-0.0262944105	-0.0373609475	0.0595503257	-0.0677859728	-0.0534599327	-0.1619628295	-0.0914783135	0.0102494012	0.0830485986	0.0420541264	-0.0014620833	0.0026580972	0.0105351324	0.0852062182	0.0726612311	0.0440419628	0.0266469468	0.0592491909	0.1289838954	-0.0624354646	-0.0395093914	-0.0183281131	-0.0296565247	0.1704262711	-0.0425268874	-0.0028681808	0.0048505018	0.0188010601	0.0841701191	-0.0098851422	-0.0341584081	0.0062967504	-0.0456531349	-0.1355924962	0.0970433605	-0.0241761055	-0.0168999945	0.0424386782	-0.0996170272	0.1074859965	-0.0063845758	-0.0011514673	0.0688439924	-0.0655622477	0.1206616627	-0.1000708196	0.0604468961	-0.1096071799	0.1871324625	-0.1231936996	-0.0241255697	0.0188821818	-0.0716059991	0.0843910284	-0.1119950765	-0.0136028257	0.0902551249	-0.1064319135	0.1065477446	-0.0047155361	0.0397327076	-0.0392864419	-0.0748167751	-0.1328659516	-0.015961064	0.0688248912	0.0227649179	-0.054713578	0.1009706274	0.1439207985	-0.0352496689	-0.1096734373	0.0134012638	-0.137858641	-0.0370098799	0.054603759	0.0203449613	0.0215831352	-0.0890919652	-0.0107030573	0.0310744008	0.088731611	0.1049227478	-0.1100906151	0.0783014967	-0.1378254382	0.0505393694	0.1222322438	0.0292175607	0.0146125367	0.0017058124	0.1172770577	-0.0207689319	-0.0253067034	-0.0349458771	0.0101699726	0.0151809656	-0.0479303586	-0.0225854022	-0.0142296679	0.045780495	-0.0422860384	-0.021463784	0.0394832834	-0.0826729665	0.0660006334	0.0524785142	0.1485896527	-0.0752519494	0.0393290656	-0.0535139416	0.0295074938	-0.0454512741	-0.0641048688	0.0530313076	0.0583912295	0.103245015	-0.0256401345	-0.0848300445	-0.0761570161	-0.0165904566	0.0319340145	0.0839140386	0.0230590496	-0.085865461	0.0331113845	0.032221499	-0.0853136375	0.0	0.0	-0.0329348988725257	-0.0120278533776457	0.0001446692568741	0.0010847075637434	0.3333124604619684	0.0056836306315801	3.230365715623643e-05	0.1110971962992112	0.2959581620357596	0.0322893365538163	0.0875912336755849	0.0010426012550856	0.0027680263158657	-0.0003907099428092	7.661969685325041e-06	1.5265425940996837e-07	-0.0012212276687446	-0.0004346247215202	1.888986485565982e-07	1.4913970189073705e-06	-0.0016063155268612	0.0003574477270242	2.580249571835374e-06	1.2776887755476705e-07	0.0	0.0	0.0
44.630887518909496	0.041246911653161	0.0017013077209236	1991.9161207255515	46.60274086679731	-0.2162076601615297	0.0467457523125235	2171.81545629786	45.50696309537304	0.0873965360680415	2070.883690163644	0.0076381545166924	45.87032122678666	38.07326241584588	0.922547	35.10133	0.127640096281542	0.0620528590567919	0.0415771334	0.0441067797	-0.0260967797	-0.07149184	0.1015403659	-0.0419904869	-0.0133291698	-0.0235610984	0.0136257744	-0.103772989	-0.0237973654	0.0771438058	0.1129385227	-0.0084768877	-0.1295728282	0.0361625375	-0.0051826579	0.0585158568	0.0537190843	0.0834386953	0.0683382252	0.0430717938	0.0824627451	0.0558284367	0.0281846122	0.1065364827	0.1690937743	0.0413231324	-0.0664160198	0.0362152161	0.0270679595	0.0341064603	-0.0253470908	-0.0682318679	-0.0708689936	-0.0494507818	-0.1455167501	-0.0584143866	-0.0853062115	0.0670298168	0.1178494499	-0.0375515908	-0.0409938008	-0.0446970947	0.0474979585	0.0056786096	-0.0214780085	-0.0380562271	0.0186422524	0.0106011331	-0.0146351632	0.0689109449	-0.0283778192	-0.0742667595	0.0745454063	0.0152693002	-0.0335873911	-0.152449157	0.0354862629	0.0497779636	0.0491703722	-0.0901340769	0.0419178378	0.0230967759	-0.1062094277	0.1218025066	-0.0132622627	-0.1034480123	-0.0313877062	0.0927968039	0.0327432164	-0.0455912284	0.0172556682	-0.1529133964	0.0175319312	-0.0495883851	-0.0031452366	0.0750718825	0.0184262449	0.0432556344	0.0253565482	0.0251714812	0.0039576817	0.0224146758	-0.1444002579	-0.0580317498	-0.0647820949	-0.0212363837	-0.1080386848	-0.0700572051	-0.0349512741	-0.1060342393	-0.0505377157	-0.002421732	0.0192498465	-0.086126198	-0.1272036984	0.0922944903	-0.0484675073	0.0572240755	0.0366659766	-0.1080543689	-0.014375537	-0.0250671332	-0.0011667242	-0.0070921111	-0.0143952988	-0.0312280873	-0.0006516593	0.0230458017	0.0447134331	0.0234089505	0.1068898169	-0.0669824417	0.0259218785	-0.0035279953	-0.0714153118	-0.0340898457	0.1031844997	-0.0149641232	-0.1064494975	0.0267662623	-0.0934883251	0.0106659576	-0.1128504574	-0.1264905975	-0.0692838837	0.0071639605	-0.0133284219	0.0469280206	0.047466962	0.0465021	-0.0522670846	0.0020308994	0.0368478566	0.0714312841	-0.066863731	-0.01023876	0.0334434147	0.0054083993	0.0251170882	0.1472457004	0.0375782742	0.0266648624	0.0337842621	-0.0065065944	0.0153056248	0.0302793009	-0.0108975881	0.0195987591	-0.0165943906	-0.08953457	-0.008098177	-0.0049211653	-0.0352441889	0.0009354503	-0.0150511605	0.014664799	0.1394573142	-0.0869490055	0.0366444511	0.0268319309	-0.0806635902	0.0	0.0	-0.019766860024788	0.0131680388477377	0.0001733972470955	0.0003907287552395	0.3155783054309466	-0.0177341550310217	0.0003145002546643	0.0995896668586678	0.247254735800567	-0.0487034262351925	0.0611349043758081	0.0023720237270468	0.0024820130741277	-0.000286013241738	6.160388900140836e-06	8.180357444947974e-08	-0.0009760289575775	0.000245198711167	6.012240795800688e-08	9.526325260298212e-07	-0.0020357930973079	-0.0004294775704467	4.144453535046493e-06	1.8445098351680038e-07	0.0	0.0	0.0
44.67856270687882	0.0476751879693253	0.0022729235479105	1996.173965552503	46.63014512140672	0.0274042546094079	0.0007509931706972	2174.370434043451	45.515100230002886	0.0081371346298482	2071.624348947209	6.621295998427512e-05	45.909437903066696	37.96136268402335	0.929564	35.368309	0.0742268110231845	0.0420464831444852	0.0276278363	0.0151251863	0.1057943592	-0.1096362403	0.0673680453	-0.0444804234	-0.0097580874	0.0526518621	0.0553445114	-0.0623996272	-0.1151645849	-0.0414114848	-0.0594989973	-0.0797734531	-0.0027178178	0.0274195237	-0.1077231337	-0.0099680738	0.0360301674	-0.0077446944	0.054574361	0.0099920922	0.0412994322	-0.022543844	-0.0566196247	-0.1099349591	0.0009521029	-0.0222883725	0.0048783307	-0.1318559614	0.0523197736	-0.0563492928	0.0917907682	-0.1732796588	-0.0250855262	-0.0876852015	0.0124391448	-0.008007453	0.0629478009	0.0134028706	-0.1059037064	0.0641919962	0.2255844396	-0.0286386919	-0.0872959481	-0.0366624112	0.0388559569	0.0813817754	0.1682529845	0.0459017962	-0.0100804521	0.0251886459	0.0889383319	-0.0315230523	0.0618550392	-0.0586066693	-0.0508126834	0.0395125432	-0.1265248576	0.0524992893	-0.0955139556	-0.0828830509	0.003141715	-0.0380333788	0.0673561844	-0.0503050449	0.0449427457	0.0697622601	-0.0934070797	-0.0441640782	0.0546334692	-0.0770912728	0.1374974012	0.0934780733	0.1487399162	-0.0161862753	0.0332468519	0.0608162255	0.0713933887	-0.0945496252	0.0686624424	-0.0455223752	0.0030084509	-0.1684156446	0.0280878589	0.0677145082	-0.0034867352	-0.0263577887	0.0017140858	-0.1346442701	0.03950122	-0.1325952815	-0.0575892238	-0.0683471221	-0.0634267195	0.0756661739	0.0224741778	-0.0327804479	-0.0166138984	-0.0882861098	0.0859813936	0.0421340408	0.1387233825	0.1472108412	-0.0396415643	-0.0459854429	-0.1251839636	0.0340308374	0.0418903774	-0.0081650648	0.0936806205	-0.1746775487	-0.0066230153	0.0932899093	-0.0422938749	-0.0962790102	0.0286490288	0.0034332958	-0.1347101325	-0.0531815887	0.0229204042	0.1234032724	-0.1110801374	-0.0271237148	0.0109986033	0.0758807785	0.1419927691	0.0324423409	0.1171126852	-0.1254669983	-0.120649135	-0.0767334834	-0.0814526336	0.0233988812	-0.0043260693	0.074962451	-0.0795738231	0.0366565757	0.036590816	0.1033778779	-0.1035141166	0.0176403383	0.0181961738	-0.0149856759	-0.0201260298	0.047213789	0.0341626943	0.0500412226	0.015594869	0.0281136437	-0.0121318983	-0.1218279892	-0.0751585111	0.0527248806	0.0754538492	0.105053247	0.0604603715	-0.0746517012	0.0107946514	-0.0880054659	0.0401318633	0.0213671566	-0.0756116809	0.0	0.0	-0.0262669877380972	-0.0065001277133092	4.225166028933031e-05	0.0006899546448333	0.3100386514159794	-0.0055396540149671	3.068776660554221e-05	0.0961239653718391	0.2528569543125201	0.005602218511953	0.0639366393442038	3.1384852255669814e-05	0.0032393135271982	0.0007573004530705	1.0493152127489245e-05	5.735039762207849e-07	-0.0012426284648692	-0.0002665995072916	7.107529728817716e-08	1.5441255017031846e-06	-0.001927996842011	0.0001077962552969	3.717171822804389e-06	1.1620032656034488e-08	0.0	0.0	0.0
44.70400037574507	0.0254376688662461	0.0006470749973487	1998.447649594615	46.53118673982201	-0.0989583815847083	0.0097927612858647	2165.151339416188	45.52982372751041	0.0147234975075249	2072.96484865817	0.000216781378854	45.87730173752359	38.34511849041686	0.965997	36.754498	0.0395805270909132	0.0222887788245856	0.0579052481	-0.0002468676	0.0371250382	0.1356165074	0.0895487664	0.0245135801	0.0403408331	0.0661098658	0.1020679286	0.0149015947	0.0643773968	-0.0542277179	-0.0019508525	0.0714936339	0.0432335106	-0.0226629941	-0.091482334	-0.0002115691	0.0971587732	-0.0228782701	-0.0427107435	0.0751992424	-0.0927254303	0.0304573472	-0.0365093683	-0.0280342659	-0.0281531373	-0.0205153741	0.0725520631	-0.0212827448	0.107707306	-0.0227360095	-0.0879968645	-0.0118650728	0.1560377472	0.0721183299	-0.0055400648	-0.0478952139	0.0208188033	-0.073494423	-0.102832889	0.0561440801	-0.122266713	0.0930241085	-0.0256643438	0.0763944484	-0.1312070428	-0.0296666045	0.0854475801	-0.0114273842	-0.0861165345	-0.0133200868	-0.0910272457	0.1532613876	0.0535361971	-0.0087154819	0.0084498431	-0.0359767813	-0.1146967459	-0.0036147926	0.0709307244	-0.0178529846	-0.0425733534	-0.0198601655	-0.0205232209	-0.0422738456	0.0637088971	0.1005805672	-0.0888988349	-0.0871575068	0.0214320095	-0.0699968772	-0.0469942786	-0.070051544	0.1444168843	0.1576279401	0.166001093	0.0802498316	-0.0547931912	-0.0527164532	-0.0710933287	0.0289154098	0.072142957	-0.0532204697	0.1043344291	0.0590418552	-0.0297320815	-0.0276274685	0.0239544552	0.0551473193	0.0227589931	-0.0217956689	-0.0088495444	0.0491701548	0.0436741562	-0.0705630328	0.1300854365	0.0213977347	-0.0090853963	-0.0455032235	-0.0885833748	-0.0112449618	-0.0844240705	0.1067463313	0.0629922139	0.0741537865	0.1085784197	-0.0010792597	-0.0114506806	-0.0232767932	0.1276363643	-0.0652787397	-0.020893733	0.033061796	0.1161919214	-0.1348314444	-0.0141580171	-0.1230850153	-0.0763583322	0.1015596164	0.0394219576	0.0239503401	-0.0325766249	-0.1021206918	0.0842602911	0.0003297752	-0.0465313609	-0.0224979446	0.099007551	0.0353948141	-0.0116072254	-0.0965920133	0.0159719657	0.0381120411	-0.0412833953	0.0828058884	-0.0840807333	0.0301445358	0.0428496231	-0.067438739	-0.047689054	-0.0738335915	0.0005064996	0.0819775857	0.0669169285	0.0274939236	0.0215895064	0.0829191807	0.0256867379	-0.0001403507	0.0586070821	-0.0993974842	-0.074085738	-0.1052026444	-0.0960685206	-0.08796227	-0.0556796869	0.1174728091	0.0751969215	-0.0890345132	0.0435692762	0.0158424933	-0.0701830781	0.0	0.0	-0.0260438897578296	0.0002230979802676	4.97727087994832e-08	0.0006782841937179	0.3045113231014369	-0.0055273283145425	3.0551358296743247e-05	0.0927271458969877	0.2572819666647632	0.0044250123522431	0.0661940103708883	1.9580734317504276e-05	0.0028598991976601	-0.0003794143295381	8.179023420776883e-06	1.4395523345884605e-07	-0.0011078657227265	0.0001347627421427	1.8160996669819856e-08	1.22736645959231e-06	-0.0020019215392074	-7.392469719639996e-05	4.007689849142525e-06	5.464860855579423e-09	0.0	0.0	0.0
44.742194065176186	0.0381936894311181	0.0014587579123607	2001.8639297658872	46.90497278512179	0.3737860452997807	0.1397160076608497	2200.076471973016	45.56487029523266	0.0350465677222473	2076.157405021376	0.00122826190911	45.91807303277774	38.60418014431719	0.95685	36.406471	0.0970590757260493	0.0506658875161035	0.0865026195	-0.02204586	-0.0813390104	-0.0091804878	0.1159851479	0.0267811156	0.0700359082	-0.0516010822	-0.0136039238	-0.1142175594	0.0431469209	-0.0053444595	0.0701593964	-0.0155713803	-0.0267590418	-0.0303444715	-0.0270451368	-0.0056332486	-0.0502176377	0.0310903909	0.0226214899	-0.0041591105	-0.0094738527	0.0791954953	0.1165726635	0.1457468746	-0.0722587013	-0.0054939512	0.0650506259	0.0506237749	0.008662327	0.0866205028	0.108545199	-0.0301950825	-0.032970052	-0.0973042403	0.0031685079	0.0478299757	0.0054611542	0.1137390776	-0.0392167371	-0.0014762262	-0.1096484007	0.1168736231	0.1382588529	0.1608775632	0.0653940191	-0.0013287132	-0.0743252742	-0.0040387792	0.0693846086	-0.0090641163	0.0024155863	-0.1503165865	0.0307164236	0.0533853331	-0.1886753038	0.0637714858	-0.036534714	-0.0353320257	-0.0315500188	0.012804635	0.0177098477	0.1085085446	-0.0155148981	-0.0424515709	0.0297913138	0.0736380244	0.0255590525	-0.0956855899	-0.0245639887	-0.0529879254	-0.07427855	0.0380689462	0.1173868447	0.0892094442	0.0739939161	0.0381198125	-0.0225050853	0.1047277401	0.0460090499	0.1135136617	-0.0718686654	0.1576344258	-0.0187797517	0.003152731	0.0415365583	-0.0672863835	-0.0043512074	-0.0744053208	0.0048600464	-0.1183669443	-0.0571328223	-0.0001667814	-0.214435366	-0.0100885753	0.0094494854	0.0779031885	-0.0190837711	0.1085492458	0.0046578842	0.0774210819	-0.0073257112	-0.084906706	-0.0154342724	-0.1629440552	0.0606699668	-0.0048451297	0.0615393731	-0.0637616816	0.0027048178	-0.0077860282	-0.0520774512	-0.0138363359	-0.0124321994	-0.0707850884	-0.0492242683	0.0631571053	-0.0249117288	0.0326721	-0.148247045	-0.0321964966	0.0068235559	-0.0678783945	0.0451766248	-0.0128581111	-0.0751814164	-0.1085173012	-0.0291472913	0.0628072615	0.0808814555	0.0596327553	-0.0855907267	0.0927564202	-0.0249281358	0.0708791809	-0.0912914059	0.0360914453	0.0750917878	-0.0448861234	0.0705345946	0.0486226663	0.0052916695	0.0452361915	-0.0395973319	0.0509952593	0.0227595148	0.1027802356	0.0467356418	0.0026613366	-0.0011965689	0.0103257323	-0.0770867927	0.0414202874	-0.0149005182	0.1585831273	-0.0196558594	-0.0261937309	-0.0152696468	-0.0900358269	0.0469524072	0.0102734258	-0.0644048267	0.0	0.0	-0.0220972828187342	0.0039466069390953	1.5575706331715938e-05	0.0004882899079711	0.293648237924387	-0.0108630851770499	0.0001180066195638	0.0862292876360973	0.2758952771271623	0.018613310462399	0.0761182039410736	0.0003464553263696	0.0021349384018973	-0.0007249607957628	4.557961979895797e-06	5.255681553930323e-07	-0.0005681298813717	0.0005397358413547	2.913147784429737e-07	3.22771562107422e-07	-0.0019938967133749	8.024825832499746e-06	3.975624103607229e-06	6.439782964195524e-11	0.0	0.0	0.0
44.69239457198161	-0.0497994931945768	0.0024799895224367	1997.4101325776912	47.022522428533534	0.117549643411742	0.0138179186662277	2211.11761554194	45.54631010950828	-0.0185601857243753	2074.4663645914966	0.0003444804941233	45.90340346461978	38.47050374605524	0.924308	35.168312	0.1039117904937505	0.0541426826134807	0.0733700191	0.0059698385	-0.0238380127	-0.1076717951	0.0848462818	-0.0912544287	0.0795278186	-0.0021216914	0.0235634261	-0.1132982455	-0.0358119484	0.1116502453	0.0207029959	0.038645124	0.0799380959	0.031940224	0.0373207682	-0.0786931935	-0.0644434417	0.0057720359	-0.0630790502	-0.0006825144	-0.0407786835	-0.0246753848	0.135858142	-0.0328534019	-0.0398311028	-0.0638173041	-0.0521526276	0.0120573477	0.0930560486	-0.0838411403	0.0145162666	-0.0670235521	0.1319882307	-0.0318446267	-0.1390905976	-0.0096928889	-0.0501027623	0.0919807591	-0.0250365507	0.0668364771	0.1528542505	0.1108899734	0.0905650534	-0.0037847946	0.0122143458	-0.0600433276	-0.0475079693	-0.0888116525	0.0631740897	0.0534117145	0.0475688046	0.0488287209	0.0095057386	-0.0502495131	-0.0732574271	-0.0051496386	-0.0301370806	0.0026724725	-0.0038916171	-0.0372404364	0.0535384051	-0.0327261424	0.1836553511	0.0515316389	0.1000194891	0.0507679014	-0.0003481022	0.0106836626	0.0871675979	-0.0456463496	-0.0151397149	-0.1657326579	-0.0840514571	-0.1783666782	-0.0827440823	0.0565839596	0.0122294719	-0.0647157268	0.1165508763	0.0750687856	-0.1436547009	0.0398204363	0.0790312325	-0.0570148955	-0.056639365	-0.0153158619	0.0548370644	0.009961353	-0.0763946105	-0.0465373919	-0.1092644547	-0.0234696741	-0.0765635307	-0.0174848314	-0.0237209465	0.1481070011	0.0960723625	-0.1597003991	0.0983999334	0.0534458435	-0.1515036381	-0.0103787495	0.1097057487	0.1389048906	-0.0752249727	0.0605823336	-0.017914373	0.0401602858	-0.0386905726	-0.0451722708	0.0169512386	-0.0434509708	-0.018557501	-0.0760106136	0.04288537	0.0288063181	-0.191521386	0.035307142	0.0256134714	-0.1094723966	-0.0999376146	-0.052456921	0.0108971641	-0.0041408592	-0.0486268448	0.1471325181	0.0199273205	-0.0007624492	0.0310474665	0.0053343001	0.0057873116	0.1005679968	-0.1162254	0.0770340111	-0.0993266415	0.027278957	0.0229939981	0.0527216064	0.0575815369	0.1305163943	0.0468579332	-0.0357042057	0.0414026353	-0.0216856412	0.086358572	0.0614536177	-0.0668753945	0.0817531245	-0.0601617232	-0.0062716355	-0.0540618719	0.0448706939	0.0467998468	0.0067821245	0.0335405332	-0.0194496642	-0.040088498	-0.0910090951	0.0502770413	0.0046755634	-0.0583057138	0.0	0.0	-0.0228535540896359	-0.0007562712709016	5.719462351912721e-07	0.0005222849345279	0.2989824335377449	0.0053341956133579	2.8453642841566728e-05	0.089390495564152	0.2369571868525213	-0.0389380902746409	0.0561487084010606	0.001516174874236	0.002584913412567	0.0004499750106696	6.681777350468774e-06	2.024775102271966e-07	-0.0011699183509739	-0.0006017884696021	3.621493621461579e-07	1.3687089479454894e-06	-0.0018679955269498	0.0001259011864251	3.4894072887044614e-06	1.58511087432478e-08	0.0	0.0	0.0
44.67285950920496	-0.0195350627766472	0.0003816186776875	1995.664376729164	46.778086257504896	-0.2444361710286386	0.0597490417071419	2188.1893539145685	45.58035167382688	0.0340415643185991	2077.568458709733	0.0011588281012573	45.96131567221691	38.17315856819078	0.917266	34.900394	0.0552052499443499	0.0272759224116892	0.0479095364	0.0220106376	0.1014183552	-0.0778777982	0.0894920519	-0.103520177	0.0426085544	0.0870993274	0.0436964183	-0.0368634823	-0.0786840252	0.0109266786	0.015275125	-0.0226798589	-0.0354116422	0.0387622334	0.2055725697	0.0210649577	-0.0013408927	-0.0874015221	0.1106037382	0.0502460364	-0.079851281	0.0571015863	-0.0361657556	-0.0611808749	-0.0903462133	-0.0504533987	-0.0346071486	0.0639938663	0.005216528	-0.0070481026	0.086002035	0.0063364745	0.0535833935	-0.0690190305	0.1335823224	-0.0201053516	-0.0343369606	0.0533688756	0.0476424476	0.0406276961	-0.0767020018	0.0335100999	0.0598135529	-0.0589631272	0.0384748238	-0.0090176679	-0.0328605959	0.0946061457	-0.0207934867	-0.0200872106	-0.0530883826	-0.0230833	-0.0711785097	0.0258112345	0.0399484661	-0.0396862262	-0.0412581221	-0.0107749764	-0.0004866237	-0.0210697849	0.0665035157	-0.0422391376	0.0141453125	-0.0507427317	-0.0114510075	0.157427717	0.092492377	0.0468073898	0.0644183549	0.1045581588	-0.2450251826	0.0840851386	0.0299915602	0.0141498668	-0.037944109	0.046839603	0.0253231308	-0.0952968432	0.0688081373	0.0193684136	0.0298297331	0.037846878	0.077598872	-0.0045855709	0.0900448355	-0.0582981668	0.0544648718	0.0703749023	0.024818609	-0.0092334752	0.0878761826	0.0711965973	0.0002808848	0.0399677205	-0.0016411893	0.0661685815	-0.0277960302	-0.0245295477	-0.13442655	0.0295053967	0.0848411066	-0.025782569	0.0541642201	-0.0362146921	-0.0337365938	-0.1292217975	-0.0359331354	-0.0074268824	-0.0776855995	0.1280412444	-0.0167015054	0.0093133986	-0.2148847137	0.0822325307	-0.0186406329	-0.0674393118	-0.0188962912	0.021124807	0.1157127796	-0.1030381708	0.0158560346	0.1349944519	-0.0526245565	0.010518611	0.0976002039	-0.0423702713	-0.0383861992	0.1233357031	-0.0409391706	0.0200267012	0.1509487253	0.0985433218	0.0166654044	0.0678713425	-0.1239166743	-0.0080050094	0.0245114482	0.0796791666	-0.0663396564	0.0518966071	0.0655283541	-0.0500170288	0.0908310522	-0.0858844822	0.0448075913	0.008851419	-0.1034325451	-0.0064613504	-0.0177544989	0.0030356209	0.0021061817	0.0660697961	-0.0135459005	-0.0237909778	-0.0085651728	0.0575595489	0.0879293421	-0.0919540145	0.0535390365	-0.000935404	-0.0519161246	0.0	0.0	-0.028140675963769	-0.005287121874133	2.7953657711936683e-05	0.0007918976436978	0.3163456796186352	0.0173632460808902	0.0003014823144655	0.1000745890133761	0.2369316642865797	-2.5522565941599185e-05	0.0561366135416085	6.514013722432786e-10	0.0027441054374844	0.0001591920249174	7.530114652031451e-06	2.5342100797302106e-08	-0.0008738335592914	0.0002960847916824	8.766620386566937e-08	7.635850893438767e-07	-0.0020633058988176	-0.0001953103718677	4.257231232095503e-06	3.8146141359138236e-08	0.0	0.0	0.0
44.729704721969775	0.0568452127648129	0.0032313782142768	2000.746484514605	46.67308435728262	-0.1050019002222768	0.0110253990502889	2178.3768034220197	45.586234316533925	0.0058826427070428	2078.104759161936	3.460548521872457e-05	45.96631969749445	38.277343643462565	0.9154000000000002	34.829384	0.0594830742612091	0.0258850214828758	0.063332951	0.008541119	0.0866970252	-0.0099290768	0.091015478	-0.034091304	0.0639247499	0.0776330805	0.1153685391	-0.029326783	-0.0512567466	0.0194205067	-0.1100951932	-0.076491059	-0.0063421955	0.0408264712	0.1299411788	-0.048245455	0.0979496641	-0.0076564844	0.0354210065	0.0314512091	-0.0177490233	0.0440980767	0.0235131512	-0.1165042826	-0.0662749807	0.0925576008	0.0098771543	-0.0648140705	0.0471191305	-0.0173490946	0.0274661606	0.0331460283	0.0946904067	0.060085246	0.0911774941	-0.1465346774	-0.1279825184	0.0337121141	-0.0757112098	-0.0891624439	0.1091067461	0.0421441316	0.0414532268	-0.1181149094	0.0205912597	0.0122603206	-0.0812438309	-0.0251646685	0.0199444547	-0.132442355	-0.0043501436	-0.0489503621	-0.0450325245	0.0809761258	-0.018282241	0.0891064944	-0.0129909673	-0.1066295575	0.0329513114	0.0379686005	-0.074186877	0.0618207439	-0.0362089855	-0.0754000052	0.0412555218	0.029457911	-0.0143836506	0.0334155959	0.0065961123	-0.0784303891	0.0684365989	-0.045830864	-0.0075099753	0.0193302303	-0.1970407653	0.0524878842	-0.0247911464	-0.112008944	0.0208459633	0.0407899678	-0.0188083817	-0.1104197545	0.0155849906	0.0554316433	-0.0129672239	-0.0377034576	0.0761568012	0.0293794628	-0.0573700051	0.1303119568	0.1722086826	0.0162645355	-0.0854384224	-0.0570215716	0.0246743021	-0.0146101833	0.103174621	0.0206052152	-0.0347382985	-0.0522806862	0.0690565953	0.0095196163	0.0086032657	0.0790240496	-0.0742520146	0.0975419785	-0.1038837965	-0.0640094181	-0.0639634699	0.017583422	-0.0990937488	-0.0188675787	-0.0448559829	-0.1228422515	0.1538527927	-0.0182045502	0.0403722531	-0.107251953	0.0138990322	-0.0129704143	-0.0061755489	-0.0010463545	-0.159885752	-0.0122780397	-0.0274927995	-0.0780092992	0.0019628439	0.1006406962	0.0270284978	0.1203381667	-0.1390835858	-0.0515030209	-0.0239185728	0.0693256514	-0.1213808145	-0.0087362635	0.0161342249	0.048759801	-0.0640406035	0.0041889783	0.0818657603	-0.0645686004	0.0685815554	-0.0516431875	0.0250575475	0.0261549905	-0.0829273693	0.0711384996	-0.0186646034	-0.0048049622	0.0635674574	-0.0064331278	-0.0469422109	-0.1808102568	0.1200311509	0.0108383358	0.021261051	-0.0928702909	0.0567343287	-0.0065437496	-0.045267892	0.0	0.0	-0.0135310500852341	0.0146096258785348	0.0002134411683107	0.0001830893164091	0.3056164339794947	-0.0107292456391405	0.000115116711985	0.0934014047183428	0.2299575216318459	-0.0069741426547337	0.0528804617550608	4.863866576857719e-05	0.0025699891262928	-0.0001741163111916	6.6048441092632295e-06	3.03164898229701e-08	-0.0010739372484753	-0.0002001036891839	4.004148642500687e-08	1.1533412136626984e-06	-0.0018941246974171	0.0001691812014004	3.5877083693654208e-06	2.8622278907316483e-08	0.0	0.0	0.0
44.72326352655715	-0.0064411954126271	4.148899834364852e-05	2000.1703004658768	47.17425759939047	0.5011732421078534	0.251174618604897	2225.41058005365	45.64204259405331	0.0558082775193824	2083.1960521573765	0.0031145638396804	46.01003542079743	38.45514992149327	0.931189	35.430134	0.0508646728106673	0.0270367836188513	0.0601969114	-0.0402426806	0.0865245166	0.0829819027	0.0864741325	-0.0306084136	0.1365186133	0.0933278064	0.0348460163	0.0684237775	0.0340199364	-0.0749277009	-0.0128768371	-0.0313116521	-0.1008058791	-0.0901786583	0.0254035398	0.0557178122	0.0499510201	-0.0815842818	0.0869229859	0.0034138136	0.0097943848	0.0180238947	0.1220851079	0.0006557653	-0.1133805557	0.049779404	0.0847441626	0.0251383099	-0.0653701692	-0.0201147235	-0.0945151831	-0.0661543867	-0.0566845244	0.1612914815	0.0241956759	-0.044579654	-0.0675279785	-0.0731923079	-0.0078160175	-0.0318866182	0.0541572096	0.0069387587	-0.0421548223	-0.0505891375	0.0244714554	0.0800681123	0.1061743862	-0.0684670184	-0.1310938176	0.1497483505	0.0292713985	0.0636710802	0.0311686827	0.0078336515	-0.0109026018	0.0322892747	0.0328890984	0.0410304519	0.2297124339	0.0117341173	-0.0371917907	-0.0309277956	-0.0891162888	0.0322962129	-0.0677426542	-0.054547201	0.1494622237	0.0427124919	-0.0177020894	0.0530123869	-0.1372040129	0.0549186661	0.0057418883	0.0290958272	-0.0002845107	0.0184962374	-0.1311417548	-0.147521875	-0.060409973	0.0678335633	-0.0897440793	-0.0155832826	0.034554701	0.039544827	0.0949308161	0.008674452	-0.0260943184	0.1305815903	0.070249849	0.0583662851	-0.0226929314	-0.0251205525	0.0035168507	-0.1296796845	-0.0319335688	-0.0195985334	0.0171323551	0.0451678286	0.067911708	-0.1266086467	-0.013933487	0.1223519875	0.0393185563	0.0147882644	-0.0473519091	-0.0631497347	0.0435102732	-0.1337341158	0.0030963646	0.0228217852	0.0964816854	-0.0437253226	0.1159338627	-0.0202419516	-0.0336149146	0.1426419402	0.0714802833	-0.0371966996	0.0668934611	0.1211312289	0.13358135	0.0260088773	-0.1089349718	-0.0810595351	-0.022067472	-0.0455228629	0.0751412419	0.1254757863	-0.0425293666	0.0537756678	0.0411664409	0.0024853931	0.0565329688	0.0597403654	-0.1394709579	0.0315063422	0.0478013623	-0.0413304022	-0.0118478505	-0.0758633338	0.0128969427	0.0365551505	0.0054173493	0.0179917618	0.032521807	0.0934229167	-0.0482118345	-0.0032880597	0.0888543629	0.0254527	-0.0120481219	0.000715329	-0.1117110101	-0.0384162584	-0.0390344402	0.0188108827	0.0260394613	-0.0937576389	0.059858937	-0.012133754	-0.038394137	0.0	0.0	-0.0271499195673072	-0.013618869482073	0.0001854736059697	0.0007371181325112	0.3154762302881124	0.0098597963086177	9.72155832474316e-05	0.0995252518767981	0.2309373349516974	0.0009798133198515	0.0533320526745924	9.600341417584227e-07	0.0026357569631969	6.576783690409984e-05	6.947214769040944e-06	4.3254083710442765e-09	-0.0009860037570503	8.793349142499998e-05	7.732298914190545e-09	9.72203408917307e-07	-0.0015197021517437	0.0003744225456734	2.309494630014432e-06	1.4019224270854933e-07	0.0	0.0	0.0
44.67901608957582	-0.0442474369813297	0.0019578356794167	1996.214478732575	47.2204634475184	0.0462058481279257	0.0021349804012209	2229.772168198421	45.60114495024389	-0.0408976438094157	2079.464420773154	0.0016726172691618	45.97045181673006	38.9476208295722	0.945748	35.98407	0.1033253659204881	0.0522791539135233	0.0610317051	-0.0321533563	-0.0767513611	0.0648836541	0.1490473603	-0.0309212373	0.0701437699	-0.0492880932	0.0125341942	-0.036540899	0.0668351812	-0.0103610758	-0.116943364	-0.0573843592	-0.238424786	0.0087146969	0.0149324505	-0.0677516477	0.1037458747	0.0534668486	0.0167328991	0.0631747755	0.0816368305	-0.0411832165	0.0723643136	0.0499488581	-0.1867695775	-0.075390091	0.1033080074	-0.054577197	-0.1660734123	-0.0049517215	-0.0906503751	-0.1111581136	-0.0074277966	0.0675512245	-0.0598678839	0.0338865512	0.0207186665	0.0459548653	0.0005464047	0.0298392297	-0.1160329052	-0.0104095627	0.1089005091	0.0314791747	0.0745834613	-0.1531754892	-0.0877338459	0.005807143	0.1333363669	0.0721421393	0.111064595	-0.0495472547	-0.041908113	0.0024698658	0.0648590845	-0.0219325175	0.0673757025	-0.0742995837	0.0018050828	0.0322531713	-0.0364116423	0.0475437949	-0.0889032867	0.037912436	0.1087229956	-0.0904023061	-0.0598325635	-0.0145734829	-0.0360799394	-0.0863324721	-0.0352885319	-0.0559573267	-0.0370201656	-0.1483115126	0.0099095846	0.0081708652	-0.0943084365	-0.0334376227	-0.0411616005	-0.0350899484	-0.1360766017	0.1020186455	-0.0266929348	0.0925136495	0.1367147795	0.1506190176	-0.1588026723	-0.0114284293	0.0909724174	0.0634990799	-0.1019001581	-0.0349667744	-0.0410579095	-0.1099152448	0.1197370692	0.0984977631	-0.0980792392	0.0963769367	0.0076090643	0.0341904526	-0.077091146	-0.1374576348	0.0367175107	0.010218021	-0.0220701116	0.0619813319	-0.0974308333	-0.0048876062	-0.0262568086	0.0141168591	-0.1257757857	-0.0140102178	0.0034646423	0.0211029061	0.0397276452	-0.0710150026	-0.0187675565	0.074242313	-0.0496550824	0.0693550776	-0.0957951289	0.1024276762	-0.0776034568	0.0817120607	0.0602467908	-0.0141325778	0.0425749457	0.0654547653	-0.0342254326	0.02069	0.0898993657	0.0822167273	-0.0908370354	0.0643531818	-0.1130670747	0.0511355982	0.0975470825	-0.0908744197	0.0653492503	-0.0086918042	0.0269194481	0.0883509045	-0.0058117298	0.0590164785	0.059496643	-0.004316466	-0.0037469872	-0.0119151892	0.0856659651	-0.091001464	-0.0141210394	-0.0534785067	0.0766923179	-0.0171620096	-0.0023181758	0.1019276724	0.0420147135	-0.0946157819	0.0629089685	-0.0176897492	-0.0313291043	0.0	0.0	-0.0295796249427553	-0.0024297053754481	5.9034682114813945e-06	0.000874954211754	0.3048086873206443	-0.010667542967468	0.0001137964729627	0.0929083358661343	0.2607692966135744	0.0298319616618769	0.0680006260563383	0.0008899459365956	0.003323958301459	0.0006882013382621	1.10486987898382e-05	4.736210819857454e-07	-0.0010857265716313	-9.972281458099988e-05	9.944639747956484e-09	1.1788021883462564e-06	-0.0019397011172145	-0.0004199989654708	3.76244042412318e-06	1.7639913099654235e-07	0.0	0.0	0.0
44.71004364988112	0.0310275603053042	0.0009627094984992	1998.9880031742755	46.83191720993964	-0.3885462375787583	0.1509681787366088	2193.2284695586404	45.59568029520463	-0.0054646550392618	2078.966061582512	2.986245469813e-05	45.96750725219143	38.42293081477558	0.942886	35.875168	0.049788525549021	0.0240274324562618	0.0459333185	-0.0383881844	-0.0488872137	-0.0797254156	0.1489841316	0.0086384286	0.0030238327	-0.0787928224	-0.0335389984	-0.1278839691	-0.0190794041	0.0355971247	-0.0846078434	-0.0202659625	-0.0253507579	-0.0930043289	0.0063857335	0.0048824071	-0.1028844116	-0.0689101202	-0.0886831471	0.0113735211	0.0069222696	0.0254125414	0.0515722725	-0.0221355505	0.0818635295	-0.0608027454	0.1271920745	-0.0271785197	0.129983073	-0.0058507122	-0.126330362	-0.0281460195	0.0100250858	0.0230689977	0.0745590264	0.0172767293	0.0391384023	-0.015752177	-0.066840577	0.0001042379	-0.0583152813	0.0815490634	-0.2124945766	0.0461704404	0.0605844175	0.0866084139	-0.161092662	0.04334166	-0.0663485553	-0.0647206375	-0.1402389646	0.010871308	0.0144984253	-0.0172901653	-0.1307148762	0.0106539624	-0.0532982093	-0.0012636768	0.1053442901	0.0785096414	-0.0067119531	0.1000664549	-0.0437797813	-0.0162403993	-0.0458136191	-0.009834128	-0.1110730512	-0.079589228	-0.065323977	0.0464403046	0.0084710856	0.0200348971	-0.0766962865	0.0026062184	0.035774597	0.0272901711	0.0332346355	0.0671820245	0.0493965818	0.0585197439	0.0070294931	-0.0859400468	0.062479627	-0.016040975	-0.1332756928	-0.0101674631	-0.1063274411	0.0951088937	-0.0011300151	-0.0427700793	-0.0547938588	-0.0210532169	0.0103060435	-0.0273388292	0.1257061803	0.0249261264	-0.1056644921	-0.0376815873	-0.1397528293	-0.090092517	0.019891162	-0.0702676242	0.0022294833	-0.0705773777	0.0194615749	0.0322527584	0.0506703169	-0.0860321073	-0.078911374	-0.0624718205	0.0909714902	0.1197382116	0.1353950497	-0.0787411006	0.0203984486	-0.11255904	0.0639952901	0.0611164038	0.0402337757	-0.1173049877	0.0074240779	-0.1230721316	0.0376317815	-0.0667709732	0.0097664944	0.0919846358	-0.0214950891	-0.045947772	0.0725276935	-0.0489444574	0.0318347563	0.0482601726	-0.0004656593	0.0393789546	-0.1478114051	0.0410602364	0.0937051326	0.02087843	0.0708759263	0.0582132776	0.0187401222	0.0694861352	-0.0831570188	0.0940602987	-0.0098353512	0.0701123752	-0.0319894016	-0.0277297305	-0.0259240355	0.0522255603	-0.064667629	-0.0017615356	-0.0217397154	-0.040602628	0.0206388335	-0.1129195297	-0.1200399689	-0.0954444529	0.0658806233	-0.0231961626	-0.0241079916	0.0	0.0	-0.0228544027690276	0.0067252221737276	4.522861328599871e-05	0.0005223237259289	0.3175455300719392	0.0127368427512948	0.0001622271632712	0.1008351636686688	0.2462137732633209	-0.0145555233502535	0.0606212221445619	0.0002118632599997	0.0030619136908782	-0.0002620446105807	9.37531545038736e-06	6.866737793444302e-08	-0.0011170060651022	-3.1279493470899936e-05	9.784067117960715e-10	1.2477025494751e-06	-0.0019617957586377	-2.209464142319999e-05	3.848642598608869e-06	4.881731796197849e-10	0.0	0.0	0.0
44.66925996777173	-0.0407836821093923	0.0016633087263999	1995.342786068374	46.83317420639835	0.0012569964587072	1.580040097202565e-06	2193.346206246855	45.53748951931389	-0.0581907758907433	2073.662951721622	0.0033861663987667	45.90444636397541	38.27435325199538	0.913279	34.748688	0.0408354159709881	0.0213126856568432	0.047811822	-0.0255467806	0.0345891692	-0.1011359593	0.0816484012	-0.0382705119	0.0476019417	0.0042207358	0.05827738	-0.0350779589	-0.1051289107	0.0910435321	-0.0413820136	-0.0267026292	0.0250137241	0.0170809276	0.1132663737	-0.0257543897	-0.0374285265	-0.0804342035	0.0138503846	0.0226816181	0.0393602655	-0.0059797871	0.0362889676	-0.1215225231	-0.0402191116	-0.0090991881	-0.0781195595	-0.0976839025	0.0044896033	0.0284407366	0.0214802305	-0.0367361648	0.0140498703	0.0275879092	0.0820451614	-0.0707635612	-0.014703442	0.0072726739	-0.1006054303	0.1748979858	0.1065922194	-0.0365911355	0.047474526	0.0582099538	-0.0157738401	0.1154546159	0.0326077727	-0.1690737266	0.098209361	-0.1184005098	0.0022209388	-0.0100251871	0.0166916521	-0.0034619672	0.0435772075	-0.0875358679	0.0456025586	-0.0045268195	0.0539661909	-0.0514595486	-0.0256333687	0.1515840128	0.0095259178	-0.009837819	-0.0038649684	0.0691071664	-0.0099359119	0.0519821901	-0.0172559917	0.0808273625	-0.0672132276	0.0328746017	0.0524001151	-0.0548217767	0.0089175042	0.0422193612	0.0692798078	-0.1055161114	0.0768948879	-0.008651346	-0.1074490887	-0.0205827655	-0.0032150273	0.0413959167	-0.0070074646	0.0229327812	0.0886725143	0.0214564118	-0.0359856775	0.0539119684	0.1122558206	-0.0689939093	-0.0269756911	0.0679607544	0.0348830979	-0.0255663248	0.0658745451	-0.1427217222	0.0207098151	0.0329620963	0.0564760288	0.0868667813	0.0494297197	-0.044089417	0.1101192694	-0.068870746	0.0012791921	-0.0425529677	-0.0864543228	0.0067348603	-0.0023200954	-0.0627803864	0.0810471899	-0.1209420532	0.0272289523	-0.033454676	-0.0298632241	0.0780206583	-0.0180301256	0.0563623836	0.0179328754	0.1020259529	-0.0443133933	0.1047994718	0.0741866209	0.0218598365	0.0274776078	0.0272563503	0.0881731175	0.1006755048	0.0010539455	-0.0275988386	0.0135878525	0.0538955174	-0.1133917867	0.0288414053	0.0908324279	0.0941462081	-0.0177078913	0.0706036918	-0.0472557373	0.1344966544	0.0049440486	0.0122682103	0.0087302243	-0.0264126835	0.0105294844	-0.0961299624	0.1140960976	0.0047141181	-0.0115030601	0.0066131053	0.0934622421	-0.1181223246	-0.0185577035	-0.0434586034	-0.0310474904	-0.0962433935	0.068770199	-0.0286375605	-0.0167667741	0.0	0.0	-0.0254630437461571	-0.0026086409771294	6.80500774755914e-06	0.0006483665968187	0.3242277955255872	0.006682265453648	4.465267159301789e-05	0.105123663391382	0.2504998779430565	0.0042861046797356	0.0627501888494862	1.837069332565153e-05	0.0026900190632144	-0.0003718946276638	7.236202560456878e-06	1.383056140851965e-07	-0.0010744670558704	4.253900923179986e-05	1.8095673064231534e-09	1.1544794541508057e-06	-0.0018310612983238	0.0001307344603139	3.3527854782192405e-06	1.7091499113566704e-08	0.0	0.0	0.0
44.71587516377153	0.0466151959997986	0.0021729764980996	1999.5094916619996	47.04321424122695	0.2100400348286015	0.0441168162308001	2213.064006145978	45.51000099376756	-0.0274885255463246	2071.1601904527247	0.0007556190367109	45.87975855063129	38.436276248512	0.937881	35.684746	0.059617695525694	0.0361106833851192	0.0388999347	-0.0286092851	0.156098849	0.0160903289	0.1190849534	-0.0046786927	0.0600396164	0.0939517371	0.0859115198	0.025691702	-0.0633719427	0.072675735	-0.0366279806	0.0435580237	-0.0327026231	0.0046280143	0.068436789	0.1490409437	-0.0938282491	-0.1092671692	-0.1199176192	0.109995964	0.045822157	-0.0852565413	-0.0056891308	-0.0628979822	-0.035646087	-0.0885953772	0.009171627	0.1275074619	-0.0031108933	0.0939141768	0.0452001936	-0.0397385862	-0.0154126829	0.0338599293	-0.1138996927	0.016784693	-0.0902887834	-0.0224967056	0.0192807437	0.1701207754	0.025294098	0.0884242441	-0.0384384857	0.0039662111	-0.1442038728	-0.0207226423	0.0064750687	-0.0642889447	0.0592216673	0.0379401007	-0.058043094	0.0758537098	0.1457717432	0.1108375356	0.1229680186	0.0903393244	0.0077763858	-0.0958345907	-0.0406926474	-0.0067510765	0.0544044269	-0.0584788175	-0.0062333665	-0.0609082714	-0.0044474659	-0.0626912147	0.0496253548	0.0039144434	-0.1562735994	-0.0491362795	0.0090596366	-0.0377575046	-0.0598922978	-0.1043669767	0.0510727365	0.0654729148	0.0231009843	-0.1232012308	-0.0218929796	-0.0567452818	-0.0180936805	0.047382017	-0.004137261	0.0474962533	-0.018046052	0.1210933757	0.0692015005	0.1101882498	0.1181660483	-0.0299262211	0.0219744416	0.0885308941	0.0140569716	0.0642511496	-0.1113956604	0.0918193002	0.0233525766	0.0118359472	-0.0436453194	0.0811997401	-0.1322750314	0.0221595275	0.055427649	0.0586520411	-0.0749147507	0.1112011942	0.0946845054	-0.0100274801	-0.0706512085	-0.0460442095	-0.0592758389	-0.1172226648	0.0801526633	0.1291068805	0.0824619174	-0.0693873276	-0.0867681237	0.057580256	0.0427518413	-0.0148577178	-0.0729287347	-0.0067385334	-0.0017136119	-0.0614919823	0.0169358033	0.0602085839	0.0031311474	0.0943003768	0.0821449712	-0.0338183963	0.0259283176	-0.0157449979	0.0510168923	0.0431038486	-0.1612250601	0.0139709583	0.0999478093	0.0902863049	-0.067412036	-0.0755818508	0.0316155574	0.0762941332	-0.037113155	0.0595580441	0.0463302287	0.1331256891	0.0231238374	-0.0626681887	0.0904419241	-0.0733663727	-0.0863747046	0.0001180349	0.0319774491	0.0339025576	0.0852097147	-0.0978801488	-0.0319736055	-0.0970123549	0.0715740957	-0.0339986915	-0.0093420254	0.0	0.0	-0.0242339622647165	0.0012290814814405	1.510641288020218e-06	0.0005872849270477	0.3161136485332321	-0.0081141469923551	6.583938141354583e-05	0.0999278387889918	0.2549736403101548	0.0044737623670982	0.0650115572530121	2.001454971726488e-05	0.0033363764293833	0.0006463573661689	1.113140767854446e-05	4.177778448007976e-07	-0.0010869889706246	-1.2521914754199837e-05	1.5679834911144748e-10	1.1815450222595274e-06	-0.0020881961110967	-0.0002571348127729	4.360562998399382e-06	6.611831193975435e-08	0.0	0.0	0.0
44.6614638541831	-0.0544113095884313	0.0029605906111281	1994.6463535985035	47.07837228198628	0.0351580407593346	0.001236087830035	2216.3731367212945	45.47709686902105	-0.0329041247465156	2068.166339634324	0.0010826814253342	45.8277546550703	38.618228232453816	0.961807	36.595097	0.0509337713321229	0.0252592354416066	0.0725733627	-0.0327522443	-0.04357307	0.1072621361	0.1270638894	0.0292271888	0.1221699156	-0.0023867549	0.0956324315	0.0346074456	0.1050173762	0.0194933848	-0.0202915664	0.0780413979	0.0743498855	-0.0068927931	0.0435117059	0.0044426331	-0.0376480962	-0.1652262993	0.1074107559	0.1397706793	-0.0594061989	-0.0086467911	0.0367646705	0.0686584364	0.0010826176	0.0019579682	0.0955299849	0.0770030155	0.1235564165	-0.0309828998	-0.0639954993	-0.1040988921	0.0153056519	0.0074448122	0.0629012552	0.0599535322	0.0331960717	0.0182339109	0.1128156245	-0.1262320492	-0.030015616	0.0570002809	-0.0111872742	-0.0456156674	-0.043501542	0.0838415453	-0.0141225288	0.0482090984	0.0413586651	0.0906120775	0.0114481298	-0.0668958033	-0.0018258857	-0.0772071304	0.0376740053	-0.0228507184	0.0431074206	-0.0197926028	-0.0183909928	0.119205708	0.0650850637	0.1076123356	0.0023681187	-0.1124878121	-0.1242825968	-0.0242720826	-0.1907897396	0.0926835778	0.1918277942	0.1103637598	0.1209645568	0.1403049975	0.0187510101	-0.0947738938	-0.0227357009	0.1513244616	-0.0936049767	-0.0003834858	-0.0810764957	-0.0054064561	-0.0229019226	-0.0119842392	0.1064830406	-0.0156390074	-0.0068178457	-0.0222461955	-0.0186199128	0.0253093753	0.0191171354	-0.1290546335	-0.0633152619	-0.0132444805	0.0014868301	-0.1358766327	0.0489265628	-0.0144360854	0.0195142955	-0.0218492941	-0.0766419701	0.1345564409	0.0642801686	-0.0910422124	-0.0258603972	-0.0041484767	-0.0689429149	0.0330583583	0.0190393308	-0.0221062053	0.0771813532	0.0370397087	0.0505014955	0.0650447091	0.0050363302	0.1345431466	-0.0672276363	0.0775152859	0.1166464387	0.0425728708	0.0029118075	0.0113294357	-0.146458572	0.0219684221	-0.0466001936	-0.1256080112	0.0462155702	-0.0181128069	0.0587282124	-0.1318453507	-0.1254555393	0.0214964096	0.128785044	-0.0562246161	0.129312616	0.0696595165	-0.1228668804	0.0068771696	0.0883535468	-0.0535294366	0.0178084477	-0.0819839025	0.044667537	0.1013715487	0.0436070918	0.0540179685	0.0348659451	0.054083867	0.0162296647	0.0264968739	0.120775928	-0.0699855731	0.0569243165	-0.0087342354	0.0228230117	-0.124242081	-0.0825199691	-0.0185393086	0.022937529	-0.0977510977	0.0742888199	-0.039264529	-0.0018707352	0.0	0.0	-0.0225250152264067	0.0017089470383097	2.9204999797478325e-06	0.0005073763109498	0.3074368569442498	-0.0086767915889822	7.528671227863345e-05	0.0945174210077591	0.2407286635761139	-0.0142449767340409	0.0579502894671418	0.0002029193621533	0.0031786402513614	-0.0001577361780219	1.0103753847574863e-05	2.488070185695655e-08	-0.0011433193122301	-5.6330341605500015e-05	3.1731073853923262e-09	1.3071790497183086e-06	-0.0024001907108851	-0.0003119945997883	5.760915448619121e-06	9.734063029712378e-08	0.0	0.0	0.0
44.86170796974836	0.2002441155652619	0.0400977058185139	2012.5728419629836	46.9487611238773	-0.129611158108986	0.0167990523063525	2204.1861710668923	45.77308804259008	0.2959911735690355	2095.175588954703	0.0876107748307748	46.12718143140331	38.805361386711205	1.000696	38.07476	0.266367861578709	0.141284552885934	0.0071273389	-0.0798249831	-0.0321952049	-0.0228267386	0.158991144	0.034754387	-0.0363105592	-0.0030014497	-0.1565539091	-0.0482540343	0.0245077653	-0.0088921428	0.021836979	-0.1118814123	-0.1199840999	0.0005153377	0.0915745163	0.0892946483	-0.006022314	0.1650379063	-0.046823761	-0.1273520753	0.02564023	0.0264364708	-0.0793511284	0.0804176216	-0.0170310127	0.0041654677	-0.0211626416	0.0276164564	0.0256521864	0.1156950972	-0.0147018077	-0.0569869698	-0.1312763419	0.109515189	0.031752507	-0.0016114165	-0.0857090429	0.0547123416	-0.0567666153	-0.0729447009	-0.085805595	0.0919263088	-0.1420896189	-0.0158024444	0.0634526281	0.0005952739	0.0070488175	-0.0042322024	0.1164722519	0.0930536294	0.0139010919	-0.0823774985	0.0455663801	-0.08578221	0.0383458973	-0.014353632	-0.1328007451	-0.0336542367	0.0710199858	0.1293908582	-0.0731223943	-0.0495642877	-0.0353077558	-0.0629422209	0.0491128225	-0.036947877	0.0446246014	-0.0821402366	0.0077616653	0.0864097036	0.033502876	0.0247017088	0.0045682575	0.0399273265	-0.0904486631	-0.1103712767	-0.0023006955	0.0509409501	-0.0273906375	0.0498704775	0.0096725434	-0.0136803933	-0.021983014	0.1282437911	0.0224742834	0.0735480986	-0.0002434996	-0.0100393766	0.0144892822	-0.097476886	-0.0852363271	-0.0802387685	-0.0441367755	-0.1225685119	-0.1335928438	0.0490169444	-0.0559373513	0.0606542064	-0.1221817123	-0.0487422531	0.0447521572	0.0430286379	0.0882198901	-0.0497917779	-0.0266761154	0.0280376892	0.0221703836	-0.039559278	-0.0180168062	-0.1162952956	-0.0638983319	0.0564050252	-0.0293478911	0.102357235	-0.0674484082	-0.0425940863	0.1382159605	0.0524770317	0.1326366886	-0.0345943655	-0.0200613931	-0.0691931055	0.0080908784	-0.0074134141	0.089615737	-0.0141659486	-0.0952328145	-0.0106927843	0.1014403426	0.0340558108	-0.0963471787	-0.0675658906	-0.0037074753	-0.021927588	-0.1365489793	0.1175073426	0.1796575356	0.0368078485	0.0594002782	0.0127777113	0.0676951455	0.0233099543	-0.0975358813	0.2090347795	-0.0518139562	0.000465545	-0.0419000998	-0.1681933601	0.0225657452	-0.1378860567	0.027342166	-0.0243916186	0.0119477249	0.0831619039	0.1235045357	0.1207475599	-0.0304488733	-0.0984593917	0.0769109895	-0.0444203137	0.0056098749	0.0	0.0	-0.0583439153529923	-0.0358189001265856	0.0012829936062783	0.0034040124587171	0.3691652334558739	0.061728376511624	0.0038103924667608	0.1362829695925298	0.3529639475082433	0.1122352839321293	0.1245835482406019	0.0125967589593257	0.0030142074973987	-0.0001644327539626	9.085446837374534e-06	2.7038130575757813e-08	-0.0010473086681233	9.60106441067999e-05	9.218043781802592e-09	1.0968554463262006e-06	-0.0015289280887872	0.0008712626220978	2.33762110068248e-06	7.59098556664908e-07	0.0	0.0	0.0
44.98744860628801	0.1257406365396534	0.0158107076773972	2023.870532103405	46.3352101625322	-0.6135509613450978	0.3764447821674936	2146.951700806027	45.90820895603725	0.1351209134471673	2107.5636495511785	0.0182576612507968	46.26052486835112	37.60365876907439	1.063948	40.481388	0.3955962107384944	0.1794587365169896	0.0518595712	-0.0061879241	-0.0383042298	-0.075533815	-0.0802632284	0.3043497809	-0.1382172884	-0.0319125394	-0.1756372439	-0.1426819017	0.0792305616	-0.2135950381	0.0848987351	-0.1181369202	0.0632633019	-0.0002289267	-0.0399109836	0.2527992558	0.0815577041	-0.146964728	-0.0664688363	-0.2396057367	-0.1195885313	0.2095586355	-0.0885535175	-0.0338180997	0.0410792355	-0.0608587668	0.1789676118	-0.0207582339	-0.0130977772	0.1730088772	-0.0176531144	0.014729973	0.1295102128	-0.0035674329	-0.0665706081	-0.026016396	-0.0061408762	0.0229780292	0.0748724148	0.0109348043	0.0780344205	-0.0155258084	-0.0585603518	-0.0272320406	-0.1200965671	-0.0057078617	-0.0357641204	0.0196913608	0.1204416571	0.0850056338	0.1131258524	-0.0465233467	-0.0442492962	0.1097469921	0.0309398547	0.0737191466	0.0886772023	-0.00084823	-0.141740275	0.0110731116	0.022079615	0.0853168889	-0.0802465254	-2.36126e-05	-0.0577483989	0.0492063237	0.0835006794	-0.0098192275	0.0779513224	-0.0428641968	0.0052471757	-0.0233118615	0.031612027	0.1618386893	-0.0717203675	-0.1895796535	0.0711978752	0.0541346593	0.0139766691	0.2317832166	0.2488742469	-0.0682023178	0.0103829596	0.1211992885	-0.1081401943	-0.0709437893	-0.0476559492	0.0607712927	0.0432319308	0.100515467	-0.0094230076	0.0939223774	-0.0954339108	-0.0733060393	-0.0500351556	-0.0261127614	0.0903115418	0.0577542588	0.0824661095	0.1431583584	-0.0054983576	-0.0746802822	-0.1018341537	0.0359601412	-0.1240841497	0.0184251784	-0.0216117844	0.1133984461	-0.0998609145	0.0450069536	-0.0106157934	0.0041407055	0.1382161924	0.1025361552	-0.0376621478	0.0504033343	-0.0429018633	0.078251023	-0.0184907865	-0.007862791	0.0417374605	-0.0579186177	-0.1037317744	0.1303507377	-0.0487746797	-0.1009138261	0.0916598934	-0.0860468805	0.0580687284	-0.0910681188	-0.0370137555	0.0475175386	0.1238616813	0.0544151304	0.2165277816	0.1594907852	0.1023113206	-0.0378467818	-0.1015163573	0.070602734	0.2599583419	0.1409015059	0.1730771175	0.3572264087	-0.0468714008	-0.0457491354	-0.0917631036	0.2802276063	-0.2240304249	-0.048124949	0.2557529623	0.0330690469	0.1468268981	0.0385499263	-0.0022130271	-0.0713727659	-0.090611646	-0.0991370163	0.0794373376	-0.0494515946	0.0130625369	0.0	0.0	-0.1134096938985749	-0.0550657785455826	0.0030322399668311	0.0128617586701684	0.3770652148786411	0.0078999814227672	6.240970648006704e-05	0.1421781762714757	0.4285875238621415	0.0756235763538982	0.1836872656102817	0.0057189253005538	0.0046449560523171	0.0016307485549183	2.1575616727957256e-05	2.659340849368449e-06	-0.0030751273859643	-0.002027818717841	4.112048752426317e-06	9.456408439907628e-06	-4.735787322167123e-05	0.0014815702155655	2.242768156079885e-09	2.1950503036508874e-06	0.0	0.0	0.0
45.03460783621854	0.0471592299305285	0.0022239929676404	2028.1159029619964	46.82905014057562	0.4938399780434181	0.2438779239139237	2192.959937068545	45.775290716910845	-0.1329182391264041	2095.377240217704	0.0176672582924639	46.14611391287853	38.76724753055594	1.07164	40.774067	0.180380329392947	0.0828979243693322	0.0695370152	-0.1002226255	0.0235560592	0.0120965338	-0.2192327685	0.1708609127	0.005422781	0.0150523579	-0.1733632316	-0.0403528714	-0.0327766497	-0.2101644676	0.2888796779	-0.0477395743	0.0600874197	0.0665368239	0.1570268042	-0.0511369305	0.1839165756	0.0309231635	-0.1297687054	-0.1934997365	-0.0985076396	0.1770841588	0.0570548504	0.1114697598	0.0775672534	0.0282953817	0.1204254019	-0.0116741344	0.151960585	-0.0188229597	-0.0224178167	0.0700414758	-0.0285676637	-0.0608145885	-0.0973774515	0.0712921594	0.1594466155	-0.0754814952	-0.054596445	0.1202123471	0.1832177373	-0.0830313306	0.0108387864	0.0297354867	0.0706143036	-0.096605555	-0.0394397955	0.204020722	-0.0466658804	0.0876959636	-0.0162065214	0.0468177562	-0.1021538275	-0.0801441974	0.1103605496	0.1580199227	0.1097042126	-0.0143343759	0.0101015428	-0.0171357104	0.1194248457	-0.1100593705	0.1149918082	0.0941032564	0.07235249	-0.021694842	-0.0642778771	0.0485672451	-0.0419930328	-0.0199605862	0.0236213324	-0.0268814897	-0.0385808526	-0.0524723344	-0.1138361966	-0.1763061427	0.0224810097	-0.0053481645	-0.0194691335	0.2473291296	0.1192558282	0.0357808697	0.0630812763	-0.0503095972	-0.0938615416	-0.0530526338	-0.0698339554	0.0026968819	-0.0007507825	-0.150081813	0.0960022521	0.069986539	0.10362126	0.0895089625	0.1092648085	-0.0325060326	-0.0626055513	-0.0204111304	0.173309213	-0.1178877366	-0.0933067554	-0.0128143739	0.003896139	0.0834361072	-0.1596113337	-0.0295406985	0.0574902054	0.0973717566	-0.1049743624	0.0609977681	-0.1015637313	-0.0051086322	0.0065870792	-0.0159345883	0.0143616261	0.0904598948	-0.0524607026	-0.1291904095	-0.0095151709	0.0380768842	0.0299495976	0.0358520203	0.1079230911	-0.0269251233	0.008698013	-0.0263503466	-0.0891090037	0.0934120389	-0.132146482	-0.1065177253	0.0010418541	-0.0497776544	0.0467255468	0.0129159482	0.2613639591	0.1575603628	0.0499771768	-0.0529648521	-0.0941496529	-0.1089072997	-0.070216034	0.0266300185	0.0194455317	0.1437802674	-0.1638450778	-0.2492946367	0.0931052725	0.2011635028	0.0794129224	0.0752187748	-0.0788486276	0.0732310333	0.0899106154	-0.1921990758	-0.2022118159	-0.2071323963	0.1857930385	-0.0997837604	0.0818647166	-0.0543442699	0.020450122	0.0	0.0	-0.0534366458418986	0.0599730480566763	0.0035967664932084	0.0028554751188324	0.3992969749449315	0.0222317600662904	0.0004942511556451	0.1594380742001732	0.4429041502193982	0.0143166263572567	0.1961640862815672	0.0002049657902532	0.0053692672713085	0.0007243112189913	2.8829031030744626e-05	5.246267419568074e-07	-0.0023699840215054	0.0007051433644589	4.972271644404174e-07	5.616824262190907e-06	0.0002003654415825	0.0002477233148041	4.0146310180550215e-08	6.136684069756653e-08	0.0	0.0	0.0
44.968214915520015	-0.0663929206985258	0.0044080199188807	2022.140352688397	48.04430564550253	1.2152555049269154	1.476845942255172	2308.2553049584667	45.81005759531138	0.0347668784005321	2098.5613768857456	0.0012087358337173	46.21083133057516	39.746621238903735	1.035827	39.411438	0.3736006643113388	0.1800867301727159	0.0683872994	-0.1570282419	-0.105525131	0.038174983	-0.2453746242	-0.0676260438	0.163601847	-0.0382602906	-0.17668872	-0.0064435651	-0.0450472637	-0.0574423201	-0.1900874337	0.0975761527	0.0249023513	0.0938525561	0.0483864118	-0.0666906752	-0.0845860891	0.1693618981	-0.0883772945	-0.2016200189	-0.0297104668	0.1179208575	-0.0092409152	-0.1079173533	0.0247911648	-0.0348850752	-0.069676792	-0.0390862929	-0.020083186	-0.0509454624	-0.0302510744	0.059594067	-0.1133864972	-0.208563815	0.1454921882	-0.1731341931	-0.0851194259	-0.0291597849	0.115930009	-0.0820112843	-0.027452486	0.0042235588	0.0888335093	0.0330646068	0.0585606265	0.0260063727	0.0874561901	0.0099142009	0.0111188283	0.0460289459	-0.019062801	0.1352059096	-0.0477867597	-0.0442554587	-0.0323048484	-0.0391196267	-0.0748318259	0.1010168103	0.0259645238	-0.0530371625	0.028305267	0.0924983575	0.0654877377	0.0113744035	0.0328647767	-0.1636838502	0.0342937873	0.0172531973	-0.0908533766	0.0879687927	0.0813760192	-0.0468683655	0.0298069034	0.0706268642	0.0910447302	-0.1641090109	-0.0253515047	0.002695404	0.1059070676	0.1273955994	0.0365969871	-0.0806458257	-0.1798797019	-0.163305666	0.124666837	0.000219918	-0.0456312844	-0.0935353641	-0.0349757091	0.027776306	0.0449267391	0.1299211473	-0.0133442307	-0.0567753341	-0.0698363713	-0.0576873388	0.0542742196	-0.1679563769	-0.0716757219	-0.0639216199	0.0438694921	0.0310904529	0.0136858353	-0.0324325213	0.0934007776	0.0257175308	0.0526458933	-0.0195476524	0.1157917231	-0.0315329478	-0.0326217724	0.038890705	-0.0532132121	-0.1138448827	-0.0009834091	0.0395535078	0.076255295	0.0209819622	-0.0397190146	0.0227185086	-0.0275439628	0.126537234	0.1166114648	-0.0078828614	-0.1375957809	0.0326029376	0.0898541971	0.0039001564	-0.0057835626	0.0772012485	-0.124653229	-0.0639723284	0.0053953062	-0.0602536548	0.1497255349	0.1347105958	-0.0320312598	-0.0190141026	0.1296302671	-0.0356772631	-0.246232347	-0.067119252	0.0217404958	0.0854709016	0.048164365	0.2194819304	-0.0805317148	0.011371054	-0.0721002653	0.0976581683	-0.0807643819	-0.0556507763	-0.0845319495	0.0469507586	0.2003305094	0.1437025947	-0.0027806476	-0.1003994225	0.0841901024	-0.059084626	0.0277358257	0.0	0.0	0.0002003013889577	0.0536369472308563	0.0028769221082456	4.0120646418383837e-08	0.3778455851774822	-0.0214513897674493	0.000460162122955	0.1427672862381139	0.3641141762185569	-0.0787899740008413	0.1325791333233183	0.0062078600030532	0.0032199962664394	-0.002149271004869	1.0368375955883676e-05	4.619365852371028e-06	-0.0003715762013456	0.0019984078201597	3.993633815675842e-06	1.380688734064259e-07	-4.640279963243998e-05	-0.0002467682412149	2.153219813728372e-09	6.08945648723148e-08	0.0	0.0	0.0
44.57083817335834	-0.3973767421616756	0.1579082752110268	1986.559615475697	47.71834729399	-0.3259583515125328	0.1062488469207679	2277.040668469843	45.61922783365055	-0.1908297616608294	2081.1139481385167	0.0364159979355289	46.07023849585549	38.477889446439	1.021974	38.884335	0.0398178962861377	0.024312268353956	0.0359543394	-0.0418478263	-0.0786876351	-0.0429582005	-0.2796090913	-0.1844883779	0.1761098957	-0.0833846753	-0.0606923928	0.11772866	-0.2244637466	0.0105210641	0.0890478879	0.0453697238	0.1136133963	0.0903434627	-0.102774273	-0.1002926172	0.0584461578	0.1369035242	0.1141802985	0.0108757709	-0.0644217078	-0.0074300012	0.0067739575	-0.0608695761	0.0511748791	-0.1057608786	0.028999675	-0.0233545029	0.1083909363	0.0805298203	-0.0504454296	0.1715435766	0.0017887689	0.0128648707	-0.0039572164	-0.0745853211	-0.0029940857	-0.0259069464	-0.0130868857	0.0515050765	-0.111889044	0.006700237	0.0068321502	-0.0112603789	0.057859155	0.0150429126	0.1373823816	-0.0543468962	-0.0408663087	-0.0803935922	0.0625929964	0.0401915937	0.1207850074	-0.0643864062	0.0275009329	2.07321e-05	0.0596122962	-0.0818397159	0.0931038306	0.0371521297	-0.1009691021	-0.0569086681	0.1056506332	-0.0360939002	0.062768088	-0.0778513423	0.0739550288	-0.1135816985	0.0518813254	0.0356106836	0.0628709599	-0.0036883421	-0.1096738885	-0.0151389735	-0.0954250704	-0.0275728231	-0.1069109774	-0.0047533301	0.184850995	0.0482940542	0.0265463387	-0.0116450627	-0.0089412215	0.0067293827	-0.1074624934	0.0831859331	-0.0243794348	0.0858770325	0.0081346236	0.0118899721	0.1207724526	0.1480408078	0.0833377161	-0.0380217615	-0.0600909573	0.0248660757	0.0341912864	-0.0379309542	-0.0145316654	0.005592187	0.0175866997	0.0969527287	0.0029109892	0.0560090509	0.1280024177	-0.0063328392	0.0387262756	-0.1236272842	0.007742789	-0.0398462004	-0.0776996722	-0.0550595683	-0.0730955164	-0.0290842194	-0.0735575692	0.0121230206	-0.0474261457	-0.0347480483	-0.0599642734	-0.0895099555	-0.0229427184	-0.1711289625	0.0339492638	-0.0637085898	0.0580677097	0.0222467026	-0.0723753168	0.0291694944	-0.0291680112	0.0298318615	0.0505458623	-0.0532524987	0.1302932507	-0.0275186396	0.1910713564	0.0353975046	-0.0450195165	0.0629103897	0.0340246331	-0.0231044445	-0.3454674093	-0.0366855123	0.0251863759	0.0231107673	0.1958948056	0.0910434939	0.0141026172	0.1257477402	0.041258559	-0.0206057055	0.0385118955	0.0341479957	0.0390330806	-0.0031923456	-0.0482234668	0.0798505024	0.0131452733	-0.1009838109	0.0864105979	-0.0636593764	0.0348833508	0.0	0.0	-0.0003688535957877	-0.0005691549847454	3.239373966605365e-07	1.3605297512551596e-07	0.3824806041155995	0.0046350189381172	2.1483400556705996e-05	0.1462914125246339	0.3415809953363649	-0.022533180882192	0.1166775763749817	0.0005077442406695	0.0031509921814713	-6.900408496810038e-05	9.92875172769326e-06	4.761563742284817e-09	-0.000256163220377	0.0001154129809685	1.332015617605842e-08	6.561959547391549e-08	-0.0001035965633174	-5.7193763684960016e-05	1.0732247931176068e-08	3.271126604451051e-09	0.0	0.0	0.0
44.18173072001658	-0.389107453341758	0.1514046102461083	1952.0253294160568	47.47843390048205	-0.2399133935079476	0.0575584363844993	2254.2016856424434	45.49605226516724	-0.1231755684833046	2069.890771714829	0.0151722206711852	45.93442661785044	37.99775019773036	1.045162	39.766602	0.0983114056565336	0.0487081360436366	-0.0555509454	0.073067862	-0.1097888552	0.1047283708	-0.2311008756	-0.2316620972	0.053295446	-0.2056767103	-0.0430820916	0.2424014888	-0.0364964116	-0.0744983564	-0.0733329953	0.1064454011	-0.0209640666	0.1321337999	0.0742541855	-0.0321204049	-0.1289317705	-0.0501230764	0.0919636904	-0.0036787771	-0.0839821067	-0.208934219	0.0068050733	0.0149683978	-0.0184270367	0.066885353	-0.0781494257	-0.0134356971	-0.0522752049	-0.0647337485	0.0217449102	-0.0153903139	-0.0721052046	-0.0729702978	0.0079285863	-0.0534623207	-0.0540559416	0.0055034191	0.0367968159	-0.0588239525	-0.0563242632	-0.0549521127	0.0119218464	-0.0152586951	0.0167157175	0.0690633962	0.1353724906	-0.0171868376	-0.15291452	0.0666848855	0.0791794908	-0.146354041	-0.0036116693	0.0559943802	0.1425261953	0.0313135397	-0.058873529	0.0801875136	0.0762273457	0.0550010165	0.1020554538	0.0368615643	0.0049724713	-0.0176209879	0.0590669201	0.088734052	0.0277816719	-0.0720015871	0.0827512703	-0.0458682008	-0.0669192722	-0.0574884401	0.1663960451	-0.1560071557	0.0133184678	-0.0449999696	-0.1734332604	-0.0349518213	0.0250562405	-0.1471284248	-0.0661345193	0.0129384336	0.0061092409	-0.0781573703	0.1051068702	-0.0631740064	0.0690313129	-0.0796183072	-0.0147835632	0.0284838807	-0.0402228153	0.0188061507	0.0325173192	0.0184941	-0.0639851086	-0.0077682163	0.0358538484	-0.0142499052	0.0070488903	-0.0432837996	0.0707654027	0.0404531384	-0.0437727032	0.0362863511	-0.0472801621	-0.1449667998	-0.0028174244	-0.0803567644	0.0926397054	-0.0752998556	-0.1565969333	-0.048206247	-0.0958089651	0.0939781485	0.0055084477	0.1449119328	0.0212288681	-0.0032067025	-0.005705223	0.0560483459	-0.0251676008	0.0481123692	0.1165224854	-0.0360831879	0.0444425271	0.0363581939	0.0545056501	-0.0348108576	0.1873852188	-0.084256358	0.0520010795	0.0714784709	-0.1472317123	-0.0644990568	0.1447804969	-0.0573024248	0.0357179206	-0.0337037125	0.0916065786	-0.0961845574	-0.2239566461	-0.0209115799	-0.0785826983	0.0309951079	0.2253090265	0.1190154032	-0.0069976391	0.0114833316	0.0082443134	-0.0852145741	0.1118145633	0.031584851	-0.0505359031	0.0902087709	-0.0064115278	0.1419702138	0.026643115	-0.1015367435	0.0885234364	-0.0680556987	0.0418570888	0.0	0.0	0.0112669463151178	0.0116357999109054	0.0001353918395666	0.0001269440792677	0.3954656846820654	0.0129850805664659	0.0001686123173176	0.1563931077610547	0.3822995376876221	0.0407185423512572	0.1461529365161696	0.0016579996912111	0.0029589165016445	-0.0001920756798267	8.755186863704127e-06	3.68930667809273e-08	-0.0003726736421132	-0.0001165104217361	1.3574678373147174e-08	1.3888564352591748e-07	-0.0004544501183125	-0.0003508535549951	2.0652491003424525e-07	1.2309821705269966e-07	0.0	0.0	0.0
43.94774144171182	-0.2339892783047616	0.0547509823615832	1931.4039778275544	46.35455699543377	-1.1238769050482844	1.2630992977009106	2148.7449542429176	45.36434505034466	-0.1317072148225833	2057.92380184673	0.0173467904363221	45.79369267722629	36.27523779712637	0.991921	37.740883	0.1246734602218196	0.060110322929671	-0.1308952018	0.2000145362	-0.1151236293	-0.0311113241	-0.1372878933	-0.1054292297	-0.0997816366	-0.2176695832	0.1095427538	0.1249380847	-0.1475486765	0.0247877539	-0.0949230788	-0.0007309083	0.0194477696	-0.005868436	0.070120268	-0.0425165812	-0.0193872893	-0.0402546461	0.0192943075	0.1721928334	-0.0724384051	-0.2459183361	-0.0667891768	-0.0002741052	0.0280377098	-0.0153224298	0.1285150275	-0.0365720975	0.0037994988	0.0142127015	0.0544909772	-0.0188100929	0.0756340086	0.1074123998	0.0199236931	-0.0286964359	-0.0643362988	-0.058965262	0.1358735013	0.0100121649	0.0451454203	0.0723632973	0.0135456339	-0.0139698964	0.0119545237	-0.0984732017	0.0463266251	-0.0483947458	-0.0205844351	-0.0911690004	-0.0380531738	0.0832532334	-0.0323415066	0.1173785418	0.0063671961	0.1079552003	0.0186819527	0.1227270412	-0.1579678785	-0.0523315887	-0.0066908832	-0.0921757886	-0.0453649066	0.1761924601	0.0335251757	-0.1119728942	0.00649901	0.1099465115	-0.0612978153	0.1111438462	-0.0104038579	0.0781842408	0.0630590414	0.0284744261	-0.0422101842	0.0332760912	-0.091502393	0.0865329613	0.0999449494	-0.2332971051	0.030855217	-0.0086553244	0.0839734317	-0.0141594019	-0.0459873762	-0.0869432454	-0.0140865876	0.0660110615	0.1002623482	0.0826320905	0.1121696383	0.031907275	0.0804358983	-0.0399974086	0.0071319259	0.032922028	0.0962598017	0.0973339615	0.0349442479	-0.0219140895	-0.0627073928	0.0966690733	-0.0477685637	0.1008680706	0.0164472041	0.117987803	-0.0521032838	-0.0677078961	-0.0162930142	0.075165729	0.006742024	-0.0370931163	0.0154650527	0.0635513368	-0.0325474131	-0.1283464942	0.0065550685	-0.1240724507	-0.1335694816	0.1782731428	0.0419521845	0.1371401469	0.1722330608	0.0354052064	-0.0254332707	0.1015129641	-0.0728160026	0.0885280676	-0.0447797949	0.0817424479	-0.0379190755	0.050859355	0.0403293944	-0.0729624562	0.1699839159	-0.1917187354	0.0614017122	0.0233456571	0.032259023	0.0895896774	-0.1345884497	0.0612536587	-0.0277962878	-0.0015595299	0.1128735356	-0.0104808978	0.0727149424	0.0884012215	0.0032437904	-0.0172456192	0.1077255297	0.0314930752	-0.104203145	-0.0729559477	0.0088834838	0.0328832812	0.0458724402	-0.1020580481	0.0905259858	-0.0722612707	0.048622297	0.0	0.0	0.0167746844963829	0.0055077381812651	3.033517987336541e-05	0.0002813900399531	0.3999309428940023	0.0044652582119368	1.9938530899269785e-05	0.1599447590840857	0.4228588479034698	0.0405593102158476	0.1788096052502498	0.0016450576451853	0.0023561423445516	-0.0006027741570929	5.551406747789109e-06	3.633366844590564e-07	-0.0007820917651488	-0.0004094181230356	1.676231994699937e-07	6.116675291135657e-07	-0.0009250809104394	-0.0004706307921269	8.557746908593892e-07	2.2149334249799333e-07	0.0	0.0	0.0
44.05068105655037	0.1029396148385473	0.0105965643031084	1940.4625015459253	45.5354798914312	-0.8190771040025666	0.6708873023012313	2073.479928942935	45.46071893536315	0.0963738850184867	2066.6769661200856	0.0092879257135565	45.83596365621987	35.29739577853148	0.976145	37.140644	0.041209975590796	0.0250812339162546	-0.16808148	0.2232033736	0.0856576005	0.0275729557	-0.096543033	0.0683504674	-0.2154927851	-0.0303595732	0.1849587326	0.0853614176	-0.0216770639	-0.0405538074	0.0300293806	-0.026568709	0.1104742582	0.0332313263	0.0413375962	0.099386063	-0.0820723596	0.1233691765	0.0878654971	0.0724988201	0.0673729318	-0.0806698978	-0.1011857872	-0.0490990872	0.003751423	-0.0156806033	0.0267720661	-0.0511905632	-0.0638197709	-0.0654644029	-0.0873623714	-0.0061183981	0.0943153781	-0.0229014126	-0.2025695322	-0.0429301067	-0.1323394219	0.0440483991	-0.0748366964	0.0068263598	-0.0540189954	0.0187122508	0.01021525	-0.0743322592	0.0656062392	-0.0100393	-0.0366008849	0.1389772168	0.0010881589	-0.0776751843	-0.015210766	-0.0283853401	-0.0395942957	-0.0690178963	-0.0258162019	0.1150936482	-0.1539170266	0.0307538144	-0.0538547507	-0.0510431043	-0.0084854851	0.0250323619	0.0270779525	-0.024266896	-0.0330142121	-0.069831518	0.0834790914	-0.0107784647	0.0147173493	0.0519406267	0.0257269548	0.0339822249	0.04388355	-0.0058270993	0.056354127	0.0553610122	0.0300364077	-0.0208079792	-0.0018934075	-0.1641289495	0.1270596878	-0.0541159403	-0.012778369	0.0326325767	0.004645035	0.0183377115	-0.0079333729	-0.0618366603	-0.0767982961	0.0218104331	-0.1216709873	0.0884301689	-0.0532738451	-0.0547507729	-0.0136589539	0.0914621761	0.0171654512	0.0351182526	0.0497786038	-0.0786632346	-0.045168342	0.0009096158	-0.0411245787	-0.0454243859	-0.0570976457	0.0490497951	-0.0732831665	-0.0301500482	-0.0201395221	0.0969439429	-0.0108997804	0.0171667434	-0.0117701148	-0.0639267108	-0.0532033864	-0.0299988022	-0.1118765424	-0.0559250137	0.0269584011	0.035349689	-0.0172100633	-0.0181861995	0.0947110488	0.0528869292	-0.04968417	0.0820744313	-0.0952623666	-0.0220300277	0.0406174376	-0.0296987258	-0.0880602849	-0.0265301653	0.0842290498	-0.0814822603	0.1313792086	-0.2508647358	0.0949336157	0.0006004007	-0.0982566289	-0.0891711264	-0.0453620318	0.1419598062	-0.0861378564	0.0265525542	-0.0185415273	0.0447273428	0.068539358	-0.1282592179	-0.1394625965	0.0145289621	0.0263712453	0.0445071591	0.0268046561	0.0254167149	0.0521196698	0.0193940824	-0.0044993405	-0.1025475623	0.0924157511	-0.0762643048	0.0551452713	0.0	0.0	0.0136972492487217	-0.0030774352476612	9.470607703547565e-06	0.0001876146369816	0.3951185236044523	-0.0048124192895499	2.3159379418432463e-05	0.1561186476953621	0.4146064293248699	-0.0082524185785998	0.1718984912375183	6.810241239642036e-05	0.0022888402727753	-6.730207177629973e-05	5.23878979427811e-06	4.5295688653822024e-09	-0.0003490603720899	0.0004330313930588	1.8751618737453149e-07	1.2184314336353945e-07	-0.0009261014951039	-1.0205846644999875e-06	8.576639792336789e-07	1.0415930574125526e-12	0.0	0.0	0.0
44.24864297893384	0.1979619223834703	0.0391889227137591	1957.9424054771507	45.90773681886903	0.3722569274378315	0.138575220025455	2107.5202998305435	45.47893816500294	0.01821922963979	2068.3338166161607	0.0003319403286674	45.77929471432066	35.78360383670161	0.980052	37.289276	0.1371480731139373	0.0698303871273951	-0.1215332449	0.1736607229	-0.1076193854	-0.0153464757	-0.0328169666	0.1513191963	-0.1863397232	-0.1330908031	0.0964470929	-0.0283356761	0.0950759417	0.0624162179	0.035320973	0.0036677292	0.1048150933	0.1171826019	0.0605209116	0.1163730853	-0.0046133919	0.1144855585	-0.1010605822	0.0239563315	0.0044899499	0.0055530312	-0.1287644444	0.0457136444	-0.0330266162	0.0182121744	-0.0316919541	-0.0058190265	-0.0555510499	-0.0047925463	0.0256437889	-0.0210298652	-0.1149773765	-0.0926702875	0.048768472	0.0277743359	0.0692404945	0.0324058995	0.0278303982	0.0149953709	-0.0716635372	-0.0576570418	-0.043045318	0.006106942	0.0339263944	-0.0511993603	0.0585729246	-0.0630304479	-0.1122934363	0.0097123626	-0.1464311334	0.0694316164	-0.0129432841	-0.0397219329	-0.0254958167	0.0830853185	0.0615859052	0.126505194	-0.0899656902	-0.0360131969	0.1237439233	-0.0544463506	0.0233314391	0.0859791962	-0.1087107261	0.082759387	-0.1229632417	0.021594479	0.0393243426	-0.0196653328	0.1415313578	0.0585699062	-0.1191675926	0.0123378173	0.024116961	0.0679281516	0.0397155672	0.2133365001	-0.0488158013	-0.0703974105	0.059163315	0.0064946459	-0.0456490326	0.0012870773	0.0498470569	0.0193544958	-0.0199206963	-0.1205633645	0.0409655802	0.0141712428	-0.0293961687	-0.0273479329	-0.0106811827	-0.0111829253	-0.0431371167	-0.08243494	-0.0889080784	-0.0536028678	-0.0766377621	0.0435946349	0.0369760971	0.0218034908	-0.020856024	0.0864641712	0.0694672651	-0.0297987768	0.0591173206	-0.0775766033	-0.0099760575	0.0488324058	0.1142098887	-0.0337620196	-0.0136536585	0.0347069044	-0.0287022547	0.0304800885	-0.0544028628	-0.0906877943	0.0441058867	-0.0155588909	0.0998443804	-0.0065871335	0.0520910116	-0.0121652777	-0.0533774958	-0.0145562815	0.0603051603	-0.1405621884	-0.0740065186	-0.0472566555	0.0179951305	0.0927005113	0.0485005777	-0.0778396753	0.134790457	-0.2117585899	0.0569617042	-0.0550888804	0.0045184968	0.0481134892	-0.0260975628	0.1481340774	-0.0168715276	0.0375154209	-0.0639852769	-0.0273974202	0.1373086558	-0.003079925	-0.0006166394	0.1311725868	-0.0125398673	0.0054205906	0.0059909327	-0.0552338576	0.0492845855	0.1016454092	0.0417940186	-0.1030051337	0.0941903779	-0.080053581	0.0613935146	0.0	0.0	0.0018407578338752	-0.0118564914148465	0.0001405763886703	3.388389402972918e-06	0.3792128592889412	-0.0159056643155111	0.0002529901573177	0.1438023926500943	0.4383495548149696	0.0237431254900997	0.192150332206482	0.0005637360080386	0.0011317787785262	-0.0011570614942491	1.280923203522257e-06	1.33879130147396e-06	-0.0006548828245644	-0.0003058224524745	9.352737243751781e-08	4.288715139094467e-07	-0.0006761296039579	0.0002499718911459	4.571512413482667e-07	6.248594636310767e-08	0.0	0.0	0.0
44.39419080892643	0.1455478299925943	0.0211841708155531	1970.844177579368	45.80080288452106	-0.1069339343479711	0.0114348663151362	2097.7135448667527	45.46394249468434	-0.0149956703185978	2066.9700671599644	0.000224870128304	45.8056484500304	36.58099681968138	0.950918	36.180798	0.1567339288696629	0.0881853300589272	-0.1241362678	0.0949966814	-0.004574513	-0.0668140765	-0.0337977639	0.0161819477	-0.191669005	0.0238675789	0.0836797201	-0.0615030767	-0.0254597653	0.0176094859	0.1667049975	0.1711878193	-0.1082069503	-0.0783014162	0.0532029592	0.0703014099	0.0769441814	1.79566e-05	0.0015617802	0.023979621	0.1155174136	-0.0656110788	-0.0160045188	0.0521813237	-0.0104207443	0.0923397593	-0.0004660867	-0.0261713552	0.0208233699	-0.0292042955	0.1617133342	-0.0787193111	-0.0138641845	-0.0220429593	0.0269616041	0.0192292382	0.0244668177	0.0156584403	-0.0619945539	-0.1267653881	-0.0250307102	0.0551263521	0.0209593933	0.0318420706	0.1018361761	-0.1252945712	0.0364296712	0.032199449	-0.0540238771	-0.0080573754	-0.0522933377	-0.04949856	-0.0101057683	0.0351182895	0.0683237003	-0.1254308266	-0.0396894258	-0.0341524735	0.076984418	-0.1150446716	0.0057731208	0.0115772056	-0.0045979747	0.0908357257	0.1021597453	0.0937912099	-0.0097046932	-0.0659001822	-0.086643775	0.0508982399	-0.0215572365	0.0234190412	-0.0231346987	-0.010529502	0.0824472851	0.021470106	0.1499027668	0.0569215158	-0.0050263471	-0.0899690634	-0.0760675637	0.0056482391	0.0307119438	-0.0375058039	0.040589037	-0.1307468435	-0.0377084604	-0.0150535568	0.0043292182	-0.049325903	-0.0629275842	-0.0879397189	0.0416471211	-0.06865273	0.0190257831	0.0151125152	-0.0094424388	0.1229061655	-0.0228263213	-0.0100961838	0.0087961355	0.0123463737	0.0253741615	-0.1068497891	-0.1107149643	-0.0110409597	0.0288861237	-0.0525965856	0.0979348242	-0.0256228588	0.0008497873	-0.0456576328	-0.1015800765	-0.035515873	0.0628989859	-0.0906497806	0.0017027898	-0.0061283338	-0.0313595385	-0.0429911434	0.0600614311	0.1681017434	-0.0503340501	0.0494398715	-0.0478474674	0.0322772164	-0.0395846596	0.0108638373	0.0100726799	-0.093796423	0.0161396345	0.0257674278	-0.0884104245	-0.081713651	0.0914803214	-0.1487914884	0.0128150973	0.0286317478	-0.0007385313	0.1011685361	4.58927e-05	-0.0144681401	0.0075657192	-0.0599782071	-0.0243964953	0.0128969489	0.0170506016	0.0405728022	-0.0178012847	0.1336882904	-0.0319437725	-0.0246613874	-0.0408313159	-0.0305514506	0.0347548969	0.0565402758	-0.0332552483	-0.1034306197	0.0958476552	-0.0836184785	0.0673358985	0.0	0.0	0.0116243769473953	0.0097836191135201	9.571920295843582e-05	0.0001351261394151	0.3862334670218956	0.0070206077329543	4.9288932940018783e-05	0.1491762910477537	0.3800897046094462	-0.0582598502055234	0.144468183550096	0.00339421014597	0.0024058889154591	0.0012741101369329	5.788301473528965e-06	1.6233566410351734e-06	-0.0003926972452545	0.0002621855793099	6.874127799806787e-08	1.542111264304729e-07	-0.0005790282838474	9.71013201105e-05	3.352737534952652e-07	9.428666367201792e-09	0.0	0.0	0.0
44.47334765724421	0.0791568483177798	0.006265806635604	1977.878651842109	46.16809748424279	0.3672945997217312	0.1349053229847467	2131.4932253145457	45.58745582152386	0.1235133268395216	2078.216128279389	0.0152555419069665	45.94837355104942	36.47745741000325	0.934033	35.538326	0.0642142929631167	0.0281226153235315	-0.0944422559	0.0882759967	0.1172115515	0.0262977022	-0.0810187912	0.0611540357	-0.1067844696	0.0962602653	0.0880955403	0.0598952737	-0.0300324284	-0.0370416709	-0.0193325528	0.0875385054	0.0017779828	0.0141899025	0.1238863594	0.0042602317	-0.0039662951	-0.0269590553	-0.0200517407	-0.0080010487	-0.0346449621	-0.0609996771	0.0044304534	-0.0179170632	-0.0370326498	-0.0580034075	0.0267926389	0.043607545	0.0773008931	0.0094235986	0.0265502976	-0.0288878954	0.0481936723	-0.0367981382	0.0651987177	-0.0909577386	0.0177989661	-0.0052677547	-0.1196902159	-0.00682164	0.1033910752	-0.0032556432	0.04265908	0.0130478227	-0.1829975386	-0.1073106719	-0.1011398765	0.0160022034	-0.0153256	-0.0124911389	0.1221149084	-0.035366121	0.0298089132	0.0339359965	0.1015425763	-0.1480425584	-0.1544609799	0.0439323845	0.0370928336	0.0546020043	0.170797116	-0.1225556872	-0.0766434494	-0.0403994665	-0.0095277081	-0.1807469007	0.130645031	-0.11673684	0.0370208309	-0.1336298369	-0.0443422425	-0.0539850216	0.0575267254	0.11225738	0.0631043807	-0.0006531828	0.0281822126	-0.104133188	0.0211824874	-0.0789265149	0.0629558089	0.0143739383	0.0449356141	-0.0054345834	-0.0274989534	-0.018358424	0.062018292	0.0569581175	0.0174670502	-0.0576285243	-0.0149648515	-0.0025890864	-0.052236636	0.0200494012	0.0977256332	-0.1162156189	0.0395382456	-0.0365712817	-0.1021355391	-0.0208754456	-0.055010273	-0.0411346061	0.0468751651	-0.0051782774	-0.0961848811	0.0760397541	-0.0586041819	0.1936290558	0.054604453	-0.1276594171	-0.0791609839	-0.1430229127	-0.0262884132	-0.1074411033	0.1110911335	0.0424668008	0.2035412998	-0.1187962443	-0.0099498786	-0.0255817959	-0.0608416131	0.0270062928	0.0729961411	0.1090844968	-0.0854501545	-0.0787728611	0.0069409754	-0.0001178395	0.0885970126	-0.1062344986	0.1400135463	-0.1287413531	0.0592312101	-0.0535711089	0.0813329372	-0.1330222864	-0.0315649582	0.013420651	-0.0963389281	-0.0665774327	0.027857083	-0.0233335152	0.0174045605	-0.1039369375	-0.0075360583	-0.0203738569	0.0137337569	0.0569867614	0.0201624096	0.0421165626	-0.0519090641	-0.0294881997	-0.1049153406	0.0360497128	0.0157698618	-0.0700703601	0.0523537584	-0.1038238878	0.0973855183	-0.0869490055	0.0729428184	0.0	0.0	-0.0030263751792318	-0.0146507521266271	0.0002146445378758	9.15894672547031e-06	0.3711597058543958	-0.0150737611674998	0.0002272182757348	0.1377595272499216	0.3656303486075813	-0.0144593560018648	0.1336855518229014	0.0002090729759886	0.0025373128707834	0.0001314239553243	6.4379566042431e-06	1.7272256033083604e-08	-0.0006567421869316	-0.000264044941677	6.971973122526314e-08	4.313103000957006e-07	-0.0005841678601885	-5.139576341099987e-06	3.4125208887721084e-07	2.6415244965994727e-11	0.0	0.0	0.0
44.63608273615056	0.1627350789063513	0.0264827059066563	1992.3798820284785	46.4605906861169	0.2924932018741089	0.0855522731425682	2158.586486902893	45.5329005844739	-0.0545552370499606	2073.2450356355835	0.0029762738895774	45.910052694934	37.21187099352909	0.960364	36.540176	0.0486286396081685	0.0239905480485038	-0.0693067719	0.0385539333	-0.0863924704	0.042558385	-0.0063670067	0.1364234533	-0.0838611739	-0.0283992931	-0.0400368174	0.0211447992	0.1600656749	0.03789429	0.0459304791	-0.0646192912	0.0808732296	0.0839198779	0.0454619629	0.0330151701	0.0588181173	0.0842741945	0.0129115303	0.0018891787	-0.0222911951	-0.0759679504	0.0564468538	0.0950137797	0.0699931772	-0.0393632268	0.0220328384	0.1459224981	-0.0721230255	0.0529811751	-0.0050894614	0.145281524	0.0775911193	-0.1158851291	-0.0574919622	-0.0205068501	0.0474912578	-0.017477693	0.1186558031	-0.1091623125	1.98372e-05	0.0075036858	-0.0876803231	0.0489091615	-0.0956627403	-0.0536129953	0.0076261119	-0.0446757592	0.0783063867	-0.0183429842	0.0254201665	-0.1253257567	-0.0926961923	-0.0373934623	-0.1072717581	-0.0966532632	-0.0805223719	0.0290300867	0.0469170548	-0.0532017768	-0.0777395125	0.1159066376	-0.0466243858	-0.1076943977	-0.0346238251	-0.0498879741	0.1167104901	0.1270769216	-0.0561046399	0.1117181811	0.0249891085	0.0123983782	-0.111531457	-0.1826290287	0.0218271744	-0.0209805623	-0.0568555339	0.1231605511	-0.0897502872	-0.039118404	0.0241773895	0.1038019769	-0.0719564727	-0.188929779	-0.095294002	0.0075208279	-0.0099179148	0.017940478	-0.0107352353	0.0505271127	-0.0486318918	0.058192584	-0.052737027	0.0030833346	0.0926995804	-0.024881036	0.0428937191	0.0802131546	-0.1043594934	-0.0035142906	-0.0491042528	-0.0521641139	-0.1304470507	-0.0135745525	-0.1254824968	-0.0675959113	0.0242206875	0.0557759409	-0.1256116042	-0.0278055885	0.0851879256	0.0201512691	-0.0729990543	-0.0041493702	-0.1014279327	0.017821966	0.0284305667	0.1508316569	0.0505641207	-0.0547043999	-0.1341776655	0.0697721334	-0.1013551294	0.0785890128	0.077249801	0.1349494713	0.0611187593	-0.0197139576	0.0549748091	0.2156167753	-0.0075194251	0.0235387425	0.0557440884	-0.0530430554	0.055424314	-0.0781418004	-0.0443586434	-0.0822421759	0.0332876332	-0.0519603968	0.0643395302	-0.0187647804	0.0004127105	-0.0747600515	-0.0363573348	0.0483693944	0.0617768599	0.0859155239	0.0176505904	0.0412157994	-0.0290783576	-0.1360250589	-0.0743454626	0.0059946967	0.0745823535	-0.0565274364	-0.0966474113	-0.1041848154	0.0988020511	-0.0900358269	0.0781863408	0.0	0.0	-0.0073492836196749	-0.0043229084404431	1.8687537384454192e-05	5.40119697224218e-05	0.367888924126035	-0.0032707817283607	1.0698013114578606e-05	0.1353422604946115	0.3456434807574666	-0.0199868678501147	0.1194694157901371	0.0003994748864579	0.0027492416489171	0.0002119287781336	7.558329644140416e-06	4.4913807001243017e-08	-0.0007469682497196	-9.022606278800006e-05	8.140742406224131e-09	5.579615660891627e-07	-0.0007029746510518	-0.0001188067908633	4.941733600214e-07	1.4115053555235912e-08	0.0	0.0	0.0
44.72261799356062	0.0865352574100555	0.0074883507750245	2000.112560197952	46.55153742072346	0.0909467346065611	0.0082713085355962	2167.045636233017	45.62826242057645	0.0953618361025476	2081.938331520989	0.0090938797848491	45.95536861391608	37.965305603395294	0.94411	35.921734	0.0968152562785306	0.0579982998855284	-0.0347594387	-0.0131287929	-0.0191829397	-0.0619325808	-0.0017266177	-0.0396332489	-0.0271121329	-0.0063235621	-0.0247478484	-0.0898351007	0.0221151328	0.0358404957	0.0837587517	-0.0299813235	-0.063711016	0.0094881289	0.0095450718	0.0424054542	-0.0791609697	0.0705243661	-0.0205102906	-0.0705047649	-0.0249282594	0.0235388953	-0.0631858956	0.0654727663	0.0133225217	-0.0211615526	-0.0445775122	-0.0410880983	0.0312803707	0.0582633233	-0.0006360802	-0.0597433554	0.0794459335	0.0577152356	-0.0404581727	0.071102218	0.0327325573	-0.0395049155	-0.0083151025	-0.0482530306	0.0351440871	-0.1292303179	0.0977598546	0.0365262406	0.044748319	0.1196396904	0.0938769765	-0.0926528482	0.0738718588	0.0615167807	-0.03337808	-0.0527266854	0.0700905649	0.0152043744	-0.0448181165	0.0753066297	0.0115014763	-0.063669725	-0.0451982959	0.0499447365	-0.0108929592	-0.0443054035	0.0302776606	-0.0531249165	0.0328854239	0.0270099143	-0.0123661525	0.1803346241	0.056006071	0.0648574444	-0.0068643474	-0.0238495923	0.0384665074	0.0335642491	0.0061908162	-0.037710287	0.0539223553	0.0517539932	0.0721607594	0.012123126	0.0292230362	0.063851065	-0.0109333961	0.0734433376	-0.0420143344	0.0384423101	0.0641022455	-0.0440752699	0.0139421347	0.0086493995	-0.0650711817	-0.0488716358	0.0061994819	0.0465825902	0.0064006019	0.0236620821	0.0418037622	-0.0204043704	0.147435905	0.1474202094	-0.0033003379	-0.0415731192	-0.027579157	0.0437608493	0.0564801316	-0.0519653296	0.0166774664	-0.0535276024	0.089886284	-0.0944699604	-0.0350975956	0.1180248186	0.0084136407	0.0131868815	0.0553094423	0.0179625893	0.03033973	0.039139569	-0.0223840887	0.1194686335	-0.0011646408	-0.0773943713	-0.1150178848	-0.1525301793	0.0039640569	0.046708094	-0.0508624232	0.1025593152	-0.1016535885	0.0757163634	-0.0967828261	-0.0368621802	0.0330703627	-0.0371923744	0.0255407694	-0.0103600244	-0.0664227987	-0.0131177213	0.0593905335	0.0979325831	-0.0174993284	-0.0461681131	-0.003627981	-0.0430938994	-0.0344990421	0.0405981994	0.0103183425	0.0472280201	-0.0035235199	0.0072076694	-0.0447880712	-0.0371558134	-0.0379477945	0.0332930165	0.092911616	-0.0818871756	0.0403176421	-0.1045132902	0.1000954889	-0.0928702909	0.0830403428	0.0	0.0	-0.010558860710546	-0.0032095770908711	1.0301385102244597e-05	0.0001114895395047	0.3503035344369465	-0.0175853896890885	0.0003092459305171	0.1227125662390169	0.2946992957575105	-0.050944184999956	0.0868476749199726	0.0025953099853097	0.0024166820300368	-0.0003325596188802	5.840352034302789e-06	1.1059590010981034e-07	-0.0009158506325612	-0.0001688823828415	2.8521259234256743e-08	8.387823811627501e-07	-0.0007028945628014	8.008825040000182e-08	4.940607664157712e-07	6.41412785213339e-15	0.0	0.0	0.0
44.72465669068074	0.0020386971201205	4.156285947587632e-06	2000.2949160992532	46.733523660963705	0.1819862402402421	0.0331189916367791	2184.0222337698547	45.590689011009374	-0.0375734095670736	2078.510924498571	0.001411761106495	45.95751102396984	37.8411420796487	0.918718	34.955635	0.0693091376793292	0.0341779104381119	-0.0363014163	-0.0223349109	0.1298248285	-0.0034913659	-0.0148470472	-0.0211293266	-0.0153166688	0.0883698956	0.0057069818	0.0175742858	-0.0681842042	0.0556879753	0.0112506845	0.013720084	-0.0569449726	-0.0317518008	-0.083602493	-0.0696965588	0.0733184014	-0.0030528415	-0.0534732424	0.0161757502	0.0121506632	0.0755239241	-0.0443865157	-0.0374772755	-0.1018828207	-0.0974102404	-0.0055204468	0.0556904999	-0.0663591382	0.0070008318	0.0280436598	-0.1364898181	-0.204518434	-0.0746309315	0.0362990892	0.0023167765	0.0754559087	0.0764909832	-0.0491179266	0.0241238794	0.1029527947	-0.0700291695	0.0349994359	-0.0738108824	-0.1654411706	0.069393756	0.04582803	-0.0194180993	-0.0225927062	0.0615814105	0.0486099268	0.0748449398	-0.0102851014	0.072666796	-0.0344893542	0.0477606666	0.0547673795	0.1254545476	0.0355862214	0.048715126	-0.1130564546	-0.0176870805	0.0154004413	-0.0037151711	-0.0939549207	0.0591285128	-0.0458673778	-0.0530064126	0.0778361816	0.035020561	-0.1030540442	-0.0154261192	-0.2115963713	0.0365539438	0.1224049712	-0.0146510816	0.0590497547	-0.0756612214	0.0357769434	-0.0245404389	0.0436775538	0.0501389013	0.0055179105	0.0394850165	0.1158906255	0.0887869717	0.0019839802	-0.0690678192	0.1462871183	-0.0160593021	0.0299455755	0.0026972289	-0.085600835	-0.0256943807	-0.0724418121	-0.1034568722	-0.0496366801	-0.0451040403	0.0200420773	0.0728371097	0.0924523545	0.0381717341	0.1197640478	-0.0179579204	-0.0291579378	0.0094872356	0.1689389255	0.1058471518	0.0316471599	0.0410735519	-0.0432975152	0.0520469777	0.0851390444	0.0761528703	-0.0219689873	0.0579693813	0.0142712019	0.0308397626	0.1365697909	-0.0335937505	0.0503857936	0.0107499869	0.0258419037	0.0374339269	0.0202056079	-0.0073064659	0.026856505	-0.0886268211	-0.0657894615	0.0258731092	0.1076416171	0.1681953521	0.0254317226	-0.0263162184	-0.0212523662	-0.0038519247	-0.0735294695	0.05822844	-0.0801201549	-0.0410112376	0.0379834341	-0.0725709247	0.0379272616	-0.0571427494	-0.0322905395	0.0241144559	0.0265397342	-0.0007212925	0.0762562695	-0.011298011	0.0148273524	-0.0222747281	0.0281941462	0.0363610507	0.0294011988	-0.0183583957	0.0752193175	-0.1048092098	0.1012642201	-0.0954444529	0.087480642	0.0	0.0	-0.0094430103278568	0.0011158503826891	1.2451220765476333e-06	8.91704440520102e-05	0.352921581481425	0.0026180470444784	6.854170327102549e-06	0.1245536426753501	0.3174147353483221	0.0227154395908115	0.1007521142162453	0.0005159911958038	0.0026501659294388	0.0002334838994019	7.02337945355822e-06	5.451473127996325e-08	-0.0006413962066016	0.0002744544259596	7.532523192881355e-08	4.113890938429224e-07	-0.0010521522506668	-0.0003492576878654	1.1070243585832129e-06	1.219809325330852e-07	0.0	0.0	0.0
44.78753033233296	0.0628736416522244	0.0039530948146123	2005.9228732696447	46.72098921157502	-0.0125344493886885	0.0001571124214775	2182.850832908109	45.57500603539603	-0.0156829756133447	2077.081175126385	0.0002459557240887	45.9007019361562	38.14551610176957	0.930574	35.406742	0.0471255728015345	0.0232295494445314	-0.0156309592	-0.0493181055	-0.0322926357	0.0918207254	0.0422548658	0.0608231698	0.0123603553	0.0556633254	0.0126023335	0.0439723761	0.1162944504	-0.0097006237	0.0022522835	0.0409465964	0.0657754076	0.0374713885	-0.03770279	-0.0588547946	-0.0156487798	-0.1991133474	-0.04697528	-0.0106830265	0.0446890056	0.0124779446	-0.0435087958	-0.091594528	0.1195110005	0.0391094206	-0.018376494	-0.1523628253	-0.0621848874	-0.0048025634	0.0671680055	0.0860026783	-0.0463711382	-0.0240764769	-0.0274613629	-0.0436106707	0.0796133664	-0.0142500896	-0.0009221421	0.0860456086	-0.1110858725	0.0808652742	-0.002164998	0.0012423817	0.1151668021	0.0037219343	-0.0343598138	-0.0591691573	0.123377724	0.0561591367	-0.0406691663	0.005644167	0.0708986714	0.1146254107	-0.1161362749	0.0808570051	0.1076088948	-0.0035486815	-0.0924165536	0.019335513	-0.1570299214	-0.0689807098	0.0704754867	-0.0517209083	0.0035471195	0.0558209858	-0.0776037813	-0.0542893736	0.0265899406	-0.0202936349	0.0631958305	0.0934464817	0.0449226125	-0.1285769219	0.0293953522	-0.0220874509	0.0044832652	0.0206351499	-0.1199834468	-0.0437166631	0.0268285962	-0.1123869526	-0.069837512	0.0132517246	-0.0155812936	0.0113031147	-0.1119595407	-0.0563342504	0.0120147532	0.0229020433	0.126710151	-1.89385e-05	-0.0013847062	0.0991523723	-0.0545621242	0.0804883079	0.0901240163	-0.0139637557	0.0292141993	0.0497325223	-0.12307672	0.0777472294	-0.0140642054	-0.1486471096	0.1627403862	0.0145914203	0.0613540877	-0.0070339362	-0.0924533812	-0.0567361215	-0.0062243348	0.1022068746	-0.0783574132	0.0861627455	0.106490003	0.019338673	-0.0174071456	0.0372659471	-0.000175641	0.0126685667	0.0983922154	-0.12561474	-0.0414921923	0.1021093026	-0.0578714729	0.0558136829	-0.005847588	-0.143967057	-0.0658855885	0.0281545699	-0.0640162645	0.0312654068	-0.1502153579	-0.0272205719	-0.0241667857	0.0310263536	-0.074663976	-0.0754663569	0.0099108961	-0.0778692025	0.0654813912	-0.0488469323	0.0155776714	-0.0190803763	-0.0648678401	-0.0208634647	0.0406957042	-0.0396341893	-0.035209516	-0.0538399524	-0.027446148	-0.0640846068	-0.0094724819	0.0290361618	0.0067832865	0.0084668419	0.0531022042	-0.1050724821	0.1023067888	-0.0977510977	0.091485117	0.0	0.0	-0.0124587724321258	-0.0030157621042689	9.094821069544983e-06	0.0001552210105154	0.3502971186589576	-0.0026244628224674	6.8878051065136645e-06	0.1227080713407678	0.310908764999894	-0.006505970348428	0.0966642601537593	4.232765017462555e-05	0.0023111832174903	-0.0003389827119485	5.341567864808816e-06	1.149092789999597e-07	-0.0007749553646538	-0.0001335591580522	1.7838048699612543e-08	6.005558172057041e-07	-0.0008251065701401	0.0002270456805267	6.808008520883598e-07	5.154974104583233e-08	0.0	0.0	0.0
44.86374782064443	0.0762174883114639	0.0058091055245081	2012.7558685143777	46.8001170027387	0.0791277911636854	0.0062612073344438	2190.2509514700323	45.56158697751104	-0.0134190578849882	2075.8582079093035	0.0001800711145206	45.90574798591002	38.4062893465748	0.905411	34.449322	0.0803331992194192	0.0420856419664977	-0.0075327143	-0.0756375322	-0.0586498958	-0.0429028045	0.0433623124	0.0094300189	-0.0232160739	-0.0020814797	-0.1209118357	-0.0559620147	0.0821651927	0.0506516519	0.0254960669	-0.0079216003	0.0094988983	-0.0357219296	-0.0795113746	-0.0141655699	-0.1012687676	-0.0790471611	0.050605565	0.0114013378	0.0659752568	0.0484112694	-0.0258146186	-0.0116591885	-0.0310954103	0.0185798045	-0.0431027435	0.1182540374	-0.1035551225	-0.0159373137	-0.0367129261	0.0654704051	-0.0500412024	0.067786796	0.0596173496	0.0574655147	-0.1985785384	-0.0080636354	0.0170846378	0.1447301165	-0.0381031205	-0.0990022096	-0.0725176753	0.2040459096	-0.0462790504	-0.1219988295	-0.0550565264	0.0887755108	-0.0686938623	0.0309728242	0.0050199549	0.0232091984	0.0670103956	-0.1458260892	0.0304702911	-0.0096009673	-0.013459389	-0.0068874102	-0.0475642145	0.117259105	-0.0367913243	-0.0868871636	-0.0878374952	-0.0794892543	-0.0077906474	0.0886535837	0.0135567698	-0.0180428348	-0.0230898736	-0.0627353263	0.163584492	-0.0345476706	0.145042669	0.0722204682	-0.005809188	0.0212165776	0.1021916804	0.1005329073	-0.0379015738	0.0487548323	-0.0170148704	-0.0072488739	-0.0700456597	0.0203828779	0.0514889975	0.0673338559	0.0437597035	0.1097892163	0.0112623272	-0.0054229525	-0.1300775223	-0.0649927025	-0.0734464766	0.1506576352	-0.1029633747	-0.0362238932	-0.0995350984	0.0396093499	-0.028230774	-0.1474549109	-0.0209823655	-0.0411197997	-0.0059507472	0.1010771783	0.1814115257	0.085990302	-0.0626527469	0.133901665	0.0458562678	0.0294693239	-0.0364005051	-0.0349249059	0.0275371511	0.0212963881	-0.0739249213	-0.0280574127	-0.0014871229	0.0894978742	-0.0254951978	0.0786378464	0.0297684181	-0.0418952868	0.0776268911	-0.0776853072	0.1040894428	0.0032387112	0.0561353629	-0.0641531008	0.059132223	-0.1000401035	-0.1438023859	-0.0617399371	-0.0398262381	-0.0360420806	-0.0432414529	0.0573824985	-0.0777468787	-0.0243962396	0.0732222016	0.0393710996	0.0458403394	-0.0719907174	-0.008012231	-0.0197824109	-0.10520612	-0.0144931091	-0.0049893376	-0.0506411493	-0.0090462571	0.0136321657	-0.0360948722	0.0934912102	0.0214955761	0.1362205054	-0.0752114582	0.0142091586	-0.0545656738	-0.105303025	0.1032218959	-0.0997837604	0.0950338178	0.0	0.0	-0.021483599513175	-0.0090248270810492	8.144750384283904e-05	0.0004615450480424	0.3533424444818962	0.0030453258229386	9.274009367856962e-06	0.1248508830724419	0.2753803046666476	-0.0355284603332464	0.0758343121982956	0.001262271493651	0.0022678931542904	-4.3290063199900256e-05	5.14333935927726e-06	1.8740295718513584e-09	-0.0011232360293762	-0.0003482806647223	1.2129942141947673e-07	1.2616591776888114e-06	-0.0010882275618615	-0.0002631209917214	1.1842392263950248e-06	6.923265628445307e-08	0.0	0.0	0.0
44.85340094006994	-0.0103468805744881	0.0001070579376227	2011.8275758906668	46.61306696999204	-0.1870500327466615	0.0349877147505271	2172.778012348963	45.59068698688429	0.029100009373252	2078.510739936061	0.0008468105455233	45.93857551024537	38.20952674222431	0.90516	34.439758	0.0597035387239571	0.0275762106862619	0.0020366684	-0.0819214809	0.0454136004	-0.1040762592	-0.0148610005	-0.0156411264	-0.0044110636	0.0844224075	-0.0451634101	-0.0672278687	-0.0702372459	0.0439103034	-0.0108905629	-0.0499046725	-0.005136713	-0.1019698937	-0.160365415	-0.1478030955	-0.0064582085	0.0454895805	-0.0058912916	-0.0513303195	0.0855564136	-0.0491847478	0.0327867901	-0.0545919005	-0.0186491944	0.028801585	-0.0009597678	-0.0635540716	0.0044785101	-0.0352692089	0.0451542994	0.0938137571	-0.0617027284	0.0865035481	0.0272121597	0.0341124479	-0.0002347211	-0.0058496115	0.069540636	0.0059733109	0.0052030644	-0.0596711554	0.079916417	-0.035818816	0.0095562308	-0.012353948	-0.0509255786	-0.1288061287	-0.0342896246	-0.1011899267	-0.0352933338	-0.014813039	0.1131448906	-0.2068991124	0.0882167591	-0.0032333149	0.094001117	-0.0885700641	-0.0367343789	-0.071952296	-0.0084863528	0.0496408176	-0.1206519846	0.1447773315	-0.0645173539	0.0393911491	-0.0225152795	-0.0066148414	0.1533533075	0.0241633676	-0.082942889	0.0091580941	-0.0428447928	0.0288143747	-0.0137737113	-0.0309695174	0.0714005439	-0.0123204892	0.006623275	0.0075804362	-0.1126593087	-0.0445081949	0.0159256073	0.0026353166	0.0239855757	0.0530233732	-0.0247150365	0.016230132	-0.0799665545	0.0501346574	0.0845782586	-0.0935814951	-0.0250571227	0.076962179	-0.0300715236	-0.1164071288	0.0007828317	-0.018299469	0.0250563953	-0.0124810735	0.0186374718	-0.084132931	-0.070697271	-0.0363602772	0.1154150948	0.0819184317	0.0665163615	-0.0980303255	0.1550969303	0.0132499637	0.0878988135	-0.0650377085	0.0454657679	-0.1164967286	-0.1776387386	-0.031031869	-0.127529993	-0.0473865477	0.0287285588	-0.0656486243	0.0105440254	0.0564838812	-0.0433315309	-0.0985243029	0.1979142573	-0.0001000341	0.0091960478	-0.0763955954	-0.0311956175	0.0187574154	0.110497191	-0.0685191416	-0.0154315025	-0.0279650296	-0.0444506955	0.0535814409	-0.12136571	0.0891588796	-0.0278966158	0.0649008675	-0.0093142308	-0.0966598052	0.0050245166	-0.0642074949	-0.0450774792	-0.0519184115	-0.0241278987	-0.0606494913	0.0365365261	-0.0266102556	0.0150402469	-0.0388470478	0.0217648002	-0.0188348533	-0.0259628678	0.0208840819	-0.1284139598	-0.1055007667	0.1040084014	-0.1015367435	0.0981090648	0.0	0.0	-0.0102720938686502	0.0112115056445248	0.0001256978588172	0.0001055159124463	0.3539602653646341	0.0006178208827378	3.817026431470058e-07	0.1252878694570021	0.2931476995567621	0.0177673948901145	0.0859355737554216	0.0003156803211812	0.002196149347924	-7.174380636639985e-05	4.823071958387011e-06	5.147173751939475e-09	-0.0008079590984562	0.0003152769309199	9.93995431703344e-08	6.527979047781556e-07	-0.0008731119530163	0.0002151156088452	7.623244824999377e-07	4.627472516884111e-08	0.0	0.0	0.0
44.79676266632261	-0.0566382737473318	0.0032078940530777	2006.749945382835	46.84730091314395	0.2342339431519065	0.0548655401244905	2194.6696028466577	45.5975228037153	0.0068358168310069	2079.134085835337	4.672839174707831e-05	45.97560338574003	38.51873771912783	0.944565	35.939079	0.0629329012552792	0.0336435523727168	-0.0126446329	-0.0661921986	0.1014258997	0.1193897736	-0.0204579854	-0.0856857697	0.0451284813	0.1292881532	0.0174840541	0.0988739837	0.0208285578	-0.0379210244	0.029843907	0.0160993636	0.0020271948	-0.1017091419	-0.0331428335	-0.0518609223	-0.1048430513	-0.0074107936	0.0227330148	-0.0125687617	-0.0521670212	-0.0827673835	0.0555846585	0.0466000774	-0.0079507485	-0.0007385305	-0.0453428695	-0.0855406367	0.0606822308	-0.0636987753	-0.0260975493	0.0561688607	0.0266243924	-0.0930103822	0.0573683266	0.1414454893	-0.1281935206	-0.0441379761	0.0213651009	0.0850645925	-0.08722682	-0.1043512908	-0.1202761602	0.0577901799	-0.1316551701	-0.016015413	-0.0652069132	0.0732111501	-0.0414566223	-0.0124499325	-0.0426182801	0.0149616914	-0.0035451534	-0.087252926	-0.0337567034	-0.0102873545	-0.039410247	0.0264449986	0.0261825338	0.0309973059	0.0065672847	0.068837296	-0.0379280107	0.0097984776	0.0667724092	0.0267556993	0.0480795199	-0.0792715263	-0.1215054639	-0.0249892585	-0.1409759022	0.0607352508	-0.0407051097	-0.0156459784	0.0156100567	-0.0340584393	-0.0659654053	-0.1159027281	-0.0074784979	-0.0888837442	0.0258371282	0.0313074634	0.0327429353	0.0374631858	0.0026611482	-0.0730641223	-0.0101562362	-0.0378677889	-0.0609954082	-0.0880020605	-0.0544353534	0.082013539	0.022450279	0.1767770124	0.0678374063	-0.123497367	-0.0354746681	0.0127491357	-0.0970347033	-0.0839067495	-0.0257879625	-0.0781532916	-0.0282082874	0.0991173852	0.0657749903	-0.0243842519	0.0741354921	0.0331833493	-0.0916754698	-0.0135741912	0.0028595738	0.0030088551	-0.0952459878	-0.0288549635	-0.0311264559	0.0177535756	0.0010670168	0.0971696942	-0.0067927895	-0.0159305427	0.0336702522	0.0978273888	-0.0261593506	-0.0373138809	-0.0024908317	-0.0305815031	-0.0866271832	0.0578884018	0.0739746298	-0.0320290961	-0.0055681885	-0.0256559794	-0.0730452159	-0.0279482713	-0.0475690533	0.0451758973	-0.1050939628	-0.0106447695	-0.0188914863	-0.0964526423	0.0309808098	-0.0807225083	0.0027409485	-0.0242469272	-0.0070035967	0.0003248659	-0.0542447639	-0.0246846949	-0.025292071	-0.0653210861	0.0026580523	0.0466933884	0.0368737065	-0.0630776408	-0.0854849503	0.0064262857	-0.0146284898	-0.1056656457	0.1046653254	-0.1030051337	0.1006955375	0.0	0.0	-0.0083428712166551	0.001929222651995	3.721900040971006e-06	6.960350013769214e-05	0.3447697063264172	-0.0091905590382169	8.446637543495065e-05	0.1188661504004039	0.2906216641011099	-0.0025260354556522	0.0844609516448983	6.38085512321212e-06	0.0027541026640885	0.0005579533161644	7.585081484339373e-06	3.113119030189624e-07	-0.0006831220910492	0.000124837007407	1.558427841833539e-08	4.666557912794314e-07	-0.0011760633116331	-0.0003029513586167	1.383124912969414e-06	9.177952568776496e-08	0.0	0.0	0.0
44.74647199462238	-0.0502906717002247	0.0025291516600597	2002.2467559655247	47.05508286579624	0.2077819526522901	0.0431733398479985	2214.1808235069507	45.57835700171334	-0.0191658020019573	2077.386626975632	0.0003673279663782	45.97480042635122	38.35896314535867	0.940632	35.789406	0.1156212313524946	0.0555105210894386	-0.0143183159	-0.0553622462	-0.0746292013	0.0029893059	0.0452293605	-0.0357671475	0.0366240795	-0.0520899078	-0.0775166657	0.0225453615	0.0430598725	-0.0061996875	-0.093922676	0.021868377	0.0096657956	-0.1154372096	-0.1320201551	0.032286119	0.0222864958	-0.0504880345	0.0186681043	-0.0465705207	0.0642909466	-0.0772698052	0.0370173274	0.037371131	0.0046542904	0.0508786171	-0.1010467746	0.1904111536	0.0628018964	0.0443762419	-0.0023917842	0.0419973369	0.0607898026	0.0376094594	0.0156261134	0.1155694892	0.0639406882	-0.1537441977	-0.0350188781	-0.0620314066	0.0332868749	0.0101269522	-0.0356922842	-0.1075733046	0.051067804	0.0271164399	-0.0745620683	0.050050867	-0.0987132681	-0.0805956872	0.0099371905	0.000612186	-0.0532736687	0.1142133129	0.0195864066	-0.0140767554	0.0130658113	0.0108769763	-0.0232141725	-0.1071233772	-0.0352966183	0.2114255517	-0.0344202384	-0.0194236595	-0.0834867463	0.0123349392	0.0460557238	-0.0519398581	0.0120288788	-0.0798696377	0.1047157874	-0.1083665386	-0.0507394175	0.1157573777	-0.1564729391	-0.0700179301	-0.0163220832	0.0653199955	-0.0292399928	0.0044867467	-0.093753506	0.0516695634	-0.0030362581	0.0026179862	-0.0720444438	-0.0148483472	0.153019843	0.1261731655	-0.03342175	0.0270726214	-0.0191886219	-0.0070867186	0.1604596798	0.0224805624	0.1123071404	-0.0692861536	-0.0389412021	0.0874111656	0.0233350725	-0.0572976988	0.1363215686	-0.0696358971	0.027811214	-0.0636804957	-0.0989346664	-0.0625078815	-0.064890198	-0.0333000013	0.0358129717	0.0965616524	0.0219833092	0.0145522546	0.0961767065	0.0245809547	0.0270471269	0.0657255872	-0.0357166615	-0.0259196811	0.032348473	-0.1222186883	0.0084589799	-0.0310459556	-0.0712809613	-0.0055697858	-0.1866838297	-0.0323682096	0.0954086949	-0.015901251	0.0068839443	0.0250535504	-0.1142437032	-0.0973440066	-0.0116287156	-0.0473281691	-0.0226882421	0.0364897286	-0.0736548669	-0.0191966698	0.0812193656	0.0695127794	0.0356654744	-0.0731767043	0.0094953701	-0.0165319651	-0.0574287294	-0.1413782944	0.0277885945	-0.088796877	0.0105979625	0.0606403296	-0.0351920239	-0.020513248	0.0910522414	0.0628185775	-0.0883343039	-0.0762515095	-0.0301340857	-0.1057976105	0.1051918494	-0.1041848154	0.10278035	0.0	0.0	-0.0158300789270526	-0.0074872077103974	5.605827929863576e-05	0.0002505913988367	0.3682923493275893	0.0235226430011721	0.0005533147337605	0.135639254573235	0.3285878644369049	0.037966200335795	0.1079699846552058	0.0014414323679377	0.002163717719773	-0.0005903849443154	4.681674370859671e-06	3.485543824744157e-07	-0.0006819035393337	1.2185517154999874e-06	1.4848682833479622e-12	4.649924369558269e-07	-0.0008347632015615	0.0003413001100715	6.968296026812055e-07	1.1648576513488625e-07	0.0	0.0	0.0
44.77039384838289	0.0239218537605054	0.000572255087339	2004.3881653393205	46.53561811067246	-0.5194647551237779	0.2698436318158065	2165.5637529423466	45.56429216034558	-0.0140648413677624	2076.1047200733296	0.0001978197627003	45.93324302732287	37.74232993961319	0.922057	35.082676	0.0504598047884682	0.0242088842955708	-0.0387822531	-0.0563526006	0.0644265345	-0.0991452769	0.0107486787	-0.0128174779	-0.0554169409	0.0597515495	-0.0238975244	-0.0123101675	-0.1425196899	0.0602629913	-0.1126826826	-0.0433664015	-0.06965252	0.0028654567	-0.09306589	-0.0657779321	0.1382862602	-0.0554711448	0.0949260062	-0.0049903607	0.1274207904	0.0426665229	0.0030256578	0.0293121475	0.081066288	0.0682288883	-0.0537774484	-0.0836295494	-0.0154722763	0.0967852027	0.0192684864	0.028839546	0.1462809645	-0.0339813804	0.0674008492	0.0388143136	0.1371501103	0.0194043601	0.0866920349	-0.014113289	0.1236796439	0.0590675059	0.0045379882	-0.0373142523	0.0543534884	0.074869596	0.0254901033	0.021562282	-0.0725959348	-0.0909378822	0.0752276078	0.0320540037	-0.1148674456	-0.025349766	0.0365718864	-0.0897740861	0.0634252158	0.0840857518	0.0784454978	0.0530435814	-0.0493719773	-0.1579037496	-0.0063603138	-0.073008216	-0.0191248203	-0.0191067051	0.0507356942	0.0573336539	-0.03832938	-0.0591674137	0.0577756002	-0.0116015988	-0.0033093683	0.0633330737	0.00962632	-0.0263493211	0.0601087507	-0.0187677718	0.016346244	-0.020344527	-0.089228085	0.0404832257	-0.0849501197	0.024108887	-0.0464539093	-0.0701304323	-0.037559717	0.0201027823	-0.0794619479	0.0432562929	0.0633125718	-0.1011841938	0.1532624059	0.015188627	0.0771399125	0.1012513382	-0.0536810965	-0.022999217	0.0863607691	0.0769361474	0.1382523363	0.0713417655	0.0062832555	0.0837979548	-0.0363570178	-0.0709540063	-0.0371005261	0.0788144041	-0.0543572414	0.0225677291	0.0847966671	-0.1207737265	-0.0893578897	-0.0692429555	0.0156085939	0.0732221447	0.0991430027	-0.0484288808	-0.068349949	0.1114480942	-0.012350977	-0.0893848288	0.0101148556	0.0583273363	-0.0177001717	-0.0595273731	0.0149889649	0.0038653073	-0.0235477287	-0.0557170769	0.0396438577	0.0226625537	-0.0366598803	-0.0445804629	-0.0507658193	0.0119488931	-0.0965541499	0.111757385	-0.0355952651	0.0521648994	0.0536820237	-0.0920871193	-0.0244422008	-0.0712840819	-0.045246062	-0.0487072331	0.0049325097	-0.0908749367	-0.0088757162	-0.0038140185	0.0411000389	0.0920246809	-0.0148847102	-0.0198957742	-0.0785630282	-0.0087214711	-0.0091082731	-0.1058966202	0.1055873175	-0.1050724821	0.104353116	0.0	0.0	-0.0082062862592238	0.0076237926678287	5.812221464204015e-05	6.734313416832536e-05	0.3607388547091403	-0.007553494618449	5.705528095093813e-05	0.1301325212968622	0.3169397047518245	-0.0116481596850804	0.1004507764481736	0.0001356796240491	0.002241070307264	7.735258749099957e-05	5.022396122100359e-06	5.9834227915527436e-09	-0.0007358208776244	-5.391733829070004e-05	2.9070793683537883e-09	5.414323639479422e-07	-0.001176180432122	-0.0003414172305605	1.3834004089066947e-06	1.1656572532360165e-07	0.0	0.0	0.0
44.85557856158521	0.0851847132023237	0.0072564353633621	2012.0229280945427	46.634344802452965	0.0987266917805058	0.009746959669923	2174.762115154072	45.53790462649599	-0.0263875338495935	2073.700757771845	0.0006963019426634	45.93749167447234	38.04304695303437	0.916209	34.860172	0.0362965934479071	0.0196158666331321	-0.0172637994	-0.0601435169	0.0870693106	0.1154910779	0.0113632127	0.0444554453	-0.0150552747	0.1290916358	-0.0264515691	0.0608676933	0.0763516197	0.0213199941	-0.0349637974	-0.0101054968	-0.0290995877	-0.0746965982	-0.1521467407	0.0230915574	-0.015167167	0.1046772628	0.0326223459	-0.0242610846	0.024850706	-0.0065958347	-0.0811058023	-0.0537234245	0.0375911653	0.0905178518	-0.0013837158	0.0137684764	-0.0821698913	-0.1379381841	-0.1656309803	-0.030283697	-0.0031873306	0.0710673218	-0.0475270195	-0.0389508523	0.0357767181	0.0970224012	-0.0492847731	-0.1119441445	-0.1159336104	-0.1420852224	0.1281306611	-0.0755382416	0.0640737629	-0.0112816248	-0.019857086	0.0149160269	0.064123148	0.0863827177	0.0737045195	0.0833236689	-0.0357053804	0.0943933178	-0.0546365901	-0.1531117932	-0.0561033789	-0.0652477528	-0.0567135896	-0.0107594804	-0.0049764563	-0.0634559542	0.1170356937	0.0543876162	0.0520344919	-0.0162359649	-0.1062572823	0.097946658	-0.0492612801	-0.1131869294	-0.1533290009	0.0291266331	-0.0560827328	-0.0037038109	0.0994154124	-0.0377085968	0.0131342516	-0.0922727908	-0.1216341118	-0.0578115278	0.0621871725	-0.0783405541	0.0117652731	-0.0754171909	0.099361346	0.0927928146	-0.0642533454	-0.0366169723	-0.0862772114	0.019350778	-0.0708701462	-0.0260059465	0.0080241183	-0.1142230499	-0.0356249122	0.0541138649	-0.0622882986	-0.0285740669	0.0902814761	0.012859803	-0.0330416211	-0.1026477662	-0.0233627376	-0.0316903672	0.1100350341	-0.0818755203	-0.0862135756	0.0755424345	0.0416304626	-0.0563486244	0.0085537933	0.009326713	0.0168968031	0.0846980038	0.1314163217	-0.0399133931	0.0193384274	-0.0659004499	-0.0456211257	-0.0610627143	-0.0104739103	-0.0234193746	0.024752718	0.136651957	0.0006911138	-0.0768758908	-0.1097595762	0.0552858028	-0.0827111539	0.0716841602	0.1187040279	0.0799235891	-0.1258751148	-0.0381347903	-0.0468953639	0.0396282575	-0.111128566	-0.0392031187	-0.003554541	-0.104702835	0.0967728703	-0.0817971931	0.0040044045	-0.0670895052	-0.0510985063	-0.0750490768	-0.0174642425	-0.1008432341	-0.0383027066	-0.0496194212	0.0795663331	0.0752903325	-0.0027070668	-0.0109814606	-0.0414457402	-0.0183199558	-0.0931200101	-0.1059626437	0.1058512369	-0.1056656457	0.1054060001	0.0	0.0	-0.011884783975617	-0.0036784977163931	1.3531345449509982e-05	0.000141248090147	0.3604395320898987	-0.0002993226192415	8.95940303896478e-08	0.1299166562931851	0.3005238084849821	-0.0164158962668423	0.0903145594663182	0.0002694816502437	0.0021341559787216	-0.0001069143285423	4.55462174151315e-06	1.1430673647672234e-08	-0.0006820869200903	5.3733957534100006e-05	2.8873381922764623e-09	4.652425665582713e-07	-0.0010187711812899	0.000157409250832	1.0378947198268186e-06	2.4777672247522962e-08	0.0	0.0	0.0
44.89583757468321	0.0402590130980016	0.001620788135625	2015.636231532337	47.13546808145858	0.5011232790056184	0.2511245407613428	2221.752351258201	45.58338221335897	0.0454775868629866	2077.844734009171	0.0020682109068804	45.914859282610784	38.65274798729288	0.88397	33.633526	0.0449907393717867	0.0233785726962441	-0.0012018745	-0.0985032666	-0.0473332704	0.0013088454	0.0661506374	0.0255069905	0.0344382604	-0.0299658348	-0.112976643	0.0102466621	0.0802821912	0.0231047196	0.0126767688	-0.0360479181	0.0776353739	-0.016089941	-0.0558046094	0.0247880505	0.0379471821	0.0463540767	-0.0350980808	-0.0143178035	-0.0395739599	0.0322473921	-0.02770911	0.0436706664	0.0419186169	0.004932524	0.0204772137	0.0112771896	-0.0089609549	-0.0488445496	0.0111712935	-0.0488433237	-0.0399995501	0.0898744185	-0.0124713777	0.0181085993	0.0779800977	-0.0016184832	-0.0134243151	0.0243656676	0.0184238127	0.1025890789	-0.0287825128	-0.0010552939	-0.0246734008	0.1079126863	-0.0723614195	-0.0259225883	-0.0077157227	-0.0761164985	-0.084269907	0.0867852509	-0.0509533774	0.1146095297	-0.0792872319	-0.0135876303	0.018265656	-0.1342176725	0.0042519167	-0.0404733831	0.1042974096	0.0621621215	0.1349331033	0.0113463443	-0.0332093901	0.0107805388	-0.0645537824	0.0718023502	-0.0425505132	-0.0217728144	-0.0352032742	0.0199629	-0.078614196	0.0290252097	-0.0495404916	-0.0191214953	0.0136627641	0.0874820437	-0.0749125932	0.0396752478	0.0010605784	-0.001962732	0.0858032774	-0.0080161775	-0.0345485187	0.0048477441	0.0325043793	0.0253181669	0.0202528685	0.0039427591	0.084377681	-0.0871507513	0.0303600724	-0.0014041209	-0.040602636	0.0380980829	0.0043004806	-0.0756173711	-0.0573407159	0.0163304003	-0.0443381542	-0.0029734125	-0.0200022719	-0.0700974531	-0.0211638327	-0.0443173665	-0.0432906207	-0.0032527093	-0.1178645707	0.0625789989	0.0804466763	0.0652601337	0.1374028906	0.0114070608	0.0896720975	-0.0844632314	-0.0517926658	-0.0432805124	-0.0238345047	-0.1256889097	0.0294527168	-0.0436558103	-0.0246998703	-0.0874271614	-0.0480408143	0.0085630749	-0.0480422659	0.0413475842	-0.0618820667	0.0111319028	0.0137473796	-0.0215090091	0.0175112624	-0.0319234314	-0.0550529513	0.0810966287	-0.0894380545	-0.0150489946	0.0508571932	0.034408416	0.0466582826	-0.0819787225	0.0441360962	-0.0349113161	-0.038569273	-0.0575582921	-0.009695556	-0.1260016153	0.0351010795	0.0325751915	-0.0211988221	-0.0854189267	0.0320093902	0.0459272217	-0.0390721043	-0.0983520219	-0.0695159933	-0.1059956606	0.1059832789	-0.1059626437	0.1059337567	0.0	0.0	-0.0128812695096058	-0.0009964855339887	9.929834194489429e-07	0.0001659271041791	0.3575664658128232	-0.0028730662770755	8.254509832468524e-06	0.1278537774738728	0.3051434159385096	0.0046196074535274	0.0931125042906222	2.134077302468649e-05	0.0018450561329819	-0.0002890998457396	3.404232133854123e-06	8.35787208067182e-08	-0.0009988255361779	-0.0003167386160876	1.0032335092108813e-07	9.976524517210696e-07	-0.0008945780409733	0.0001241931403166	8.002698713916272e-07	1.5423936101698725e-08	0.0	0.0	0.0
