#!ascii label  , from subject sub-v1s12x0050135_ses-1 vox2ras=TkReg
3074
126978  12.278  -89.290  -13.411 0.8999999762
117  10.529  -89.483  -12.618 0.8999999762
229  11.218  -88.686  -11.085 0.8999999762
128584  11.465  -89.590  -13.850 0.8999999762
135  10.370  -89.808  -14.256 0.8999999762
1312  6.971  -83.257  -11.023 0.5000000000
228  12.664  -88.275  -10.888 0.8000000119
1291  7.557  -84.599  -8.275 0.6999999881
493  11.103  -86.500  -9.338 0.8000000119
125  13.655  -89.024  -13.446 0.8000000119
133  13.350  -89.142  -14.324 0.8000000119
120563  12.388  -89.398  -14.346 0.8999999762
139021  9.562  -89.650  -13.277 0.8999999762
23  11.635  -89.991  -15.654 0.8999999762
134  11.467  -89.734  -14.757 0.8999999762
159  12.477  -89.864  -19.666 0.6999999881
36  11.730  -90.532  -17.935 0.8000000119
24  10.061  -90.042  -15.892 0.8999999762
50  9.935  -90.319  -19.619 0.6999999881
127124  11.165  -90.213  -20.855 0.8000000119
347  13.790  -87.900  -10.982 0.8000000119
340  13.151  -87.575  -10.693 0.8000000119
341  12.398  -87.692  -10.389 0.8000000119
498  11.778  -87.000  -9.965 0.8000000119
127509  7.235  -86.004  -8.757 0.6999999881
106  14.387  -88.592  -11.814 0.6999999881
338  10.005  -87.555  -9.277 0.8000000119
124  15.087  -89.036  -13.193 0.8000000119
136794  14.364  -88.976  -13.107 0.6999999881
122871  13.869  -88.865  -12.481 0.8000000119
141201  12.431  -88.876  -11.890 0.8999999762
339  9.118  -87.379  -9.271 0.8000000119
132  14.347  -89.009  -14.096 0.8000000119
230  10.042  -88.762  -11.210 0.8999999762
142  12.974  -89.505  -15.158 0.8000000119
18  10.697  -89.966  -15.309 0.8999999762
260  13.903  -89.260  -18.796 0.6999999881
28  13.802  -90.162  -17.113 0.6999999881
35  12.655  -90.447  -18.279 0.8000000119
30  11.363  -90.324  -17.117 0.8999999762
55  9.471  -90.102  -20.286 0.6999999881
1627  7.632  -82.591  -11.570 0.6000000238
1615  8.140  -82.982  -9.115 0.8999999762
512  14.641  -86.576  -11.932 0.8000000119
1289  9.144  -83.471  -8.182 1.0000000000
346  14.761  -87.936  -11.321 0.8000000119
242  18.755  -88.565  -14.164 0.5000000000
114  14.781  -88.838  -12.360 0.6999999881
107  13.687  -88.587  -11.652 0.8000000119
703  8.229  -85.780  -7.765 0.8000000119
247  18.601  -88.523  -15.264 0.5000000000
343  10.737  -87.926  -9.841 0.8999999762
491  7.981  -86.279  -7.957 0.8000000119
145  17.068  -89.079  -16.125 0.6000000238
222  10.490  -88.356  -10.476 0.8999999762
223  9.610  -88.425  -10.734 0.8999999762
380  14.792  -88.317  -18.678 0.6000000238
127  8.804  -89.309  -12.832 0.8999999762
547  14.597  -86.728  -19.970 0.5000000000
384  14.441  -87.586  -19.358 0.6000000238
264  13.081  -88.590  -20.208 0.6999999881
123613  11.957  -90.213  -16.534 0.8999999762
19  9.724  -89.881  -15.041 0.8999999762
391  13.301  -87.919  -21.070 0.6000000238
40  13.649  -90.173  -18.198 0.8000000119
25  9.343  -89.796  -15.608 0.8000000119
38  9.514  -89.882  -17.176 0.8000000119
47  12.283  -90.320  -19.095 0.8000000119
161  12.056  -89.699  -20.628 0.8000000119
54  10.394  -90.341  -20.390 0.8000000119
140771  12.971  -78.516  -4.050 0.6999999881
3841  12.147  -77.549  -3.944 0.6999999881
3348  12.936  -77.950  -4.330 0.8000000119
3850  12.482  -77.175  -4.623 0.8000000119
138868  11.719  -75.922  -7.175 0.8000000119
3370  13.812  -77.906  -5.712 0.8000000119
4361  12.937  -76.284  -5.725 0.8000000119
4373  14.052  -76.497  -6.616 0.8000000119
4884  13.126  -75.559  -6.845 0.8000000119
127747  12.136  -75.698  -7.955 0.8000000119
2026  10.453  -81.053  -13.051 0.8999999762
748  15.591  -85.266  -13.317 0.6000000238
1606  8.772  -82.885  -8.584 0.8999999762
503  13.369  -86.675  -11.071 0.8999999762
128145  9.739  -83.659  -8.206 1.0000000000
994  9.308  -84.425  -8.103 0.8000000119
113  15.681  -88.825  -12.219 0.8000000119
721  11.724  -85.892  -9.830 0.8000000119
993  10.112  -84.993  -8.391 0.8000000119
123  15.943  -89.118  -13.266 0.6999999881
138411  12.025  -88.322  -10.755 0.8000000119
131  15.377  -89.063  -14.221 0.6999999881
349  8.860  -87.638  -11.519 0.8000000119
383  15.020  -86.957  -19.160 0.6000000238
136002  14.371  -89.396  -15.941 0.6999999881
236  8.813  -88.428  -12.079 0.8000000119
22  12.533  -89.978  -15.909 0.8999999762
245  8.531  -88.863  -14.723 0.6999999881
26  8.893  -89.388  -15.814 0.8000000119
555  14.347  -86.556  -20.995 0.5000000000
390  13.947  -87.239  -20.501 0.5000000000
385  13.658  -88.012  -19.934 0.6999999881
158  13.108  -89.409  -19.376 0.6999999881
41  13.008  -90.098  -18.876 0.8000000119
129201  9.511  -90.028  -18.007 0.6999999881
48  11.442  -90.444  -19.269 0.8999999762
177  13.366  -89.643  -22.511 0.5000000000
280  12.435  -89.135  -21.287 0.5000000000
57  8.973  -89.372  -19.800 0.6999999881
2837  12.171  -79.101  -2.387 0.6000000238
2860  13.035  -79.090  -3.882 0.6999999881
2859  13.311  -78.843  -4.507 0.8000000119
3361  13.505  -78.344  -5.062 0.8000000119
125653  13.865  -78.736  -5.683 0.8000000119
3874  14.272  -77.482  -6.421 0.8000000119
4374  13.320  -76.055  -6.280 0.8000000119
4387  12.413  -75.630  -6.955 0.8000000119
3884  14.767  -77.007  -7.149 0.8000000119
4385  14.485  -75.984  -7.437 0.8000000119
4898  13.063  -75.292  -7.635 0.8000000119
119064  8.070  -82.528  -10.763 0.8999999762
352  18.186  -87.333  -12.364 0.6000000238
130130  15.151  -86.531  -12.311 0.8000000119
1305  7.495  -83.289  -9.974 0.8000000119
118966  16.551  -87.735  -11.907 0.6000000238
996  7.725  -85.235  -7.899 0.8000000119
714  6.961  -85.268  -9.362 0.6999999881
123736  12.226  -86.194  -10.302 0.6999999881
122  16.764  -89.141  -13.273 0.6999999881
227  14.227  -88.227  -11.365 0.8000000119
489  9.909  -86.031  -8.489 0.8999999762
130  16.379  -89.169  -14.360 0.6999999881
348  12.971  -88.018  -10.688 0.8000000119
495  9.363  -87.015  -8.775 0.8000000119
336  8.551  -86.717  -8.634 0.8000000119
139  16.549  -89.187  -15.440 0.6999999881
224  8.988  -88.151  -10.650 0.8000000119
249  18.252  -88.376  -16.141 0.5000000000
140  15.767  -89.168  -15.291 0.6999999881
128462  8.733  -87.589  -10.635 0.8000000119
796  16.330  -85.210  -19.292 0.3000000119
250  17.455  -88.654  -16.524 0.5000000000
120  8.499  -88.884  -12.903 0.8000000119
147  15.077  -89.500  -17.210 0.6999999881
120822  14.456  -89.771  -16.793 0.6999999881
153  15.248  -89.179  -17.796 0.6000000238
259  14.706  -89.110  -18.349 0.6000000238
138692  13.950  -90.176  -17.711 0.6999999881
119922  12.919  -90.221  -16.800 0.8999999762
148  8.720  -89.008  -16.414 0.6000000238
563  14.475  -86.511  -21.969 0.4000000060
265  12.539  -89.205  -20.349 0.6000000238
407  15.080  -87.705  -22.469 0.4000000060
408  14.124  -88.232  -22.392 0.4000000060
279  12.890  -88.503  -21.725 0.4000000060
120211  11.652  -90.048  -20.514 0.8000000119
3369  14.355  -78.614  -6.376 0.8000000119
1604  15.751  -82.199  -8.486 0.5000000000
1609  16.392  -82.130  -9.896 0.5000000000
1986  15.895  -81.449  -8.365 0.5000000000
4897  13.759  -75.382  -7.500 0.8000000119
1302  16.694  -83.397  -10.666 0.5000000000
1992  16.535  -81.217  -9.731 0.5000000000
4915  13.740  -74.826  -9.437 0.8000000119
1618  16.625  -82.402  -10.957 0.5000000000
2003  16.621  -81.395  -10.637 0.5000000000
1308  17.565  -83.872  -11.701 0.5000000000
1309  16.978  -83.157  -11.710 0.5000000000
1623  16.734  -82.240  -12.064 0.5000000000
139027  8.728  -82.158  -10.147 0.8999999762
737  17.547  -85.184  -13.172 0.5000000000
120404  15.859  -87.032  -12.252 0.6000000238
739  14.735  -85.615  -12.626 0.8000000119
513  14.022  -86.116  -11.770 0.8999999762
1297  10.817  -82.902  -8.478 1.0000000000
720  12.293  -85.367  -10.371 0.8999999762
1008  11.743  -84.824  -9.701 0.8999999762
711  11.191  -85.574  -9.206 0.8999999762
125651  7.744  -86.463  -9.324 0.6999999881
366  19.136  -88.029  -15.765 0.5000000000
499  8.341  -87.008  -9.942 0.6999999881
505  8.504  -86.598  -10.836 0.8000000119
538  16.507  -86.318  -18.270 0.4000000060
146  16.241  -89.203  -16.274 0.6999999881
126732  15.807  -89.225  -16.962 0.6000000238
257  15.980  -87.949  -18.081 0.5000000000
254  16.132  -88.716  -17.536 0.5000000000
27  14.440  -89.915  -17.480 0.6999999881
258  15.419  -88.618  -18.185 0.6000000238
400  13.531  -87.876  -22.067 0.4000000060
132332  13.536  -88.724  -19.465 0.6999999881
176  14.297  -90.003  -22.698 0.5000000000
2365  10.684  -80.307  0.868 0.4000000060
122017  11.899  -80.575  -0.895 0.4000000060
2805  10.047  -79.810  0.866 0.4000000060
2408  13.350  -79.911  -4.632 0.6000000238
1971  14.414  -81.634  -6.312 0.4000000060
1977  15.571  -81.090  -7.693 0.6000000238
2434  15.650  -80.231  -7.752 0.6000000238
135474  7.506  -82.185  -13.126 0.8000000119
1006  17.083  -84.159  -10.306 0.4000000060
1642  6.840  -82.693  -12.868 0.6000000238
1017  18.837  -84.873  -12.199 0.4000000060
509  19.029  -86.530  -12.469 0.4000000060
510  18.025  -86.147  -12.913 0.6000000238
1614  8.945  -82.282  -9.205 0.8999999762
511  16.795  -86.938  -12.450 0.6000000238
519  16.255  -86.041  -13.122 0.6000000238
1605  9.527  -82.514  -8.442 0.8999999762
353  17.308  -87.596  -12.138 0.6000000238
1012  13.319  -84.671  -11.682 0.8999999762
1288  10.028  -83.050  -8.266 1.0000000000
1013  12.793  -85.020  -11.043 0.8999999762
1304  12.086  -84.018  -9.861 0.8999999762
1001  10.985  -84.743  -8.873 0.8999999762
1303  12.538  -83.682  -10.448 0.8999999762
355  9.208  -87.220  -12.063 0.8000000119
535  16.979  -87.060  -17.701 0.5000000000
253  17.054  -88.491  -17.074 0.5000000000
1070  16.646  -84.711  -19.339 0.3000000119
534  17.256  -86.008  -17.773 0.4000000060
0  14.812  -90.423  -22.984 0.6000000238
189  16.421  -89.159  -25.392 0.6000000238
614  19.513  -86.263  -29.595 0.4000000060
1917  11.700  -81.288  -0.104 0.3000000119
4376  11.791  -76.044  -6.442 0.8000000119
1282  15.420  -82.928  -8.291 0.4000000060
1599  15.388  -82.098  -7.699 0.4000000060
2435  15.174  -80.643  -7.123 0.6999999881
1610  15.871  -82.768  -9.128 0.5000000000
4375  12.554  -75.953  -6.158 0.8000000119
2051  7.506  -81.594  -15.247 0.6000000238
1294  15.929  -83.532  -9.383 0.4000000060
1645  7.244  -82.013  -14.377 0.6999999881
2045  8.043  -81.523  -14.443 0.8000000119
999  16.827  -84.607  -9.409 0.4000000060
2037  8.656  -81.430  -13.725 0.8000000119
2043  9.375  -80.943  -14.245 0.8000000119
1634  8.546  -81.869  -12.358 0.8000000119
2484  11.230  -80.713  -13.001 1.0000000000
1301  17.217  -83.804  -11.104 0.5000000000
2007  8.926  -81.899  -10.890 0.8999999762
120036  10.166  -81.259  -12.230 0.8999999762
135243  9.356  -81.623  -11.871 0.8999999762
718  19.331  -84.769  -10.703 0.4000000060
1635  7.720  -82.273  -12.366 0.8000000119
1324  17.199  -84.153  -13.267 0.5000000000
2006  9.440  -81.613  -9.847 1.0000000000
716  20.531  -84.848  -10.929 0.4000000060
1997  9.816  -81.703  -8.769 1.0000000000
740  13.901  -85.142  -12.144 0.8999999762
1613  10.351  -82.185  -8.341 0.8999999762
123095  14.314  -84.692  -12.755 0.8000000119
125911  12.881  -84.174  -11.158 0.8999999762
1611  12.038  -82.162  -9.101 0.8999999762
1612  11.161  -82.047  -8.515 1.0000000000
1295  12.048  -83.228  -9.598 0.8999999762
125341  11.480  -82.786  -8.897 0.8999999762
1069  17.109  -84.244  -19.051 0.3000000119
1057  17.504  -84.472  -18.333 0.4000000060
140950  17.764  -86.215  -17.376 0.4000000060
1357  17.652  -83.668  -18.693 0.3000000119
1368  17.967  -82.900  -19.014 0.3000000119
308  17.647  -87.969  -26.151 0.4000000060
67  16.482  -90.168  -22.599 0.4000000060
74  16.934  -90.119  -23.027 0.5000000000
86  15.914  -89.549  -25.109 0.6000000238
81  16.276  -90.110  -23.733 0.6000000238
606  19.605  -86.395  -28.817 0.4000000060
621  19.475  -86.221  -31.492 0.5000000000
2356  10.408  -80.395  1.560 0.3000000119
1929  12.058  -81.643  -1.045 0.3000000119
1908  11.043  -80.937  1.209 0.3000000119
2372  11.269  -80.058  -0.312 0.4000000060
123242  10.464  -79.756  0.196 0.4000000060
2409  12.968  -80.068  -3.632 0.6000000238
136486  12.053  -80.112  -1.458 0.4000000060
3327  11.268  -78.525  -2.133 0.6000000238
3326  11.908  -78.335  -2.854 0.6999999881
3459  10.104  -77.847  -16.341 1.0000000000
2965  10.312  -79.225  -16.420 0.8999999762
1978  15.022  -81.466  -7.005 0.4000000060
2414  13.777  -80.139  -5.537 0.8000000119
4348  12.087  -76.652  -5.035 0.8000000119
123488  11.228  -77.422  -13.664 0.8999999762
2507  8.171  -80.982  -15.938 0.8000000119
2880  14.578  -79.579  -6.611 0.8000000119
4433  11.260  -76.709  -11.183 0.8000000119
2964  10.859  -78.834  -16.122 1.0000000000
1286  15.549  -83.661  -8.797 0.3000000119
4400  11.413  -76.231  -8.692 0.8000000119
3447  11.292  -77.834  -15.250 1.0000000000
130676  10.031  -80.433  -14.941 1.0000000000
2891  15.146  -79.863  -7.190 0.6999999881
3379  14.892  -78.008  -7.098 0.8000000119
4410  12.354  -75.522  -10.073 0.8000000119
4411  11.539  -76.164  -9.665 0.8000000119
122715  11.652  -77.014  -13.191 0.8999999762
2955  12.061  -78.908  -15.218 1.0000000000
2493  10.211  -80.729  -14.022 1.0000000000
132585  16.262  -83.044  -9.984 0.5000000000
121107  15.013  -78.986  -7.166 0.8000000119
4916  12.869  -75.134  -9.509 0.8000000119
4444  12.468  -76.578  -13.349 0.8999999762
3953  12.154  -77.043  -14.041 0.8999999762
2445  16.069  -80.601  -8.360 0.6000000238
4907  14.623  -75.099  -8.722 0.8000000119
2492  11.067  -80.477  -13.814 1.0000000000
719  18.752  -84.937  -9.805 0.4000000060
2451  16.573  -80.519  -9.605 0.6000000238
136333  15.297  -77.484  -7.676 0.8000000119
4398  15.062  -75.708  -8.313 0.8000000119
4419  12.719  -75.395  -11.144 0.8000000119
120439  16.612  -79.830  -9.911 0.6999999881
4924  14.250  -74.868  -10.534 0.8000000119
1631  16.519  -82.183  -12.882 0.5000000000
2016  10.248  -81.060  -11.225 1.0000000000
123767  10.897  -80.880  -12.165 1.0000000000
139590  18.903  -84.695  -11.504 0.4000000060
131616  16.898  -82.825  -12.593 0.5000000000
2464  11.549  -79.876  -10.185 0.8999999762
141965  9.988  -81.059  -10.172 1.0000000000
1325  16.386  -83.801  -13.538 0.5000000000
501  20.447  -85.577  -11.773 0.4000000060
735  19.888  -86.120  -12.216 0.4000000060
736  19.273  -85.583  -12.279 0.4000000060
749  14.916  -84.608  -13.274 0.6000000238
2453  11.598  -80.132  -9.337 0.8999999762
1995  11.542  -81.232  -8.655 0.8999999762
1019  14.331  -83.879  -13.087 0.8000000119
1020  13.768  -84.273  -12.364 0.8000000119
123829  12.691  -82.003  -9.821 0.8999999762
1310  13.323  -83.939  -11.795 0.8999999762
1619  12.597  -82.812  -10.193 0.8999999762
1311  13.089  -83.262  -11.250 0.8999999762
1679  18.473  -82.517  -18.507 0.3000000119
1678  18.952  -82.081  -17.908 0.3000000119
586  21.857  -86.489  -26.120 0.6000000238
65  17.633  -89.734  -22.637 0.4000000060
605  20.153  -85.983  -28.974 0.4000000060
185  18.024  -88.539  -24.644 0.6000000238
182  17.721  -89.544  -23.318 0.6000000238
430  18.967  -87.214  -26.892 0.5000000000
139571  17.649  -89.125  -24.080 0.6000000238
604  20.932  -85.456  -29.211 0.5000000000
599  20.185  -86.434  -28.260 0.4000000060
118843  21.353  -84.623  -30.569 0.6000000238
613  20.063  -85.578  -29.865 0.6000000238
620  20.141  -85.418  -30.874 0.6000000238
142644  19.775  -85.853  -31.153 0.6000000238
891  20.154  -85.263  -32.192 0.6000000238
634  18.867  -85.503  -33.058 0.5000000000
1176  20.673  -84.358  -33.226 0.6000000238
902  19.977  -84.639  -33.369 0.5000000000
135325  12.639  -81.298  -2.548 0.3000000119
2821  9.634  -79.525  -0.240 0.4000000060
2524  8.793  -79.610  -18.098 0.6000000238
3336  11.148  -77.962  -2.979 0.6999999881
3852  10.985  -77.337  -4.413 0.6999999881
2515  9.572  -79.732  -16.579 0.8999999762
2506  8.986  -80.517  -15.840 0.8000000119
3434  10.787  -77.657  -14.241 1.0000000000
2517  8.090  -80.882  -16.648 0.6000000238
138818  9.214  -80.726  -15.058 0.8000000119
2505  9.821  -80.088  -15.781 0.8999999762
2504  10.597  -79.672  -15.660 1.0000000000
3942  11.681  -76.676  -12.361 0.8000000119
3446  12.265  -78.090  -15.220 1.0000000000
2498  10.859  -80.126  -14.800 1.0000000000
2890  15.640  -79.373  -7.797 0.6999999881
4420  11.789  -76.069  -10.653 0.8000000119
2954  12.657  -78.655  -14.887 0.8999999762
128175  12.122  -76.021  -11.689 0.8000000119
2947  12.434  -79.361  -14.407 1.0000000000
710  17.343  -85.246  -8.998 0.4000000060
1293  16.353  -83.853  -9.837 0.4000000060
2901  16.093  -78.972  -8.439 0.8000000119
4925  13.260  -74.951  -10.399 0.8000000119
4443  12.969  -76.045  -13.040 0.8999999762
3952  13.031  -76.926  -14.094 0.8999999762
2483  11.580  -80.412  -12.399 1.0000000000
708  19.396  -84.842  -9.705 0.4000000060
1005  18.212  -84.345  -10.872 0.4000000060
2900  16.448  -79.153  -9.270 0.8000000119
4914  14.717  -74.918  -9.641 0.8000000119
139928  11.327  -80.503  -11.806 0.8999999762
121692  15.793  -76.569  -9.902 0.8000000119
717  20.003  -84.875  -10.836 0.4000000060
2930  12.681  -79.111  -11.138 0.8999999762
2921  12.206  -79.423  -10.329 0.8999999762
2465  10.741  -80.467  -9.920 1.0000000000
1326  15.578  -83.377  -13.603 0.6999999881
138191  12.946  -80.627  -9.576 0.8999999762
132171  11.812  -80.594  -8.871 0.8999999762
1319  13.713  -83.341  -12.336 0.8999999762
1994  12.456  -81.140  -9.107 0.8999999762
1624  13.522  -82.484  -11.783 0.8999999762
1625  13.080  -82.295  -10.765 0.8999999762
290  20.784  -88.105  -22.892 0.4000000060
173  19.001  -89.206  -22.231 0.4000000060
302  19.368  -87.797  -25.456 0.6999999881
423  19.656  -87.558  -26.192 0.6000000238
132883  19.955  -87.385  -26.803 0.6000000238
130581  22.620  -84.474  -29.565 0.4000000060
1156  22.394  -84.137  -30.417 0.5000000000
881  21.897  -84.328  -30.764 0.4000000060
890  20.894  -84.810  -32.000 0.6000000238
11762  3.526  -66.180  -31.875 0.6999999881
10897  3.561  -67.313  -31.591 0.6000000238
1170  22.719  -83.682  -32.316 0.6000000238
141342  20.976  -84.450  -32.603 0.6000000238
1180  20.324  -84.252  -33.979 0.6999999881
1808  22.799  -82.638  -34.445 0.6000000238
136773  19.297  -84.071  -34.466 0.5000000000
1189  18.754  -84.056  -34.796 0.5000000000
2830  9.789  -79.108  -1.372 0.5000000000
3328  10.558  -78.334  -2.422 0.6000000238
2401  12.755  -80.525  -2.968 0.5000000000
130320  10.471  -78.128  -3.108 0.6999999881
3349  10.362  -77.978  -4.660 0.6999999881
3867  11.359  -76.907  -5.165 0.8000000119
4377  11.153  -76.455  -6.995 0.8000000119
4388  11.260  -76.297  -7.799 0.8000000119
3448  10.294  -77.739  -14.813 1.0000000000
4421  10.967  -76.664  -10.210 0.8000000119
2956  11.332  -79.274  -15.485 1.0000000000
2946  13.090  -78.786  -14.301 0.8999999762
4432  13.202  -75.644  -12.249 0.8000000119
3386  16.179  -78.240  -8.875 0.8000000119
4934  13.757  -75.131  -11.407 0.8000000119
3951  13.600  -77.008  -13.673 0.8999999762
2460  16.627  -80.544  -10.346 0.6000000238
4933  14.576  -75.386  -11.299 0.8000000119
3940  14.348  -76.417  -12.205 0.8000000119
2482  12.280  -79.755  -12.394 0.8999999762
130535  19.940  -84.726  -10.121 0.3000000119
129596  16.351  -80.911  -12.165 0.5000000000
2916  16.441  -79.039  -10.201 0.8000000119
3902  16.059  -77.377  -9.390 0.8000000119
130339  16.218  -83.068  -13.521 0.5000000000
3395  16.348  -78.271  -9.790 0.8000000119
3914  15.380  -77.388  -10.764 0.8000000119
2920  13.012  -79.108  -10.114 0.8999999762
500  20.858  -86.052  -12.180 0.4000000060
2023  15.503  -81.372  -12.917 0.6999999881
1632  14.657  -82.527  -13.209 0.6000000238
2461  13.894  -79.374  -10.515 0.8999999762
2004  13.083  -81.369  -10.074 0.8999999762
1633  14.069  -82.479  -12.617 0.8999999762
2025  13.924  -81.841  -12.133 0.8999999762
2015  13.528  -81.618  -11.212 0.8999999762
417  20.702  -87.488  -25.714 0.6000000238
134803  19.881  -87.923  -25.023 0.5000000000
180  19.522  -88.854  -22.880 0.5000000000
418  20.140  -87.715  -25.637 0.6000000238
598  21.754  -85.960  -28.355 0.5000000000
428  20.626  -87.239  -27.110 0.4000000060
593  20.887  -86.758  -27.729 0.4000000060
434  20.176  -86.792  -27.695 0.4000000060
124287  20.908  -86.191  -28.372 0.5000000000
1163  22.791  -83.735  -30.858 0.5000000000
878  21.320  -84.846  -29.795 0.4000000060
138071  3.691  -67.118  -32.759 0.5000000000
1472  23.453  -82.927  -32.151 0.6000000238
1166  22.768  -83.755  -31.650 0.5000000000
1476  23.134  -83.176  -32.762 0.6000000238
1806  23.166  -82.560  -33.488 0.6000000238
1483  20.721  -83.733  -34.578 0.6999999881
1179  21.099  -84.014  -33.813 0.6999999881
1188  19.935  -83.997  -34.650 0.6000000238
1488  20.329  -83.286  -35.119 0.5000000000
140547  18.757  -83.369  -35.254 0.5000000000
1495  18.910  -83.100  -36.029 0.6000000238
3468  9.045  -77.740  -17.228 0.8999999762
3350  10.072  -78.583  -3.957 0.6999999881
2974  9.278  -79.334  -17.452 0.8999999762
2973  9.914  -78.734  -17.038 1.0000000000
3877  10.579  -77.128  -6.928 0.8000000119
3916  10.529  -77.329  -10.688 0.8999999762
3426  9.661  -78.490  -12.726 1.0000000000
4401  10.678  -76.742  -8.425 0.8000000119
4442  13.793  -76.292  -12.965 0.8999999762
4409  15.585  -75.865  -9.650 0.8000000119
3941  14.072  -77.030  -13.001 0.8999999762
4397  15.697  -76.354  -8.938 0.8000000119
4430  14.689  -75.939  -11.673 0.8000000119
3424  13.864  -77.767  -12.648 0.8999999762
2937  13.382  -78.540  -13.331 0.8999999762
3929  14.882  -76.627  -11.300 0.8000000119
3930  14.411  -77.251  -11.857 0.8999999762
2471  16.134  -80.181  -11.797 0.6999999881
2022  16.116  -81.394  -12.756 0.6000000238
3407  15.785  -78.165  -10.654 0.8000000119
3418  13.455  -78.511  -10.829 0.8999999762
3417  13.838  -77.943  -11.513 0.8999999762
2480  15.777  -80.729  -12.419 0.6999999881
2463  12.991  -79.889  -9.772 0.8999999762
135923  14.194  -81.043  -11.775 0.8999999762
2462  13.528  -80.520  -10.533 0.8999999762
8585  10.204  -70.378  -37.130 0.6000000238
7826  11.524  -71.321  -35.811 0.6999999881
7837  12.484  -71.483  -38.200 0.5000000000
7833  11.734  -70.971  -38.591 0.5000000000
8592  9.534  -69.784  -37.777 0.6000000238
7832  12.221  -71.607  -36.711 0.6000000238
8593  8.890  -69.533  -37.128 0.6000000238
9341  7.965  -68.289  -37.861 0.6000000238
592  21.599  -86.985  -27.102 0.6000000238
10120  7.363  -67.810  -37.705 0.6000000238
10112  5.297  -66.907  -36.312 0.6000000238
10929  4.748  -66.505  -35.354 0.6000000238
129304  23.018  -83.895  -30.008 0.5000000000
11777  4.320  -66.139  -34.469 0.6999999881
10910  3.722  -67.637  -32.217 0.5000000000
2198  24.033  -81.630  -32.182 0.4000000060
2647  21.155  -80.288  -30.896 0.5000000000
2656  19.949  -80.633  -31.399 0.6000000238
2199  23.637  -81.384  -32.936 0.5000000000
1803  23.564  -82.332  -32.683 0.6000000238
124015  23.188  -81.972  -34.141 0.5000000000
3113  18.819  -79.338  -31.611 0.6999999881
2207  23.348  -81.279  -33.804 0.5000000000
1813  22.448  -82.196  -35.340 0.5000000000
2193  20.845  -81.059  -32.019 0.5000000000
2657  19.115  -80.189  -31.894 0.6999999881
2665  19.537  -81.034  -32.177 0.6999999881
1814  21.479  -82.392  -35.270 0.5000000000
2211  18.796  -81.480  -33.787 0.6999999881
1815  20.703  -82.906  -35.179 0.5000000000
1494  19.808  -83.119  -35.626 0.6000000238
1822  19.370  -82.706  -36.089 0.6999999881
119319  8.557  -79.838  0.874 0.3000000119
1910  6.372  -81.584  0.247 0.3000000119
142415  9.401  -77.696  -15.882 0.8999999762
125284  9.609  -77.734  -15.277 1.0000000000
2984  9.077  -78.486  -18.128 0.8000000119
123432  10.063  -77.223  -7.517 0.8000000119
129801  10.248  -78.109  -12.144 0.8999999762
3435  9.863  -78.051  -13.712 1.0000000000
3894  10.045  -77.087  -8.937 0.8000000119
3932  10.117  -78.055  -11.181 0.8999999762
3406  16.187  -78.395  -10.351 0.8000000119
3408  14.957  -78.118  -10.962 0.8000000119
2928  15.810  -79.497  -11.329 0.8000000119
128799  14.682  -78.788  -10.885 0.8999999762
2481  15.053  -80.711  -12.417 0.8000000119
2473  14.498  -80.057  -11.473 0.8000000119
2929  14.999  -79.322  -11.321 0.8999999762
7827  10.892  -70.850  -36.414 0.6000000238
7817  10.966  -70.884  -35.134 0.5000000000
140398  12.029  -71.258  -37.668 0.6000000238
9337  8.299  -68.982  -36.946 0.6000000238
7041  14.529  -72.839  -35.697 0.5000000000
136037  7.355  -67.531  -37.400 0.6999999881
4083  19.133  -77.452  -28.171 0.6000000238
10941  5.918  -66.183  -36.847 0.6000000238
3088  20.568  -79.195  -29.448 0.5000000000
4091  19.484  -78.003  -28.761 0.6000000238
3595  19.150  -78.080  -29.782 0.6000000238
5664  16.547  -74.556  -34.528 0.6000000238
10942  5.448  -65.965  -36.198 0.6000000238
4607  17.046  -76.053  -34.186 0.5000000000
3101  20.761  -79.839  -30.243 0.5000000000
3609  18.868  -78.202  -30.614 0.6999999881
4105  18.459  -77.624  -31.218 0.6999999881
4606  17.322  -76.714  -33.562 0.6000000238
10920  3.881  -66.723  -33.502 0.6999999881
131156  3.540  -66.979  -32.268 0.6999999881
3112  19.411  -79.904  -31.269 0.6999999881
3622  18.323  -78.817  -31.935 0.6999999881
3634  17.822  -78.671  -32.468 0.6000000238
3640  17.244  -78.502  -33.182 0.6000000238
3641  16.531  -78.397  -33.964 0.5000000000
120766  16.832  -76.878  -34.484 0.4000000060
121386  23.073  -82.050  -35.014 0.5000000000
3123  18.278  -79.560  -32.368 0.6999999881
3127  17.357  -79.338  -33.009 0.6000000238
132129  16.396  -79.194  -33.696 0.5000000000
3122  21.313  -80.503  -32.653 0.5000000000
2202  19.926  -81.520  -32.576 0.6999999881
2666  18.663  -80.575  -32.583 0.6000000238
131949  23.166  -79.956  -34.175 0.5000000000
2669  23.152  -80.626  -34.454 0.5000000000
2675  22.826  -80.766  -35.550 0.5000000000
2209  20.380  -81.590  -33.135 0.6000000238
2671  17.154  -80.749  -33.578 0.4000000060
2234  19.766  -82.072  -35.262 0.6000000238
2219  19.852  -81.800  -34.674 0.8000000119
2212  17.779  -81.371  -33.980 0.5000000000
2235  18.945  -82.113  -35.892 0.6999999881
127823  18.062  -81.699  -34.749 0.6000000238
2221  17.256  -81.870  -34.294 0.5000000000
2808  7.893  -79.964  1.456 0.3000000119
120419  8.721  -79.911  0.071 0.3000000119
2367  7.231  -81.047  0.257 0.3000000119
2352  6.949  -80.729  1.659 0.3000000119
1930  8.089  -81.464  -2.628 0.5000000000
3436  8.908  -78.555  -13.409 1.0000000000
131867  8.703  -77.796  -15.323 0.8999999762
126949  8.112  -77.715  -16.584 0.8999999762
3915  14.805  -77.452  -11.072 0.8000000119
2918  15.465  -78.771  -10.942 0.8000000119
7825  12.157  -71.742  -35.285 0.5000000000
8581  10.266  -70.524  -35.686 0.5000000000
8586  9.525  -70.115  -36.339 0.6000000238
7042  13.452  -72.594  -35.249 0.5000000000
8587  8.865  -69.767  -35.835 0.6000000238
138985  13.925  -72.909  -34.678 0.6000000238
7052  13.778  -72.425  -36.589 0.5000000000
6328  15.948  -73.513  -34.790 0.4000000060
7051  14.728  -72.789  -37.240 0.5000000000
10110  6.990  -67.087  -37.343 0.6000000238
4581  18.371  -76.347  -30.342 0.6999999881
137525  16.245  -73.905  -34.359 0.6000000238
10031  4.124  -68.626  -28.925 0.6000000238
4566  18.783  -77.145  -28.805 0.6000000238
4573  18.564  -76.710  -29.591 0.6000000238
5086  17.746  -75.510  -31.178 0.6999999881
4589  18.140  -76.207  -31.874 0.6999999881
5105  16.869  -74.973  -33.683 0.6000000238
5674  16.264  -74.453  -36.336 0.6000000238
135538  5.167  -65.289  -35.181 0.6999999881
4097  18.666  -77.264  -30.333 0.6999999881
4596  17.713  -76.175  -32.689 0.6000000238
4597  17.302  -75.701  -33.138 0.6000000238
5112  16.692  -75.541  -34.839 0.6000000238
3089  19.965  -79.445  -29.999 0.6999999881
4106  18.194  -77.187  -31.925 0.6999999881
4119  17.812  -76.913  -32.679 0.6000000238
11778  3.988  -65.732  -33.698 0.6999999881
10885  3.700  -67.806  -30.769 0.6000000238
10052  3.978  -68.742  -30.754 0.4000000060
118244  4.170  -69.229  -29.057 0.4000000060
2648  20.575  -80.414  -30.880 0.5000000000
121095  18.607  -78.512  -31.350 0.6999999881
3623  18.153  -78.075  -31.899 0.6000000238
131828  17.734  -77.820  -32.567 0.6000000238
4129  17.293  -77.650  -33.375 0.5000000000
11769  3.659  -66.357  -32.837 0.6999999881
2194  20.267  -81.197  -31.954 0.6000000238
2679  22.258  -80.912  -36.272 0.5000000000
140187  21.370  -79.894  -35.586 0.6000000238
3126  21.304  -79.951  -34.601 0.6000000238
127276  21.256  -80.825  -33.530 0.6000000238
136296  22.224  -81.352  -36.200 0.5000000000
2237  21.711  -81.203  -36.336 0.6000000238
2677  21.263  -80.812  -34.876 0.6000000238
130075  16.626  -79.987  -33.527 0.5000000000
2238  21.384  -81.321  -36.150 0.6000000238
2218  20.676  -81.476  -34.688 0.6000000238
2213  16.656  -81.340  -33.886 0.5000000000
1820  21.263  -82.163  -35.604 0.4000000060
2230  17.673  -82.065  -35.396 0.5000000000
2342  5.089  -81.049  3.606 0.3000000119
2366  8.005  -80.565  -0.055 0.3000000119
2374  7.513  -81.191  -0.636 0.3000000119
132865  5.736  -81.596  0.771 0.3000000119
121221  8.712  -80.664  -2.473 0.5000000000
2402  9.135  -80.935  -4.085 0.5000000000
1942  7.539  -81.786  -3.126 0.5000000000
2410  9.243  -80.493  -5.330 0.6999999881
3372  9.894  -78.094  -6.435 0.6999999881
3476  8.816  -77.858  -17.860 0.8000000119
3437  7.936  -78.691  -13.769 0.8999999762
3469  7.175  -77.956  -16.979 0.8999999762
7803  11.615  -71.548  -33.609 0.6000000238
134334  13.272  -72.639  -34.198 0.6000000238
8583  8.967  -69.841  -34.620 0.6000000238
9334  7.629  -68.716  -35.208 0.6999999881
5082  17.319  -74.883  -29.586 0.5000000000
5636  16.679  -74.322  -29.952 0.6000000238
6314  14.799  -73.354  -33.544 0.6000000238
7053  12.855  -72.157  -35.930 0.6000000238
5642  16.655  -74.380  -31.007 0.6999999881
5650  15.841  -74.047  -32.332 0.6999999881
6313  15.799  -73.622  -33.798 0.6000000238
10095  7.045  -66.789  -36.304 0.6999999881
5081  17.926  -75.547  -30.228 0.6999999881
5649  16.436  -74.411  -31.962 0.6000000238
5656  16.366  -74.426  -32.867 0.6000000238
10928  6.701  -66.194  -35.912 0.6999999881
12643  5.975  -65.370  -35.819 0.6999999881
9250  3.519  -69.374  -26.120 0.6000000238
5092  17.455  -75.474  -32.074 0.6999999881
12625  6.063  -65.306  -34.954 0.6999999881
5099  16.947  -74.923  -32.574 0.6000000238
119130  4.026  -69.261  -28.292 0.4000000060
3103  19.259  -79.171  -30.801 0.6999999881
118397  3.647  -67.330  -29.876 0.6000000238
124488  21.156  -78.169  -36.324 0.5000000000
124833  21.408  -79.923  -33.404 0.6000000238
2208  20.873  -81.305  -33.064 0.6000000238
3647  21.085  -79.074  -35.545 0.6000000238
2201  20.586  -81.356  -32.510 0.6000000238
2670  18.205  -80.961  -33.285 0.6999999881
2681  21.553  -80.347  -36.229 0.6000000238
2217  20.838  -81.381  -33.821 0.6000000238
2203  19.155  -81.307  -32.907 0.6000000238
12595  3.682  -64.850  -31.821 0.6000000238
2683  21.494  -80.926  -36.520 0.6000000238
2678  21.089  -81.031  -35.397 0.6000000238
126202  19.505  -81.694  -34.080 0.6999999881
3132  22.422  -79.472  -35.960 0.5000000000
2227  20.353  -81.776  -35.114 0.6000000238
2228  19.279  -81.866  -35.134 0.6000000238
2381  7.773  -81.301  -1.560 0.4000000060
1931  7.264  -81.804  -2.294 0.3000000119
2359  6.037  -81.441  1.779 0.3000000119
1918  6.977  -81.780  -1.376 0.3000000119
1919  6.235  -81.870  -1.189 0.3000000119
2415  8.801  -80.212  -5.389 0.6999999881
1950  8.544  -81.436  -4.166 0.6000000238
2872  9.136  -79.501  -5.670 0.6999999881
3373  8.200  -77.917  -6.617 0.6999999881
125018  8.322  -78.909  -5.611 0.6999999881
3461  7.936  -77.880  -15.594 0.8999999762
3905  8.859  -78.042  -9.002 0.8000000119
3477  7.892  -77.795  -18.055 0.6000000238
3428  8.147  -79.220  -12.860 1.0000000000
3450  7.850  -78.219  -14.653 0.8999999762
3462  7.109  -78.162  -15.907 0.8999999762
7030  12.469  -72.230  -33.598 0.6999999881
7804  11.014  -70.969  -34.085 0.6999999881
123818  13.280  -72.720  -33.275 0.6999999881
8574  10.336  -70.582  -34.523 0.6000000238
9333  8.243  -69.254  -35.495 0.6999999881
6295  14.558  -73.460  -32.531 0.6999999881
6330  13.951  -73.028  -33.857 0.6000000238
8582  9.639  -70.171  -35.086 0.6000000238
5643  15.733  -73.887  -31.304 0.6999999881
10094  7.207  -68.029  -34.900 0.6999999881
4574  18.258  -76.023  -29.651 0.6000000238
130504  15.380  -73.321  -34.365 0.5000000000
10012  4.218  -68.731  -27.723 0.6000000238
133065  17.230  -75.002  -31.303 0.6999999881
12644  5.572  -65.267  -35.158 0.8000000119
117971  4.172  -68.500  -28.440 0.6000000238
131188  4.897  -64.614  -34.011 0.8000000119
4098  18.354  -76.747  -31.126 0.6999999881
125639  3.772  -66.937  -28.436 0.6999999881
12611  3.913  -65.146  -32.846 0.6000000238
11752  3.507  -66.776  -30.844 0.6999999881
1958  8.108  -81.189  -4.503 0.6000000238
3381  8.214  -77.692  -7.503 0.8000000119
3387  8.155  -78.123  -8.347 0.8000000119
2931  8.423  -79.532  -10.980 1.0000000000
127336  12.719  -72.423  -32.529 0.6999999881
8575  9.675  -70.275  -34.033 0.6999999881
9330  8.327  -69.425  -34.031 0.6999999881
8576  9.135  -69.878  -33.712 0.6999999881
9995  3.811  -68.766  -25.962 0.6000000238
6294  15.327  -73.759  -32.876 0.6999999881
10837  4.467  -67.867  -27.555 0.6999999881
8462  3.366  -70.140  -25.551 0.6000000238
129900  3.570  -69.608  -26.750 0.5000000000
11739  3.589  -66.568  -29.163 0.6999999881
3397  8.350  -78.855  -9.090 0.8000000119
3478  6.679  -78.159  -17.804 0.6000000238
2939  8.329  -79.504  -11.905 1.0000000000
3438  7.185  -78.829  -14.190 0.8999999762
137546  6.640  -79.025  -14.605 0.8000000119
2966  6.266  -78.812  -16.235 0.6999999881
7021  11.947  -71.927  -32.714 0.6000000238
7795  11.396  -71.259  -32.731 0.5000000000
7788  12.260  -72.083  -31.932 0.6000000238
119377  10.443  -70.596  -33.434 0.6999999881
9327  7.503  -68.991  -32.590 0.6000000238
6254  14.348  -73.362  -30.865 0.5000000000
6274  14.431  -73.401  -31.675 0.6999999881
128669  13.410  -72.792  -32.543 0.6999999881
120995  9.693  -70.124  -33.105 0.6999999881
9326  8.134  -69.375  -32.894 0.6000000238
9331  7.571  -68.907  -33.746 0.6999999881
9958  2.739  -68.316  -22.602 0.6000000238
9325  8.683  -69.611  -32.130 0.6000000238
9967  3.488  -68.094  -24.351 0.6000000238
9213  3.428  -68.866  -24.784 0.6000000238
5629  15.958  -73.992  -29.350 0.5000000000
5637  15.939  -73.858  -30.258 0.6000000238
120074  14.905  -73.622  -31.237 0.6999999881
10081  7.059  -68.323  -33.353 0.6000000238
9232  3.491  -69.123  -25.397 0.6000000238
10082  6.866  -67.135  -34.488 0.6999999881
9979  3.855  -68.403  -25.253 0.6000000238
10896  6.546  -67.300  -31.742 0.6000000238
11768  6.412  -65.903  -32.933 0.6999999881
11776  6.358  -65.697  -34.028 0.6999999881
128688  4.377  -68.627  -26.393 0.6000000238
12594  6.255  -65.221  -32.514 0.6999999881
120666  6.012  -64.973  -33.594 0.6999999881
12626  5.424  -64.772  -34.216 0.6999999881
13482  5.193  -63.807  -32.616 0.6999999881
12610  4.558  -64.299  -33.241 0.6999999881
118663  3.513  -65.616  -30.969 0.6999999881
124381  3.549  -66.157  -30.037 0.6999999881
12574  3.546  -65.386  -29.221 0.6999999881
13484  4.161  -64.063  -32.438 0.6999999881
124692  3.623  -64.609  -31.064 0.6999999881
12584  3.564  -64.996  -30.269 0.6999999881
13469  3.939  -63.934  -31.544 0.6999999881
2975  6.192  -78.713  -17.062 0.6000000238
2985  5.558  -79.248  -17.726 0.5000000000
8355  5.138  -69.913  -17.434 0.6999999881
7020  13.207  -72.671  -31.812 0.6000000238
7790  11.180  -70.791  -32.053 0.5000000000
9944  2.597  -68.797  -20.663 0.6000000238
9193  2.604  -69.181  -22.008 0.6000000238
8566  10.359  -70.389  -32.343 0.6000000238
126074  7.998  -69.344  -32.103 0.5000000000
8445  3.257  -70.042  -24.726 0.6000000238
10066  7.045  -68.573  -32.085 0.6000000238
10805  4.051  -67.908  -24.723 0.6000000238
9202  2.949  -68.727  -23.453 0.6000000238
9201  3.155  -69.407  -24.073 0.6000000238
10908  6.582  -66.583  -33.538 0.6000000238
9994  4.806  -68.602  -25.855 0.6000000238
140617  3.021  -70.978  -24.536 0.5000000000
136251  6.191  -64.892  -31.706 0.6999999881
14346  4.549  -63.610  -31.903 0.6999999881
13434  3.641  -64.188  -29.718 0.6999999881
124072  3.960  -63.305  -30.029 0.6999999881
13365  7.213  -64.604  -24.361 0.5000000000
2499  5.027  -80.643  -14.748 0.8000000119
123917  2.582  -68.989  -19.762 0.6999999881
9940  2.734  -68.073  -20.044 0.6999999881
134742  2.769  -67.766  -21.998 0.6999999881
8420  2.442  -71.051  -22.082 0.5000000000
9968  3.272  -67.621  -23.488 0.6999999881
137495  2.633  -69.429  -22.655 0.6000000238
133013  2.560  -70.364  -22.601 0.6000000238
7667  2.636  -71.267  -23.007 0.5000000000
121313  6.488  -66.814  -32.439 0.6000000238
11751  6.576  -66.614  -30.359 0.6000000238
11674  4.875  -66.957  -26.710 0.6999999881
129075  6.148  -64.265  -30.828 0.6000000238
13451  5.373  -63.406  -30.751 0.6999999881
13468  5.131  -63.490  -31.831 0.6999999881
126785  3.613  -66.015  -27.684 0.6999999881
14308  5.051  -62.869  -29.644 0.6999999881
13421  3.570  -64.316  -28.776 0.6999999881
2509  3.763  -81.078  -16.029 0.6000000238
138385  4.713  -69.747  -17.749 0.6999999881
9147  4.315  -69.623  -16.726 0.8000000119
9931  3.186  -68.857  -18.767 0.6000000238
9163  2.763  -69.266  -19.126 0.6000000238
8377  2.486  -70.557  -18.287 0.6999999881
9932  2.958  -68.196  -19.200 0.6999999881
8386  2.340  -70.645  -19.175 0.6000000238
8397  2.220  -70.669  -20.054 0.6000000238
9179  2.315  -69.752  -20.358 0.6000000238
10804  5.019  -68.421  -25.167 0.6000000238
8409  2.232  -70.685  -21.099 0.6000000238
10826  5.444  -67.770  -26.258 0.6000000238
12529  4.437  -65.831  -26.315 0.6999999881
12550  3.390  -65.080  -27.394 0.6999999881
14328  4.853  -63.041  -30.650 0.6999999881
120025  4.497  -62.973  -30.006 0.6999999881
137873  3.776  -63.554  -29.283 0.6999999881
15091  5.171  -61.898  -25.432 0.5000000000
2520  2.830  -80.787  -15.977 0.6000000238
130555  2.475  -80.076  -14.015 0.6000000238
125215  4.909  -75.921  -11.480 0.5000000000
5431  5.779  -75.370  -10.293 0.6999999881
6058  4.549  -74.035  -8.919 0.6000000238
9907  5.262  -68.893  -15.695 0.6999999881
9134  4.805  -69.342  -16.228 0.6999999881
8365  3.788  -69.560  -17.884 0.6000000238
9162  2.904  -69.571  -18.408 0.6000000238
9172  2.356  -69.856  -19.525 0.6000000238
10057  6.804  -68.091  -31.317 0.5000000000
10752  2.867  -67.321  -20.367 0.6999999881
136448  3.111  -67.259  -22.679 0.6999999881
7627  2.402  -71.483  -19.684 0.6000000238
10795  3.845  -67.389  -24.052 0.6999999881
7649  2.283  -71.795  -21.509 0.5000000000
7658  2.453  -71.972  -22.346 0.5000000000
10814  5.626  -68.313  -25.599 0.6999999881
11662  5.294  -66.771  -26.132 0.6999999881
121019  6.278  -64.934  -29.684 0.5000000000
12583  6.349  -65.531  -30.638 0.6000000238
132779  3.734  -64.915  -26.242 0.6999999881
14309  4.612  -62.857  -29.049 0.6999999881
14286  4.251  -62.915  -28.330 0.6999999881
14287  3.760  -63.410  -28.373 0.6999999881
13405  3.457  -64.308  -27.782 0.6999999881
13366  6.412  -63.924  -24.425 0.6000000238
14243  4.590  -62.855  -25.061 0.6000000238
2968  2.608  -80.289  -15.598 0.5000000000
2952  2.579  -79.606  -13.364 0.6999999881
2943  2.798  -79.091  -12.686 0.6999999881
2951  3.162  -78.410  -13.539 0.5000000000
3430  3.508  -78.334  -12.772 0.6999999881
3934  4.944  -77.450  -11.921 0.8000000119
3946  4.596  -77.242  -12.499 0.6999999881
131671  5.746  -76.789  -11.129 0.8000000119
4422  5.916  -76.452  -10.479 0.8999999762
12421  2.589  -64.921  -14.950 0.6000000238
11552  2.703  -65.533  -14.680 0.8000000119
10706  4.697  -68.021  -15.452 0.6999999881
10707  3.769  -68.035  -15.374 0.8000000119
11547  2.793  -66.369  -14.401 0.6000000238
9908  4.198  -68.615  -15.863 0.8000000119
9897  3.135  -68.288  -14.869 0.6999999881
9135  3.704  -69.201  -16.122 0.8000000119
9909  3.403  -68.821  -15.397 0.6999999881
9136  2.981  -69.619  -15.456 0.6000000238
9148  3.089  -69.751  -16.309 0.6000000238
8376  4.882  -69.617  -18.198 0.6999999881
8356  3.582  -69.765  -17.147 0.6999999881
8366  2.825  -70.013  -17.618 0.6999999881
8358  2.653  -71.210  -16.750 0.6000000238
8357  2.738  -70.547  -16.433 0.6000000238
142350  4.940  -69.351  -18.427 0.6999999881
140546  3.195  -67.825  -19.022 0.6999999881
8367  2.540  -70.938  -17.449 0.6000000238
6843  2.811  -72.066  -18.164 0.6000000238
119157  2.996  -66.752  -21.037 0.6000000238
10794  4.928  -68.089  -24.279 0.6000000238
11661  5.935  -67.383  -25.572 0.6999999881
6878  2.635  -72.146  -20.134 0.6000000238
6895  2.627  -72.305  -21.819 0.6000000238
11651  4.174  -67.077  -23.524 0.6999999881
10803  5.787  -68.305  -24.741 0.6999999881
14307  5.602  -63.336  -29.189 0.6000000238
13381  4.302  -64.849  -25.674 0.6999999881
12528  5.310  -65.892  -25.588 0.6999999881
14285  5.173  -62.826  -28.429 0.5000000000
15106  3.715  -62.675  -26.846 0.6999999881
13391  3.605  -64.106  -25.944 0.6999999881
139367  4.176  -62.201  -26.863 0.6999999881
14269  3.490  -63.457  -27.319 0.6999999881
15083  5.459  -62.634  -24.725 0.6000000238
14252  3.728  -63.088  -25.863 0.6000000238
13380  5.093  -64.688  -25.061 0.6000000238
3947  3.906  -77.654  -12.988 0.5000000000
126797  3.197  -78.747  -12.077 0.8000000119
4445  4.675  -76.901  -12.455 0.6000000238
3412  4.042  -78.216  -10.675 0.8999999762
4926  5.912  -75.899  -10.592 0.8000000119
5426  4.932  -74.491  -9.644 0.6999999881
3918  5.589  -77.215  -10.710 0.8999999762
4918  6.150  -75.435  -9.938 0.8999999762
6712  5.224  -73.025  -8.014 0.6999999881
7454  4.464  -71.830  -7.177 0.6000000238
14142  1.959  -63.164  -14.959 0.6999999881
14969  1.796  -62.958  -14.191 0.6000000238
13250  1.670  -64.983  -13.359 0.6000000238
11545  4.261  -66.336  -15.198 0.6999999881
11551  3.528  -65.829  -15.180 0.6999999881
11546  3.502  -66.700  -15.065 0.6999999881
10698  5.271  -67.261  -14.977 0.6000000238
10699  4.189  -67.189  -15.324 0.8000000119
9896  5.792  -68.300  -15.184 0.6000000238
8364  5.548  -70.008  -18.039 0.6999999881
131381  2.749  -70.447  -17.027 0.6000000238
7580  2.750  -71.215  -16.118 0.6000000238
137175  3.772  -68.584  -18.597 0.6999999881
6827  2.703  -71.847  -17.286 0.6000000238
125510  2.512  -71.420  -17.966 0.6000000238
133090  3.139  -72.409  -19.655 0.5000000000
11636  3.959  -66.440  -22.776 0.6000000238
10802  6.392  -68.083  -24.246 0.6999999881
139336  6.001  -66.508  -25.258 0.6999999881
13368  5.013  -63.714  -24.626 0.6000000238
12507  7.653  -66.527  -23.848 0.5000000000
13367  5.885  -64.462  -24.530 0.6000000238
4403  6.035  -76.209  -8.737 0.8999999762
5425  6.047  -74.844  -9.688 0.8999999762
6049  5.566  -73.595  -8.481 0.8000000119
15837  2.293  -61.514  -15.185 0.8000000119
11537  2.429  -66.471  -13.349 0.6000000238
12404  2.222  -65.719  -13.762 0.6000000238
127091  2.641  -67.171  -13.881 0.6000000238
139393  4.717  -66.730  -15.103 0.6999999881
139090  5.845  -69.592  -16.071 0.6999999881
9146  5.811  -70.000  -16.794 0.6999999881
9160  5.589  -69.550  -18.412 0.6999999881
6842  3.267  -72.429  -17.705 0.5000000000
137281  6.217  -75.649  -8.178 0.8999999762
5402  4.869  -74.469  -6.419 0.8000000119
6017  4.317  -73.365  -5.556 0.8000000119
5400  6.682  -73.873  -7.057 0.8999999762
6048  6.545  -73.905  -8.273 0.8999999762
4885  6.444  -74.683  -7.324 0.8999999762
6697  6.546  -72.508  -6.945 0.8999999762
7442  6.319  -71.729  -6.493 0.8999999762
7453  5.685  -71.871  -7.093 0.8000000119
8218  3.473  -70.700  -6.190 0.8000000119
6015  6.438  -72.842  -5.862 0.8000000119
8991  2.463  -69.337  -5.362 0.6999999881
14982  2.341  -62.868  -15.570 0.8000000119
14140  3.108  -63.904  -15.972 0.8000000119
17586  2.125  -59.987  -14.956 0.6999999881
16716  2.243  -60.731  -15.575 0.8000000119
13271  3.539  -64.524  -15.593 0.6999999881
15859  2.542  -61.509  -16.134 0.8000000119
13259  4.251  -64.632  -15.381 0.8000000119
14996  3.096  -62.538  -16.543 0.8000000119
14997  2.698  -62.377  -16.138 0.8000000119
9884  2.659  -67.994  -13.580 0.6000000238
13258  4.976  -64.648  -14.865 0.6999999881
14981  3.471  -63.206  -16.285 0.6999999881
10700  3.400  -67.494  -14.980 0.6999999881
10701  2.896  -67.753  -14.396 0.6000000238
9119  2.745  -69.319  -14.121 0.5000000000
11544  5.269  -66.176  -14.695 0.6999999881
14995  3.741  -62.512  -16.613 0.8000000119
16750  2.803  -60.694  -17.673 0.8000000119
9898  2.790  -68.550  -14.207 0.5000000000
8329  2.928  -70.488  -14.501 0.5000000000
10697  6.321  -67.677  -14.607 0.6999999881
15857  3.352  -61.883  -17.009 0.8000000119
131342  2.796  -69.870  -14.713 0.5000000000
9906  6.319  -69.242  -15.516 0.6000000238
123625  4.482  -62.325  -16.427 0.8000000119
15856  4.112  -61.876  -16.974 0.8000000119
8363  6.201  -69.915  -18.123 0.8000000119
15855  5.093  -61.588  -16.286 0.8000000119
7579  2.991  -71.610  -15.643 0.5000000000
123436  3.747  -71.979  -15.322 0.5000000000
134716  6.439  -68.996  -18.389 0.6999999881
9159  6.405  -69.418  -18.315 0.8000000119
9929  5.810  -68.927  -18.525 0.6999999881
10731  3.316  -67.379  -19.060 0.6000000238
16739  5.496  -60.614  -16.516 0.6000000238
7594  2.857  -71.819  -16.409 0.5000000000
6825  4.091  -72.550  -16.633 0.5000000000
122224  4.969  -66.901  -18.131 0.6999999881
10723  4.191  -66.992  -18.310 0.6999999881
11607  3.118  -66.645  -20.206 0.6000000238
10721  6.756  -67.609  -17.608 0.6000000238
11573  3.931  -66.300  -18.519 0.6999999881
11593  3.343  -66.637  -19.445 0.6999999881
11621  3.859  -65.965  -22.128 0.6000000238
10777  5.214  -67.862  -23.333 0.6999999881
18493  5.472  -58.480  -20.337 0.6000000238
11572  4.515  -66.226  -18.214 0.6000000238
121369  3.901  -65.574  -18.846 0.6999999881
12474  3.888  -65.409  -20.518 0.6999999881
11635  4.355  -66.759  -22.850 0.6999999881
11571  5.434  -66.256  -17.857 0.5000000000
11634  5.335  -67.619  -22.342 0.6999999881
10776  6.053  -68.216  -22.750 0.6000000238
11657  6.468  -67.047  -24.796 0.6000000238
12451  4.283  -65.572  -18.449 0.6000000238
13326  4.268  -64.974  -20.132 0.6000000238
11619  5.522  -67.252  -21.303 0.6000000238
118395  4.564  -65.198  -20.502 0.6000000238
12482  5.050  -65.770  -20.709 0.5000000000
10751  6.483  -67.688  -20.899 0.6000000238
138018  7.401  -67.412  -23.414 0.6000000238
10792  6.707  -68.114  -23.259 0.6000000238
12522  6.559  -65.650  -24.386 0.6000000238
12523  5.953  -65.635  -24.947 0.6000000238
12521  7.140  -65.588  -24.162 0.6000000238
5401  6.082  -74.360  -6.531 0.8000000119
6026  6.327  -73.589  -6.222 0.8000000119
6027  5.343  -73.909  -5.965 0.8000000119
6683  5.009  -72.817  -4.933 0.6999999881
7433  6.451  -71.610  -5.836 0.8000000119
8204  6.217  -70.903  -5.545 0.8999999762
7443  5.676  -71.149  -6.486 0.8000000119
8192  6.004  -70.674  -4.827 0.8000000119
8988  5.356  -69.496  -4.942 0.8999999762
8990  3.473  -69.458  -5.149 0.8000000119
8976  2.873  -69.036  -4.701 0.8000000119
142639  1.949  -68.324  -5.870 0.6000000238
17625  2.359  -59.704  -16.716 0.8000000119
17605  2.315  -59.307  -16.139 0.6999999881
14129  4.760  -64.066  -15.189 0.8000000119
138690  4.100  -63.861  -15.845 0.8000000119
17631  2.608  -59.875  -17.557 0.8000000119
14980  4.340  -63.001  -16.163 0.8000000119
15873  3.054  -61.317  -17.468 0.8999999762
18482  2.818  -59.204  -17.869 0.8999999762
131185  6.808  -68.718  -14.841 0.6999999881
9145  6.943  -69.971  -17.018 0.8000000119
9133  6.709  -69.740  -16.214 0.6999999881
14979  5.109  -62.395  -15.722 0.8000000119
135185  4.181  -60.746  -17.943 0.8000000119
14967  6.310  -62.633  -14.498 0.6999999881
17630  5.494  -59.741  -17.759 0.6000000238
9920  7.035  -68.955  -18.080 0.6000000238
15824  6.402  -61.987  -14.704 0.4000000060
18488  5.217  -59.210  -19.514 0.6000000238
10763  6.167  -68.119  -21.758 0.6000000238
10791  7.283  -67.904  -22.780 0.6000000238
4887  4.043  -74.925  -6.973 0.8000000119
5403  3.391  -74.191  -6.539 0.8999999762
6684  3.670  -72.732  -5.040 0.8000000119
6682  6.029  -72.577  -5.130 0.8000000119
6672  4.339  -72.289  -4.450 0.6999999881
6671  5.501  -72.137  -4.531 0.8000000119
6670  6.208  -71.924  -4.874 0.8000000119
7409  4.741  -71.079  -3.145 0.6999999881
8989  4.611  -69.311  -5.107 0.8999999762
8974  4.925  -68.961  -4.415 0.8999999762
9770  2.214  -68.555  -5.210 0.8000000119
118010  2.528  -58.986  -16.841 0.8000000119
19287  2.918  -58.145  -16.306 0.6000000238
16759  3.084  -60.121  -18.210 0.8000000119
16749  3.240  -60.767  -18.004 0.8000000119
18468  2.925  -58.321  -17.398 0.8000000119
14139  5.062  -63.271  -15.278 0.8000000119
15872  3.643  -61.284  -17.661 0.8000000119
19299  3.364  -57.712  -17.969 0.8999999762
12410  5.973  -65.389  -14.229 0.6999999881
18481  3.192  -58.659  -18.448 0.8000000119
11543  6.315  -66.184  -14.162 0.6999999881
9117  7.273  -69.436  -15.458 0.6999999881
10692  6.726  -66.992  -14.114 0.6999999881
16748  5.063  -60.372  -17.384 0.6999999881
19319  3.801  -58.043  -20.657 0.6999999881
20118  4.152  -57.000  -21.146 0.6999999881
9132  7.615  -69.645  -16.311 0.6000000238
11536  7.116  -66.312  -13.755 0.6000000238
9919  7.808  -69.114  -17.489 0.6000000238
141558  7.414  -67.048  -13.797 0.6999999881
14119  6.997  -63.954  -13.935 0.5000000000
14128  6.630  -63.215  -14.236 0.5000000000
18501  4.675  -58.268  -20.858 0.6999999881
17624  5.900  -59.857  -16.839 0.5000000000
10761  7.944  -67.950  -21.229 0.5000000000
7422  5.855  -71.270  -4.388 0.8000000119
8183  5.212  -70.339  -3.118 0.8000000119
8162  4.336  -70.260  -1.560 0.6999999881
8953  4.847  -69.802  -2.358 0.6999999881
125027  3.258  -68.515  -1.392 0.8000000119
9760  3.263  -68.653  -3.983 0.8999999762
9769  2.483  -68.395  -4.384 0.8000000119
10568  2.000  -67.161  -4.494 0.6999999881
118280  1.927  -66.879  -5.180 0.5000000000
19276  3.468  -57.521  -15.775 0.6000000238
19286  3.372  -57.554  -16.799 0.6000000238
129645  5.391  -63.923  -14.675 0.6999999881
17639  3.187  -59.458  -18.516 0.8000000119
16758  3.564  -60.159  -18.322 0.8000000119
19306  3.316  -57.997  -19.154 0.8000000119
127373  6.188  -63.921  -14.280 0.6999999881
18489  3.506  -58.861  -19.388 0.8000000119
132265  5.852  -63.196  -14.565 0.6999999881
14968  5.722  -62.471  -14.904 0.8000000119
9895  7.750  -69.001  -14.675 0.6999999881
122370  6.384  -59.280  -17.341 0.5000000000
8938  3.426  -69.329  -0.091 0.6999999881
8946  4.332  -69.569  -1.520 0.6999999881
9746  4.506  -68.783  -2.924 0.8000000119
9759  4.363  -68.678  -3.812 0.8999999762
9748  2.590  -68.288  -3.371 0.8999999762
10558  1.952  -67.349  -3.670 0.8999999762
20084  3.971  -56.975  -16.202 0.6000000238
20073  4.629  -56.512  -15.786 0.6000000238
20095  3.731  -56.890  -17.265 0.6999999881
17637  3.909  -59.721  -18.874 0.8000000119
20104  3.463  -57.008  -18.528 0.8000000119
12403  6.797  -65.488  -13.799 0.6999999881
118995  4.228  -59.827  -18.772 0.6999999881
19312  3.420  -58.039  -20.132 0.8000000119
17644  4.336  -59.484  -19.415 0.8000000119
19317  5.292  -57.656  -21.152 0.6999999881
8930  2.044  -69.584  1.628 0.6999999881
8138  2.871  -69.718  0.538 0.6999999881
8929  2.348  -69.230  1.176 0.6999999881
9722  2.951  -68.447  -0.529 0.6999999881
9735  2.849  -68.401  -2.372 0.8999999762
11442  1.920  -66.170  -4.544 0.6999999881
20083  4.494  -56.444  -16.516 0.6000000238
20926  3.950  -56.017  -17.808 0.8000000119
20111  3.231  -57.198  -19.817 0.8000000119
20103  3.484  -56.195  -19.265 0.8000000119
23224  6.007  -52.126  -19.523 0.4000000060
20110  3.691  -56.547  -20.386 0.6999999881
19311  6.493  -58.040  -19.872 0.6000000238
8917  1.713  -68.869  2.205 0.6999999881
9690  1.464  -68.137  1.885 0.6999999881
10479  1.489  -67.933  2.321 0.6999999881
8928  2.816  -68.952  0.548 0.6999999881
120889  2.139  -68.173  -1.602 0.8000000119
135550  1.708  -67.776  -2.185 0.8999999762
10548  1.795  -67.560  -2.871 0.8999999762
11432  1.862  -66.695  -3.835 0.8999999762
134651  1.644  -64.582  -5.701 0.6000000238
20072  5.397  -56.147  -15.959 0.5000000000
20913  4.965  -55.744  -16.731 0.6000000238
23208  5.464  -52.565  -19.060 0.5000000000
22460  5.179  -53.093  -18.700 0.6000000238
21727  4.404  -54.561  -18.571 0.5000000000
124753  4.550  -55.128  -17.804 0.8000000119
20912  5.656  -55.155  -17.021 0.6000000238
22461  4.671  -53.782  -18.821 0.5000000000
20925  3.941  -55.252  -18.814 0.6999999881
23225  5.624  -52.815  -19.935 0.5000000000
22481  5.109  -53.277  -19.434 0.6000000238
21743  4.279  -54.634  -19.383 0.6000000238
22495  5.389  -53.618  -20.343 0.6000000238
137141  5.048  -55.429  -21.089 0.6000000238
21752  4.625  -55.057  -20.332 0.6000000238
20116  5.718  -56.639  -21.297 0.6000000238
20940  5.306  -56.053  -21.376 0.6999999881
10497  1.432  -67.519  1.694 0.6999999881
9711  2.410  -68.475  0.265 0.6999999881
9723  1.826  -68.002  -0.523 0.8000000119
11422  1.598  -66.706  -2.997 0.8999999762
20886  6.593  -55.269  -15.902 0.5000000000
21707  4.933  -54.247  -17.830 0.6999999881
20899  6.624  -55.008  -16.450 0.5000000000
21742  4.828  -54.111  -19.839 0.6000000238
21751  5.254  -54.583  -20.897 0.6000000238
11352  1.871  -66.778  1.604 0.6999999881
125877  1.393  -66.217  -0.392 0.8000000119
10529  1.428  -67.471  -0.252 0.8000000119
11390  1.388  -66.814  -0.730 0.8999999762
121673  1.525  -67.158  -2.189 0.8999999762
12312  1.451  -65.138  -4.147 0.8000000119
22442  5.404  -53.464  -18.030 0.6000000238
21706  6.159  -54.298  -17.258 0.5000000000
21693  7.191  -54.205  -16.665 0.5000000000
23207  6.108  -52.052  -18.618 0.4000000060
24012  6.447  -51.439  -19.019 0.4000000060
23189  5.799  -52.713  -18.252 0.5000000000
24028  6.543  -51.640  -19.971 0.4000000060
22505  6.001  -53.212  -20.908 0.5000000000
12222  2.941  -65.541  0.370 0.6999999881
11386  7.646  -66.905  -0.786 0.5000000000
123840  1.296  -66.247  -2.071 0.8999999762
120441  0.942  -64.671  -2.469 0.8999999762
12295  1.048  -64.925  -3.259 0.8000000119
118180  1.202  -62.827  -5.556 0.6000000238
14029  1.239  -63.654  -5.173 0.6000000238
125069  6.801  -53.387  -17.443 0.5000000000
22441  7.595  -53.466  -16.738 0.5000000000
23188  6.808  -52.353  -17.831 0.5000000000
23206  6.989  -51.603  -18.147 0.5000000000
24832  7.569  -50.592  -19.867 0.4000000060
11421  5.894  -65.991  -2.244 0.5000000000
11389  4.088  -65.533  0.219 0.8000000119
12236  4.585  -65.241  -0.680 0.8000000119
11419  7.226  -66.470  -2.490 0.5000000000
11406  6.608  -66.857  -1.955 0.5000000000
12258  4.747  -64.831  -1.516 0.6999999881
13072  1.332  -65.013  -1.100 0.8999999762
19176  16.228  -56.523  -4.570 0.6000000238
19180  13.185  -57.098  -4.824 0.6000000238
19202  10.754  -56.642  -5.200 0.8000000119
19927  11.951  -55.721  -4.711 0.6999999881
20756  11.029  -55.825  -5.054 0.8000000119
19909  8.472  -56.485  -2.776 0.8000000119
13135  0.942  -64.225  -3.727 0.8000000119
23187  8.154  -52.177  -17.454 0.5000000000
22440  7.806  -52.831  -17.101 0.6000000238
22427  7.816  -52.984  -16.516 0.6000000238
23178  8.680  -51.774  -17.162 0.5000000000
12237  3.294  -64.900  -0.308 0.8000000119
12291  8.145  -65.281  -3.118 0.4000000060
13070  2.766  -64.288  -0.899 0.8999999762
19949  17.949  -55.424  -4.826 0.5000000000
19177  15.491  -56.917  -4.325 0.6000000238
12294  5.757  -65.317  -3.878 0.6999999881
13094  1.280  -64.316  -1.661 0.8999999762
130066  10.054  -56.893  -4.704 0.8000000119
12293  6.546  -65.689  -3.908 0.6000000238
19924  15.835  -55.907  -4.274 0.6999999881
19161  7.703  -57.132  -2.742 0.8000000119
19953  4.873  -57.233  -4.948 0.6000000238
13133  5.451  -64.480  -4.176 0.8000000119
13994  0.783  -63.297  -3.081 0.8000000119
19931  5.673  -57.078  -4.196 0.6999999881
141798  3.726  -57.586  -5.513 0.6999999881
122447  1.123  -61.607  -6.732 0.6000000238
141436  0.850  -62.863  -4.609 0.6999999881
135226  0.820  -62.126  -4.639 0.8000000119
23164  7.806  -52.360  -16.328 0.5000000000
19198  16.587  -57.137  -4.981 0.5000000000
120552  15.182  -57.744  -4.315 0.5000000000
19197  17.451  -56.700  -5.222 0.4000000060
19951  12.169  -57.104  -5.381 0.8000000119
129878  7.369  -64.203  -4.678 0.5000000000
12309  6.966  -65.230  -4.292 0.6000000238
13091  4.227  -64.092  -1.797 0.8000000119
13092  3.205  -63.784  -1.433 0.8000000119
13956  1.539  -63.539  -1.784 0.8999999762
19948  18.985  -55.818  -5.896 0.4000000060
19159  8.899  -56.974  -3.601 0.8000000119
13112  5.255  -64.564  -3.219 0.8000000119
13114  3.615  -63.358  -2.123 0.8000000119
141406  2.367  -63.092  -1.759 0.8999999762
118726  14.134  -56.664  -3.976 0.6999999881
19162  6.917  -57.668  -3.111 0.8000000119
13152  6.299  -64.505  -4.995 0.8000000119
12311  5.859  -64.820  -4.565 0.6000000238
14842  2.934  -62.617  -2.391 0.8000000119
139413  1.944  -62.510  -2.239 0.8000000119
20753  18.094  -54.914  -5.073 0.6000000238
119491  14.554  -55.573  -3.842 0.6999999881
19183  6.204  -57.753  -3.834 0.8000000119
19184  5.579  -57.887  -4.586 0.6000000238
18365  3.912  -58.782  -5.871 0.6999999881
140747  2.796  -57.902  -5.559 0.6999999881
14852  4.145  -62.440  -3.628 0.8000000119
15709  1.489  -61.694  -3.294 0.8999999762
19923  16.531  -55.599  -4.510 0.6999999881
120031  13.504  -56.036  -4.047 0.6999999881
19203  4.985  -58.150  -5.233 0.6999999881
16594  1.920  -59.472  -4.905 0.6999999881
16585  1.241  -60.748  -4.576 0.8000000119
119793  2.502  -58.984  -5.087 0.6999999881
19181  10.562  -57.582  -4.984 0.8000000119
14010  6.838  -63.962  -5.239 0.6999999881
136146  7.726  -57.797  -3.083 0.8000000119
18342  7.445  -58.324  -3.528 0.8000000119
126773  6.237  -59.165  -4.891 0.8000000119
14027  5.779  -63.129  -5.736 0.8000000119
13992  4.758  -62.988  -3.979 0.8000000119
20772  19.291  -55.831  -6.578 0.6000000238
20754  17.234  -55.038  -4.759 0.6000000238
19929  9.415  -56.544  -4.172 0.8000000119
18356  5.589  -58.622  -5.095 0.8000000119
16601  4.814  -60.692  -6.409 0.8000000119
15732  4.317  -61.492  -5.848 0.8000000119
14854  2.181  -62.007  -2.688 0.8000000119
124336  18.789  -55.689  -6.995 0.6000000238
19952  11.644  -56.435  -5.226 0.8000000119
15722  1.928  -60.835  -3.806 0.6999999881
14867  3.730  -61.801  -3.797 0.8000000119
118811  15.434  -55.368  -4.142 0.6999999881
16584  1.929  -60.104  -4.448 0.6999999881
123270  15.930  -57.516  -4.582 0.4000000060
19199  13.378  -58.031  -5.097 0.6000000238
19200  12.590  -57.962  -5.421 0.6999999881
19182  9.616  -57.400  -4.332 0.8000000119
19976  19.652  -56.370  -6.444 0.3000000119
18341  8.322  -58.201  -3.493 0.8000000119
15718  7.092  -61.742  -5.032 0.6999999881
18354  7.033  -58.990  -4.153 0.8000000119
20800  20.948  -56.266  -7.943 0.3000000119
20771  20.112  -56.430  -7.282 0.4000000060
17496  5.166  -59.848  -6.016 0.8000000119
14879  5.294  -62.525  -6.083 0.8000000119
130213  19.628  -56.158  -7.574 0.5000000000
14866  4.450  -62.371  -4.466 0.8000000119
20752  18.514  -55.217  -5.869 0.6000000238
129091  4.779  -58.940  -5.739 0.8000000119
16602  4.113  -60.417  -6.163 0.8000000119
15733  3.825  -60.800  -5.059 0.8000000119
20773  17.503  -54.950  -5.674 0.6000000238
17497  4.336  -59.728  -6.164 0.6999999881
18366  3.109  -58.504  -5.409 0.6999999881
17503  3.545  -59.438  -5.654 0.8000000119
16583  2.831  -60.287  -4.376 0.6999999881
25634  8.440  -49.424  -16.854 0.6000000238
26511  9.628  -48.713  -17.309 0.5000000000
124658  8.179  -50.161  -16.659 0.6000000238
25636  6.842  -49.620  -16.435 0.5000000000
24798  9.789  -50.213  -17.810 0.6000000238
25646  9.227  -50.552  -17.228 0.6000000238
19996  20.717  -56.653  -7.487 0.3000000119
19211  19.347  -56.654  -6.060 0.3000000119
18340  9.098  -57.971  -3.929 0.8000000119
17475  8.063  -58.934  -3.775 0.8000000119
17487  7.776  -59.725  -4.215 0.8000000119
20827  21.682  -55.825  -8.306 0.3000000119
17488  6.870  -59.903  -4.813 0.8000000119
16591  5.691  -60.616  -6.046 0.8000000119
20828  21.185  -55.611  -8.540 0.5000000000
15746  4.490  -61.181  -6.307 0.8000000119
21610  21.064  -54.838  -9.078 0.5000000000
22324  20.707  -53.860  -9.213 0.5000000000
16593  3.568  -60.193  -5.469 0.8000000119
26499  8.532  -48.570  -17.065 0.6000000238
26510  10.363  -48.625  -17.713 0.5000000000
25645  10.151  -49.451  -17.738 0.6000000238
126402  21.684  -54.240  -8.745 0.3000000119
23068  20.831  -52.831  -8.884 0.4000000060
23867  20.203  -52.042  -8.676 0.4000000060
131727  8.839  -46.994  -17.442 0.6000000238
27340  7.738  -47.653  -17.102 0.6000000238
28206  9.959  -47.044  -17.403 0.6000000238
131819  8.038  -47.050  -17.237 0.6000000238
27353  8.690  -47.775  -17.259 0.6000000238
28207  9.071  -46.198  -17.425 0.6000000238
137750  10.088  -46.325  -17.441 0.6000000238
27351  10.569  -47.875  -17.716 0.5000000000
27352  9.778  -47.862  -17.382 0.5000000000
23853  19.653  -51.235  -8.313 0.3000000119
29036  8.526  -45.253  -17.049 0.5000000000
28195  8.017  -46.113  -17.045 0.6000000238
29035  9.504  -45.439  -17.400 0.6000000238
29917  10.695  -44.004  -18.083 0.6000000238
29903  10.074  -44.522  -17.514 0.6000000238
30823  10.392  -42.973  -18.161 0.6000000238
28205  10.827  -46.932  -17.774 0.6000000238
29051  11.173  -45.842  -18.341 0.5000000000
29932  11.096  -44.783  -19.058 0.5000000000
30837  10.854  -43.560  -18.917 0.4000000060
30836  10.901  -43.054  -19.601 0.5000000000
25526  18.787  -49.863  -7.404 0.3000000119
29904  8.923  -44.451  -17.112 0.5000000000
31742  10.800  -42.168  -19.252 0.5000000000
135922  9.193  -43.737  -17.087 0.5000000000
122976  10.933  -45.004  -18.011 0.6000000238
121791  17.942  -49.801  -7.603 0.3000000119
121723  16.499  -48.225  -7.002 0.3000000119
30813  9.856  -43.348  -17.455 0.6000000238
31729  10.327  -42.035  -18.367 0.6000000238
123497  10.660  -42.736  -18.887 0.5000000000
31722  9.820  -42.391  -17.375 0.5000000000
32557  10.233  -41.182  -18.417 0.6000000238
141619  10.541  -41.672  -18.806 0.6000000238
120658  11.190  -41.807  -19.622 0.5000000000
119088  16.925  -48.763  -7.013 0.3000000119
32539  9.832  -41.162  -17.068 0.5000000000
32551  9.949  -40.747  -16.654 0.6000000238
33373  10.508  -40.626  -18.800 0.5000000000
32570  10.748  -41.419  -19.075 0.5000000000
122784  9.957  -41.487  -17.626 0.6000000238
32552  9.888  -40.692  -17.605 0.6000000238
140192  10.088  -40.577  -18.268 0.6000000238
124193  10.898  -39.536  -16.703 0.6000000238
33367  10.086  -39.928  -18.007 0.5000000000
26425  15.940  -48.283  -9.862 0.4000000060
26408  15.778  -48.210  -8.428 0.4000000060
26401  16.006  -47.889  -7.502 0.3000000119
32569  11.087  -41.135  -19.343 0.4000000060
27269  15.437  -47.688  -9.756 0.3000000119
27256  15.370  -47.704  -9.054 0.3000000119
27251  15.556  -47.421  -8.125 0.3000000119
27279  15.675  -47.549  -10.132 0.4000000060
34256  10.030  -39.181  -17.268 0.5000000000
34264  10.240  -38.796  -18.265 0.4000000060
120721  10.622  -39.770  -18.872 0.4000000060
131914  12.433  -39.651  -16.763 0.4000000060
34255  10.983  -38.685  -16.673 0.5000000000
126636  10.122  -38.368  -17.544 0.4000000060
27257  15.087  -47.233  -9.570 0.3000000119
28102  14.855  -46.183  -8.540 0.3000000119
28126  15.069  -47.036  -10.082 0.4000000060
28101  15.090  -46.993  -8.810 0.3000000119
28097  15.376  -46.601  -7.837 0.3000000119
140280  11.389  -39.790  -19.440 0.3000000119
28112  14.752  -46.564  -9.602 0.3000000119
125285  15.750  -46.434  -10.334 0.4000000060
35110  11.711  -37.746  -16.763 0.3000000119
35111  10.578  -37.645  -17.216 0.4000000060
35132  10.650  -37.954  -18.862 0.5000000000
29801  17.184  -44.210  -9.665 0.3000000119
33312  18.743  -40.324  -11.414 0.4000000060
36013  12.786  -36.707  -17.247 0.3000000119
35109  12.866  -37.602  -17.011 0.4000000060
33355  16.987  -40.358  -16.996 0.4000000060
35108  13.836  -38.443  -17.393 0.3000000119
36014  11.876  -36.787  -16.988 0.4000000060
36025  10.502  -36.634  -17.463 0.4000000060
32487  17.994  -41.704  -9.722 0.3000000119
32486  18.588  -41.452  -10.182 0.4000000060
33302  18.326  -40.539  -10.423 0.3000000119
34192  18.286  -39.799  -10.889 0.4000000060
35118  14.753  -38.191  -17.756 0.4000000060
34219  18.638  -39.699  -12.528 0.5000000000
33325  18.851  -40.401  -12.320 0.5000000000
33361  16.418  -40.412  -17.548 0.3000000119
36920  11.088  -35.805  -16.850 0.3000000119
34205  17.939  -39.128  -10.945 0.3000000119
34253  14.701  -39.245  -17.768 0.4000000060
32508  19.140  -41.066  -11.884 0.5000000000
124378  18.684  -39.978  -11.977 0.5000000000
127605  18.496  -39.104  -12.820 0.3000000119
34244  16.523  -39.510  -17.365 0.4000000060
35091  17.769  -38.409  -14.879 0.3000000119
34231  17.746  -39.067  -15.248 0.4000000060
34243  17.140  -39.652  -16.644 0.3000000119
35101  16.281  -38.409  -17.382 0.4000000060
141473  13.924  -36.429  -17.905 0.3000000119
125188  15.511  -37.883  -17.738 0.3000000119
34252  15.624  -38.907  -17.791 0.4000000060
36012  13.785  -37.216  -17.547 0.3000000119
35998  16.976  -37.950  -15.933 0.3000000119
36011  15.427  -37.045  -17.892 0.3000000119
36024  14.693  -37.187  -17.856 0.3000000119
35999  16.568  -37.822  -16.776 0.4000000060
141  13.873  -89.230  -15.136 0.8000000119
121919  13.278  -90.346  -17.635 0.8000000119
178  12.541  -89.876  -22.355 0.6000000238
2036  9.572  -81.208  -13.413 0.8999999762
712  10.632  -85.478  -8.737 0.8999999762
371  17.815  -88.213  -16.680 0.5000000000
376  16.725  -88.032  -17.591 0.5000000000
128192  16.393  -87.254  -18.054 0.4000000060
785  16.839  -85.220  -18.590 0.4000000060
2027  9.733  -81.376  -12.685 0.8999999762
1296  11.385  -83.769  -9.118 1.0000000000
375  17.415  -87.831  -17.205 0.5000000000
135146  15.724  -90.260  -22.678 0.4000000060
2005  10.210  -80.994  -9.214 1.0000000000
187  16.401  -89.592  -24.558 0.6999999881
508  20.413  -86.432  -12.412 0.4000000060
190  16.974  -88.635  -25.768 0.6000000238
897  19.729  -85.189  -32.896 0.6000000238
140228  10.906  -77.167  -5.697 0.8000000119
3931  10.736  -77.409  -11.675 0.8999999762
130260  16.154  -79.742  -8.417 0.6999999881
3378  15.614  -78.361  -7.903 0.8000000119
128662  12.753  -79.388  -13.456 0.8999999762
2014  16.628  -81.502  -11.607 0.5000000000
2452  12.364  -80.301  -9.263 0.8999999762
619  20.829  -84.875  -31.131 0.6000000238
2919  13.921  -78.651  -10.668 0.8999999762
130354  11.537  -71.146  -37.129 0.5000000000
7061  13.150  -71.906  -37.454 0.5000000000
1178  21.841  -83.750  -33.517 0.6999999881
3371  10.459  -77.594  -6.238 0.8000000119
2927  16.405  -79.790  -10.853 0.8000000119
1802  23.880  -82.397  -31.833 0.5000000000
2816  8.004  -80.226  0.621 0.3000000119
2380  8.512  -80.546  -1.658 0.4000000060
7816  11.554  -71.379  -34.662 0.6000000238
7815  12.092  -71.818  -34.332 0.5000000000
9260  3.802  -69.464  -27.425 0.5000000000
3652  21.604  -79.224  -36.230 0.6000000238
3380  9.038  -77.711  -6.849 0.6999999881
2957  6.414  -78.941  -15.315 0.8999999762
6273  15.076  -73.823  -31.995 0.6999999881
1576  6.916  -81.860  -2.676 0.4000000060
3382  7.732  -78.303  -7.822 0.8000000119
3388  7.823  -79.031  -8.413 0.8000000119
3411  8.942  -78.996  -10.440 1.0000000000
2932  7.745  -79.840  -11.441 1.0000000000
11761  6.395  -66.272  -31.624 0.6000000238
132898  5.643  -63.939  -31.797 0.6999999881
2040  2.610  -80.692  -13.458 0.8000000119
2501  2.637  -80.788  -14.377 0.6000000238
13261  1.684  -64.495  -13.975 0.6000000238
12420  3.154  -65.088  -15.267 0.6999999881
12419  3.794  -65.124  -15.355 0.6999999881
132462  3.020  -67.090  -14.612 0.5000000000
4910  6.514  -75.442  -8.681 0.8999999762
5413  6.746  -74.336  -7.939 0.8999999762
6698  6.080  -72.698  -7.568 0.8999999762
16693  2.096  -60.745  -14.491 0.6999999881
13272  2.801  -64.428  -15.369 0.8000000119
10685  2.581  -67.309  -12.801 0.5000000000
12412  4.480  -65.453  -15.125 0.6999999881
12475  3.517  -65.957  -19.996 0.6999999881
11620  4.484  -66.385  -21.994 0.6999999881
12483  4.128  -65.693  -21.471 0.6000000238
126483  2.648  -61.162  -17.036 0.8000000119
122039  5.983  -66.843  -14.491 0.6999999881
134886  6.952  -69.667  -17.749 0.6999999881
4900  4.728  -75.572  -7.425 0.8999999762
125243  5.685  -69.982  -4.645 0.8000000119
15858  2.888  -61.845  -16.791 0.8000000119
10696  7.320  -67.934  -14.177 0.6999999881
8964  4.928  -69.211  -2.860 0.8000000119
16740  4.589  -61.128  -17.170 0.8000000119
9733  4.495  -69.128  -2.072 0.8000000119
23242  6.225  -52.402  -20.487 0.4000000060
131988  1.363  -67.423  0.518 0.6999999881
11373  1.617  -66.538  0.838 0.6999999881
119886  1.227  -65.973  -1.150 0.8999999762
24011  6.940  -50.942  -19.470 0.4000000060
10537  6.272  -67.081  -1.204 0.5000000000
142621  2.308  -65.237  -0.074 0.8000000119
12275  6.171  -65.880  -3.193 0.6000000238
19925  15.036  -56.293  -3.923 0.6999999881
13993  4.114  -62.997  -3.010 0.8000000119
24791  8.780  -51.174  -16.852 0.6999999881
19210  19.957  -56.852  -6.410 0.3000000119
15719  6.958  -60.865  -4.983 0.6999999881
14888  5.416  -61.917  -6.376 0.8000000119
139534  11.097  -46.405  -17.986 0.5000000000
29034  10.692  -45.837  -17.695 0.6000000238
26418  16.309  -48.887  -9.355 0.4000000060
25537  16.662  -49.611  -8.885 0.4000000060
26419  15.761  -48.328  -9.270 0.4000000060
27247  16.310  -47.569  -6.647 0.3000000119
34269  11.053  -38.996  -19.205 0.4000000060
28127  14.762  -46.331  -10.119 0.4000000060
32496  19.066  -41.160  -10.898 0.4000000060
263  14.163  -88.496  -19.061 0.6000000238
14141  2.331  -63.684  -15.362 0.6999999881
241  8.381  -88.931  -13.781 0.6999999881
364  8.711  -88.531  -13.998 0.6999999881
44  9.655  -90.196  -18.842 0.6999999881
360  8.797  -88.220  -12.532 0.8000000119
122097  17.052  -88.111  -11.868 0.6000000238
239  18.022  -88.602  -12.695 0.6000000238
240  17.164  -88.745  -12.344 0.6000000238
235  16.368  -88.348  -11.881 0.6999999881
365  19.903  -87.581  -15.307 0.5000000000
132589  17.159  -89.112  -15.062 0.6000000238
63  10.414  -90.238  -21.265 0.6999999881
76  12.234  -90.331  -23.171 0.6000000238
237  19.489  -88.185  -13.766 0.5000000000
5  14.449  -90.495  -23.369 0.6999999881
233  18.589  -88.059  -12.368 0.5000000000
533  18.281  -86.537  -16.966 0.5000000000
9  14.993  -90.535  -24.031 0.6999999881
142086  15.310  -90.348  -24.196 0.6000000238
351  19.023  -87.430  -12.432 0.5000000000
777  17.985  -85.574  -17.390 0.4000000060
1972  14.049  -80.935  -5.893 0.4000000060
119772  19.763  -87.044  -12.443 0.4000000060
2815  9.281  -79.699  0.689 0.4000000060
1948  12.550  -82.124  -3.246 0.3000000119
1928  12.399  -80.949  -1.606 0.4000000060
125246  13.153  -80.789  -4.324 0.4000000060
3338  9.966  -78.549  -2.833 0.6000000238
1283  14.926  -83.099  -7.576 0.4000000060
709  18.234  -85.404  -9.130 0.4000000060
726  20.980  -85.487  -11.700 0.4000000060
286  19.785  -88.766  -22.310 0.4000000060
139116  8.298  -79.654  2.384 0.3000000119
2807  8.776  -79.719  1.490 0.4000000060
2838  9.542  -79.122  -2.362 0.6000000238
991  16.443  -85.164  -8.697 0.4000000060
134426  19.022  -85.114  -9.066 0.4000000060
296  20.472  -88.001  -23.756 0.4000000060
416  21.224  -87.228  -25.711 0.5000000000
412  20.771  -87.481  -24.364 0.5000000000
135862  20.467  -87.716  -24.542 0.5000000000
872  22.575  -85.706  -28.106 0.6000000238
421  21.125  -87.322  -26.392 0.6000000238
1155  23.481  -84.357  -29.169 0.5000000000
873  22.025  -85.143  -29.121 0.5000000000
2822  9.051  -79.756  -0.890 0.5000000000
3362  10.102  -78.479  -5.782 0.6999999881
1462  23.803  -83.089  -30.791 0.5000000000
2390  9.109  -79.770  -1.872 0.6000000238
2850  9.535  -79.649  -3.689 0.6000000238
3419  9.608  -78.652  -11.742 1.0000000000
3895  9.295  -77.365  -8.539 0.8000000119
3917  9.915  -77.862  -10.258 0.8000000119
3410  9.510  -78.541  -10.793 1.0000000000
4567  18.301  -76.256  -28.788 0.6000000238
125876  22.789  -80.053  -35.198 0.5000000000
2871  9.603  -79.466  -5.554 0.6999999881
3887  8.624  -77.584  -8.205 0.8000000119
3427  9.005  -79.113  -12.362 1.0000000000
3131  23.025  -79.323  -34.611 0.6000000238
3646  22.182  -78.722  -36.445 0.6000000238
2940  7.523  -79.665  -12.311 0.8999999762
2949  6.462  -79.428  -13.961 0.8999999762
2958  5.970  -79.650  -14.686 0.8000000119
2967  5.498  -79.872  -15.668 0.8000000119
2508  4.602  -80.530  -16.440 0.5000000000
2053  3.976  -81.310  -15.150 0.8000000119
2500  2.897  -81.237  -14.702 0.8000000119
2488  2.543  -80.128  -12.483 0.8000000119
127880  2.701  -79.452  -12.003 0.8000000119
123355  4.791  -77.703  -10.424 0.8000000119
3907  5.075  -77.349  -9.825 0.8999999762
11633  8.012  -67.317  -23.073 0.4000000060
4404  4.909  -76.611  -8.504 0.8999999762
7410  3.732  -71.651  -3.400 0.8000000119
8163  3.610  -70.649  -1.027 0.6999999881
18494  4.422  -58.903  -20.246 0.6999999881
19318  4.295  -57.713  -21.134 0.6999999881
20941  4.479  -56.097  -20.969 0.6999999881
20117  4.829  -56.915  -21.497 0.6999999881
19316  6.408  -57.247  -20.515 0.6000000238
19310  7.216  -57.408  -19.480 0.5000000000
18486  7.132  -58.127  -18.873 0.5000000000
20939  6.217  -55.715  -21.450 0.5000000000
121421  3.646  -66.782  2.008 0.6000000238
11351  3.038  -66.396  1.646 0.6999999881
11370  4.578  -66.298  0.647 0.6000000238
10527  6.851  -67.518  -0.344 0.5000000000
11388  4.998  -66.023  -0.163 0.6000000238
12259  3.862  -64.447  -1.051 0.8999999762
12276  5.545  -65.342  -2.853 0.6999999881
23179  8.259  -52.338  -16.898 0.6000000238
23999  7.275  -51.043  -18.598 0.4000000060
23982  8.417  -51.642  -17.850 0.6000000238
23973  8.300  -51.749  -16.642 0.6000000238
23981  9.075  -51.326  -17.463 0.6999999881
138883  7.454  -50.678  -16.383 0.6000000238
24799  9.393  -50.810  -17.877 0.5000000000
14865  7.375  -62.527  -4.880 0.6999999881
13153  5.710  -64.257  -4.949 0.8000000119
14012  4.932  -63.058  -5.007 0.8000000119
138846  16.705  -54.944  -5.282 0.6999999881
14878  5.977  -62.533  -6.039 0.8000000119
20841  20.511  -55.493  -9.047 0.5000000000
120104  8.980  -58.811  -3.647 0.6999999881
18339  9.766  -58.940  -3.955 0.6999999881
16582  7.551  -60.412  -4.547 0.6999999881
26509  10.758  -48.477  -18.053 0.5000000000
129312  22.223  -55.004  -8.439 0.3000000119
24662  19.188  -50.487  -7.887 0.3000000119
119151  16.856  -49.172  -7.620 0.3000000119
26407  16.170  -48.868  -8.706 0.4000000060
26400  16.348  -48.659  -7.759 0.3000000119
33366  10.057  -40.027  -16.730 0.5000000000
134604  16.615  -46.296  -10.170 0.4000000060
28125  16.269  -47.103  -10.280 0.4000000060
28950  16.247  -45.593  -10.141 0.4000000060
29814  17.194  -44.893  -9.771 0.4000000060
129286  15.028  -46.459  -10.282 0.4000000060
28951  15.260  -45.940  -10.384 0.4000000060
121875  18.007  -45.012  -9.745 0.4000000060
33349  17.597  -40.270  -16.192 0.3000000119
30732  17.699  -43.664  -9.616 0.3000000119
31642  17.543  -42.366  -9.583 0.3000000119
34226  18.535  -39.535  -13.429 0.4000000060
120885  18.223  -40.137  -14.791 0.5000000000
32478  17.187  -41.474  -9.614 0.3000000119
119504  17.945  -41.120  -9.867 0.4000000060
8  12.370  -90.346  -23.873 0.5000000000
358  19.478  -87.794  -12.823 0.5000000000
10  14.436  -90.586  -23.827 0.6000000238
357  20.056  -87.682  -13.534 0.4000000060
517  21.006  -86.683  -13.485 0.4000000060
516  21.222  -86.201  -13.135 0.4000000060
2861  9.971  -78.995  -5.133 0.6999999881
2862  9.692  -79.800  -4.918 0.6999999881
3886  9.195  -77.337  -7.656 0.8000000119
3904  9.607  -77.616  -9.382 0.8000000119
3396  9.327  -78.340  -9.889 0.8000000119
139150  3.850  -77.881  -9.571 0.8999999762
8174  2.929  -71.414  -1.692 0.8000000119
20115  6.722  -56.339  -20.889 0.5000000000
10512  5.906  -67.684  0.417 0.5000000000
10511  6.548  -67.673  0.137 0.5000000000
11350  4.101  -66.537  1.432 0.5000000000
11369  5.410  -66.930  0.102 0.5000000000
23998  8.644  -51.122  -18.279 0.5000000000
24816  8.630  -50.450  -18.813 0.3000000119
135085  7.742  -61.893  -4.535 0.6999999881
125988  15.247  -45.257  -10.456 0.3000000119
28952  14.598  -45.586  -10.336 0.3000000119
24815  9.619  -50.375  -18.284 0.4000000060
109  11.534  -89.127  -12.003 0.8999999762
124827  13.025  -89.064  -12.962 0.8000000119
126  12.936  -89.135  -13.721 0.8000000119
118  9.519  -89.344  -12.407 0.8999999762
110  10.398  -89.153  -11.823 0.8999999762
108  12.943  -88.580  -11.448 0.8000000119
1003  6.652  -84.708  -9.942 0.6999999881
1298  7.494  -83.845  -8.986 0.6999999881
1290  8.170  -83.656  -8.392 0.8000000119
494  10.220  -86.846  -8.913 0.8000000119
137  8.624  -89.244  -14.367 0.8999999762
43  11.144  -90.493  -18.470 0.8000000119
29  12.330  -90.428  -17.395 0.8999999762
37  10.821  -90.358  -17.704 0.8000000119
121945  10.999  -90.143  -16.235 0.8999999762
138801  10.055  -90.168  -17.594 0.6999999881
135925  10.728  -90.429  -19.676 0.8000000119
119043  10.270  -90.315  -18.268 0.6999999881
52  11.892  -90.137  -19.851 0.8000000119
502  14.209  -87.243  -11.299 0.8999999762
729  12.739  -85.927  -10.830 0.8000000119
226  15.117  -88.355  -11.654 0.6999999881
344  9.641  -88.002  -9.948 0.8000000119
137678  14.806  -89.144  -15.161 0.8000000119
496  8.404  -86.960  -9.239 0.8000000119
119  8.855  -88.991  -12.234 0.8999999762
21  13.547  -89.768  -16.141 0.6999999881
155  13.615  -89.845  -18.655 0.6999999881
154  14.311  -89.747  -18.177 0.6999999881
225  15.724  -87.943  -11.569 0.6999999881
238  18.783  -88.445  -13.129 0.5000000000
243  17.908  -88.899  -14.475 0.6000000238
138  17.811  -88.835  -15.727 0.5000000000
149  16.565  -88.948  -16.951 0.6000000238
546  15.325  -86.219  -19.534 0.3000000119
271  12.772  -88.625  -20.962 0.5000000000
399  13.882  -87.159  -21.606 0.4000000060
33  9.093  -89.387  -16.749 0.6999999881
39  9.162  -89.479  -17.657 0.6000000238
170  12.190  -89.634  -21.589 0.6000000238
126962  12.615  -79.782  -2.858 0.5000000000
3842  11.383  -77.543  -3.768 0.6999999881
3875  13.527  -76.874  -5.809 0.8000000119
747  16.569  -84.942  -13.475 0.5000000000
728  13.333  -85.570  -11.456 0.8999999762
123451  10.366  -83.894  -8.437 1.0000000000
539  15.726  -86.830  -18.598 0.4000000060
121973  15.248  -89.342  -16.308 0.6999999881
157  8.942  -89.088  -18.905 0.6999999881
287  14.098  -89.276  -22.523 0.4000000060
69  13.595  -90.133  -22.832 0.5000000000
2389  11.764  -79.320  -1.706 0.5000000000
3883  15.283  -76.610  -7.937 0.8000000119
139786  17.523  -86.826  -12.558 0.6000000238
129  17.154  -89.141  -14.088 0.6000000238
545  16.049  -85.842  -18.935 0.3000000119
572  14.292  -87.303  -22.270 0.4000000060
175  15.082  -89.877  -22.409 0.4000000060
61  11.764  -89.879  -21.407 0.6999999881
70  11.893  -90.129  -22.401 0.6999999881
141319  11.034  -90.227  -22.391 0.6999999881
1011  18.215  -84.275  -11.978 0.4000000060
1316  17.372  -83.703  -12.566 0.5000000000
120026  18.482  -85.431  -12.712 0.5000000000
1007  12.415  -84.508  -10.450 0.8999999762
68  14.410  -90.285  -22.895 0.5000000000
1963  13.471  -81.016  -5.122 0.4000000060
2423  14.760  -80.245  -6.724 0.5000000000
998  17.846  -84.759  -9.702 0.4000000060
727  19.674  -85.243  -11.632 0.4000000060
234  17.741  -88.106  -12.086 0.6000000238
778  17.472  -85.151  -17.948 0.4000000060
1  13.917  -90.385  -23.165 0.5000000000
75  16.040  -90.324  -23.134 0.6000000238
87  15.353  -89.774  -25.259 0.5000000000
446  18.956  -86.774  -30.152 0.5000000000
125445  19.552  -86.130  -30.608 0.5000000000
1907  11.299  -81.505  0.758 0.3000000119
1317  16.763  -83.131  -13.178 0.5000000000
1056  18.029  -83.935  -18.007 0.3000000119
66  17.108  -89.973  -22.338 0.4000000060
304  17.592  -88.379  -25.337 0.5000000000
307  18.661  -87.579  -26.111 0.6999999881
80  17.032  -89.674  -23.899 0.6999999881
435  19.392  -86.677  -28.161 0.5000000000
627  19.936  -85.675  -31.622 0.5000000000
2828  11.445  -79.617  -1.047 0.4000000060
2829  10.542  -79.249  -0.808 0.5000000000
3943  10.933  -77.477  -12.663 0.8999999762
4412  10.781  -76.692  -9.304 0.8000000119
1638  15.771  -82.609  -13.492 0.6000000238
125742  11.066  -80.472  -11.119 1.0000000000
859  22.338  -85.874  -26.568 0.6000000238
587  21.694  -86.977  -26.263 0.6000000238
591  22.102  -86.463  -26.759 0.6000000238
174  17.966  -89.588  -22.136 0.4000000060
181  18.578  -89.334  -22.855 0.5000000000
303  18.390  -88.001  -25.346 0.6999999881
136257  18.401  -88.859  -23.822 0.6000000238
298  19.080  -88.219  -24.576 0.6999999881
10919  4.271  -67.154  -34.225 0.5000000000
886  20.422  -85.232  -31.592 0.6000000238
628  19.450  -85.875  -32.317 0.5000000000
896  20.423  -84.786  -32.698 0.6000000238
2516  8.776  -80.338  -16.630 0.6999999881
4417  15.450  -75.850  -10.320 0.8000000119
165  18.555  -89.180  -21.723 0.4000000060
127931  19.961  -88.424  -23.510 0.5000000000
291  20.212  -88.467  -22.965 0.4000000060
184  19.299  -88.619  -23.624 0.6000000238
422  20.422  -87.517  -26.330 0.6999999881
10111  6.133  -66.963  -37.211 0.6000000238
1167  22.273  -84.042  -31.205 0.6000000238
885  21.568  -84.406  -31.423 0.6000000238
1172  21.498  -84.251  -32.235 0.6999999881
1171  22.168  -83.988  -31.899 0.6999999881
131807  23.166  -83.449  -31.968 0.6000000238
1477  22.529  -83.506  -33.138 0.6000000238
1175  22.035  -83.893  -32.654 0.6999999881
1486  22.047  -82.885  -35.044 0.6000000238
1482  21.509  -83.338  -34.340 0.6999999881
1481  22.309  -83.258  -34.095 0.6000000238
132124  19.428  -83.558  -35.128 0.6000000238
2024  14.644  -81.653  -12.781 0.8000000119
301  20.343  -87.705  -25.074 0.5000000000
580  21.189  -87.129  -25.027 0.5000000000
121078  21.507  -86.511  -27.815 0.5000000000
1469  23.185  -83.412  -31.255 0.6000000238
1468  23.566  -82.983  -31.498 0.4000000060
128417  23.393  -81.919  -33.387 0.5000000000
1487  21.162  -83.118  -35.079 0.6999999881
1821  20.185  -82.326  -35.469 0.4000000060
2800  7.330  -80.164  2.313 0.3000000119
867  22.569  -85.816  -27.246 0.6000000238
2664  23.905  -80.667  -32.337 0.5000000000
120486  23.430  -80.417  -33.316 0.5000000000
2216  23.151  -81.385  -34.812 0.5000000000
2226  22.234  -81.986  -36.084 0.5000000000
2225  22.794  -81.619  -35.826 0.5000000000
1819  21.975  -82.155  -36.105 0.5000000000
2210  19.688  -81.635  -33.322 0.6999999881
2222  16.242  -81.933  -34.051 0.5000000000
120412  5.940  -81.850  -0.274 0.3000000119
3594  19.794  -78.788  -29.393 0.6000000238
126716  16.502  -75.030  -35.587 0.5000000000
2667  17.704  -80.180  -33.028 0.5000000000
2676  22.270  -80.253  -36.246 0.6000000238
129423  5.621  -81.270  2.753 0.3000000119
125336  3.845  -68.290  -30.008 0.6000000238
135017  3.897  -68.042  -29.359 0.6000000238
2680  21.768  -80.501  -36.613 0.6000000238
1582  7.251  -81.647  -3.227 0.4000000060
119846  17.820  -75.534  -29.223 0.5000000000
6315  13.960  -73.112  -32.980 0.6999999881
10918  6.589  -65.992  -34.892 0.8000000119
3134  21.868  -79.612  -36.548 0.6000000238
11698  4.061  -66.987  -27.714 0.6999999881
2909  8.326  -79.434  -10.016 1.0000000000
10827  4.969  -67.869  -26.921 0.6000000238
14329  4.425  -63.429  -30.889 0.6999999881
15136  4.828  -62.720  -28.022 0.6999999881
10778  3.673  -66.923  -23.231 0.6000000238
14130  1.756  -63.781  -14.340 0.6000000238
8342  2.808  -70.607  -15.478 0.6000000238
12485  3.451  -66.042  -20.856 0.6000000238
133234  4.979  -71.269  -6.837 0.6999999881
8208  2.909  -70.161  -5.632 0.8000000119
8217  4.830  -70.544  -6.336 0.8000000119
14151  2.774  -63.138  -16.066 0.8000000119
16715  5.947  -60.908  -15.733 0.5000000000
15836  5.775  -61.705  -15.307 0.5000000000
17629  5.930  -59.283  -18.438 0.6000000238
18487  6.287  -58.751  -19.225 0.5000000000
8193  5.660  -70.269  -4.023 0.8000000119
17636  4.930  -59.644  -18.734 0.6000000238
8172  4.607  -70.621  -2.387 0.8000000119
12278  1.241  -65.612  -2.707 0.8999999762
14013  0.863  -63.456  -4.151 0.8000000119
130505  5.558  -55.327  -21.357 0.6000000238
13973  1.351  -63.045  -2.268 0.8999999762
119153  1.061  -61.674  -5.779 0.6000000238
12235  5.290  -65.984  -0.884 0.5000000000
19196  18.462  -56.321  -5.551 0.4000000060
19910  6.947  -56.789  -2.793 0.8000000119
18353  10.082  -58.292  -4.365 0.6999999881
142347  21.639  -55.092  -8.638 0.3000000119
20801  20.508  -56.111  -8.221 0.5000000000
127861  9.482  -49.599  -17.287 0.6000000238
22323  21.396  -53.410  -8.808 0.3000000119
21609  22.535  -54.207  -8.346 0.3000000119
30854  11.077  -43.940  -19.701 0.4000000060
138111  17.444  -49.302  -7.245 0.3000000119
33383  11.213  -40.490  -19.362 0.3000000119
27248  15.837  -47.068  -7.221 0.3000000119
31643  16.680  -42.954  -9.655 0.3000000119
35119  9.977  -37.620  -18.060 0.5000000000
134893  15.443  -46.983  -10.266 0.4000000060
34254  12.652  -38.636  -16.856 0.3000000119
36042  10.598  -36.935  -18.572 0.3000000119
29815  16.240  -44.548  -9.976 0.3000000119
31651  18.521  -42.230  -9.871 0.3000000119
141995  18.466  -39.093  -12.218 0.3000000119
139779  18.196  -39.229  -14.420 0.4000000060
34236  17.900  -39.766  -15.354 0.4000000060
35095  17.380  -38.580  -15.634 0.4000000060
34237  17.486  -39.348  -15.960 0.4000000060
35100  16.909  -38.758  -16.538 0.4000000060
36010  16.082  -37.489  -17.448 0.3000000119
122426  17.400  -37.937  -15.289 0.3000000119
2  12.929  -90.290  -22.887 0.6000000238
11387  5.651  -66.721  -0.726 0.5000000000
25528  16.585  -49.233  -8.216 0.4000000060
126718  10.361  -90.193  -22.065 0.8000000119
7  13.096  -90.464  -23.426 0.6999999881
71  11.281  -90.268  -23.019 0.6000000238
14  14.368  -90.386  -24.612 0.6000000238
877  23.027  -84.997  -28.665 0.5000000000
1797  24.295  -82.542  -31.024 0.4000000060
11  13.737  -90.525  -24.289 0.6000000238
1154  24.273  -84.086  -28.869 0.4000000060
1148  23.859  -84.622  -28.245 0.5000000000
127882  9.764  -90.135  -20.932 0.6000000238
140669  24.843  -83.754  -28.739 0.4000000060
1147  24.499  -83.982  -28.254 0.4000000060
1162  23.831  -83.760  -29.645 0.4000000060
134528  24.693  -83.624  -29.323 0.4000000060
1140  24.188  -84.257  -27.743 0.5000000000
871  23.203  -85.259  -27.764 0.5000000000
1463  23.426  -83.488  -30.460 0.3000000119
1442  23.894  -83.994  -27.190 0.4000000060
1141  23.608  -84.679  -27.448 0.5000000000
858  22.979  -85.255  -27.004 0.5000000000
3121  23.785  -79.675  -32.542 0.4000000060
850  21.924  -85.878  -25.930 0.5000000000
1130  22.457  -85.103  -26.334 0.5000000000
1771  24.048  -83.062  -27.052 0.4000000060
1129  23.229  -84.520  -26.788 0.5000000000
3638  23.487  -78.582  -33.826 0.4000000060
1120  21.959  -84.318  -25.790 0.4000000060
1434  22.609  -84.204  -26.294 0.4000000060
123332  6.702  -78.843  -6.352 0.6999999881
2884  7.493  -78.214  -6.354 0.6999999881
2436  6.068  -80.565  -7.218 0.6999999881
2893  6.744  -79.819  -7.547 0.6999999881
2892  7.336  -79.018  -7.722 0.6999999881
2447  6.500  -80.689  -7.950 0.8999999762
2446  7.264  -79.997  -8.388 0.6999999881
2910  7.835  -79.692  -9.205 0.8999999762
2468  5.750  -81.337  -10.177 0.8999999762
1998  5.345  -81.595  -9.150 0.8999999762
2456  6.369  -81.094  -9.319 0.8999999762
2455  7.201  -80.455  -9.295 0.8999999762
2466  6.795  -80.689  -10.096 0.8999999762
2922  7.618  -80.117  -10.036 0.8999999762
2486  5.437  -80.944  -12.234 0.8000000119
2886  5.765  -79.504  -6.354 0.6999999881
1979  5.792  -81.132  -7.581 0.8999999762
2008  4.872  -81.807  -9.930 0.8000000119
2018  4.160  -81.490  -11.037 0.6999999881
2017  4.835  -81.544  -10.708 0.8000000119
2467  6.371  -80.713  -10.759 0.8000000119
2923  7.168  -80.268  -10.881 0.8999999762
123710  3.840  -81.620  -12.084 0.6999999881
2477  4.672  -81.475  -11.674 0.6999999881
2485  6.267  -80.490  -11.973 0.8000000119
2487  4.537  -81.375  -12.622 0.6999999881
2494  5.340  -80.698  -13.148 0.6999999881
132016  6.030  -80.399  -12.633 0.6999999881
2941  6.738  -79.971  -12.539 0.8000000119
2038  3.732  -81.546  -13.774 0.6999999881
136557  4.952  -80.826  -13.897 0.6999999881
2950  5.667  -80.145  -13.929 0.6999999881
2020  3.373  -81.089  -11.260 0.6999999881
2030  3.271  -81.475  -12.811 0.6999999881
2039  3.216  -81.556  -13.582 0.6999999881
2010  3.884  -81.433  -10.474 0.8000000119
2031  2.849  -81.090  -12.663 0.6999999881
1973  5.328  -80.856  -6.875 0.6999999881
1981  5.159  -80.989  -7.542 0.8999999762
129816  4.025  -81.611  -9.848 0.8000000119
1607  4.478  -81.395  -8.957 0.8999999762
138799  4.496  -79.258  -6.497 0.8999999762
2428  4.974  -79.895  -6.889 0.8999999762
127256  3.499  -80.380  -9.325 0.8000000119
2457  3.902  -80.860  -8.982 0.8000000119
1975  4.648  -80.225  -7.507 0.8999999762
2458  3.159  -80.533  -10.152 0.8000000119
2469  2.979  -80.597  -10.984 0.6999999881
2894  4.163  -79.547  -7.715 0.8999999762
2911  3.229  -79.631  -9.780 0.8000000119
2902  3.606  -79.494  -8.837 0.8000000119
2448  3.894  -80.046  -8.398 0.8000000119
130556  3.228  -78.979  -10.603 0.6999999881
3390  3.551  -78.543  -8.362 0.8000000119
125926  3.885  -79.059  -7.870 0.8000000119
135879  2.971  -77.751  -6.583 0.8000000119
2867  3.959  -78.794  -5.989 0.6999999881
3389  3.476  -78.784  -9.173 0.8000000119
3889  2.812  -77.299  -7.368 0.8000000119
140639  2.971  -77.823  -5.826 0.6999999881
130432  2.363  -77.037  -6.696 0.8000000119
3879  2.314  -77.202  -5.846 0.8000000119
3858  2.207  -76.968  -4.992 0.6000000238
4352  2.081  -76.166  -5.071 0.5000000000
3398  3.491  -78.689  -9.946 0.8000000119
4405  3.679  -76.771  -8.355 0.8000000119
3888  2.934  -76.984  -7.989 0.8000000119
120133  2.358  -75.408  -4.756 0.5000000000
4888  2.090  -75.511  -6.943 0.8000000119
4378  1.942  -76.349  -6.459 0.8000000119
3896  4.310  -77.140  -9.032 0.8000000119
4391  4.106  -76.116  -8.011 0.8000000119
4901  3.182  -75.595  -7.476 0.6999999881
4862  2.643  -74.365  -3.704 0.5000000000
135466  1.911  -74.839  -6.496 0.8000000119
4873  1.783  -75.449  -5.479 0.6999999881
5367  2.509  -74.032  -2.601 0.5000000000
119440  2.639  -74.760  -6.893 0.8000000119
5392  2.092  -73.960  -5.496 0.6000000238
5383  2.270  -73.837  -4.557 0.5000000000
6018  3.078  -73.049  -5.593 0.6999999881
5976  2.313  -73.368  -2.677 0.5000000000
6019  2.479  -73.400  -5.609 0.6999999881
6006  2.342  -73.223  -4.860 0.6000000238
5376  2.423  -73.755  -3.433 0.5000000000
5404  2.243  -74.078  -6.267 0.8000000119
6674  2.562  -72.504  -4.180 0.6000000238
5986  2.187  -72.771  -2.145 0.6000000238
136408  2.284  -73.109  -3.876 0.5000000000
118134  3.249  -71.570  -2.583 0.6999999881
6658  2.810  -72.006  -3.373 0.6999999881
7425  2.998  -71.969  -4.021 0.6999999881
6647  2.395  -72.503  -3.011 0.6999999881
6637  2.265  -72.143  -1.949 0.6999999881
7387  2.358  -71.646  -1.455 0.6999999881
7399  2.639  -71.946  -2.366 0.6999999881
138084  1.913  -71.528  -0.511 0.6999999881
8151  2.362  -70.699  -0.023 0.6000000238
8139  2.113  -70.349  0.798 0.6000000238
128820  1.899  -71.122  -0.016 0.6000000238
7377  1.732  -71.713  0.146 0.6000000238
7365  1.700  -71.160  0.738 0.6000000238
127215  1.838  -69.797  2.302 0.6000000238
8117  1.786  -70.021  3.213 0.5000000000
8906  1.597  -69.073  2.883 0.5000000000
10495  2.707  -67.015  2.288 0.6000000238
21750  6.008  -54.870  -21.592 0.5000000000
17482  14.443  -59.097  -4.124 0.3000000119
138040  14.501  -57.939  -4.439 0.4000000060
16572  13.478  -60.077  -3.280 0.3000000119
121418  13.077  -59.995  -4.147 0.4000000060
17483  13.526  -59.383  -4.616 0.4000000060
17494  13.052  -58.817  -5.255 0.4000000060
18350  13.965  -58.554  -4.694 0.4000000060
20742  15.192  -54.768  -4.162 0.6000000238
19997  17.998  -56.132  -7.728 0.5000000000
20802  17.899  -55.475  -6.670 0.5000000000
19977  16.456  -55.395  -6.320 0.5000000000
20009  18.949  -56.279  -8.135 0.5000000000
120660  17.208  -56.031  -7.459 0.5000000000
17471  11.160  -59.973  -4.045 0.4000000060
16575  10.893  -60.452  -3.491 0.5000000000
122274  9.662  -61.040  -3.441 0.5000000000
17486  10.604  -59.200  -4.300 0.6000000238
17472  10.334  -59.776  -3.846 0.6000000238
15707  9.198  -61.750  -3.633 0.5000000000
14851  8.774  -62.491  -3.853 0.5000000000
17485  11.530  -59.418  -4.636 0.5000000000
20008  19.764  -56.122  -8.794 0.5000000000
20755  15.637  -54.747  -5.049 0.6000000238
20842  19.828  -55.587  -9.617 0.5000000000
20021  18.884  -56.575  -9.196 0.5000000000
20774  15.865  -55.197  -5.735 0.6000000238
129580  19.362  -56.228  -9.588 0.5000000000
20010  18.040  -56.668  -8.758 0.5000000000
17473  9.554  -59.590  -3.719 0.6000000238
122268  7.705  -61.164  -4.542 0.6000000238
16577  9.240  -60.315  -3.690 0.6000000238
18352  10.996  -58.575  -4.874 0.6000000238
20743  13.929  -54.893  -3.974 0.6000000238
21627  20.255  -54.759  -9.532 0.4000000060
137766  19.773  -54.008  -9.615 0.5000000000
21628  19.347  -54.733  -10.042 0.6000000238
23081  18.893  -53.616  -9.768 0.6000000238
25644  10.562  -49.070  -18.190 0.3000000119
19898  8.721  -55.802  -2.674 0.6000000238
22325  19.662  -53.017  -9.227 0.4000000060
118971  19.069  -51.977  -8.904 0.4000000060
23069  18.476  -52.704  -9.437 0.6000000238
27367  10.950  -47.882  -18.361 0.4000000060
26524  10.737  -48.612  -18.500 0.3000000119
20747  9.559  -55.670  -4.047 0.6000000238
120649  7.797  -56.334  -2.570 0.6000000238
19930  5.873  -56.246  -3.882 0.5000000000
124932  5.207  -56.264  -4.558 0.5000000000
19900  7.897  -55.678  -2.482 0.6000000238
20733  7.062  -55.846  -2.858 0.5000000000
23854  18.487  -51.108  -8.488 0.3000000119
23873  18.102  -51.833  -9.177 0.3000000119
135075  17.342  -50.900  -9.255 0.3000000119
24674  17.828  -50.658  -8.432 0.3000000119
28220  11.169  -46.762  -18.578 0.4000000060
24664  17.672  -50.191  -8.155 0.3000000119
25536  17.279  -50.400  -8.725 0.3000000119
29065  11.205  -45.935  -19.158 0.4000000060
25527  17.141  -49.714  -8.053 0.3000000119
135557  17.131  -49.355  -9.889 0.4000000060
27276  18.727  -47.620  -10.051 0.4000000060
28132  20.384  -46.081  -11.283 0.4000000060
25553  17.838  -49.461  -10.152 0.4000000060
26422  18.348  -48.516  -10.107 0.4000000060
26423  17.312  -48.726  -9.994 0.4000000060
26424  16.648  -48.791  -9.770 0.4000000060
27275  19.584  -47.288  -10.477 0.4000000060
28123  18.075  -47.070  -9.890 0.4000000060
124550  18.256  -46.268  -9.889 0.4000000060
28133  19.727  -46.269  -10.594 0.4000000060
28947  19.368  -45.394  -10.323 0.4000000060
29812  19.769  -44.596  -10.643 0.5000000000
30754  20.110  -43.813  -10.998 0.5000000000
29823  20.399  -44.643  -11.373 0.5000000000
29832  20.411  -44.179  -12.856 0.5000000000
140586  20.071  -43.666  -13.170 0.5000000000
128883  17.180  -47.366  -10.115 0.4000000060
140634  18.995  -46.026  -10.066 0.5000000000
28948  18.508  -45.500  -9.905 0.4000000060
29813  18.838  -44.616  -9.981 0.4000000060
130496  19.411  -43.763  -10.334 0.5000000000
30753  20.470  -43.928  -11.883 0.5000000000
30764  20.112  -43.266  -12.580 0.5000000000
30778  19.593  -43.279  -13.509 0.5000000000
31680  19.109  -42.534  -13.834 0.4000000060
32524  18.709  -41.798  -14.226 0.4000000060
28124  17.343  -46.623  -10.039 0.4000000060
28949  17.473  -45.726  -9.892 0.4000000060
30743  18.571  -43.711  -9.823 0.3000000119
121234  19.055  -42.936  -10.078 0.4000000060
126414  19.702  -43.010  -10.717 0.4000000060
139351  20.080  -43.134  -11.505 0.5000000000
31679  19.607  -42.478  -12.986 0.4000000060
32516  19.157  -41.756  -13.370 0.4000000060
140373  17.969  -41.247  -15.366 0.3000000119
129377  17.783  -41.020  -15.945 0.4000000060
31658  19.749  -42.481  -11.161 0.4000000060
31650  19.289  -42.113  -10.543 0.4000000060
32495  19.497  -41.805  -11.425 0.4000000060
32507  19.405  -41.760  -12.433 0.4000000060
118424  19.041  -41.047  -12.847 0.4000000060
121399  18.536  -40.188  -14.069 0.4000000060
3375  3.546  -78.304  -6.201 0.8999999762
130872  11.364  -55.148  -4.524 0.6000000238
21544  10.826  -54.509  -4.175 0.6000000238
64  9.221  -89.686  -20.980 0.6000000238
6685  2.678  -72.779  -5.055 0.6999999881
20744  12.841  -55.451  -4.222 0.6000000238
20741  16.265  -54.970  -4.511 0.6000000238
27278  16.559  -48.015  -10.119 0.4000000060
30744  17.932  -44.346  -9.686 0.3000000119
33336  18.770  -40.308  -13.187 0.4000000060
25548  16.864  -49.494  -9.520 0.4000000060
141713  24.506  -82.932  -30.418 0.3000000119
25659  10.054  -49.806  -18.421 0.3000000119
30731  18.180  -42.988  -9.670 0.3000000119
33348  17.978  -40.567  -15.389 0.3000000119
3898  3.256  -77.703  -8.068 0.8000000119
4351  2.709  -76.257  -4.654 0.5000000000
16576  10.069  -60.362  -3.532 0.6000000238
23082  18.289  -53.153  -9.855 0.5000000000
24675  17.705  -51.105  -8.910 0.4000000060
23874  17.578  -51.510  -9.487 0.4000000060
139456  17.755  -50.142  -10.249 0.5000000000
28961  20.116  -45.397  -10.982 0.4000000060
28960  20.629  -45.457  -11.678 0.4000000060
27277  17.712  -47.898  -10.021 0.4000000060
128538  18.943  -46.748  -10.029 0.3000000119
121437  18.806  -41.001  -13.751 0.4000000060
33342  18.368  -40.963  -14.666 0.4000000060
32529  18.131  -41.863  -15.013 0.5000000000
31665  19.782  -42.473  -12.004 0.4000000060
285  20.464  -88.438  -22.255 0.3000000119
135643  21.253  -86.828  -24.585 0.4000000060
129226  21.051  -87.208  -24.110 0.4000000060
137758  21.534  -86.914  -25.722 0.4000000060
117989  1.536  -72.477  0.378 0.4000000060
6626  1.757  -72.286  -0.471 0.5000000000
6614  1.477  -72.161  1.158 0.5000000000
20803  15.583  -55.645  -6.933 0.5000000000
20022  17.332  -57.063  -9.274 0.4000000060
20011  16.992  -56.706  -8.364 0.5000000000
19998  16.312  -56.121  -7.525 0.5000000000
20775  15.101  -55.219  -6.359 0.5000000000
20034  18.187  -57.034  -10.630 0.4000000060
126268  17.157  -57.290  -10.189 0.4000000060
21558  15.179  -54.361  -5.059 0.5000000000
129842  18.106  -57.015  -9.702 0.5000000000
22264  14.593  -53.438  -4.494 0.5000000000
21540  14.833  -54.156  -4.266 0.5000000000
21542  13.002  -54.400  -3.934 0.5000000000
21643  18.908  -55.226  -11.421 0.4000000060
21629  18.953  -55.062  -10.610 0.4000000060
131700  19.258  -55.834  -10.188 0.5000000000
20843  18.783  -56.576  -10.040 0.5000000000
22252  13.438  -53.281  -3.830 0.5000000000
20042  18.229  -56.779  -11.456 0.4000000060
22342  18.685  -53.959  -10.226 0.4000000060
21526  11.409  -53.660  -3.666 0.5000000000
21525  12.474  -53.528  -3.737 0.5000000000
22361  18.684  -54.197  -10.844 0.4000000060
20731  9.166  -55.337  -3.093 0.5000000000
21545  9.877  -54.767  -3.932 0.5000000000
21527  10.371  -53.901  -3.640 0.5000000000
22254  10.931  -52.933  -3.208 0.5000000000
23097  18.237  -53.124  -10.335 0.4000000060
21528  9.463  -54.320  -3.188 0.5000000000
23083  17.857  -52.369  -9.752 0.4000000060
23886  17.635  -51.638  -10.048 0.4000000060
127767  17.928  -52.273  -10.259 0.4000000060
24696  17.732  -50.827  -10.337 0.4000000060
31690  18.435  -42.741  -14.629 0.4000000060
583  21.498  -86.506  -25.339 0.4000000060
72  10.429  -90.106  -22.844 0.6000000238
20012  15.954  -56.742  -8.524 0.5000000000
19999  15.385  -56.210  -7.942 0.4000000060
20804  14.828  -55.612  -7.421 0.5000000000
20851  18.799  -56.228  -10.953 0.4000000060
3125  23.443  -79.439  -33.487 0.3000000119
1964  13.390  -81.994  -5.054 0.3000000119
1035  20.656  -85.277  -14.921 0.3000000119
1036  20.082  -84.905  -15.697 0.3000000119
770  18.819  -85.708  -16.688 0.3000000119
369  19.462  -87.231  -15.970 0.4000000060
530  18.964  -86.603  -16.436 0.3000000119
1050  17.969  -84.675  -17.693 0.3000000119
4334  4.143  -76.143  -2.180 0.3000000119
4332  5.361  -76.461  -2.858 0.4000000060
4340  5.564  -76.589  -3.538 0.4000000060
3832  6.284  -77.152  -3.232 0.4000000060
2864  5.577  -78.427  -5.226 0.5000000000
3351  7.167  -78.118  -4.389 0.4000000060
2874  6.503  -78.617  -5.799 0.6000000238
3363  6.522  -78.254  -5.254 0.6000000238
140388  5.252  -79.827  -6.216 0.6000000238
3834  5.168  -77.064  -2.334 0.3000000119
122527  6.179  -79.071  -2.481 0.3000000119
134938  6.234  -77.948  -2.577 0.4000000060
2404  7.146  -80.792  -3.457 0.3000000119
136803  6.698  -77.867  -3.171 0.4000000060
3353  5.400  -77.737  -4.789 0.4000000060
121884  7.574  -79.990  -3.920 0.5000000000
3339  7.039  -78.382  -3.592 0.4000000060
2416  5.091  -79.761  -6.169 0.6000000238
2411  7.963  -80.025  -4.574 0.5000000000
4333  4.702  -75.848  -2.745 0.4000000060
2841  5.260  -78.863  -2.127 0.3000000119
3856  4.127  -76.877  -4.607 0.4000000060
2840  5.598  -80.283  -2.247 0.3000000119
3354  4.263  -77.808  -4.922 0.4000000060
4851  4.005  -75.352  -2.567 0.4000000060
2392  5.642  -81.272  -2.194 0.3000000119
4349  4.826  -76.144  -4.063 0.4000000060
3355  3.394  -77.921  -5.056 0.5000000000
2877  4.413  -79.112  -5.956 0.6000000238
1944  6.085  -81.702  -2.291 0.3000000119
4861  3.509  -74.869  -3.171 0.4000000060
4853  2.716  -74.656  -2.060 0.4000000060
4350  3.865  -75.994  -4.304 0.4000000060
4852  3.200  -74.988  -2.390 0.4000000060
5366  2.818  -74.362  -2.924 0.4000000060
5361  2.361  -74.178  -1.769 0.4000000060
5351  1.824  -74.359  -0.646 0.3000000119
5977  2.095  -73.413  -1.540 0.4000000060
5964  1.398  -73.895  0.262 0.3000000119
121780  1.966  -72.567  -1.355 0.5000000000
7353  1.609  -71.380  1.679 0.4000000060
7334  1.846  -71.045  3.514 0.4000000060
8095  3.524  -71.018  4.503 0.3000000119
8096  2.669  -70.901  4.447 0.4000000060
128693  1.751  -70.736  2.444 0.4000000060
130224  5.142  -70.683  4.076 0.3000000119
8106  3.011  -70.249  4.480 0.4000000060
8887  3.630  -69.508  4.119 0.4000000060
122082  4.735  -68.562  3.082 0.4000000060
8902  6.636  -69.223  3.233 0.4000000060
9664  2.605  -68.884  3.694 0.4000000060
8905  1.736  -68.475  3.037 0.4000000060
8901  7.381  -68.849  3.204 0.4000000060
8885  6.506  -69.877  3.695 0.4000000060
8903  5.644  -69.278  3.366 0.4000000060
8104  7.112  -70.390  3.833 0.3000000119
8886  5.511  -69.963  3.853 0.4000000060
9678  2.771  -68.113  3.204 0.4000000060
9663  3.752  -68.643  3.506 0.4000000060
9689  4.577  -67.939  2.373 0.4000000060
9675  6.691  -68.731  2.608 0.4000000060
9674  7.923  -68.352  3.161 0.4000000060
139148  5.121  -67.891  1.725 0.4000000060
9687  7.109  -68.032  1.769 0.4000000060
136587  5.783  -68.102  1.274 0.4000000060
10491  8.514  -67.196  2.728 0.3000000119
10490  9.409  -66.865  2.871 0.3000000119
138980  7.947  -67.117  2.036 0.4000000060
9698  6.634  -67.960  0.938 0.4000000060
11348  9.456  -66.118  2.190 0.3000000119
10509  7.894  -67.004  1.231 0.3000000119
10510  7.246  -67.518  0.390 0.4000000060
11368  7.823  -66.911  0.221 0.4000000060
12221  9.684  -65.075  0.826 0.3000000119
11385  8.396  -66.166  -0.078 0.3000000119
13056  10.204  -64.573  0.429 0.3000000119
13090  8.940  -64.889  -1.974 0.3000000119
11366  9.114  -65.697  1.041 0.3000000119
11404  8.131  -66.311  -1.252 0.4000000060
13069  10.645  -64.010  -0.008 0.3000000119
13089  9.613  -64.362  -1.512 0.3000000119
14831  11.132  -62.508  -1.080 0.3000000119
141985  8.694  -65.728  -0.822 0.3000000119
12255  9.227  -65.069  -0.974 0.3000000119
12256  8.581  -65.651  -1.643 0.3000000119
13088  10.308  -63.842  -1.004 0.3000000119
13955  9.905  -63.648  -1.921 0.3000000119
13110  9.317  -64.200  -2.428 0.3000000119
13131  8.232  -64.622  -3.561 0.3000000119
13970  10.139  -63.027  -2.186 0.3000000119
13972  8.990  -64.074  -3.215 0.4000000060
15706  10.565  -61.110  -3.075 0.4000000060
14850  9.403  -62.533  -3.275 0.4000000060
13988  8.982  -63.285  -3.512 0.4000000060
16566  11.487  -60.989  -2.998 0.3000000119
15700  9.873  -61.776  -3.061 0.4000000060
27374  10.887  -47.532  -19.575 0.3000000119
14008  8.334  -63.249  -4.012 0.4000000060
121354  11.044  -47.112  -20.321 0.3000000119
29083  11.212  -45.577  -19.987 0.3000000119
29949  11.167  -44.679  -19.893 0.4000000060
125359  24.626  -83.577  -27.733 0.3000000119
138646  18.684  -87.209  -16.500 0.4000000060
3833  5.873  -77.067  -2.674 0.4000000060
134242  5.520  -77.712  -2.317 0.3000000119
2851  7.428  -79.049  -4.112 0.5000000000
2839  6.582  -79.913  -2.845 0.3000000119
2403  7.691  -80.876  -4.104 0.5000000000
13954  10.497  -63.092  -1.421 0.3000000119
14840  10.661  -62.498  -1.994 0.3000000119
2873  8.181  -79.415  -5.184 0.5000000000
15690  11.439  -61.907  -1.846 0.3000000119
362  20.084  -87.724  -14.414 0.4000000060
135943  7.392  -78.425  -5.702 0.6000000238
4872  3.019  -74.968  -3.997 0.4000000060
28237  11.111  -46.576  -19.746 0.4000000060
25547  17.282  -50.116  -9.957 0.4000000060
4871  3.893  -75.250  -3.736 0.4000000060
24686  17.403  -50.912  -9.772 0.4000000060
764  20.155  -85.941  -15.452 0.4000000060
121893  19.553  -85.356  -16.149 0.3000000119
3352  6.364  -77.744  -4.652 0.4000000060
2865  4.759  -78.638  -5.207 0.6000000238
5952  1.088  -74.438  1.242 0.3000000119
9676  5.685  -68.605  2.364 0.4000000060
11367  8.495  -66.377  1.147 0.3000000119
1000  16.020  -84.284  -9.127 0.3000000119
699  17.958  -85.617  -8.569 0.3000000119
746  21.251  -86.139  -13.747 0.3000000119
1030  21.135  -85.105  -14.199 0.3000000119
522  20.917  -86.581  -14.377 0.3000000119
757  21.082  -85.862  -14.309 0.3000000119
526  20.488  -86.658  -15.113 0.3000000119
135328  20.180  -87.090  -15.433 0.3000000119
3  15.560  -90.370  -23.758 0.6999999881
4  15.148  -90.472  -23.357 0.6999999881
6  13.813  -90.556  -23.649 0.6999999881
12  13.080  -90.536  -24.074 0.6000000238
13  15.052  -90.246  -24.645 0.6000000238
20  8.952  -89.572  -15.012 0.8000000119
31  10.309  -90.137  -16.859 0.6999999881
32  9.438  -89.856  -16.333 0.8000000119
34  14.303  -89.994  -17.891 0.6999999881
42  11.907  -90.493  -18.622 0.8999999762
45  9.157  -89.617  -18.636 0.6999999881
46  9.055  -89.391  -19.266 0.6999999881
49  10.522  -90.449  -19.021 0.6999999881
51  9.198  -89.913  -19.528 0.6999999881
53  11.268  -90.333  -20.084 0.8000000119
56  9.059  -89.707  -20.218 0.6999999881
59  16.476  -90.035  -22.127 0.4000000060
62  11.152  -90.169  -21.691 0.8000000119
79  10.068  -89.567  -23.240 0.6000000238
82  15.683  -90.020  -24.451 0.6000000238
111  9.500  -89.039  -11.803 0.8999999762
112  16.402  -88.968  -12.463 0.6999999881
115  13.057  -88.849  -12.162 0.8000000119
116  12.312  -89.134  -12.568 0.8999999762
121  17.569  -89.016  -13.339 0.6000000238
128  8.656  -89.330  -13.525 0.8999999762
136  9.175  -89.691  -14.218 0.8999999762
143  12.193  -89.697  -15.177 0.8999999762
144  8.577  -88.948  -15.622 0.6999999881
150  15.587  -89.118  -17.379 0.6999999881
151  14.792  -89.535  -17.713 0.6999999881
156  8.891  -89.102  -18.155 0.6000000238
160  8.986  -89.054  -19.409 0.6999999881
164  19.380  -88.828  -21.760 0.4000000060
169  12.661  -89.219  -22.111 0.5000000000
172  8.987  -89.250  -21.276 0.6000000238
186  17.116  -88.980  -24.793 0.6999999881
220  12.234  -88.052  -10.494 0.8000000119
221  11.469  -88.175  -10.376 0.8000000119
231  9.115  -88.573  -11.462 0.8999999762
232  8.854  -88.113  -11.302 0.8000000119
246  19.434  -88.172  -14.840 0.5000000000
252  8.735  -88.781  -16.225 0.6000000238
288  13.370  -88.738  -22.291 0.4000000060
297  20.007  -88.132  -24.321 0.5000000000
337  10.907  -87.399  -9.518 0.8000000119
342  11.608  -87.783  -10.087 0.8000000119
345  8.784  -87.658  -9.900 0.8000000119
350  20.405  -87.163  -12.938 0.4000000060
354  15.087  -87.352  -11.678 0.8000000119
356  20.640  -87.254  -13.943 0.4000000060
361  20.503  -87.171  -14.860 0.4000000060
370  18.596  -87.858  -16.335 0.4000000060
374  18.098  -87.531  -16.851 0.5000000000
379  15.220  -87.697  -18.639 0.6000000238
413  20.779  -87.430  -25.098 0.5000000000
429  19.684  -87.036  -27.381 0.4000000060
490  8.872  -86.354  -8.241 0.8000000119
492  7.479  -86.060  -8.102 0.8000000119
497  12.598  -86.873  -10.520 0.8000000119
506  21.221  -85.819  -12.440 0.4000000060
507  20.926  -86.464  -12.734 0.4000000060
518  17.148  -85.970  -13.175 0.6000000238
527  20.026  -86.713  -15.593 0.4000000060
597  22.122  -86.333  -27.551 0.5000000000
612  20.696  -85.011  -30.208 0.6000000238
635  18.300  -86.037  -32.966 0.5000000000
695  8.462  -85.171  -7.841 0.8000000119
702  9.116  -85.472  -8.084 0.8000000119
704  7.723  -85.743  -7.826 0.8000000119
706  20.334  -84.589  -9.897 0.3000000119
713  7.355  -85.456  -8.320 0.6999999881
738  15.508  -86.084  -12.841 0.8000000119
756  21.319  -85.601  -13.786 0.3000000119
763  20.724  -86.122  -14.828 0.3000000119
769  19.528  -86.280  -16.060 0.3000000119
903  19.306  -84.882  -33.558 0.5000000000
988  8.015  -85.376  -7.718 0.8000000119
995  8.278  -84.576  -7.934 0.8000000119
1002  7.108  -84.713  -9.014 0.6999999881
1018  17.987  -84.547  -12.729 0.5000000000
1025  15.679  -84.302  -13.565 0.5000000000
1026  15.027  -83.885  -13.530 0.6999999881
1299  7.008  -84.112  -9.647 0.6999999881
1318  14.263  -83.087  -13.016 0.6000000238
1327  14.799  -83.245  -13.430 0.6999999881
1480  22.837  -83.079  -33.594 0.6000000238
1577  6.453  -81.783  -2.311 0.3000000119
1583  6.689  -81.674  -2.738 0.3000000119
1601  5.162  -81.236  -8.012 0.8999999762
1602  4.765  -81.185  -8.308 0.8999999762
1616  4.895  -81.494  -8.682 0.8999999762
1620  8.267  -82.592  -9.860 0.8999999762
1626  8.394  -82.114  -11.656 0.8999999762
1628  6.895  -82.962  -11.991 0.6000000238
1637  16.306  -82.555  -13.302 0.5000000000
1639  15.183  -82.752  -13.506 0.6000000238
1640  8.197  -81.836  -13.018 0.8000000119
1641  7.758  -81.859  -13.716 0.6999999881
1909  6.661  -81.664  -0.492 0.3000000119
1932  6.586  -81.922  -1.972 0.4000000060
1933  6.016  -81.906  -1.825 0.3000000119
1940  12.302  -81.844  -1.876 0.3000000119
1941  8.115  -81.654  -3.539 0.5000000000
1943  6.387  -81.208  -2.732 0.3000000119
1949  9.009  -81.224  -4.866 0.6000000238
1951  7.928  -81.623  -3.906 0.5000000000
1952  6.963  -81.558  -3.243 0.4000000060
1957  8.480  -81.270  -4.629 0.6000000238
1965  8.768  -81.030  -5.135 0.6999999881
1966  8.479  -80.704  -5.040 0.6999999881
1974  5.103  -80.584  -7.131 0.8999999762
1980  5.350  -81.118  -7.406 0.8999999762
1982  4.712  -80.792  -7.881 0.8999999762
1985  16.361  -80.948  -8.996 0.5000000000
1987  6.052  -81.237  -8.438 0.8999999762
1988  5.359  -81.379  -8.155 0.8999999762
1989  4.335  -81.071  -8.665 0.8999999762
1993  16.156  -81.785  -9.069 0.5000000000
1996  10.670  -81.365  -8.579 0.8999999762
1999  4.507  -81.646  -9.481 0.8000000119
2000  4.108  -81.380  -9.339 0.8000000119
2001  3.667  -81.157  -9.805 0.8000000119
2009  4.299  -81.689  -10.204 0.6999999881
2011  3.459  -81.049  -10.572 0.8000000119
2019  3.752  -81.365  -11.285 0.6999999881
2028  9.014  -81.569  -12.847 0.8000000119
2029  3.761  -81.580  -13.070 0.6999999881
2034  15.974  -81.958  -13.212 0.6000000238
2035  15.277  -82.083  -13.312 0.6000000238
2044  8.724  -81.146  -14.501 0.8000000119
2046  4.232  -81.309  -14.262 0.6999999881
2047  3.337  -81.504  -14.442 0.8000000119
2048  2.869  -81.331  -13.992 0.8000000119
2050  8.425  -81.098  -15.151 0.8000000119
2054  3.161  -81.213  -15.438 0.6000000238
2200  21.066  -81.015  -32.550 0.5000000000
2220  18.882  -81.679  -34.695 0.8000000119
2229  18.493  -81.816  -35.238 0.6000000238
2231  21.941  -81.531  -36.249 0.6000000238
2232  21.591  -81.784  -36.168 0.6000000238
2233  20.700  -81.706  -35.752 0.6000000238
2236  18.285  -82.087  -36.077 0.6999999881
2330  4.731  -80.659  4.253 0.3000000119
2357  9.883  -80.170  2.072 0.3000000119
2358  7.359  -80.608  0.999 0.3000000119
2364  11.192  -80.576  0.480 0.3000000119
2368  6.588  -81.206  0.960 0.3000000119
2373  8.299  -80.497  -0.747 0.4000000060
2388  12.448  -80.140  -2.181 0.4000000060
2391  8.644  -81.203  -3.372 0.5000000000
2417  4.885  -79.626  -6.305 0.6000000238
2424  14.285  -80.209  -6.214 0.5000000000
2425  5.657  -80.361  -6.770 0.6999999881
2426  5.263  -80.398  -6.567 0.6999999881
2427  5.207  -80.355  -6.574 0.8999999762
2429  4.453  -79.517  -7.208 0.8999999762
2437  5.482  -80.895  -6.951 0.6999999881
2438  4.267  -80.533  -8.219 0.8999999762
2439  4.267  -79.995  -7.805 0.8999999762
2444  16.476  -80.123  -9.077 0.6000000238
2454  11.041  -80.627  -8.899 0.8999999762
2472  15.430  -80.047  -11.890 0.8000000119
2474  11.763  -79.912  -11.315 0.8999999762
2475  6.504  -80.483  -11.330 0.8000000119
2476  5.684  -80.990  -11.272 0.8000000119
2478  2.886  -80.772  -11.834 0.6999999881
2491  11.911  -80.107  -13.467 1.0000000000
2495  4.418  -81.291  -13.468 0.6999999881
2497  11.650  -79.759  -14.586 1.0000000000
2510  2.711  -80.835  -15.187 0.6000000238
2655  20.728  -80.790  -31.445 0.6000000238
2682  21.787  -81.045  -36.650 0.5000000000
2849  12.632  -79.044  -3.123 0.5000000000
2852  7.148  -79.399  -3.445 0.5000000000
2863  7.509  -78.650  -5.009 0.6000000238
2866  4.081  -78.614  -5.436 0.4000000060
2870  13.654  -79.259  -5.241 0.8000000119
2875  5.562  -79.084  -5.812 0.5000000000
2876  4.710  -79.215  -5.740 0.6000000238
2881  14.059  -79.443  -5.963 0.8000000119
2882  9.369  -78.557  -6.082 0.6999999881
2883  8.531  -78.500  -5.996 0.6999999881
2885  6.253  -79.594  -6.895 0.6999999881
2887  4.083  -78.888  -6.635 0.8999999762
2908  12.278  -79.706  -9.696 0.8999999762
2917  16.077  -78.947  -10.728 0.8000000119
2924  2.833  -79.888  -10.695 0.6999999881
2933  7.014  -80.103  -11.758 0.8999999762
2934  2.882  -79.245  -11.355 0.6999999881
2935  2.637  -80.027  -11.537 0.8000000119
2938  12.907  -79.095  -12.444 0.8999999762
2942  6.254  -79.970  -13.246 0.6999999881
2948  7.166  -79.356  -13.262 0.8999999762
2959  2.503  -79.964  -14.813 0.5000000000
2963  11.347  -78.412  -15.667 1.0000000000
2972  10.342  -78.423  -16.592 0.8999999762
2976  5.478  -79.616  -16.734 0.6000000238
2983  9.475  -78.179  -17.580 0.8999999762
3102  20.001  -80.046  -30.665 0.5000000000
3314  11.063  -78.943  -1.423 0.4000000060
3315  10.521  -78.718  -1.692 0.5000000000
3316  10.059  -78.634  -2.081 0.6000000238
3317  4.628  -78.017  -2.044 0.3000000119
3329  6.715  -78.674  -2.960 0.3000000119
3335  12.509  -78.256  -3.590 0.6999999881
3337  10.705  -77.767  -3.713 0.6999999881
3364  3.472  -78.147  -5.585 0.6999999881
3374  7.572  -78.205  -7.145 0.8000000119
3383  3.409  -78.095  -7.502 0.8000000119
3409  14.182  -77.954  -10.953 0.8999999762
3420  9.040  -79.180  -11.367 1.0000000000
3421  4.386  -77.958  -11.524 0.8000000119
3422  3.635  -78.529  -11.419 0.8999999762
3425  13.377  -78.468  -11.867 0.8999999762
3429  4.117  -77.959  -12.244 0.6999999881
3432  13.646  -77.699  -13.630 0.8999999762
3433  13.381  -78.194  -14.174 0.8999999762
3439  2.617  -79.210  -14.110 0.5000000000
3444  13.313  -77.604  -14.253 0.8999999762
3445  13.059  -78.161  -14.755 0.8999999762
3449  8.666  -78.102  -14.391 0.8999999762
3451  7.127  -78.416  -14.991 0.8000000119
3458  10.701  -78.265  -16.179 1.0000000000
3460  9.079  -77.693  -16.351 0.8999999762
3467  9.836  -77.948  -17.021 1.0000000000
3490  8.593  -78.030  -18.535 0.8000000119
3492  7.121  -77.957  -18.695 0.6000000238
3608  19.391  -78.741  -30.136 0.6999999881
3849  13.206  -77.456  -5.081 0.8000000119
3851  11.715  -77.130  -4.444 0.6999999881
3853  6.755  -77.601  -3.844 0.4000000060
3854  6.067  -77.125  -4.126 0.4000000060
3855  5.121  -76.930  -4.413 0.4000000060
3857  3.080  -77.128  -4.785 0.4000000060
3866  12.785  -76.726  -5.242 0.8000000119
3868  10.671  -77.501  -5.295 0.8000000119
3869  2.780  -77.628  -5.230 0.6999999881
3876  11.156  -76.749  -6.123 0.8000000119
3878  9.949  -77.625  -7.005 0.8000000119
3885  9.945  -77.083  -8.133 0.8000000119
3893  15.751  -77.396  -8.439 0.8000000119
3897  3.440  -77.441  -8.599 0.8000000119
3901  15.924  -77.539  -10.243 0.8000000119
3903  10.287  -77.199  -9.781 0.8000000119
3906  5.753  -76.848  -10.019 0.8999999762
3919  5.017  -77.666  -11.190 0.8000000119
3933  5.497  -77.138  -11.514 0.8000000119
3944  10.419  -77.946  -13.150 0.8999999762
3945  5.194  -76.964  -12.113 0.6000000238
3962  12.694  -77.511  -14.644 0.8999999762
3963  11.797  -77.523  -14.652 0.8999999762
4082  19.716  -77.806  -27.852 0.6000000238
4130  16.753  -77.577  -34.253 0.4000000060
4341  4.933  -75.939  -3.310 0.4000000060
4362  12.435  -76.367  -5.555 0.8000000119
4363  11.896  -76.340  -5.667 0.8000000119
4364  1.832  -76.332  -5.635 0.5000000000
4379  1.696  -75.476  -6.217 0.8000000119
4386  13.727  -75.814  -6.905 0.8000000119
4389  10.623  -76.857  -7.641 0.8000000119
4390  5.402  -76.008  -7.997 0.8999999762
4392  3.125  -76.335  -7.923 0.6999999881
4393  2.429  -76.436  -7.363 0.8000000119
4399  12.191  -75.661  -9.064 0.8000000119
4402  6.381  -75.800  -9.255 0.8999999762
4413  6.251  -75.820  -9.874 0.8999999762
4414  6.106  -76.319  -9.630 0.8999999762
4415  5.439  -76.775  -9.286 0.8999999762
4418  15.125  -75.851  -11.063 0.8000000119
4431  14.179  -75.728  -12.090 0.8000000119
4434  5.488  -76.675  -11.553 0.8000000119
4435  4.939  -76.524  -11.958 0.6000000238
4456  13.260  -76.495  -13.532 0.8999999762
4860  4.362  -75.394  -3.162 0.4000000060
4870  4.500  -75.615  -3.725 0.4000000060
4886  5.480  -75.014  -6.909 0.8000000119
4896  14.384  -75.307  -8.014 0.8000000119
4899  6.658  -75.039  -8.065 0.8999999762
4906  15.274  -75.440  -9.168 0.8000000119
4908  13.827  -74.989  -8.378 0.8000000119
4909  12.970  -75.167  -8.615 0.8000000119
4917  6.497  -75.223  -9.263 0.8999999762
4922  15.303  -75.353  -9.890 0.8000000119
4923  15.019  -75.218  -10.544 0.8000000119
4927  5.330  -75.642  -10.872 0.5000000000
4935  5.741  -76.397  -11.071 0.8000000119
4936  5.472  -76.166  -11.315 0.8000000119
5087  17.290  -74.899  -30.543 0.6999999881
5093  17.003  -74.780  -31.781 0.6999999881
5384  1.977  -74.600  -5.228 0.5000000000
5393  1.743  -74.672  -5.957 0.6999999881
5420  6.683  -74.898  -8.538 0.8999999762
5421  6.527  -74.588  -8.762 0.8999999762
5665  16.345  -74.075  -35.224 0.6000000238
6016  5.711  -73.273  -5.512 0.8000000119
6025  6.625  -73.102  -6.657 0.8000000119
6028  3.118  -73.514  -6.105 0.6999999881
6037  6.609  -73.423  -7.443 0.8999999762
6057  5.904  -74.186  -9.026 0.8000000119
6253  14.955  -73.673  -30.395 0.5000000000
6296  13.907  -73.058  -32.138 0.6999999881
6312  16.316  -74.180  -33.690 0.6000000238
6329  14.675  -73.094  -34.538 0.6000000238
6337  16.004  -73.628  -35.885 0.6000000238
6673  3.140  -72.295  -4.525 0.6999999881
6681  6.429  -72.117  -5.506 0.8000000119
6691  6.537  -72.346  -6.224 0.8000000119
6699  4.930  -72.383  -7.611 0.6000000238
6711  6.222  -73.302  -7.983 0.8000000119
6811  3.420  -72.248  -16.059 0.5000000000
6826  3.261  -72.374  -16.867 0.5000000000
6856  3.329  -72.469  -18.407 0.5000000000
6867  2.973  -72.306  -18.910 0.6000000238
6888  2.579  -72.247  -20.988 0.6000000238
7043  12.685  -72.238  -34.715 0.6000000238
7067  13.252  -71.874  -38.703 0.5000000000
7318  4.370  -71.197  4.245 0.3000000119
7322  2.183  -71.035  4.144 0.4000000060
7344  1.632  -71.626  2.660 0.4000000060
7388  2.029  -71.792  -1.134 0.6999999881
7398  4.120  -71.233  -2.602 0.8000000119
7408  5.390  -70.915  -3.676 0.8000000119
7421  6.303  -71.417  -5.169 0.8000000119
7423  4.843  -71.660  -3.877 0.6999999881
7424  3.698  -71.962  -4.066 0.6999999881
7616  2.499  -71.547  -18.785 0.6000000238
7639  2.271  -71.602  -20.579 0.5000000000
7834  10.967  -70.565  -38.002 0.5000000000
8103  8.013  -70.324  3.662 0.3000000119
8105  4.101  -70.447  4.356 0.3000000119
8107  2.088  -70.268  4.122 0.4000000060
8127  1.836  -70.520  1.494 0.6000000238
8150  3.323  -70.205  -0.180 0.6999999881
8152  2.112  -71.345  -0.698 0.6000000238
8164  2.577  -71.047  -0.870 0.6000000238
8173  3.967  -71.064  -1.820 0.8000000119
8205  5.774  -70.196  -5.290 0.8999999762
8206  5.143  -69.874  -5.668 0.8999999762
8207  4.129  -69.950  -5.713 0.8000000119
8216  5.750  -70.527  -5.995 0.8000000119
8354  6.182  -70.073  -17.624 0.8000000119
8433  2.863  -70.834  -23.969 0.5000000000
8434  2.759  -70.015  -23.293 0.6000000238
8567  8.942  -69.702  -32.992 0.6000000238
8888  2.528  -69.601  4.126 0.4000000060
8889  1.894  -69.352  3.596 0.4000000060
8904  4.699  -69.292  3.702 0.4000000060
8916  1.900  -68.784  1.712 0.6999999881
8947  3.890  -69.796  -0.810 0.6999999881
8963  5.290  -69.606  -3.342 0.8000000119
8973  5.411  -69.440  -4.186 0.8000000119
8975  4.023  -68.868  -4.563 0.8999999762
8992  1.971  -69.004  -5.966 0.6000000238
9118  2.891  -69.087  -14.774 0.5000000000
9144  7.777  -69.531  -17.058 0.6000000238
9161  4.061  -69.183  -18.332 0.6000000238
9187  2.480  -69.512  -21.271 0.6000000238
9338  7.664  -68.200  -36.888 0.6999999881
9662  8.023  -69.003  3.560 0.4000000060
9677  3.832  -67.916  2.965 0.4000000060
9679  1.617  -68.394  2.459 0.6999999881
9688  6.463  -68.343  1.835 0.4000000060
9699  1.932  -68.477  1.180 0.6999999881
9700  1.444  -67.640  1.181 0.6999999881
9710  3.246  -68.808  -0.058 0.6999999881
9712  1.537  -67.921  0.388 0.6999999881
9721  3.823  -68.958  -0.951 0.6999999881
9734  3.924  -68.640  -2.058 0.8000000119
9736  2.034  -68.059  -2.682 0.8999999762
9745  5.026  -68.944  -3.638 0.8000000119
9747  3.651  -68.527  -3.085 0.8999999762
9749  2.152  -67.888  -3.549 0.8999999762
9761  2.186  -67.849  -4.444 0.8000000119
9921  6.191  -68.327  -18.170 0.6999999881
9930  4.789  -68.869  -18.574 0.6999999881
9951  2.661  -68.579  -21.599 0.6000000238
9993  5.141  -68.401  -26.381 0.6000000238
10003  4.529  -68.487  -27.004 0.6000000238
10004  3.849  -69.012  -26.764 0.6000000238
10067  6.701  -67.634  -32.664 0.6000000238
10109  7.370  -67.556  -36.634 0.6999999881
10476  8.598  -67.969  3.230 0.3000000119
10477  3.751  -67.343  2.407 0.4000000060
10478  2.072  -67.719  2.690 0.6999999881
10492  7.765  -67.728  2.435 0.4000000060
10493  5.083  -67.193  1.082 0.5000000000
10494  4.408  -67.239  1.839 0.4000000060
10496  1.768  -67.375  2.157 0.6999999881
10513  1.310  -67.152  1.020 0.6999999881
10526  7.272  -67.315  -0.389 0.5000000000
10528  6.186  -67.380  -0.464 0.5000000000
10536  6.903  -67.325  -1.105 0.5000000000
10538  1.567  -67.480  -1.314 0.8999999762
10576  1.970  -67.683  -5.346 0.5000000000
10722  5.760  -67.261  -17.868 0.6000000238
10724  3.674  -67.112  -18.697 0.6000000238
10730  5.081  -67.933  -18.326 0.6999999881
10739  2.985  -67.368  -19.635 0.6999999881
10750  7.413  -67.708  -20.709 0.5000000000
10762  7.053  -68.155  -21.429 0.5000000000
10764  2.757  -67.766  -21.082 0.6999999881
10774  7.749  -68.033  -22.116 0.4000000060
10775  6.773  -68.214  -22.288 0.6000000238
10793  5.933  -68.260  -23.786 0.6999999881
10813  6.150  -68.060  -25.012 0.6999999881
10838  4.174  -67.800  -28.196 0.6999999881
10857  3.986  -67.866  -28.780 0.6000000238
10876  3.740  -67.369  -29.097 0.6000000238
10940  6.397  -66.244  -36.755 0.6000000238
11349  8.554  -66.670  2.118 0.3000000119
11371  3.564  -65.963  0.957 0.6999999881
11372  2.431  -66.109  0.997 0.6999999881
11405  7.420  -66.813  -1.701 0.5000000000
11407  5.813  -66.425  -1.446 0.5000000000
11418  7.941  -66.225  -2.151 0.3000000119
11420  6.590  -66.341  -2.675 0.6000000238
11431  6.943  -66.100  -3.219 0.5000000000
11582  3.610  -66.496  -18.923 0.6999999881
11592  3.605  -65.974  -19.301 0.6999999881
11622  3.434  -66.222  -21.687 0.6000000238
11637  3.531  -66.529  -22.445 0.6000000238
11650  7.017  -66.911  -23.983 0.6000000238
11675  4.069  -66.368  -27.021 0.6999999881
11697  4.514  -67.185  -27.229 0.6999999881
11788  6.301  -65.669  -35.980 0.6999999881
11789  4.919  -65.663  -35.370 0.6000000238
11800  5.991  -65.705  -36.421 0.6000000238
12223  1.817  -65.900  0.264 0.8000000119
12234  9.615  -64.907  -0.071 0.3000000119
12238  2.102  -64.767  -0.534 0.8999999762
12239  1.580  -65.524  -0.503 0.8000000119
12257  5.283  -65.610  -1.458 0.6999999881
12260  1.107  -65.289  -1.858 0.8999999762
12273  8.374  -65.490  -2.474 0.4000000060
12274  7.691  -65.889  -2.882 0.4000000060
12277  5.008  -64.610  -2.294 0.8000000119
12292  7.464  -65.447  -3.653 0.6000000238
12310  6.347  -65.117  -4.468 0.6000000238
12411  5.280  -65.248  -14.624 0.6999999881
12413  2.122  -65.034  -14.246 0.6000000238
12460  4.260  -64.989  -18.737 0.6000000238
12467  3.898  -65.235  -19.641 0.6000000238
12484  3.873  -65.691  -21.309 0.6999999881
12492  4.044  -66.062  -22.387 0.6000000238
12520  7.809  -65.622  -24.205 0.5000000000
12535  3.626  -65.428  -26.847 0.6999999881
12562  3.453  -65.221  -28.185 0.6999999881
12609  5.422  -64.367  -33.336 0.6999999881
12627  4.656  -65.245  -34.513 0.6999999881
12628  4.386  -64.921  -33.714 0.6000000238
13071  1.860  -64.371  -1.044 0.8999999762
13093  2.136  -63.800  -1.309 0.8999999762
13111  8.715  -64.782  -2.841 0.3000000119
13113  4.619  -63.830  -2.606 0.8000000119
13115  0.974  -63.805  -2.349 0.8999999762
13132  7.498  -64.731  -4.185 0.5000000000
13134  5.025  -63.701  -3.524 0.8000000119
13151  6.902  -64.693  -4.756 0.8000000119
13154  1.335  -64.405  -4.686 0.8000000119
13171  6.110  -63.846  -5.409 0.8000000119
13249  6.494  -64.677  -13.984 0.6999999881
13257  5.705  -64.621  -14.389 0.6999999881
13260  2.167  -64.403  -14.738 0.6000000238
13336  4.307  -65.208  -20.559 0.6000000238
13392  3.355  -64.391  -26.801 0.6999999881
13450  6.049  -63.882  -29.872 0.6000000238
13452  3.768  -63.958  -30.623 0.6999999881
13481  5.765  -64.445  -32.643 0.6999999881
13483  4.756  -63.809  -32.661 0.6999999881
13497  5.017  -64.148  -33.410 0.6999999881
13971  9.553  -63.342  -2.788 0.4000000060
13989  8.541  -63.862  -3.690 0.4000000060
13990  7.926  -64.003  -4.105 0.5000000000
13991  5.238  -63.712  -4.532 0.8000000119
14009  7.580  -63.378  -4.657 0.4000000060
14011  5.498  -63.555  -5.291 0.8000000119
14025  6.990  -63.188  -5.294 0.6999999881
14026  6.372  -63.251  -5.585 0.8000000119
14028  5.230  -62.963  -5.595 0.8000000119
14233  6.254  -62.976  -24.605 0.6000000238
14234  5.637  -63.440  -24.472 0.6000000238
14253  3.448  -63.494  -26.526 0.6999999881
14268  3.853  -62.908  -27.674 0.6999999881
14310  4.126  -63.056  -29.274 0.6999999881
14345  4.897  -63.286  -31.444 0.6999999881
14360  4.914  -63.488  -32.144 0.6999999881
14841  10.005  -62.491  -2.633 0.4000000060
14853  3.304  -62.201  -3.091 0.8000000119
14855  1.270  -62.410  -2.792 0.8000000119
14864  8.053  -62.508  -4.314 0.5000000000
14868  0.838  -62.409  -3.724 0.8999999762
14877  6.676  -62.500  -5.530 0.8000000119
14880  4.686  -62.357  -5.589 0.8000000119
14889  4.805  -61.879  -6.282 0.8000000119
14983  2.074  -62.367  -14.868 0.6000000238
14998  2.456  -62.158  -15.582 0.8000000119
15092  4.334  -62.157  -26.198 0.6000000238
15121  4.311  -62.470  -27.424 0.6999999881
15699  10.654  -61.870  -2.561 0.4000000060
15708  2.599  -61.499  -3.311 0.8000000119
15717  8.431  -61.617  -4.138 0.6000000238
15720  4.187  -61.574  -4.752 0.8000000119
15721  3.258  -61.004  -3.999 0.8000000119
15723  1.003  -61.462  -4.058 0.8000000119
15731  6.241  -61.533  -5.901 0.6999999881
15734  0.911  -61.460  -4.953 0.6000000238
15744  5.396  -61.281  -6.396 0.8000000119
15745  4.951  -61.438  -6.475 0.8000000119
15885  3.653  -60.662  -18.085 0.8000000119
16573  12.710  -60.432  -3.433 0.3000000119
16581  8.354  -60.535  -4.117 0.6000000238
16592  4.006  -60.872  -5.984 0.8000000119
16595  1.301  -60.051  -5.113 0.6999999881
16741  2.425  -60.408  -16.966 0.8000000119
16742  2.369  -60.763  -16.388 0.8000000119
16756  4.582  -60.100  -18.182 0.6999999881
16757  3.934  -60.217  -18.368 0.8000000119
17470  12.125  -60.127  -4.227 0.4000000060
17474  8.681  -59.615  -3.769 0.6999999881
17484  12.570  -59.531  -4.843 0.5000000000
17489  2.691  -59.614  -4.749 0.6999999881
17495  6.003  -59.864  -5.439 0.8000000119
17606  2.145  -60.001  -16.038 0.8000000119
17638  3.578  -59.576  -18.773 0.8000000119
17645  3.863  -59.289  -19.640 0.8000000119
18338  15.406  -58.970  -3.872 0.3000000119
18349  14.834  -58.430  -4.248 0.4000000060
18351  12.040  -58.778  -5.285 0.6000000238
18355  6.217  -58.451  -4.346 0.8000000119
18363  16.902  -57.815  -5.398 0.4000000060
18364  5.580  -59.264  -5.485 0.8000000119
18367  2.188  -58.346  -5.534 0.6999999881
18453  2.300  -59.288  -15.296 0.6999999881
18495  3.804  -58.603  -20.238 0.6999999881
18502  4.164  -58.306  -20.686 0.6999999881
19160  8.397  -57.409  -3.174 0.8000000119
19178  14.686  -57.233  -4.186 0.6000000238
19179  13.970  -57.595  -4.521 0.6000000238
19201  11.608  -57.863  -5.429 0.8000000119
19204  4.246  -57.976  -5.549 0.6999999881
19899  8.455  -55.783  -2.546 0.6000000238
19908  9.001  -56.159  -3.205 0.6000000238
19926  12.552  -56.314  -4.779 0.6999999881
19928  10.157  -56.150  -4.699 0.8000000119
19950  17.050  -55.923  -4.701 0.5000000000
19954  3.952  -56.988  -5.383 0.6000000238
19975  20.257  -56.763  -6.876 0.3000000119
20119  3.632  -57.448  -20.671 0.6999999881
20720  8.839  -55.098  -2.605 0.5000000000
20745  12.212  -55.096  -4.213 0.6000000238
20746  10.440  -55.309  -4.540 0.6000000238
20900  6.073  -55.683  -16.203 0.5000000000
20933  3.985  -55.578  -19.881 0.6999999881
21514  9.176  -54.382  -2.871 0.5000000000
21541  14.076  -53.844  -4.018 0.5000000000
21543  11.892  -54.437  -3.988 0.5000000000
21758  5.842  -54.028  -21.313 0.5000000000
36015  10.912  -36.667  -16.746 0.4000000060
36919  12.052  -36.153  -17.286 0.3000000119
118007  16.529  -80.675  -11.280 0.5000000000
118011  5.283  -65.283  -2.057 0.6999999881
119549  3.498  -58.007  -5.579 0.6999999881
119727  4.794  -76.463  -2.426 0.3000000119
119795  3.975  -67.866  -18.470 0.6000000238
120106  7.406  -67.612  1.404 0.4000000060
120123  6.199  -66.691  -17.589 0.5000000000
120368  7.232  -68.351  2.478 0.4000000060
120560  15.449  -76.616  -10.606 0.8000000119
120572  8.636  -89.183  -15.093 0.8000000119
120791  4.247  -63.885  -25.229 0.6000000238
120811  6.978  -78.873  -7.013 0.6999999881
121364  11.250  -61.433  -2.580 0.4000000060
121766  4.572  -80.804  -15.634 0.5000000000
121800  10.686  -77.873  -15.793 1.0000000000
122368  3.349  -67.937  -18.852 0.6999999881
122420  18.887  -86.998  -27.673 0.5000000000
122635  9.153  -80.252  -2.958 0.6000000238
123190  1.724  -73.267  -0.627 0.3000000119
123306  9.108  -65.437  -0.026 0.3000000119
123597  9.415  -77.985  -14.272 1.0000000000
124321  6.750  -80.758  -8.686 0.8999999762
124324  19.561  -84.448  -33.964 0.6999999881
124385  10.683  -89.673  -13.379 0.8999999762
124627  18.682  -85.332  -9.010 0.4000000060
124681  1.332  -66.817  0.184 0.8000000119
124764  2.966  -66.963  -21.894 0.6999999881
125108  3.733  -78.504  -6.972 0.8999999762
125144  9.580  -81.460  -10.844 1.0000000000
125754  12.172  -88.630  -11.314 0.8999999762
126138  2.479  -69.956  -18.879 0.6000000238
126243  4.083  -68.646  -29.438 0.4000000060
126612  3.558  -66.051  -28.504 0.6999999881
126682  9.968  -64.480  -0.577 0.3000000119
127022  2.482  -70.034  -21.949 0.6000000238
127542  15.411  -73.207  -35.280 0.5000000000
127570  9.643  -90.032  -21.651 0.6000000238
127577  3.175  -80.992  -16.273 0.6000000238
128086  17.630  -86.878  -17.328 0.4000000060
129146  21.877  -84.482  -30.006 0.4000000060
129344  5.958  -75.426  -7.547 0.8999999762
129393  10.667  -86.098  -8.882 0.8000000119
129490  8.799  -78.745  -9.675 1.0000000000
129528  9.501  -69.924  -32.232 0.6000000238
129574  6.298  -57.010  -3.423 0.6999999881
129637  1.612  -65.859  -3.573 0.8999999762
129716  14.622  -80.862  -6.535 0.4000000060
129786  20.203  -81.710  -33.913 0.6999999881
129976  13.398  -88.242  -11.089 0.8000000119
130955  4.886  -65.633  -18.154 0.6000000238
131051  11.487  -89.442  -12.962 0.8999999762
131223  7.549  -81.405  -3.729 0.4000000060
131750  3.305  -81.345  -12.015 0.6999999881
131924  1.781  -71.925  3.379 0.4000000060
132660  4.676  -69.964  4.132 0.3000000119
132742  7.901  -79.866  -10.691 1.0000000000
132957  3.383  -78.057  -8.733 0.8000000119
134702  5.884  -76.748  -3.013 0.4000000060
135008  9.366  -80.621  -4.748 0.6999999881
135018  3.152  -75.577  -4.234 0.5000000000
135191  9.774  -89.775  -22.429 0.6000000238
135203  2.418  -74.589  -4.470 0.5000000000
135424  18.893  -77.433  -29.475 0.6000000238
135486  21.373  -84.155  -32.994 0.6000000238
135673  22.067  -82.210  -35.548 0.5000000000
135711  24.225  -83.307  -30.078 0.3000000119
135744  18.211  -76.024  -30.984 0.6999999881
135806  5.029  -79.155  -5.573 0.6000000238
136110  5.573  -65.494  -35.780 0.6999999881
136126  11.798  -77.835  -3.369 0.6999999881
136318  3.669  -81.211  -10.881 0.8000000119
136805  18.211  -88.766  -13.517 0.6000000238
136964  18.449  -55.331  -5.320 0.4000000060
137037  2.902  -81.364  -13.320 0.6999999881
137337  4.153  -73.869  -6.143 0.8000000119
138137  11.343  -57.114  -5.416 0.8000000119
138238  16.500  -81.597  -12.353 0.5000000000
138261  2.684  -72.073  -19.425 0.6000000238
138375  12.450  -76.063  -12.459 0.8000000119
138539  6.225  -71.125  -6.108 0.8999999762
138591  7.800  -86.456  -8.531 0.8000000119
138651  8.273  -77.702  -17.382 0.8000000119
138820  6.631  -64.766  -24.343 0.6000000238
138828  4.676  -67.425  -35.046 0.6000000238
138887  8.591  -88.595  -13.294 0.6999999881
139155  3.581  -77.516  -4.830 0.5000000000
139241  1.386  -66.742  -1.492 0.8999999762
139316  5.115  -63.145  -24.556 0.6000000238
139601  0.802  -64.150  -2.959 0.8000000119
139729  5.942  -57.884  -20.541 0.6999999881
139842  15.966  -73.964  -33.105 0.6000000238
139858  12.693  -72.384  -31.904 0.6000000238
139914  9.538  -86.657  -8.590 0.8000000119
140002  18.359  -81.544  -34.349 0.5000000000
140116  2.426  -68.886  -4.942 0.8000000119
140311  8.467  -81.165  -4.902 0.6999999881
140487  6.731  -58.258  -3.732 0.8000000119
140625  14.781  -89.481  -17.933 0.6000000238
140666  6.450  -56.285  -3.260 0.5000000000
140671  10.931  -70.759  -32.771 0.5000000000
140750  15.758  -88.317  -11.758 0.6999999881
140782  2.785  -69.922  -14.120 0.5000000000
140840  1.465  -73.029  0.107 0.4000000060
140868  0.997  -62.072  -5.410 0.6000000238
141049  14.239  -74.849  -9.022 0.8000000119
141416  12.374  -76.300  -12.808 0.8999999762
141481  17.072  -55.537  -6.727 0.5000000000
141649  9.814  -79.602  0.371 0.4000000060
141672  8.985  -61.043  -3.824 0.5000000000
141685  14.659  -54.846  -3.975 0.6000000238
141764  4.132  -79.086  -7.257 0.8999999762
141827  13.649  -87.456  -10.944 0.8000000119
141967  2.884  -59.742  -18.133 0.8000000119
142017  6.384  -60.529  -5.427 0.8000000119
142043  3.033  -67.543  2.777 0.6000000238
142076  11.116  -70.973  -33.324 0.5000000000
142509  5.125  -64.992  -34.697 0.8000000119
